Ax,Ay,Az,Gx,Gy,Gz,Label
-0.012,-0.024,1.017,0.175,-2.056,0.070,Idle
-0.012,-0.024,1.020,0.157,-2.021,0.079,Idle
-0.012,-0.023,1.018,0.192,-2.056,0.079,Idle
-0.013,-0.024,1.019,0.184,-2.030,0.052,Idle
-0.013,-0.024,1.019,0.184,-2.021,0.061,Idle
-0.012,-0.023,1.018,0.201,-2.030,0.079,Idle
-0.011,-0.024,1.018,0.201,-2.021,0.096,Idle
-0.014,-0.025,1.017,0.157,-2.004,0.070,Idle
-0.012,-0.024,1.018,0.184,-2.039,0.123,Idle
-0.012,-0.025,1.018,0.201,-2.021,0.123,Idle
-0.011,-0.024,1.018,0.236,-1.995,0.087,Idle
-0.012,-0.023,1.018,0.131,-1.995,0.087,Idle
-0.012,-0.024,1.017,0.219,-2.030,0.070,Idle
-0.012,-0.024,1.018,0.192,-2.047,0.087,Idle
-0.012,-0.023,1.019,0.219,-2.021,0.070,Idle
-0.012,-0.024,1.018,0.219,-2.039,0.114,Idle
-0.011,-0.024,1.019,0.149,-2.030,0.114,Idle
-0.012,-0.024,1.018,0.175,-2.030,0.052,Idle
-0.012,-0.024,1.019,0.175,-2.047,0.105,Idle
-0.012,-0.024,1.019,0.157,-2.030,0.070,Idle
-0.010,-0.024,1.018,0.184,-2.021,0.079,Idle
-0.013,-0.024,1.018,0.201,-2.030,0.087,Idle
-0.012,-0.024,1.018,0.157,-2.021,0.079,Idle
-0.012,-0.023,1.019,0.175,-1.995,0.114,Idle
-0.012,-0.023,1.018,0.166,-2.030,0.035,Idle
-0.013,-0.024,1.019,0.210,-2.004,0.114,Idle
-0.013,-0.023,1.018,0.157,-2.056,0.105,Idle
-0.012,-0.023,1.019,0.157,-2.039,0.079,Idle
-0.012,-0.024,1.018,0.201,-2.047,0.114,Idle
-0.012,-0.024,1.019,0.201,-2.047,0.096,Idle
-0.013,-0.024,1.017,0.149,-2.030,0.114,Idle
-0.012,-0.024,1.018,0.192,-2.021,0.105,Idle
-0.012,-0.025,1.019,0.236,-2.021,0.052,Idle
-0.012,-0.024,1.018,0.192,-2.039,0.079,Idle
-0.012,-0.023,1.018,0.210,-2.039,0.087,Idle
-0.012,-0.024,1.017,0.140,-2.039,0.131,Idle
-0.013,-0.023,1.018,0.192,-1.986,0.061,Idle
-0.013,-0.025,1.018,0.201,-2.004,0.105,Idle
-0.013,-0.024,1.017,0.192,-2.013,0.061,Idle
-0.012,-0.023,1.017,0.166,-2.004,0.123,Idle
-0.012,-0.024,1.018,0.210,-2.021,0.070,Idle
-0.012,-0.024,1.016,0.184,-2.039,0.096,Idle
-0.012,-0.024,1.019,0.228,-2.013,0.105,Idle
-0.012,-0.024,1.018,0.184,-2.039,0.123,Idle
-0.013,-0.023,1.019,0.184,-2.047,0.105,Idle
-0.012,-0.024,1.018,0.201,-1.995,0.096,Idle
-0.012,-0.024,1.018,0.166,-2.030,0.079,Idle
-0.013,-0.023,1.018,0.201,-2.030,0.061,Idle
-0.012,-0.024,1.018,0.175,-2.013,0.114,Idle
-0.012,-0.024,1.017,0.184,-1.995,0.114,Idle
-0.012,-0.024,1.018,0.184,-2.013,0.087,Idle
-0.012,-0.024,1.016,0.175,-2.039,0.087,Idle
-0.012,-0.024,1.020,0.192,-1.995,0.070,Idle
-0.013,-0.023,1.019,0.175,-1.995,0.079,Idle
-0.013,-0.026,1.016,0.166,-2.004,0.096,Idle
-0.013,-0.025,1.015,0.210,-2.013,0.114,Idle
-0.013,-0.025,1.017,0.166,-1.995,0.105,Idle
-0.013,-0.025,1.016,0.184,-1.977,0.096,Idle
-0.013,-0.025,1.017,0.201,-2.039,0.052,Idle
-0.012,-0.024,1.018,0.201,-2.004,0.087,Idle
-0.012,-0.024,1.019,0.201,-2.056,0.087,Idle
-0.011,-0.023,1.020,0.166,-2.047,0.096,Idle
-0.012,-0.024,1.019,0.175,-2.030,0.079,Idle
-0.012,-0.024,1.020,0.210,-2.021,0.079,Idle
-0.012,-0.024,1.017,0.192,-1.995,0.061,Idle
-0.012,-0.024,1.017,0.184,-2.013,0.114,Idle
-0.012,-0.024,1.018,0.201,-2.004,0.096,Idle
-0.011,-0.024,1.019,0.236,-2.004,0.087,Idle
-0.012,-0.025,1.018,0.192,-2.021,0.087,Idle
-0.012,-0.024,1.019,0.192,-1.995,0.087,Idle
-0.013,-0.024,1.018,0.184,-2.021,0.105,Idle
-0.012,-0.024,1.017,0.201,-2.021,0.105,Idle
-0.012,-0.024,1.016,0.201,-2.030,0.087,Idle
-0.013,-0.024,1.017,0.149,-1.995,0.149,Idle
-0.013,-0.024,1.020,0.201,-2.056,0.087,Idle
-0.012,-0.024,1.019,0.228,-2.047,0.123,Idle
-0.012,-0.023,1.019,0.157,-2.030,0.131,Idle
-0.011,-0.023,1.019,0.201,-2.013,0.096,Idle
-0.011,-0.023,1.020,0.201,-2.021,0.087,Idle
-0.012,-0.023,1.020,0.219,-2.021,0.061,Idle
-0.012,-0.023,1.018,0.192,-1.986,0.061,Idle
-0.012,-0.025,1.017,0.175,-2.004,0.070,Idle
-0.012,-0.024,1.019,0.149,-2.039,0.114,Idle
-0.013,-0.024,1.018,0.192,-2.021,0.087,Idle
-0.011,-0.023,1.020,0.210,-2.047,0.114,Idle
-0.012,-0.024,1.018,0.166,-2.004,0.131,Idle
-0.012,-0.025,1.016,0.201,-2.030,0.079,Idle
-0.012,-0.024,1.020,0.192,-2.013,0.061,Idle
-0.012,-0.024,1.018,0.219,-2.030,0.114,Idle
-0.011,-0.024,1.018,0.219,-2.013,0.096,Idle
-0.012,-0.024,1.019,0.157,-2.021,0.070,Idle
-0.013,-0.023,1.019,0.228,-1.995,0.044,Idle
-0.012,-0.024,1.019,0.184,-2.013,0.105,Idle
-0.011,-0.023,1.019,0.201,-2.039,0.079,Idle
-0.012,-0.024,1.018,0.201,-2.004,0.131,Idle
-0.012,-0.024,1.019,0.228,-2.056,0.035,Idle
-0.013,-0.024,1.017,0.175,-1.969,0.087,Idle
-0.013,-0.025,1.016,0.192,-1.969,0.087,Idle
-0.012,-0.024,1.019,0.192,-2.030,0.061,Idle
-0.012,-0.024,1.018,0.184,-2.013,0.114,Idle
-0.013,-0.024,1.018,0.201,-2.030,0.079,Idle
-0.012,-0.023,1.020,0.219,-2.030,0.070,Idle
-0.012,-0.023,1.018,0.201,-1.986,0.070,Idle
-0.013,-0.024,1.016,0.184,-2.013,0.070,Idle
-0.013,-0.024,1.017,0.140,-2.039,0.105,Idle
-0.013,-0.024,1.016,0.157,-2.039,0.114,Idle
-0.013,-0.024,1.019,0.192,-2.056,0.114,Idle
-0.012,-0.023,1.019,0.192,-2.013,0.096,Idle
-0.013,-0.024,1.019,0.175,-2.021,0.096,Idle
-0.012,-0.023,1.019,0.149,-2.021,0.061,Idle
-0.012,-0.023,1.017,0.184,-2.056,0.123,Idle
-0.014,-0.024,1.016,0.192,-1.995,0.087,Idle
-0.012,-0.025,1.018,0.175,-2.021,0.123,Idle
-0.013,-0.025,1.017,0.149,-2.039,0.096,Idle
-0.012,-0.024,1.019,0.175,-2.065,0.079,Idle
-0.012,-0.024,1.017,0.166,-2.039,0.079,Idle
-0.012,-0.024,1.019,0.192,-2.039,0.114,Idle
-0.012,-0.024,1.018,0.192,-2.013,0.096,Idle
-0.012,-0.025,1.019,0.201,-2.030,0.087,Idle
-0.012,-0.024,1.017,0.175,-2.047,0.087,Idle
-0.012,-0.024,1.017,0.184,-2.004,0.052,Idle
-0.012,-0.025,1.017,0.201,-2.065,0.061,Idle
-0.012,-0.024,1.017,0.201,-2.013,0.114,Idle
-0.011,-0.024,1.018,0.228,-2.030,0.114,Idle
-0.012,-0.023,1.019,0.192,-2.030,0.052,Idle
-0.012,-0.024,1.019,0.228,-2.065,0.105,Idle
-0.012,-0.024,1.018,0.236,-2.021,0.105,Idle
-0.013,-0.024,1.018,0.210,-2.030,0.070,Idle
-0.012,-0.026,1.018,0.192,-2.039,0.070,Idle
-0.013,-0.024,1.017,0.210,-2.021,0.087,Idle
-0.012,-0.024,1.019,0.192,-2.065,0.123,Idle
-0.012,-0.024,1.017,0.175,-2.021,0.079,Idle
-0.013,-0.024,1.019,0.201,-2.047,0.087,Idle
-0.012,-0.024,1.019,0.157,-2.030,0.061,Idle
-0.013,-0.024,1.017,0.210,-2.004,0.105,Idle
-0.012,-0.024,1.019,0.201,-2.030,0.105,Idle
-0.013,-0.025,1.019,0.210,-2.047,0.079,Idle
-0.013,-0.023,1.018,0.175,-2.021,0.087,Idle
-0.013,-0.024,1.018,0.149,-2.013,0.114,Idle
-0.012,-0.024,1.019,0.184,-2.039,0.123,Idle
-0.012,-0.024,1.019,0.201,-2.013,0.087,Idle
-0.013,-0.024,1.019,0.192,-2.047,0.061,Idle
-0.012,-0.023,1.018,0.201,-2.004,0.061,Idle
-0.012,-0.024,1.018,0.157,-1.995,0.114,Idle
-0.011,-0.024,1.018,0.175,-2.039,0.052,Idle
-0.012,-0.024,1.017,0.228,-2.021,0.035,Idle
-0.013,-0.025,1.018,0.175,-2.039,0.114,Idle
-0.012,-0.023,1.018,0.219,-1.977,0.114,Idle
-0.013,-0.023,1.019,0.157,-2.004,0.070,Idle
-0.012,-0.024,1.018,0.184,-2.004,0.105,Idle
-0.012,-0.024,1.019,0.192,-2.013,0.123,Idle
-0.011,-0.024,1.019,0.201,-2.065,0.114,Idle
-0.012,-0.024,1.018,0.201,-2.021,0.087,Idle
-0.012,-0.024,1.018,0.157,-2.047,0.061,Idle
-0.012,-0.023,1.018,0.175,-2.047,0.061,Idle
-0.012,-0.024,1.019,0.157,-2.021,0.079,Idle
-0.013,-0.024,1.019,0.201,-2.021,0.123,Idle
-0.011,-0.023,1.019,0.210,-1.995,0.096,Idle
-0.012,-0.024,1.020,0.175,-1.986,0.070,Idle
-0.012,-0.024,1.019,0.184,-2.021,0.096,Idle
-0.012,-0.023,1.019,0.192,-2.047,0.105,Idle
-0.012,-0.024,1.019,0.192,-2.013,0.105,Idle
-0.012,-0.025,1.018,0.228,-2.047,0.070,Idle
-0.012,-0.024,1.018,0.149,-2.004,0.079,Idle
-0.012,-0.024,1.018,0.192,-1.986,0.096,Idle
-0.012,-0.023,1.020,0.184,-2.004,0.079,Idle
-0.012,-0.023,1.018,0.210,-2.013,0.140,Idle
-0.013,-0.025,1.019,0.201,-2.013,0.123,Idle
-0.012,-0.024,1.018,0.149,-2.030,0.114,Idle
-0.013,-0.025,1.019,0.175,-2.013,0.105,Idle
-0.012,-0.024,1.019,0.192,-2.013,0.087,Idle
-0.012,-0.024,1.019,0.149,-2.021,0.114,Idle
-0.013,-0.024,1.018,0.184,-2.030,0.079,Idle
-0.012,-0.023,1.019,0.184,-2.039,0.087,Idle
-0.012,-0.024,1.018,0.245,-2.056,0.123,Idle
-0.014,-0.024,1.018,0.201,-2.013,0.061,Idle
-0.012,-0.024,1.017,0.175,-2.030,0.105,Idle
-0.013,-0.024,1.019,0.192,-2.021,0.123,Idle
-0.012,-0.025,1.019,0.149,-2.091,0.052,Idle
-0.013,-0.024,1.019,0.245,-2.039,0.105,Idle
-0.012,-0.024,1.019,0.166,-2.021,0.114,Idle
-0.012,-0.023,1.017,0.201,-1.995,0.061,Idle
-0.012,-0.023,1.018,0.175,-2.030,0.131,Idle
-0.012,-0.024,1.018,0.157,-2.047,0.061,Idle
-0.011,-0.024,1.017,0.140,-2.030,0.087,Idle
-0.012,-0.024,1.019,0.166,-2.030,0.079,Idle
-0.012,-0.024,1.018,0.236,-2.039,0.079,Idle
-0.012,-0.025,1.017,0.210,-2.004,0.140,Idle
-0.011,-0.024,1.017,0.166,-2.021,0.123,Idle
-0.013,-0.023,1.019,0.192,-2.013,0.096,Idle
-0.012,-0.024,1.020,0.157,-2.030,0.114,Idle
-0.012,-0.024,1.019,0.201,-2.021,0.061,Idle
-0.012,-0.024,1.017,0.166,-2.013,0.087,Idle
-0.013,-0.023,1.017,0.192,-2.065,0.105,Idle
-0.013,-0.024,1.016,0.166,-2.021,0.087,Idle
-0.012,-0.024,1.019,0.157,-2.030,0.061,Idle
-0.013,-0.023,1.019,0.201,-2.047,0.070,Idle
-0.012,-0.023,1.018,0.131,-2.021,0.087,Idle
-0.012,-0.023,1.018,0.192,-2.056,0.157,Idle
-0.011,-0.024,1.019,0.175,-2.047,0.096,Idle
-0.013,-0.024,1.018,0.245,-1.986,0.087,Idle
-0.012,-0.023,1.017,0.175,-2.004,0.087,Idle
-0.013,-0.023,1.018,0.157,-2.013,0.087,Idle
-0.012,-0.024,1.018,0.166,-1.995,0.096,Idle
-0.013,-0.024,1.018,0.123,-1.995,0.052,Idle
-0.012,-0.024,1.018,0.219,-1.995,0.114,Idle
-0.012,-0.024,1.018,0.184,-2.021,0.044,Idle
-0.013,-0.025,1.019,0.201,-2.047,0.044,Idle
-0.013,-0.024,1.019,0.175,-1.986,0.079,Idle
-0.012,-0.024,1.017,0.201,-2.013,0.061,Idle
-0.012,-0.025,1.018,0.184,-1.960,0.087,Idle
-0.012,-0.023,1.019,0.149,-2.013,0.096,Idle
-0.012,-0.023,1.020,0.157,-2.021,0.123,Idle
-0.012,-0.024,1.019,0.201,-2.047,0.079,Idle
-0.012,-0.024,1.016,0.175,-2.030,0.105,Idle
-0.013,-0.023,1.017,0.210,-2.039,0.114,Idle
-0.012,-0.023,1.018,0.192,-2.056,0.079,Idle
-0.011,-0.024,1.018,0.184,-2.030,0.087,Idle
-0.012,-0.024,1.019,0.149,-2.021,0.087,Idle
-0.013,-0.024,1.019,0.140,-2.056,0.096,Idle
-0.012,-0.024,1.018,0.192,-2.030,0.157,Idle
-0.014,-0.024,1.019,0.184,-2.013,0.087,Idle
-0.012,-0.025,1.017,0.184,-2.021,0.096,Idle
-0.012,-0.025,1.018,0.192,-2.030,0.061,Idle
-0.012,-0.024,1.018,0.192,-2.004,0.114,Idle
-0.013,-0.024,1.018,0.157,-1.995,0.096,Idle
-0.011,-0.024,1.017,0.175,-2.047,0.114,Idle
-0.012,-0.024,1.018,0.201,-2.056,0.087,Idle
-0.013,-0.024,1.019,0.166,-2.013,0.114,Idle
-0.012,-0.024,1.018,0.184,-2.056,0.087,Idle
-0.012,-0.024,1.018,0.166,-2.004,0.070,Idle
-0.012,-0.024,1.019,0.184,-2.047,0.070,Idle
-0.012,-0.024,1.018,0.175,-2.065,0.061,Idle
-0.013,-0.023,1.020,0.166,-2.021,0.131,Idle
-0.012,-0.024,1.018,0.219,-1.986,0.061,Idle
-0.012,-0.024,1.018,0.175,-2.013,0.096,Idle
-0.013,-0.025,1.019,0.184,-2.030,0.114,Idle
-0.012,-0.024,1.018,0.210,-2.021,0.079,Idle
-0.012,-0.024,1.017,0.184,-2.056,0.087,Idle
-0.012,-0.023,1.019,0.201,-2.047,0.123,Idle
-0.012,-0.024,1.017,0.210,-2.021,0.087,Idle
-0.012,-0.023,1.018,0.210,-2.021,0.061,Idle
-0.011,-0.024,1.017,0.184,-2.047,0.061,Idle
-0.012,-0.024,1.019,0.201,-2.004,0.061,Idle
-0.013,-0.024,1.019,0.149,-2.021,0.070,Idle
-0.012,-0.024,1.019,0.219,-2.004,0.114,Idle
-0.012,-0.023,1.017,0.201,-2.039,0.079,Idle
-0.012,-0.023,1.017,0.166,-2.047,0.079,Idle
-0.011,-0.024,1.018,0.192,-2.004,0.087,Idle
-0.012,-0.023,1.018,0.131,-2.030,0.061,Idle
-0.013,-0.024,1.018,0.219,-2.030,0.123,Idle
-0.013,-0.024,1.018,0.175,-2.021,0.061,Idle
-0.012,-0.023,1.020,0.184,-2.021,0.087,Idle
-0.013,-0.024,1.018,0.201,-2.021,0.105,Idle
-0.012,-0.024,1.019,0.184,-2.004,0.096,Idle
-0.012,-0.024,1.017,0.184,-2.013,0.087,Idle
-0.013,-0.025,1.016,0.192,-1.986,0.079,Idle
-0.012,-0.024,1.018,0.184,-2.047,0.070,Idle
-0.013,-0.024,1.018,0.228,-1.986,0.087,Idle
-0.012,-0.024,1.020,0.184,-1.995,0.087,Idle
-0.011,-0.024,1.020,0.184,-2.030,0.123,Idle
-0.012,-0.024,1.018,0.175,-2.039,0.114,Idle
-0.012,-0.024,1.018,0.192,-1.995,0.123,Idle
-0.012,-0.024,1.018,0.219,-2.013,0.070,Idle
-0.012,-0.024,1.017,0.166,-2.039,0.087,Idle
-0.011,-0.024,1.018,0.175,-2.004,0.114,Idle
-0.013,-0.024,1.019,0.157,-2.021,0.096,Idle
-0.011,-0.023,1.019,0.210,-2.030,0.123,Idle
-0.013,-0.023,1.018,0.175,-2.065,0.061,Idle
-0.012,-0.024,1.017,0.175,-2.021,0.079,Idle
-0.012,-0.023,1.019,0.236,-2.065,0.044,Idle
-0.011,-0.024,1.019,0.166,-2.013,0.079,Idle
-0.012,-0.024,1.018,0.210,-2.065,0.052,Idle
-0.011,-0.024,1.018,0.201,-2.021,0.070,Idle
-0.011,-0.024,1.019,0.201,-2.056,0.070,Idle
-0.011,-0.023,1.018,0.210,-2.039,0.061,Idle
-0.012,-0.023,1.018,0.219,-2.021,0.087,Idle
-0.011,-0.024,1.019,0.157,-2.021,0.096,Idle
-0.012,-0.023,1.018,0.149,-2.056,0.114,Idle
-0.013,-0.024,1.018,0.157,-2.013,0.105,Idle
-0.012,-0.024,1.018,0.175,-2.047,0.079,Idle
-0.012,-0.023,1.018,0.210,-1.995,0.105,Idle
-0.012,-0.023,1.018,0.184,-2.039,0.096,Idle
-0.012,-0.024,1.019,0.184,-2.056,0.018,Idle
-0.012,-0.023,1.019,0.228,-2.013,0.061,Idle
-0.011,-0.023,1.019,0.192,-2.013,0.061,Idle
-0.012,-0.024,1.018,0.166,-2.039,0.105,Idle
-0.013,-0.025,1.018,0.175,-2.013,0.114,Idle
-0.012,-0.024,1.018,0.192,-1.995,0.096,Idle
-0.012,-0.024,1.017,0.192,-2.039,0.096,Idle
-0.012,-0.024,1.019,0.210,-1.995,0.114,Idle
-0.012,-0.023,1.019,0.184,-2.013,0.087,Idle
-0.012,-0.024,1.018,0.192,-2.004,0.052,Idle
-0.011,-0.024,1.018,0.140,-1.986,0.096,Idle
-0.013,-0.024,1.017,0.175,-2.013,0.131,Idle
-0.012,-0.025,1.017,0.201,-1.977,0.105,Idle
-0.012,-0.024,1.018,0.149,-2.013,0.123,Idle
-0.013,-0.024,1.017,0.166,-2.021,0.035,Idle
-0.012,-0.023,1.019,0.184,-2.021,0.096,Idle
-0.012,-0.024,1.018,0.166,-2.021,0.070,Idle
-0.012,-0.024,1.018,0.201,-2.021,0.149,Idle
-0.013,-0.024,1.018,0.192,-2.004,0.061,Idle
-0.012,-0.025,1.018,0.219,-2.039,0.096,Idle
-0.012,-0.024,1.018,0.192,-2.039,0.096,Idle
-0.012,-0.024,1.018,0.184,-2.013,0.105,Idle
-0.012,-0.024,1.018,0.192,-2.056,0.087,Idle
-0.012,-0.024,1.018,0.201,-2.021,0.087,Idle
-0.011,-0.023,1.019,0.184,-2.039,0.079,Idle
-0.012,-0.023,1.018,0.184,-2.021,0.114,Idle
-0.012,-0.024,1.018,0.166,-2.013,0.105,Idle
-0.012,-0.024,1.018,0.184,-1.986,0.105,Idle
-0.012,-0.024,1.018,0.219,-2.004,0.087,Idle
-0.011,-0.024,1.018,0.175,-2.030,0.157,Idle
-0.013,-0.025,1.018,0.175,-2.021,0.105,Idle
-0.012,-0.023,1.019,0.184,-2.030,0.079,Idle
-0.012,-0.024,1.018,0.210,-2.030,0.123,Idle
-0.012,-0.023,1.019,0.219,-2.047,0.096,Idle
-0.012,-0.023,1.018,0.192,-2.021,0.114,Idle
-0.011,-0.023,1.018,0.201,-2.056,0.070,Idle
-0.012,-0.023,1.018,0.140,-2.013,0.105,Idle
-0.013,-0.023,1.019,0.201,-2.004,0.096,Idle
-0.011,-0.023,1.019,0.210,-2.013,0.087,Idle
-0.012,-0.024,1.017,0.184,-2.013,0.044,Idle
-0.013,-0.024,1.017,0.184,-2.039,0.087,Idle
-0.011,-0.024,1.019,0.228,-2.065,0.131,Idle
-0.013,-0.024,1.019,0.175,-2.021,0.096,Idle
-0.013,-0.023,1.019,0.166,-2.021,0.087,Idle
-0.011,-0.024,1.020,0.157,-2.039,0.079,Idle
-0.012,-0.023,1.019,0.166,-1.969,0.070,Idle
-0.012,-0.023,1.019,0.210,-2.039,0.096,Idle
-0.013,-0.024,1.018,0.254,-2.047,0.061,Idle
-0.013,-0.025,1.018,0.236,-2.065,0.061,Idle
-0.012,-0.024,1.019,0.149,-2.004,0.096,Idle
-0.012,-0.024,1.017,0.236,-2.004,0.096,Idle
-0.013,-0.024,1.019,0.184,-2.013,0.079,Idle
-0.013,-0.023,1.019,0.210,-2.021,0.105,Idle
-0.011,-0.023,1.019,0.131,-2.047,0.123,Idle
-0.013,-0.025,1.019,0.184,-2.030,0.070,Idle
-0.012,-0.023,1.018,0.175,-2.013,0.096,Idle
-0.012,-0.024,1.019,0.210,-2.056,0.123,Idle
-0.012,-0.023,1.019,0.192,-2.056,0.044,Idle
-0.012,-0.024,1.018,0.166,-1.986,0.070,Idle
-0.012,-0.023,1.018,0.184,-1.977,0.079,Idle
-0.012,-0.024,1.019,0.166,-2.013,0.079,Idle
-0.012,-0.023,1.019,0.175,-1.986,0.087,Idle
-0.011,-0.024,1.018,0.184,-2.004,0.061,Idle
-0.012,-0.024,1.018,0.192,-2.030,0.087,Idle
-0.012,-0.023,1.019,0.201,-1.995,0.114,Idle
-0.012,-0.023,1.017,0.184,-2.021,0.114,Idle
-0.011,-0.023,1.019,0.166,-1.977,0.114,Idle
-0.012,-0.024,1.018,0.175,-2.074,0.087,Idle
-0.012,-0.023,1.021,0.201,-2.030,0.114,Idle
-0.012,-0.024,1.018,0.166,-2.021,0.079,Idle
-0.012,-0.024,1.018,0.210,-2.030,0.087,Idle
-0.012,-0.023,1.019,0.236,-2.047,0.079,Idle
-0.012,-0.024,1.018,0.210,-2.047,0.087,Idle
-0.013,-0.025,1.017,0.149,-2.030,0.070,Idle
-0.012,-0.024,1.019,0.201,-2.013,0.114,Idle
-0.011,-0.024,1.020,0.166,-2.030,0.087,Idle
-0.012,-0.023,1.019,0.201,-2.013,0.105,Idle
-0.012,-0.024,1.017,0.219,-2.074,0.061,Idle
-0.012,-0.025,1.017,0.166,-2.047,0.114,Idle
-0.013,-0.025,1.014,0.201,-2.004,0.123,Idle
-0.011,-0.024,1.016,0.166,-2.030,0.096,Idle
-0.011,-0.023,1.021,0.210,-1.986,0.096,Idle
-0.011,-0.023,1.019,0.175,-2.021,0.096,Idle
-0.013,-0.024,1.020,0.201,-2.013,0.087,Idle
-0.012,-0.023,1.017,0.149,-2.004,0.096,Idle
-0.013,-0.024,1.016,0.131,-2.030,0.070,Idle
-0.012,-0.023,1.019,0.228,-2.013,0.105,Idle
-0.012,-0.025,1.016,0.166,-2.030,0.105,Idle
-0.012,-0.024,1.017,0.228,-2.030,0.123,Idle
-0.012,-0.023,1.016,0.157,-2.030,0.061,Idle
-0.013,-0.026,1.019,0.149,-2.013,0.070,Idle
-0.012,-0.022,1.016,0.166,-2.021,0.096,Idle
-0.013,-0.024,1.017,0.184,-2.039,0.123,Idle
-0.013,-0.025,1.018,0.192,-2.021,0.079,Idle
-0.013,-0.023,1.019,0.219,-2.030,0.052,Idle
-0.013,-0.024,1.019,0.140,-2.039,0.087,Idle
-0.011,-0.024,1.019,0.201,-2.039,0.070,Idle
-0.012,-0.023,1.018,0.175,-2.047,0.096,Idle
-0.013,-0.024,1.016,0.184,-1.986,0.123,Idle
-0.012,-0.023,1.018,0.175,-2.013,0.087,Idle
-0.012,-0.024,1.019,0.192,-2.013,0.123,Idle
-0.013,-0.024,1.017,0.166,-2.004,0.123,Idle
-0.012,-0.023,1.018,0.219,-2.004,0.079,Idle
-0.012,-0.024,1.019,0.228,-2.021,0.061,Idle
-0.013,-0.023,1.017,0.201,-2.021,0.105,Idle
-0.012,-0.024,1.019,0.175,-2.039,0.114,Idle
-0.012,-0.024,1.018,0.166,-2.047,0.087,Idle
-0.012,-0.024,1.018,0.184,-2.021,0.105,Idle
-0.012,-0.024,1.019,0.166,-2.056,0.087,Idle
-0.013,-0.024,1.017,0.192,-2.039,0.079,Idle
-0.012,-0.024,1.018,0.166,-2.013,0.079,Idle
-0.013,-0.023,1.018,0.192,-2.004,0.044,Idle
-0.013,-0.024,1.016,0.184,-2.056,0.079,Idle
-0.012,-0.024,1.017,0.192,-1.995,0.096,Idle
-0.012,-0.023,1.020,0.210,-2.039,0.070,Idle
-0.012,-0.023,1.015,0.210,-1.977,0.114,Idle
-0.012,-0.024,1.019,0.228,-2.030,0.087,Idle
-0.012,-0.024,1.021,0.201,-2.030,0.114,Idle
-0.012,-0.025,1.019,0.210,-2.004,0.123,Idle
-0.013,-0.024,1.019,0.184,-2.004,0.140,Idle
-0.013,-0.024,1.016,0.149,-2.004,0.114,Idle
-0.013,-0.023,1.019,0.184,-2.030,0.105,Idle
-0.012,-0.022,1.017,0.175,-2.021,0.087,Idle
-0.013,-0.023,1.016,0.201,-2.021,0.105,Idle
-0.012,-0.024,1.018,0.210,-2.021,0.079,Idle
-0.012,-0.023,1.019,0.149,-2.004,0.123,Idle
-0.013,-0.023,1.019,0.175,-2.039,0.061,Idle
-0.012,-0.023,1.018,0.201,-2.074,0.087,Idle
-0.013,-0.024,1.019,0.210,-1.995,0.061,Idle
-0.012,-0.024,1.019,0.140,-2.047,0.079,Idle
-0.012,-0.023,1.019,0.166,-2.013,0.096,Idle
-0.012,-0.024,1.018,0.184,-2.039,0.079,Idle
-0.012,-0.025,1.019,0.149,-1.995,0.096,Idle
-0.011,-0.024,1.018,0.175,-2.021,0.105,Idle
-0.012,-0.024,1.020,0.228,-1.986,0.096,Idle
-0.012,-0.024,1.020,0.166,-2.013,0.105,Idle
-0.012,-0.025,1.020,0.166,-2.047,0.105,Idle
-0.013,-0.026,1.021,0.236,-2.030,0.087,Idle
-0.012,-0.024,1.018,0.210,-2.013,0.070,Idle
-0.013,-0.024,1.017,0.157,-2.021,0.070,Idle
-0.013,-0.025,1.018,0.201,-2.013,0.087,Idle
-0.012,-0.024,1.016,0.157,-2.013,0.052,Idle
-0.011,-0.024,1.019,0.201,-2.013,0.114,Idle
-0.012,-0.025,1.018,0.219,-2.047,0.079,Idle
-0.012,-0.024,1.019,0.184,-2.013,0.140,Idle
-0.012,-0.024,1.018,0.166,-2.030,0.096,Idle
-0.012,-0.024,1.018,0.157,-2.056,0.114,Idle
-0.011,-0.024,1.019,0.201,-2.047,0.114,Idle
-0.013,-0.024,1.019,0.192,-2.013,0.070,Idle
-0.012,-0.024,1.018,0.175,-2.039,0.044,Idle
-0.011,-0.024,1.017,0.219,-2.013,0.105,Idle
-0.013,-0.024,1.017,0.157,-2.004,0.087,Idle
-0.013,-0.024,1.018,0.175,-2.047,0.087,Idle
-0.011,-0.024,1.018,0.201,-1.995,0.070,Idle
-0.012,-0.024,1.017,0.201,-2.013,0.114,Idle
-0.012,-0.023,1.018,0.157,-2.047,0.114,Idle
-0.012,-0.024,1.018,0.192,-2.013,0.061,Idle
-0.011,-0.024,1.018,0.201,-2.013,0.131,Idle
-0.012,-0.024,1.019,0.184,-2.056,0.087,Idle
-0.011,-0.024,1.018,0.184,-2.074,0.052,Idle
-0.012,-0.023,1.019,0.210,-2.013,0.087,Idle
-0.012,-0.024,1.017,0.192,-2.056,0.061,Idle
-0.012,-0.025,1.017,0.192,-2.013,0.096,Idle
-0.012,-0.024,1.018,0.201,-2.004,0.052,Idle
-0.012,-0.025,1.018,0.175,-2.047,0.105,Idle
-0.011,-0.025,1.018,0.192,-2.004,0.096,Idle
-0.013,-0.024,1.019,0.175,-2.065,0.052,Idle
-0.012,-0.024,1.020,0.219,-2.004,0.096,Idle
-0.012,-0.024,1.019,0.175,-1.995,0.079,Idle
-0.013,-0.023,1.018,0.166,-2.013,0.070,Idle
-0.012,-0.023,1.019,0.157,-2.013,0.079,Idle
-0.012,-0.024,1.018,0.219,-1.986,0.087,Idle
-0.013,-0.024,1.018,0.219,-2.030,0.070,Idle
-0.011,-0.024,1.017,0.175,-2.039,0.114,Idle
-0.013,-0.023,1.018,0.166,-2.004,0.096,Idle
-0.012,-0.025,1.018,0.175,-2.039,0.070,Idle
-0.011,-0.023,1.020,0.157,-2.030,0.061,Idle
-0.012,-0.024,1.019,0.184,-2.004,0.105,Idle
-0.013,-0.024,1.018,0.210,-2.021,0.079,Idle
-0.012,-0.023,1.017,0.175,-2.039,0.105,Idle
-0.013,-0.024,1.017,0.166,-2.039,0.123,Idle
-0.012,-0.023,1.017,0.149,-1.977,0.114,Idle
-0.012,-0.024,1.019,0.175,-2.047,0.096,Idle
-0.012,-0.024,1.018,0.166,-2.004,0.096,Idle
-0.012,-0.023,1.019,0.219,-2.030,0.079,Idle
-0.013,-0.024,1.018,0.184,-2.047,0.070,Idle
-0.012,-0.024,1.018,0.228,-2.047,0.070,Idle
-0.012,-0.025,1.018,0.175,-2.056,0.061,Idle
-0.011,-0.023,1.019,0.175,-2.021,0.096,Idle
-0.013,-0.024,1.019,0.166,-2.021,0.070,Idle
-0.013,-0.025,1.020,0.201,-2.004,0.061,Idle
-0.012,-0.025,1.019,0.166,-2.013,0.123,Idle
-0.012,-0.025,1.018,0.175,-2.082,0.070,Idle
-0.013,-0.024,1.018,0.192,-2.021,0.105,Idle
-0.013,-0.023,1.018,0.149,-2.013,0.079,Idle
-0.012,-0.024,1.017,0.192,-2.065,0.105,Idle
-0.012,-0.023,1.018,0.184,-2.013,0.114,Idle
-0.011,-0.024,1.019,0.201,-2.039,0.096,Idle
-0.012,-0.024,1.017,0.184,-1.995,0.070,Idle
-0.012,-0.023,1.018,0.175,-1.986,0.096,Idle
-0.012,-0.024,1.018,0.175,-2.004,0.140,Idle
-0.013,-0.024,1.017,0.219,-2.013,0.105,Idle
-0.012,-0.024,1.017,0.219,-1.986,0.096,Idle
-0.012,-0.025,1.017,0.131,-2.013,0.105,Idle
-0.011,-0.024,1.017,0.166,-2.021,0.114,Idle
-0.012,-0.024,1.018,0.175,-1.986,0.061,Idle
-0.012,-0.025,1.019,0.175,-2.030,0.044,Idle
-0.011,-0.023,1.019,0.157,-1.986,0.123,Idle
-0.012,-0.024,1.018,0.184,-2.021,0.096,Idle
-0.012,-0.024,1.018,0.192,-2.056,0.079,Idle
-0.012,-0.024,1.018,0.236,-2.021,0.079,Idle
-0.012,-0.024,1.018,0.175,-1.986,0.096,Idle
-0.013,-0.024,1.018,0.201,-2.004,0.105,Idle
-0.012,-0.023,1.019,0.157,-2.021,0.105,Idle
-0.012,-0.024,1.018,0.184,-2.039,0.096,Idle
-0.012,-0.024,1.018,0.166,-1.995,0.070,Idle
-0.012,-0.024,1.017,0.210,-2.039,0.079,Idle
-0.012,-0.024,1.017,0.149,-2.039,0.087,Idle
-0.013,-0.024,1.019,0.175,-2.074,0.087,Idle
-0.011,-0.024,1.018,0.166,-2.047,0.114,Idle
-0.012,-0.024,1.018,0.201,-2.021,0.087,Idle
-0.012,-0.024,1.017,0.175,-2.047,0.070,Idle
-0.011,-0.024,1.018,0.166,-2.039,0.070,Idle
-0.012,-0.024,1.018,0.201,-2.047,0.096,Idle
-0.011,-0.024,1.018,0.192,-2.021,0.079,Idle
-0.012,-0.024,1.018,0.140,-2.030,0.061,Idle
-0.013,-0.024,1.017,0.184,-2.004,0.114,Idle
-0.013,-0.024,1.018,0.219,-1.995,0.114,Idle
-0.012,-0.024,1.019,0.192,-2.039,0.070,Idle
-0.013,-0.024,1.019,0.201,-1.995,0.087,Idle
-0.012,-0.024,1.019,0.219,-2.004,0.096,Idle
-0.012,-0.024,1.018,0.192,-2.056,0.070,Idle
-0.013,-0.024,1.018,0.210,-2.030,0.087,Idle
-0.012,-0.024,1.019,0.166,-2.030,0.070,Idle
-0.012,-0.024,1.017,0.219,-1.995,0.079,Idle
-0.012,-0.025,1.018,0.157,-2.013,0.123,Idle
-0.012,-0.024,1.018,0.245,-2.047,0.096,Idle
-0.012,-0.024,1.017,0.149,-2.056,0.061,Idle
-0.012,-0.025,1.018,0.184,-2.039,0.044,Idle
-0.013,-0.023,1.019,0.166,-2.065,0.061,Idle
-0.012,-0.024,1.019,0.184,-2.030,0.114,Idle
-0.012,-0.024,1.018,0.166,-2.021,0.105,Idle
-0.012,-0.024,1.019,0.210,-2.021,0.096,Idle
-0.012,-0.024,1.018,0.166,-1.995,0.114,Idle
-0.013,-0.023,1.018,0.184,-2.004,0.096,Idle
-0.013,-0.025,1.017,0.175,-2.047,0.096,Idle
-0.012,-0.025,1.018,0.184,-2.021,0.079,Idle
-0.011,-0.023,1.020,0.184,-2.056,0.061,Idle
-0.013,-0.024,1.018,0.192,-1.995,0.149,Idle
-0.012,-0.024,1.019,0.140,-2.021,0.114,Idle
-0.013,-0.024,1.018,0.175,-1.969,0.087,Idle
-0.012,-0.025,1.016,0.210,-2.039,0.087,Idle
-0.013,-0.024,1.018,0.175,-2.030,0.123,Idle
-0.012,-0.024,1.017,0.166,-2.021,0.087,Idle
-0.012,-0.025,1.018,0.184,-2.047,0.105,Idle
-0.012,-0.024,1.019,0.149,-2.056,0.087,Idle
-0.013,-0.023,1.018,0.210,-2.013,0.114,Idle
-0.012,-0.024,1.018,0.175,-2.021,0.061,Idle
-0.012,-0.024,1.020,0.166,-2.039,0.096,Idle
-0.012,-0.024,1.018,0.166,-2.030,0.123,Idle
-0.012,-0.024,1.017,0.157,-2.013,0.114,Idle
-0.013,-0.023,1.019,0.166,-2.013,0.131,Idle
-0.011,-0.023,1.018,0.210,-2.030,0.105,Idle
-0.013,-0.025,1.017,0.184,-2.004,0.096,Idle
-0.012,-0.023,1.019,0.166,-1.995,0.087,Idle
-0.013,-0.024,1.019,0.175,-2.030,0.061,Idle
-0.012,-0.024,1.018,0.175,-2.039,0.105,Idle
-0.012,-0.024,1.018,0.201,-2.004,0.079,Idle
-0.013,-0.024,1.017,0.166,-2.013,0.123,Idle
-0.012,-0.024,1.017,0.184,-2.021,0.105,Idle
-0.012,-0.023,1.019,0.157,-2.021,0.044,Idle
-0.012,-0.024,1.018,0.175,-2.030,0.114,Idle
-0.013,-0.024,1.018,0.175,-2.004,0.114,Idle
-0.012,-0.024,1.018,0.184,-2.030,0.105,Idle
-0.012,-0.024,1.018,0.184,-2.004,0.079,Idle
-0.012,-0.023,1.018,0.184,-2.039,0.123,Idle
-0.013,-0.024,1.017,0.184,-2.047,0.079,Idle
-0.012,-0.024,1.018,0.184,-2.056,0.070,Idle
-0.012,-0.024,1.018,0.184,-1.986,0.123,Idle
-0.012,-0.024,1.018,0.157,-2.021,0.131,Idle
-0.012,-0.024,1.018,0.201,-2.039,0.070,Idle
-0.011,-0.023,1.020,0.192,-1.977,0.140,Idle
-0.012,-0.024,1.018,0.210,-2.047,0.079,Idle
-0.012,-0.025,1.019,0.210,-1.995,0.096,Idle
-0.013,-0.024,1.017,0.175,-1.977,0.061,Idle
-0.012,-0.024,1.019,0.175,-2.013,0.070,Idle
-0.012,-0.024,1.017,0.131,-2.004,0.070,Idle
-0.012,-0.023,1.020,0.175,-2.030,0.087,Idle
-0.012,-0.024,1.019,0.184,-2.021,0.096,Idle
-0.011,-0.023,1.020,0.175,-2.013,0.096,Idle
-0.012,-0.024,1.018,0.192,-2.021,0.096,Idle
-0.013,-0.024,1.017,0.184,-1.986,0.087,Idle
-0.014,-0.025,1.019,0.210,-2.047,0.105,Idle
-0.013,-0.025,1.017,0.166,-1.995,0.070,Idle
-0.013,-0.024,1.017,0.192,-2.030,0.070,Idle
-0.012,-0.024,1.017,0.192,-2.030,0.079,Idle
-0.013,-0.025,1.017,0.192,-1.995,0.114,Idle
-0.011,-0.023,1.019,0.166,-2.030,0.087,Idle
-0.012,-0.024,1.019,0.157,-2.021,0.096,Idle
-0.013,-0.025,1.018,0.175,-2.030,0.079,Idle
-0.013,-0.024,1.018,0.175,-2.030,0.096,Idle
-0.012,-0.024,1.017,0.192,-2.013,0.070,Idle
-0.012,-0.024,1.019,0.175,-2.047,0.070,Idle
-0.013,-0.023,1.018,0.184,-2.021,0.105,Idle
-0.011,-0.023,1.019,0.184,-1.977,0.079,Idle
-0.012,-0.024,1.018,0.157,-2.004,0.070,Idle
-0.013,-0.024,1.018,0.140,-2.039,0.087,Idle
-0.013,-0.022,1.018,0.184,-2.021,0.087,Idle
-0.012,-0.025,1.019,0.184,-2.021,0.079,Idle
-0.012,-0.024,1.018,0.228,-1.986,0.096,Idle
-0.013,-0.023,1.018,0.149,-2.030,0.079,Idle
-0.012,-0.024,1.018,0.184,-2.030,0.087,Idle
-0.013,-0.023,1.019,0.201,-2.039,0.079,Idle
-0.012,-0.024,1.019,0.184,-2.021,0.096,Idle
-0.012,-0.023,1.018,0.184,-2.039,0.105,Idle
-0.013,-0.023,1.019,0.175,-2.039,0.123,Idle
-0.013,-0.024,1.018,0.149,-2.004,0.079,Idle
-0.012,-0.024,1.020,0.157,-1.977,0.096,Idle
-0.012,-0.023,1.017,0.184,-2.021,0.096,Idle
-0.012,-0.024,1.017,0.219,-2.004,0.044,Idle
-0.012,-0.024,1.018,0.184,-1.977,0.087,Idle
-0.012,-0.025,1.018,0.140,-2.030,0.087,Idle
-0.011,-0.024,1.019,0.140,-2.004,0.123,Idle
-0.012,-0.023,1.018,0.219,-2.004,0.096,Idle
-0.012,-0.024,1.018,0.149,-2.039,0.070,Idle
-0.012,-0.024,1.018,0.175,-2.013,0.052,Idle
-0.013,-0.024,1.017,0.210,-1.995,0.070,Idle
-0.013,-0.024,1.018,0.219,-2.074,0.079,Idle
-0.012,-0.025,1.018,0.140,-1.995,0.096,Idle
-0.012,-0.025,1.018,0.175,-2.013,0.105,Idle
-0.012,-0.023,1.017,0.201,-2.004,0.070,Idle
-0.011,-0.023,1.020,0.175,-2.013,0.096,Idle
-0.012,-0.023,1.020,0.210,-2.030,0.096,Idle
-0.012,-0.024,1.018,0.184,-2.065,0.079,Idle
-0.011,-0.024,1.019,0.149,-2.013,0.044,Idle
-0.011,-0.024,1.020,0.184,-2.013,0.105,Idle
-0.011,-0.025,1.018,0.123,-2.021,0.105,Idle
-0.012,-0.024,1.017,0.175,-2.030,0.096,Idle
-0.011,-0.024,1.018,0.149,-1.995,0.070,Idle
-0.013,-0.024,1.019,0.210,-2.004,0.131,Idle
-0.012,-0.024,1.019,0.175,-1.995,0.079,Idle
-0.012,-0.024,1.019,0.184,-2.004,0.096,Idle
-0.012,-0.024,1.018,0.175,-2.013,0.096,Idle
-0.012,-0.023,1.018,0.175,-1.977,0.061,Idle
-0.013,-0.024,1.018,0.123,-2.047,0.079,Idle
-0.012,-0.024,1.019,0.192,-2.013,0.096,Idle
-0.012,-0.023,1.018,0.201,-2.039,0.052,Idle
-0.012,-0.024,1.018,0.201,-2.004,0.105,Idle
-0.012,-0.024,1.018,0.236,-2.013,0.114,Idle
-0.011,-0.024,1.019,0.175,-2.056,0.061,Idle
-0.013,-0.024,1.018,0.184,-2.030,0.096,Idle
-0.012,-0.025,1.018,0.245,-2.004,0.105,Idle
-0.012,-0.024,1.018,0.184,-2.021,0.079,Idle
-0.013,-0.025,1.017,0.157,-2.013,0.123,Idle
-0.012,-0.024,1.018,0.228,-2.013,0.123,Idle
-0.013,-0.024,1.019,0.201,-2.065,0.096,Idle
-0.012,-0.025,1.017,0.149,-2.039,0.087,Idle
-0.013,-0.024,1.018,0.201,-2.030,0.105,Idle
-0.013,-0.024,1.017,0.184,-2.065,0.052,Idle
-0.011,-0.024,1.019,0.210,-2.047,0.070,Idle
-0.013,-0.024,1.018,0.201,-1.977,0.052,Idle
-0.012,-0.023,1.017,0.166,-2.056,0.079,Idle
-0.011,-0.024,1.017,0.201,-2.013,0.087,Idle
-0.012,-0.023,1.019,0.184,-2.004,0.052,Idle
-0.013,-0.024,1.016,0.166,-2.030,0.123,Idle
-0.012,-0.024,1.019,0.245,-2.065,0.044,Idle
-0.013,-0.024,1.017,0.201,-2.082,0.087,Idle
-0.013,-0.024,1.017,0.210,-2.013,0.114,Idle
-0.013,-0.024,1.018,0.166,-2.039,0.096,Idle
-0.013,-0.023,1.018,0.192,-2.039,0.061,Idle
-0.013,-0.023,1.018,0.175,-2.013,0.131,Idle
-0.013,-0.025,1.020,0.201,-2.030,0.096,Idle
-0.013,-0.024,1.018,0.175,-2.030,0.087,Idle
-0.012,-0.024,1.018,0.192,-2.039,0.070,Idle
-0.012,-0.023,1.016,0.192,-2.039,0.096,Idle
-0.013,-0.024,1.017,0.192,-2.013,0.087,Idle
-0.013,-0.024,1.018,0.245,-1.995,0.087,Idle
-0.012,-0.025,1.018,0.157,-2.030,0.096,Idle
-0.011,-0.024,1.018,0.175,-2.074,0.087,Idle
-0.011,-0.024,1.019,0.184,-2.039,0.070,Idle
-0.012,-0.023,1.018,0.166,-2.039,0.070,Idle
-0.012,-0.023,1.018,0.157,-2.030,0.061,Idle
-0.012,-0.023,1.019,0.201,-2.021,0.079,Idle
-0.013,-0.024,1.019,0.192,-2.030,0.131,Idle
-0.012,-0.024,1.017,0.192,-2.004,0.114,Idle
-0.011,-0.025,1.019,0.175,-2.047,0.096,Idle
-0.013,-0.025,1.017,0.175,-2.004,0.079,Idle
-0.012,-0.024,1.018,0.175,-1.969,0.079,Idle
-0.012,-0.024,1.019,0.192,-2.004,0.087,Idle
-0.013,-0.025,1.018,0.166,-2.047,0.079,Idle
-0.013,-0.025,1.019,0.166,-2.021,0.096,Idle
-0.013,-0.024,1.016,0.166,-2.004,0.079,Idle
-0.014,-0.025,1.018,0.157,-2.013,0.096,Idle
-0.012,-0.025,1.018,0.236,-1.995,0.070,Idle
-0.012,-0.024,1.017,0.192,-2.013,0.044,Idle
-0.013,-0.025,1.018,0.192,-2.021,0.114,Idle
-0.012,-0.023,1.018,0.192,-1.986,0.096,Idle
-0.012,-0.023,1.019,0.184,-2.074,0.087,Idle
-0.013,-0.024,1.018,0.184,-2.047,0.052,Idle
-0.011,-0.023,1.017,0.184,-2.056,0.018,Idle
-0.012,-0.025,1.018,0.175,-2.074,0.087,Idle
-0.012,-0.024,1.019,0.228,-2.021,0.079,Idle
-0.012,-0.023,1.016,0.201,-1.995,0.052,Idle
-0.012,-0.024,1.020,0.175,-2.013,0.114,Idle
-0.011,-0.024,1.020,0.192,-1.995,0.061,Idle
-0.013,-0.024,1.019,0.201,-2.021,0.114,Idle
-0.013,-0.024,1.018,0.201,-2.013,0.131,Idle
-0.012,-0.023,1.016,0.192,-2.047,0.114,Idle
-0.012,-0.024,1.017,0.228,-1.995,0.070,Idle
-0.013,-0.025,1.017,0.210,-2.013,0.061,Idle
-0.012,-0.024,1.019,0.192,-2.074,0.079,Idle
-0.013,-0.024,1.019,0.210,-2.030,0.114,Idle
-0.012,-0.023,1.018,0.184,-2.047,0.026,Idle
-0.010,-0.026,1.020,0.201,-2.039,0.061,Idle
-0.011,-0.025,1.019,0.149,-2.013,0.087,Idle
-0.013,-0.025,1.019,0.219,-2.030,0.087,Idle
-0.011,-0.028,1.021,0.192,-2.021,0.087,Idle
-0.013,-0.027,1.016,0.192,-2.004,0.061,Idle
-0.011,-0.022,1.017,0.166,-2.030,0.096,Idle
-0.012,-0.023,1.020,0.219,-1.995,0.079,Idle
-0.012,-0.025,1.019,0.192,-1.977,0.096,Idle
-0.012,-0.023,1.018,0.219,-1.995,0.105,Idle
-0.012,-0.023,1.018,0.123,-2.030,0.096,Idle
-0.013,-0.025,1.017,0.157,-2.021,0.087,Idle
-0.012,-0.023,1.018,0.166,-2.004,0.052,Idle
-0.013,-0.024,1.017,0.184,-2.013,0.096,Idle
-0.012,-0.024,1.018,0.210,-2.047,0.079,Idle
-0.013,-0.023,1.018,0.175,-2.021,0.114,Idle
-0.012,-0.025,1.020,0.166,-2.013,0.079,Idle
-0.013,-0.023,1.018,0.175,-2.039,0.070,Idle
-0.012,-0.024,1.018,0.201,-2.013,0.070,Idle
-0.013,-0.024,1.018,0.192,-2.047,0.070,Idle
-0.013,-0.024,1.019,0.254,-2.039,0.035,Idle
-0.013,-0.024,1.016,0.184,-2.013,0.044,Idle
-0.012,-0.024,1.019,0.149,-2.047,0.052,Idle
-0.012,-0.024,1.017,0.210,-2.030,0.087,Idle
-0.012,-0.024,1.019,0.192,-2.004,0.052,Idle
-0.010,-0.023,1.019,0.175,-2.030,0.061,Idle
-0.011,-0.023,1.021,0.219,-2.047,0.096,Idle
-0.013,-0.024,1.019,0.184,-2.013,0.079,Idle
-0.013,-0.025,1.018,0.166,-2.047,0.035,Idle
-0.012,-0.024,1.018,0.175,-1.995,0.070,Idle
-0.013,-0.025,1.017,0.166,-1.995,0.105,Idle
-0.013,-0.024,1.018,0.184,-2.013,0.131,Idle
-0.012,-0.024,1.019,0.210,-2.030,0.087,Idle
-0.012,-0.023,1.019,0.228,-2.021,0.114,Idle
-0.012,-0.023,1.021,0.210,-2.047,0.096,Idle
-0.012,-0.025,1.018,0.184,-2.030,0.061,Idle
-0.012,-0.024,1.018,0.157,-2.013,0.114,Idle
-0.013,-0.023,1.020,0.192,-2.074,0.079,Idle
-0.013,-0.025,1.017,0.149,-2.013,0.087,Idle
-0.013,-0.024,1.017,0.201,-2.047,0.096,Idle
-0.011,-0.024,1.018,0.192,-1.995,0.061,Idle
-0.012,-0.025,1.018,0.157,-2.039,0.070,Idle
-0.013,-0.024,1.018,0.201,-2.039,0.096,Idle
-0.012,-0.024,1.019,0.219,-2.013,0.114,Idle
-0.012,-0.024,1.018,0.219,-2.030,0.052,Idle
-0.011,-0.024,1.018,0.228,-2.021,0.035,Idle
-0.013,-0.024,1.019,0.201,-2.013,0.070,Idle
-0.013,-0.024,1.017,0.184,-2.039,0.061,Idle
-0.013,-0.024,1.020,0.210,-2.047,0.087,Idle
-0.012,-0.023,1.020,0.201,-2.047,0.079,Idle
-0.012,-0.025,1.019,0.175,-2.030,0.105,Idle
-0.012,-0.025,1.018,0.175,-2.030,0.087,Idle
-0.012,-0.024,1.018,0.184,-2.082,0.061,Idle
-0.013,-0.024,1.019,0.192,-2.013,0.096,Idle
-0.012,-0.024,1.019,0.192,-2.065,0.079,Idle
-0.012,-0.024,1.018,0.219,-2.004,0.087,Idle
-0.012,-0.024,1.017,0.175,-2.056,0.087,Idle
-0.013,-0.024,1.019,0.228,-2.091,0.061,Idle
-0.012,-0.024,1.017,0.192,-2.082,0.061,Idle
-0.013,-0.023,1.018,0.192,-2.013,0.079,Idle
-0.012,-0.023,1.019,0.192,-1.995,0.096,Idle
-0.013,-0.024,1.018,0.157,-2.013,0.070,Idle
-0.012,-0.024,1.019,0.166,-2.021,0.079,Idle
-0.013,-0.025,1.018,0.175,-1.977,0.061,Idle
-0.012,-0.024,1.019,0.192,-2.065,0.044,Idle
-0.012,-0.024,1.020,0.245,-2.004,0.087,Idle
-0.012,-0.024,1.019,0.175,-2.082,0.070,Idle
-0.012,-0.023,1.019,0.184,-2.039,0.096,Idle
-0.012,-0.024,1.019,0.184,-2.030,0.096,Idle
-0.012,-0.024,1.018,0.184,-2.039,0.087,Idle
-0.013,-0.023,1.019,0.219,-1.995,0.087,Idle
-0.013,-0.024,1.017,0.210,-2.013,0.087,Idle
-0.012,-0.023,1.018,0.184,-2.030,0.070,Idle
-0.012,-0.023,1.018,0.210,-2.004,0.105,Idle
-0.011,-0.024,1.019,0.175,-2.013,0.079,Idle
-0.012,-0.023,1.019,0.219,-2.065,0.061,Idle
-0.012,-0.023,1.019,0.192,-2.013,0.157,Idle
-0.012,-0.023,1.017,0.201,-1.995,0.087,Idle
-0.013,-0.025,1.019,0.228,-2.082,0.079,Idle
-0.011,-0.024,1.018,0.175,-2.039,0.105,Idle
-0.013,-0.024,1.019,0.184,-2.004,0.070,Idle
-0.013,-0.024,1.018,0.210,-2.030,0.079,Idle
-0.012,-0.023,1.018,0.201,-2.082,0.105,Idle
-0.012,-0.024,1.017,0.175,-2.004,0.079,Idle
-0.013,-0.024,1.017,0.166,-2.021,0.079,Idle
-0.013,-0.024,1.017,0.175,-2.021,0.123,Idle
-0.013,-0.024,1.018,0.140,-2.021,0.105,Idle
-0.012,-0.023,1.020,0.210,-2.056,0.114,Idle
-0.012,-0.024,1.019,0.219,-2.030,0.096,Idle
-0.013,-0.024,1.018,0.210,-2.021,0.044,Idle
-0.012,-0.024,1.019,0.219,-2.013,0.061,Idle
-0.012,-0.024,1.019,0.201,-2.039,0.087,Idle
-0.012,-0.024,1.019,0.210,-2.030,0.079,Idle
-0.012,-0.024,1.018,0.201,-2.074,0.044,Idle
-0.013,-0.025,1.018,0.149,-1.977,0.087,Idle
-0.012,-0.024,1.018,0.228,-2.013,0.052,Idle
-0.013,-0.024,1.018,0.201,-2.004,0.096,Idle
-0.011,-0.025,1.018,0.140,-1.977,0.087,Idle
-0.011,-0.024,1.019,0.149,-2.039,0.079,Idle
-0.013,-0.024,1.019,0.192,-2.021,0.096,Idle
-0.012,-0.024,1.018,0.149,-2.074,0.096,Idle
-0.012,-0.024,1.019,0.184,-2.021,0.087,Idle
-0.013,-0.023,1.019,0.219,-2.065,0.096,Idle
-0.012,-0.024,1.018,0.157,-2.021,0.070,Idle
-0.012,-0.024,1.019,0.201,-2.013,0.061,Idle
-0.013,-0.024,1.018,0.228,-2.030,0.087,Idle
-0.013,-0.024,1.017,0.166,-2.047,0.044,Idle
-0.012,-0.024,1.017,0.175,-2.004,0.087,Idle
-0.011,-0.024,1.018,0.228,-2.047,0.105,Idle
-0.013,-0.024,1.018,0.157,-2.056,0.070,Idle
-0.013,-0.024,1.019,0.175,-2.030,0.096,Idle
-0.012,-0.024,1.018,0.210,-2.039,0.061,Idle
-0.012,-0.025,1.018,0.166,-1.986,0.087,Idle
-0.013,-0.023,1.019,0.157,-2.030,0.087,Idle
-0.012,-0.025,1.017,0.157,-2.047,0.070,Idle
-0.013,-0.024,1.019,0.201,-2.021,0.052,Idle
-0.012,-0.024,1.018,0.201,-2.004,0.096,Idle
-0.011,-0.025,1.019,0.166,-2.030,0.070,Idle
-0.013,-0.023,1.019,0.192,-1.995,0.087,Idle
-0.013,-0.024,1.018,0.192,-2.056,0.070,Idle
-0.013,-0.024,1.019,0.201,-2.021,0.044,Idle
-0.012,-0.023,1.020,0.201,-2.047,0.096,Idle
-0.013,-0.024,1.017,0.192,-2.065,0.087,Idle
-0.012,-0.024,1.018,0.228,-2.039,0.096,Idle
-0.012,-0.024,1.019,0.184,-2.056,0.114,Idle
-0.012,-0.024,1.019,0.192,-2.021,0.096,Idle
-0.011,-0.023,1.020,0.236,-2.013,0.079,Idle
-0.012,-0.025,1.019,0.201,-2.004,0.087,Idle
-0.012,-0.025,1.018,0.166,-2.047,0.096,Idle
-0.012,-0.024,1.018,0.149,-2.030,0.070,Idle
-0.013,-0.024,1.018,0.210,-1.995,0.079,Idle
-0.012,-0.025,1.018,0.184,-2.056,0.114,Idle
-0.012,-0.024,1.018,0.166,-1.986,0.061,Idle
-0.013,-0.024,1.019,0.201,-2.013,0.079,Idle
-0.012,-0.024,1.019,0.201,-2.021,0.079,Idle
-0.012,-0.024,1.018,0.157,-1.969,0.044,Idle
-0.012,-0.024,1.018,0.201,-2.021,0.114,Idle
-0.013,-0.024,1.018,0.201,-2.021,0.105,Idle
-0.012,-0.025,1.017,0.184,-1.995,0.079,Idle
-0.012,-0.025,1.018,0.236,-2.056,0.096,Idle
-0.012,-0.023,1.017,0.219,-2.039,0.079,Idle
-0.013,-0.024,1.018,0.219,-2.039,0.096,Idle
-0.012,-0.023,1.019,0.184,-2.030,0.087,Idle
-0.012,-0.025,1.019,0.157,-2.056,0.079,Idle
-0.012,-0.024,1.018,0.219,-2.004,0.087,Idle
-0.012,-0.023,1.018,0.184,-2.056,0.009,Idle
-0.012,-0.025,1.018,0.166,-1.995,0.061,Idle
-0.012,-0.024,1.018,0.192,-2.013,0.052,Idle
-0.012,-0.024,1.018,0.166,-2.056,0.096,Idle
-0.012,-0.025,1.018,0.184,-2.004,0.087,Idle
-0.012,-0.024,1.017,0.201,-2.030,0.114,Idle
-0.012,-0.024,1.019,0.175,-2.082,0.087,Idle
-0.012,-0.024,1.018,0.210,-2.039,0.061,Idle
-0.013,-0.024,1.016,0.228,-2.056,0.079,Idle
-0.011,-0.024,1.016,0.149,-2.039,0.096,Idle
-0.013,-0.025,1.018,0.157,-2.039,0.096,Idle
-0.012,-0.024,1.018,0.149,-2.065,0.079,Idle
-0.011,-0.024,1.019,0.219,-2.021,0.079,Idle
-0.013,-0.024,1.017,0.184,-2.056,0.079,Idle
-0.012,-0.023,1.018,0.219,-2.030,0.140,Idle
-0.012,-0.024,1.019,0.201,-2.056,0.087,Idle
-0.012,-0.024,1.018,0.219,-2.047,0.087,Idle
-0.012,-0.025,1.018,0.210,-2.039,0.105,Idle
-0.012,-0.024,1.018,0.175,-2.047,0.052,Idle
-0.013,-0.024,1.019,0.210,-2.004,0.070,Idle
-0.012,-0.024,1.019,0.219,-2.004,0.105,Idle
-0.013,-0.024,1.019,0.192,-2.039,0.096,Idle
-0.012,-0.025,1.020,0.184,-2.039,0.044,Idle
-0.012,-0.024,1.018,0.175,-2.030,0.070,Idle
-0.013,-0.024,1.017,0.175,-2.047,0.123,Idle
-0.012,-0.023,1.018,0.157,-2.030,0.061,Idle
-0.012,-0.024,1.018,0.201,-2.013,0.114,Idle
-0.011,-0.024,1.019,0.166,-1.995,0.096,Idle
-0.012,-0.024,1.019,0.201,-2.039,0.096,Idle
-0.012,-0.024,1.019,0.210,-2.047,0.079,Idle
-0.012,-0.024,1.019,0.175,-2.039,0.044,Idle
-0.012,-0.024,1.019,0.184,-2.047,0.087,Idle
-0.012,-0.024,1.019,0.175,-2.056,0.114,Idle
-0.013,-0.024,1.017,0.201,-1.995,0.070,Idle
-0.012,-0.024,1.017,0.166,-2.030,0.087,Idle
-0.013,-0.024,1.017,0.192,-2.004,0.079,Idle
-0.013,-0.024,1.019,0.157,-2.021,0.114,Idle
-0.012,-0.024,1.019,0.210,-2.065,0.070,Idle
-0.013,-0.024,1.019,0.201,-2.021,0.061,Idle
-0.012,-0.023,1.018,0.149,-2.047,0.070,Idle
-0.012,-0.024,1.018,0.192,-2.039,0.123,Idle
-0.013,-0.025,1.017,0.184,-2.030,0.087,Idle
-0.012,-0.024,1.017,0.157,-2.021,0.052,Idle
-0.012,-0.023,1.017,0.166,-1.986,0.105,Idle
-0.012,-0.024,1.018,0.175,-2.030,0.087,Idle
-0.012,-0.023,1.019,0.175,-2.039,0.105,Idle
-0.013,-0.024,1.019,0.192,-2.047,0.079,Idle
-0.012,-0.025,1.019,0.210,-2.039,0.079,Idle
-0.013,-0.024,1.018,0.175,-2.004,0.123,Idle
-0.013,-0.024,1.018,0.201,-2.047,0.114,Idle
-0.012,-0.023,1.018,0.175,-2.030,0.105,Idle
-0.013,-0.024,1.018,0.184,-2.030,0.131,Idle
-0.012,-0.024,1.017,0.166,-2.030,0.114,Idle
-0.012,-0.024,1.018,0.201,-2.047,0.087,Idle
-0.012,-0.024,1.018,0.184,-2.030,0.070,Idle
-0.013,-0.024,1.018,0.210,-2.039,0.105,Idle
-0.013,-0.024,1.018,0.157,-2.074,0.087,Idle
-0.012,-0.024,1.018,0.192,-2.056,0.079,Idle
-0.012,-0.024,1.018,0.210,-2.013,0.079,Idle
-0.012,-0.025,1.018,0.184,-1.977,0.079,Idle
-0.012,-0.023,1.018,0.175,-2.030,0.035,Idle
-0.012,-0.023,1.019,0.131,-2.047,0.096,Idle
-0.012,-0.024,1.019,0.175,-2.013,0.052,Idle
-0.013,-0.024,1.018,0.149,-2.004,0.087,Idle
-0.012,-0.025,1.018,0.166,-2.056,0.079,Idle
-0.011,-0.024,1.018,0.149,-2.030,0.035,Idle
-0.013,-0.024,1.017,0.201,-2.021,0.114,Idle
-0.012,-0.024,1.018,0.219,-2.004,0.131,Idle
-0.012,-0.024,1.019,0.201,-2.013,0.123,Idle
-0.013,-0.024,1.017,0.219,-2.047,0.026,Idle
-0.012,-0.025,1.018,0.192,-2.047,0.114,Idle
-0.012,-0.025,1.018,0.175,-2.021,0.070,Idle
-0.013,-0.024,1.019,0.184,-2.021,0.140,Idle
-0.012,-0.023,1.020,0.201,-1.977,0.087,Idle
-0.012,-0.024,1.019,0.219,-2.021,0.061,Idle
-0.012,-0.024,1.017,0.166,-2.039,0.114,Idle
-0.013,-0.023,1.019,0.201,-2.039,0.044,Idle
-0.013,-0.025,1.018,0.210,-2.030,0.079,Idle
-0.012,-0.024,1.019,0.201,-2.100,0.079,Idle
-0.012,-0.023,1.018,0.236,-2.039,0.079,Idle
-0.013,-0.025,1.016,0.157,-2.013,0.070,Idle
-0.012,-0.024,1.017,0.175,-2.039,0.105,Idle
-0.012,-0.024,1.016,0.175,-2.030,0.096,Idle
-0.013,-0.025,1.018,0.228,-2.021,0.061,Idle
-0.012,-0.023,1.020,0.175,-2.004,0.096,Idle
-0.013,-0.024,1.019,0.184,-2.056,0.096,Idle
-0.012,-0.024,1.018,0.201,-2.013,0.114,Idle
-0.012,-0.024,1.018,0.192,-2.013,0.044,Idle
-0.013,-0.024,1.018,0.201,-2.004,0.087,Idle
-0.012,-0.024,1.018,0.157,-2.013,0.105,Idle
-0.012,-0.024,1.018,0.157,-2.021,0.105,Idle
-0.013,-0.024,1.019,0.210,-1.969,0.096,Idle
-0.013,-0.024,1.018,0.184,-2.039,0.105,Idle
-0.013,-0.024,1.019,0.201,-2.030,0.079,Idle
-0.011,-0.023,1.019,0.228,-1.995,0.079,Idle
-0.013,-0.023,1.019,0.201,-2.021,0.044,Idle
-0.012,-0.024,1.018,0.157,-2.030,0.114,Idle
-0.012,-0.024,1.017,0.175,-2.030,0.079,Idle
-0.013,-0.024,1.018,0.219,-2.013,0.079,Idle
-0.012,-0.024,1.017,0.149,-2.039,0.044,Idle
-0.014,-0.025,1.019,0.201,-2.030,0.114,Idle
-0.013,-0.025,1.016,0.184,-2.065,0.061,Idle
-0.013,-0.026,1.016,0.157,-1.995,0.105,Idle
-0.013,-0.024,1.019,0.201,-1.995,0.105,Idle
-0.012,-0.024,1.017,0.175,-1.986,0.079,Idle
-0.013,-0.025,1.017,0.192,-2.013,0.070,Idle
-0.014,-0.025,1.016,0.201,-2.082,0.079,Idle
-0.012,-0.024,1.016,0.192,-2.004,0.105,Idle
-0.011,-0.023,1.021,0.184,-2.030,0.070,Idle
-0.011,-0.023,1.020,0.192,-1.986,0.114,Idle
-0.012,-0.023,1.019,0.166,-2.030,0.105,Idle
-0.012,-0.023,1.021,0.192,-2.047,0.087,Idle
-0.011,-0.024,1.017,0.201,-2.039,0.123,Idle
-0.013,-0.024,1.017,0.201,-1.969,0.114,Idle
-0.013,-0.025,1.018,0.210,-2.030,0.131,Idle
-0.013,-0.025,1.018,0.131,-2.047,0.087,Idle
-0.012,-0.024,1.019,0.201,-2.030,0.070,Idle
-0.013,-0.024,1.020,0.210,-2.074,0.105,Idle
-0.012,-0.024,1.019,0.166,-2.021,0.079,Idle
-0.012,-0.025,1.019,0.149,-2.030,0.087,Idle
-0.013,-0.024,1.019,0.149,-2.004,0.105,Idle
-0.014,-0.024,1.018,0.184,-2.039,0.087,Idle
-0.013,-0.024,1.019,0.184,-2.013,0.087,Idle
-0.013,-0.024,1.016,0.201,-2.021,0.061,Idle
-0.011,-0.025,1.018,0.184,-2.047,0.131,Idle
-0.012,-0.024,1.018,0.192,-2.039,0.096,Idle
-0.012,-0.024,1.020,0.166,-2.021,0.105,Idle
-0.013,-0.025,1.018,0.201,-2.013,0.061,Idle
-0.013,-0.025,1.018,0.175,-2.030,0.087,Idle
-0.012,-0.025,1.019,0.175,-2.056,0.087,Idle
-0.013,-0.024,1.018,0.192,-2.021,0.131,Idle
-0.012,-0.024,1.019,0.166,-2.065,0.096,Idle
-0.013,-0.024,1.019,0.175,-2.030,0.079,Idle
-0.013,-0.024,1.019,0.201,-1.995,0.087,Idle
-0.012,-0.024,1.020,0.201,-2.039,0.105,Idle
-0.012,-0.024,1.018,0.228,-2.030,0.061,Idle
-0.013,-0.025,1.017,0.184,-2.013,0.070,Idle
-0.012,-0.024,1.018,0.210,-2.030,0.061,Idle
-0.013,-0.025,1.016,0.166,-2.030,0.079,Idle
-0.012,-0.023,1.019,0.192,-2.030,0.087,Idle
-0.011,-0.023,1.019,0.192,-2.030,0.114,Idle
-0.012,-0.024,1.017,0.201,-1.986,0.096,Idle
-0.012,-0.023,1.019,0.166,-2.004,0.079,Idle
-0.013,-0.024,1.018,0.184,-1.986,0.105,Idle
-0.013,-0.025,1.018,0.192,-2.030,0.131,Idle
-0.013,-0.024,1.019,0.201,-2.013,0.087,Idle
-0.013,-0.025,1.019,0.192,-2.021,0.123,Idle
-0.012,-0.024,1.020,0.184,-2.039,0.105,Idle
-0.013,-0.024,1.019,0.184,-2.039,0.070,Idle
-0.012,-0.024,1.018,0.228,-2.065,0.105,Idle
-0.012,-0.023,1.018,0.192,-2.065,-0.009,Idle
-0.012,-0.024,1.019,0.166,-1.995,0.114,Idle
-0.012,-0.024,1.018,0.201,-2.030,0.131,Idle
-0.013,-0.024,1.018,0.184,-2.047,0.061,Idle
-0.013,-0.024,1.018,0.192,-2.039,0.079,Idle
-0.012,-0.024,1.019,0.184,-2.065,0.087,Idle
-0.012,-0.025,1.019,0.175,-2.004,0.079,Idle
-0.013,-0.023,1.018,0.192,-2.021,0.123,Idle
-0.012,-0.024,1.018,0.210,-2.047,0.105,Idle
-0.012,-0.024,1.020,0.175,-2.065,0.079,Idle
-0.013,-0.025,1.018,0.175,-2.013,0.114,Idle
-0.013,-0.024,1.018,0.149,-2.047,0.026,Idle
-0.012,-0.024,1.018,0.210,-1.969,0.096,Idle
-0.013,-0.025,1.018,0.184,-1.986,0.114,Idle
-0.012,-0.025,1.018,0.175,-2.021,0.105,Idle
-0.013,-0.025,1.018,0.184,-2.021,0.061,Idle
-0.013,-0.024,1.018,0.175,-2.004,0.114,Idle
-0.012,-0.024,1.019,0.210,-2.039,0.105,Idle
-0.013,-0.025,1.017,0.149,-2.013,0.061,Idle
-0.012,-0.025,1.016,0.175,-1.995,0.096,Idle
-0.013,-0.024,1.018,0.149,-2.030,0.079,Idle
-0.013,-0.024,1.017,0.184,-2.004,0.070,Idle
-0.013,-0.025,1.019,0.210,-2.013,0.070,Idle
-0.012,-0.024,1.019,0.149,-2.082,0.035,Idle
-0.013,-0.025,1.018,0.175,-2.004,0.079,Idle
-0.013,-0.024,1.018,0.157,-2.013,0.096,Idle
-0.013,-0.024,1.016,0.157,-2.030,0.105,Idle
-0.013,-0.024,1.018,0.184,-2.091,0.044,Idle
-0.012,-0.024,1.019,0.166,-2.004,0.087,Idle
-0.013,-0.025,1.018,0.175,-1.986,0.061,Idle
-0.013,-0.025,1.019,0.175,-2.021,0.079,Idle
-0.012,-0.023,1.019,0.192,-2.039,0.079,Idle
-0.013,-0.025,1.018,0.210,-2.047,0.114,Idle
-0.012,-0.025,1.019,0.149,-2.039,0.079,Idle
-0.012,-0.023,1.021,0.166,-2.004,0.096,Idle
-0.012,-0.025,1.018,0.157,-2.047,0.052,Idle
-0.012,-0.024,1.019,0.201,-2.004,0.096,Idle
-0.013,-0.024,1.018,0.192,-1.977,0.087,Idle
-0.011,-0.025,1.017,0.228,-1.977,0.087,Idle
-0.013,-0.024,1.018,0.149,-2.056,0.079,Idle
-0.012,-0.024,1.018,0.201,-1.995,0.096,Idle
-0.013,-0.024,1.017,0.149,-2.039,0.087,Idle
-0.013,-0.024,1.019,0.157,-2.021,0.079,Idle
-0.011,-0.024,1.019,0.166,-2.021,0.105,Idle
-0.013,-0.025,1.018,0.166,-2.021,0.105,Idle
-0.012,-0.024,1.019,0.175,-2.013,0.096,Idle
-0.013,-0.024,1.018,0.201,-2.004,0.096,Idle
-0.013,-0.024,1.019,0.140,-2.013,0.035,Idle
-0.013,-0.024,1.019,0.184,-2.039,0.131,Idle
-0.011,-0.024,1.017,0.149,-2.030,0.096,Idle
-0.013,-0.024,1.019,0.201,-2.039,0.114,Idle
-0.012,-0.025,1.020,0.192,-1.986,0.096,Idle
-0.013,-0.025,1.018,0.219,-2.030,0.079,Idle
-0.012,-0.024,1.019,0.175,-2.004,0.123,Idle
-0.013,-0.024,1.019,0.210,-2.039,0.087,Idle
-0.012,-0.025,1.018,0.157,-2.065,0.114,Idle
-0.011,-0.024,1.018,0.219,-2.039,0.087,Idle
-0.013,-0.024,1.018,0.175,-2.030,0.061,Idle
-0.012,-0.025,1.020,0.201,-2.039,0.061,Idle
-0.013,-0.024,1.020,0.175,-1.995,0.044,Idle
-0.012,-0.024,1.019,0.201,-2.030,0.087,Idle
-0.013,-0.025,1.019,0.166,-2.065,0.105,Idle
-0.013,-0.025,1.019,0.166,-2.065,0.079,Idle
-0.011,-0.025,1.019,0.192,-2.021,0.087,Idle
-0.012,-0.024,1.019,0.149,-2.013,0.114,Idle
-0.012,-0.024,1.018,0.184,-2.056,0.105,Idle
-0.013,-0.024,1.019,0.201,-2.030,0.061,Idle
-0.011,-0.024,1.018,0.157,-2.004,0.070,Idle
-0.013,-0.024,1.018,0.175,-2.056,0.070,Idle
-0.012,-0.024,1.018,0.175,-2.056,0.079,Idle
-0.011,-0.025,1.019,0.175,-2.030,0.096,Idle
-0.012,-0.025,1.018,0.192,-2.039,0.105,Idle
-0.013,-0.024,1.018,0.149,-2.013,0.096,Idle
-0.012,-0.024,1.018,0.184,-1.977,0.087,Idle
-0.012,-0.025,1.019,0.201,-2.021,0.105,Idle
-0.013,-0.025,1.018,0.184,-2.013,0.087,Idle
-0.013,-0.024,1.018,0.175,-2.021,0.105,Idle
-0.012,-0.024,1.017,0.228,-2.013,0.061,Idle
-0.013,-0.023,1.019,0.201,-2.021,0.096,Idle
-0.012,-0.025,1.018,0.175,-1.995,0.018,Idle
-0.013,-0.025,1.016,0.157,-1.995,0.070,Idle
-0.013,-0.025,1.017,0.166,-2.039,0.087,Idle
-0.012,-0.025,1.017,0.184,-2.021,0.123,Idle
-0.012,-0.025,1.019,0.192,-2.004,0.105,Idle
-0.013,-0.024,1.018,0.219,-2.039,0.105,Idle
-0.013,-0.024,1.018,0.184,-2.013,0.070,Idle
-0.013,-0.024,1.019,0.184,-2.021,0.105,Idle
-0.013,-0.024,1.019,0.149,-2.013,0.061,Idle
-0.012,-0.025,1.017,0.157,-2.047,0.070,Idle
-0.013,-0.025,1.018,0.228,-2.021,0.087,Idle
-0.013,-0.025,1.017,0.201,-2.013,0.096,Idle
-0.012,-0.024,1.018,0.201,-2.030,0.061,Idle
-0.013,-0.025,1.018,0.201,-2.030,0.131,Idle
-0.012,-0.024,1.019,0.192,-1.977,0.079,Idle
-0.013,-0.024,1.020,0.219,-1.977,0.079,Idle
-0.012,-0.024,1.018,0.175,-2.047,0.114,Idle
-0.012,-0.024,1.018,0.192,-2.013,0.061,Idle
-0.013,-0.024,1.018,0.192,-2.039,0.026,Idle
-0.013,-0.024,1.018,0.149,-2.039,0.131,Idle
-0.012,-0.023,1.019,0.210,-2.013,0.157,Idle
-0.012,-0.025,1.020,0.184,-1.995,0.114,Idle
-0.013,-0.024,1.018,0.175,-2.039,0.087,Idle
-0.012,-0.024,1.019,0.192,-2.013,0.114,Idle
-0.013,-0.024,1.019,0.166,-2.030,0.070,Idle
-0.012,-0.024,1.018,0.192,-2.065,0.079,Idle
-0.012,-0.024,1.017,0.201,-2.030,0.061,Idle
-0.012,-0.025,1.017,0.175,-2.013,0.123,Idle
-0.012,-0.024,1.019,0.192,-1.977,0.131,Idle
-0.012,-0.024,1.019,0.184,-1.995,0.123,Idle
-0.012,-0.024,1.018,0.175,-2.013,0.079,Idle
-0.013,-0.024,1.018,0.184,-2.004,0.096,Idle
-0.011,-0.025,1.018,0.149,-2.013,0.087,Idle
-0.013,-0.024,1.019,0.201,-2.030,0.079,Idle
-0.012,-0.024,1.019,0.175,-1.995,0.061,Idle
-0.012,-0.024,1.018,0.166,-2.013,0.096,Idle
-0.012,-0.024,1.019,0.166,-1.995,0.105,Idle
-0.012,-0.025,1.020,0.157,-2.039,0.114,Idle
-0.012,-0.024,1.021,0.184,-1.995,0.061,Idle
-0.012,-0.024,1.018,0.201,-2.021,0.061,Idle
-0.014,-0.024,1.018,0.210,-1.977,0.070,Idle
-0.012,-0.024,1.018,0.192,-2.039,0.079,Idle
-0.013,-0.025,1.018,0.192,-1.977,0.096,Idle
-0.012,-0.024,1.018,0.166,-2.039,0.096,Idle
-0.013,-0.024,1.019,0.175,-2.004,0.105,Idle
-0.012,-0.024,1.019,0.201,-2.030,0.052,Idle
-0.012,-0.024,1.019,0.140,-2.004,0.052,Idle
-0.012,-0.025,1.018,0.184,-2.047,0.096,Idle
-0.012,-0.024,1.018,0.192,-2.004,0.114,Idle
-0.012,-0.025,1.019,0.184,-2.004,0.079,Idle
-0.012,-0.023,1.019,0.192,-2.039,0.140,Idle
-0.013,-0.024,1.017,0.192,-2.004,0.096,Idle
-0.012,-0.024,1.019,0.192,-2.030,0.087,Idle
-0.013,-0.024,1.018,0.192,-2.047,0.061,Idle
-0.012,-0.023,1.018,0.228,-2.065,0.052,Idle
-0.012,-0.024,1.020,0.166,-2.065,0.087,Idle
-0.012,-0.025,1.018,0.184,-2.030,0.061,Idle
-0.012,-0.024,1.017,0.184,-2.021,0.087,Idle
-0.013,-0.024,1.018,0.157,-2.021,0.105,Idle
-0.013,-0.025,1.017,0.201,-2.004,0.079,Idle
-0.013,-0.025,1.019,0.219,-2.021,0.061,Idle
-0.012,-0.024,1.019,0.192,-1.995,0.096,Idle
-0.012,-0.025,1.018,0.175,-2.021,0.018,Idle
-0.012,-0.024,1.018,0.210,-2.047,0.105,Idle
-0.012,-0.024,1.019,0.201,-1.995,0.079,Idle
-0.012,-0.025,1.017,0.140,-2.013,0.061,Idle
-0.012,-0.024,1.018,0.201,-2.004,0.096,Idle
-0.013,-0.024,1.019,0.210,-2.030,0.087,Idle
-0.013,-0.025,1.019,0.184,-2.039,0.114,Idle
-0.012,-0.024,1.017,0.175,-2.004,0.096,Idle
-0.013,-0.023,1.018,0.166,-2.039,0.070,Idle
-0.012,-0.024,1.019,0.219,-2.004,0.070,Idle
-0.013,-0.024,1.017,0.166,-2.004,0.105,Idle
-0.014,-0.025,1.018,0.228,-2.004,0.079,Idle
-0.012,-0.024,1.018,0.210,-2.065,0.079,Idle
-0.013,-0.024,1.017,0.140,-1.995,0.131,Idle
-0.012,-0.024,1.018,0.210,-2.013,0.079,Idle
-0.012,-0.024,1.019,0.192,-2.004,0.140,Idle
-0.012,-0.024,1.019,0.140,-2.004,0.087,Idle
-0.011,-0.024,1.019,0.192,-2.013,0.096,Idle
-0.014,-0.024,1.018,0.201,-2.013,0.079,Idle
-0.013,-0.025,1.018,0.201,-2.004,0.123,Idle
-0.013,-0.025,1.018,0.219,-2.021,0.114,Idle
-0.011,-0.024,1.019,0.201,-2.004,0.114,Idle
-0.012,-0.025,1.018,0.192,-2.039,0.044,Idle
-0.013,-0.025,1.017,0.175,-2.004,0.087,Idle
-0.012,-0.024,1.017,0.166,-2.056,0.061,Idle
-0.013,-0.024,1.019,0.157,-2.013,0.096,Idle
-0.012,-0.024,1.019,0.184,-2.030,0.070,Idle
-0.012,-0.023,1.019,0.175,-2.030,0.079,Idle
-0.013,-0.025,1.019,0.210,-1.995,0.044,Idle
-0.012,-0.024,1.019,0.219,-2.021,0.079,Idle
-0.013,-0.024,1.018,0.192,-2.013,0.114,Idle
-0.012,-0.024,1.019,0.157,-2.047,0.131,Idle
-0.012,-0.024,1.019,0.210,-2.056,0.070,Idle
-0.012,-0.024,1.019,0.210,-2.039,0.114,Idle
-0.013,-0.024,1.020,0.192,-2.065,0.087,Idle
-0.012,-0.024,1.018,0.210,-1.995,0.052,Idle
-0.013,-0.025,1.018,0.192,-2.013,0.105,Idle
-0.012,-0.024,1.017,0.184,-2.021,0.087,Idle
-0.013,-0.025,1.017,0.149,-2.047,0.070,Idle
-0.011,-0.024,1.019,0.184,-2.074,0.087,Idle
-0.013,-0.024,1.019,0.140,-1.977,0.070,Idle
-0.012,-0.024,1.019,0.192,-2.013,0.079,Idle
-0.011,-0.024,1.019,0.184,-2.039,0.096,Idle
-0.013,-0.024,1.019,0.166,-2.039,0.087,Idle
-0.013,-0.023,1.018,0.184,-2.039,0.079,Idle
-0.013,-0.023,1.018,0.184,-2.013,0.079,Idle
-0.012,-0.024,1.018,0.175,-2.004,0.087,Idle
-0.012,-0.024,1.019,0.166,-2.047,0.096,Idle
-0.013,-0.024,1.018,0.175,-2.021,0.079,Idle
-0.011,-0.024,1.020,0.175,-2.039,0.070,Idle
-0.013,-0.024,1.017,0.245,-2.013,0.131,Idle
-0.013,-0.024,1.018,0.184,-1.995,0.087,Idle
-0.011,-0.024,1.019,0.192,-1.986,0.052,Idle
-0.012,-0.024,1.019,0.192,-1.995,0.070,Idle
-0.013,-0.024,1.019,0.166,-2.039,0.096,Idle
-0.012,-0.025,1.019,0.166,-2.004,0.087,Idle
-0.011,-0.024,1.020,0.157,-2.021,0.096,Idle
-0.013,-0.023,1.019,0.166,-2.039,0.131,Idle
-0.012,-0.024,1.019,0.166,-2.047,0.096,Idle
-0.012,-0.025,1.017,0.157,-2.056,0.079,Idle
-0.012,-0.023,1.020,0.201,-2.047,0.044,Idle
-0.013,-0.024,1.018,0.184,-2.021,0.105,Idle
-0.013,-0.025,1.019,0.192,-2.004,0.096,Idle
-0.013,-0.025,1.018,0.219,-2.030,0.105,Idle
-0.012,-0.024,1.018,0.157,-2.013,0.070,Idle
-0.013,-0.025,1.016,0.184,-2.013,0.105,Idle
-0.012,-0.024,1.020,0.184,-2.004,0.105,Idle
-0.012,-0.024,1.019,0.184,-2.047,0.114,Idle
-0.014,-0.024,1.018,0.166,-2.021,0.123,Idle
-0.012,-0.025,1.019,0.192,-2.030,0.035,Idle
-0.012,-0.025,1.017,0.192,-2.030,0.105,Idle
-0.012,-0.025,1.019,0.192,-2.021,0.114,Idle
-0.013,-0.024,1.018,0.219,-2.047,0.131,Idle
-0.013,-0.024,1.018,0.228,-2.039,0.114,Idle
-0.012,-0.024,1.019,0.149,-2.004,0.070,Idle
-0.012,-0.025,1.018,0.210,-1.995,0.087,Idle
-0.013,-0.025,1.016,0.201,-2.021,0.087,Idle
-0.013,-0.024,1.018,0.210,-2.013,0.079,Idle
-0.012,-0.025,1.017,0.175,-2.021,0.087,Idle
-0.012,-0.025,1.019,0.175,-2.004,0.070,Idle
-0.013,-0.024,1.019,0.228,-2.047,0.079,Idle
-0.011,-0.024,1.019,0.210,-2.013,0.114,Idle
-0.011,-0.024,1.020,0.166,-2.074,0.087,Idle
-0.013,-0.024,1.020,0.166,-1.969,0.096,Idle
-0.013,-0.025,1.019,0.201,-2.047,0.087,Idle
-0.013,-0.025,1.018,0.149,-1.977,0.079,Idle
-0.013,-0.025,1.018,0.157,-2.039,0.079,Idle
-0.013,-0.024,1.018,0.228,-2.013,0.123,Idle
-0.012,-0.024,1.018,0.192,-1.995,0.096,Idle
-0.011,-0.025,1.019,0.184,-2.039,0.096,Idle
-0.011,-0.024,1.018,0.192,-2.047,0.079,Idle
-0.013,-0.024,1.018,0.175,-2.039,0.087,Idle
-0.013,-0.025,1.019,0.149,-2.047,0.096,Idle
-0.012,-0.024,1.019,0.184,-2.065,0.079,Idle
-0.013,-0.023,1.019,0.184,-1.986,0.105,Idle
-0.012,-0.025,1.018,0.192,-2.021,0.105,Idle
-0.013,-0.024,1.018,0.140,-2.030,0.079,Idle
-0.012,-0.024,1.018,0.210,-2.030,0.105,Idle
-0.013,-0.025,1.018,0.184,-2.030,0.131,Idle
-0.012,-0.025,1.017,0.131,-1.995,0.096,Idle
-0.012,-0.023,1.019,0.219,-1.986,0.105,Idle
-0.013,-0.025,1.018,0.184,-2.021,0.079,Idle
-0.012,-0.024,1.017,0.175,-2.030,0.079,Idle
-0.012,-0.024,1.019,0.192,-2.047,0.052,Idle
-0.014,-0.025,1.016,0.201,-2.004,0.114,Idle
-0.013,-0.024,1.018,0.201,-1.986,0.096,Idle
-0.013,-0.024,1.017,0.157,-2.065,0.114,Idle
-0.012,-0.024,1.018,0.175,-1.995,0.061,Idle
-0.012,-0.024,1.019,0.157,-2.004,0.096,Idle
-0.013,-0.025,1.019,0.219,-2.030,0.123,Idle
-0.012,-0.024,1.018,0.192,-2.004,0.087,Idle
-0.013,-0.024,1.017,0.192,-2.004,0.096,Idle
-0.012,-0.024,1.018,0.210,-2.013,0.105,Idle
-0.012,-0.024,1.019,0.219,-2.013,0.114,Idle
-0.012,-0.024,1.019,0.184,-1.995,0.070,Idle
-0.013,-0.024,1.020,0.201,-2.039,0.052,Idle
-0.012,-0.024,1.019,0.201,-2.021,0.114,Idle
-0.012,-0.024,1.018,0.175,-2.030,0.105,Idle
-0.012,-0.025,1.017,0.201,-2.021,0.079,Idle
-0.013,-0.024,1.018,0.201,-2.030,0.096,Idle
-0.011,-0.023,1.019,0.175,-2.039,0.087,Idle
-0.012,-0.023,1.019,0.166,-1.969,0.087,Idle
-0.012,-0.024,1.018,0.149,-2.021,0.079,Idle
-0.012,-0.024,1.020,0.201,-2.013,0.087,Idle
-0.012,-0.023,1.019,0.184,-1.995,0.079,Idle
-0.012,-0.024,1.019,0.201,-2.039,0.123,Idle
-0.012,-0.025,1.018,0.210,-1.977,0.140,Idle
-0.012,-0.025,1.019,0.184,-2.047,0.061,Idle
-0.012,-0.023,1.020,0.175,-2.039,0.096,Idle
-0.015,-0.022,1.018,0.184,-2.030,0.123,Idle
-0.012,-0.025,1.019,0.210,-2.030,0.070,Idle
-0.011,-0.022,1.017,0.184,-2.013,0.070,Idle
-0.014,-0.024,1.017,0.201,-2.030,0.157,Idle
-0.013,-0.024,1.019,0.175,-2.039,0.079,Idle
-0.013,-0.025,1.018,0.157,-1.986,0.070,Idle
-0.012,-0.024,1.018,0.175,-2.030,0.070,Idle
-0.012,-0.025,1.020,0.210,-1.977,0.123,Idle
-0.012,-0.023,1.020,0.192,-2.047,0.114,Idle
-0.013,-0.022,1.019,0.184,-2.039,0.087,Idle
-0.012,-0.025,1.020,0.192,-2.030,0.061,Idle
-0.014,-0.024,1.019,0.149,-2.039,0.131,Idle
-0.013,-0.023,1.018,0.157,-2.004,0.114,Idle
-0.012,-0.024,1.017,0.166,-2.047,0.061,Idle
-0.012,-0.023,1.021,0.184,-2.065,0.087,Idle
-0.013,-0.024,1.020,0.201,-2.030,0.114,Idle
-0.013,-0.024,1.021,0.192,-2.021,0.079,Idle
-0.013,-0.024,1.020,0.149,-2.030,0.105,Idle
-0.012,-0.023,1.020,0.219,-2.056,0.087,Idle
-0.013,-0.023,1.020,0.175,-2.047,0.114,Idle
-0.011,-0.023,1.020,0.157,-2.056,0.096,Idle
-0.012,-0.025,1.020,0.157,-2.047,0.096,Idle
-0.012,-0.024,1.019,0.175,-2.013,0.079,Idle
-0.010,-0.028,1.019,0.166,-1.986,0.105,Idle
-0.014,-0.028,1.015,0.149,-2.039,0.096,Idle
-0.011,-0.025,1.016,0.140,-2.004,0.052,Idle
-0.010,-0.023,1.022,0.210,-1.986,0.096,Idle
-0.015,-0.023,1.023,0.157,-2.021,0.070,Idle
-0.010,-0.025,1.019,0.219,-2.047,0.087,Idle
-0.011,-0.022,1.018,0.184,-2.021,0.166,Idle
-0.013,-0.026,1.020,0.192,-2.013,0.105,Idle
-0.014,-0.024,1.019,0.228,-2.013,0.087,Idle
-0.012,-0.023,1.018,0.201,-2.039,0.044,Idle
-0.011,-0.024,1.019,0.219,-2.047,0.096,Idle
-0.013,-0.024,1.017,0.184,-2.013,0.096,Idle
-0.015,-0.025,1.017,0.175,-2.013,0.052,Idle
-0.010,-0.024,1.019,0.192,-2.013,0.070,Idle
-0.010,-0.024,1.021,0.210,-2.030,0.096,Idle
-0.015,-0.025,1.017,0.175,-1.995,0.131,Idle
-0.015,-0.027,1.017,0.157,-2.021,0.079,Idle
-0.010,-0.026,1.015,0.184,-2.030,0.079,Idle
-0.013,-0.024,1.017,0.219,-2.004,0.079,Idle
-0.014,-0.025,1.023,0.166,-2.039,0.070,Idle
-0.011,-0.025,1.018,0.184,-2.030,0.096,Idle
-0.012,-0.023,1.019,0.192,-2.004,0.123,Idle
-0.014,-0.024,1.018,0.140,-2.021,0.105,Idle
-0.014,-0.025,1.018,0.149,-2.039,0.105,Idle
-0.011,-0.024,1.018,0.219,-2.030,0.079,Idle
-0.012,-0.024,1.017,0.210,-2.021,0.087,Idle
-0.013,-0.025,1.019,0.157,-2.004,0.149,Idle
-0.013,-0.023,1.020,0.131,-2.013,0.087,Idle
-0.012,-0.024,1.018,0.184,-2.082,0.079,Idle
-0.012,-0.024,1.018,0.157,-2.039,0.070,Idle
-0.014,-0.025,1.017,0.184,-1.986,0.070,Idle
-0.013,-0.025,1.018,0.184,-2.013,0.096,Idle
-0.010,-0.024,1.018,0.157,-2.021,0.123,Idle
-0.014,-0.024,1.017,0.157,-1.986,0.123,Idle
-0.013,-0.024,1.018,0.140,-2.039,0.105,Idle
-0.011,-0.024,1.019,0.192,-1.986,0.149,Idle
-0.011,-0.024,1.020,0.201,-1.986,0.079,Idle
-0.013,-0.024,1.019,0.201,-1.995,0.114,Idle
-0.012,-0.024,1.018,0.166,-1.986,0.105,Idle
-0.012,-0.024,1.018,0.192,-2.030,0.087,Idle
-0.013,-0.024,1.018,0.228,-1.995,0.087,Idle
-0.013,-0.024,1.019,0.192,-2.021,0.079,Idle
-0.012,-0.024,1.018,0.192,-2.013,0.079,Idle
-0.012,-0.024,1.018,0.192,-2.013,0.087,Idle
-0.012,-0.024,1.019,0.201,-2.021,0.061,Idle
-0.014,-0.023,1.019,0.192,-2.021,0.096,Idle
-0.012,-0.024,1.018,0.201,-2.004,0.079,Idle
-0.010,-0.024,1.017,0.175,-1.977,0.087,Idle
-0.014,-0.025,1.017,0.149,-2.004,0.096,Idle
-0.014,-0.024,1.018,0.184,-2.047,0.114,Idle
-0.012,-0.025,1.018,0.166,-2.039,0.096,Idle
-0.011,-0.024,1.018,0.157,-1.977,0.096,Idle
-0.012,-0.024,1.020,0.201,-2.013,0.096,Idle
-0.012,-0.023,1.019,0.175,-2.021,0.079,Idle
-0.012,-0.024,1.018,0.184,-2.030,0.114,Idle
-0.012,-0.023,1.020,0.166,-1.995,0.114,Idle
-0.013,-0.023,1.020,0.201,-2.056,0.087,Idle
-0.013,-0.024,1.019,0.166,-2.039,0.123,Idle
-0.012,-0.024,1.018,0.184,-2.013,0.061,Idle
-0.013,-0.025,1.019,0.184,-2.039,0.061,Idle
-0.012,-0.024,1.018,0.210,-2.013,0.087,Idle
-0.012,-0.024,1.020,0.236,-2.013,0.087,Idle
-0.013,-0.024,1.019,0.184,-2.004,0.087,Idle
-0.013,-0.024,1.019,0.184,-2.021,0.105,Idle
-0.012,-0.024,1.018,0.210,-2.021,0.087,Idle
-0.012,-0.024,1.019,0.157,-2.004,0.096,Idle
-0.013,-0.025,1.017,0.219,-1.986,0.035,Idle
-0.014,-0.024,1.018,0.175,-2.039,0.044,Idle
-0.011,-0.024,1.018,0.210,-2.030,0.096,Idle
-0.013,-0.025,1.018,0.175,-1.977,0.123,Idle
-0.012,-0.024,1.019,0.210,-1.995,0.105,Idle
-0.012,-0.024,1.019,0.166,-1.977,0.096,Idle
-0.013,-0.024,1.019,0.184,-2.013,0.070,Idle
-0.013,-0.025,1.017,0.184,-2.021,0.157,Idle
-0.013,-0.024,1.018,0.157,-2.013,0.061,Idle
-0.013,-0.024,1.018,0.184,-2.039,0.096,Idle
-0.012,-0.024,1.018,0.201,-2.013,0.061,Idle
-0.012,-0.024,1.019,0.192,-2.013,0.070,Idle
-0.012,-0.024,1.018,0.175,-2.013,0.105,Idle
-0.013,-0.025,1.019,0.175,-2.030,0.087,Idle
-0.012,-0.024,1.019,0.210,-2.004,0.096,Idle
-0.013,-0.025,1.018,0.140,-2.021,0.079,Idle
-0.013,-0.023,1.019,0.201,-1.986,0.061,Idle
-0.013,-0.024,1.018,0.192,-2.039,0.070,Idle
-0.012,-0.025,1.018,0.175,-2.047,0.096,Idle
-0.014,-0.024,1.019,0.140,-2.004,0.114,Idle
-0.012,-0.025,1.018,0.201,-1.995,0.079,Idle
-0.012,-0.025,1.019,0.184,-2.030,0.114,Idle
-0.012,-0.024,1.017,0.236,-2.004,0.061,Idle
-0.013,-0.025,1.017,0.192,-2.039,0.105,Idle
-0.013,-0.024,1.018,0.192,-2.013,0.096,Idle
-0.013,-0.024,1.018,0.219,-2.030,0.079,Idle
-0.012,-0.024,1.018,0.166,-2.021,0.105,Idle
-0.013,-0.024,1.017,0.149,-2.004,0.087,Idle
-0.012,-0.025,1.020,0.201,-2.039,0.149,Idle
-0.012,-0.024,1.019,0.175,-2.039,0.087,Idle
-0.013,-0.025,1.017,0.149,-2.021,0.070,Idle
-0.013,-0.024,1.018,0.201,-1.995,0.149,Idle
-0.012,-0.024,1.019,0.175,-2.013,0.096,Idle
-0.012,-0.024,1.020,0.166,-2.013,0.096,Idle
-0.013,-0.024,1.016,0.166,-1.986,0.079,Idle
-0.014,-0.025,1.015,0.201,-2.013,0.087,Idle
-0.014,-0.025,1.017,0.192,-2.047,0.079,Idle
-0.012,-0.025,1.019,0.166,-1.995,0.079,Idle
-0.013,-0.025,1.016,0.149,-2.004,0.149,Idle
-0.013,-0.025,1.017,0.201,-1.986,0.096,Idle
-0.013,-0.025,1.016,0.184,-2.021,0.087,Idle
-0.013,-0.024,1.017,0.149,-2.030,0.131,Idle
-0.012,-0.024,1.019,0.166,-2.004,0.105,Idle
-0.012,-0.025,1.019,0.236,-2.030,0.105,Idle
-0.012,-0.024,1.020,0.236,-2.013,0.087,Idle
-0.013,-0.025,1.020,0.166,-1.995,0.061,Idle
-0.013,-0.025,1.017,0.192,-2.047,0.087,Idle
-0.012,-0.025,1.017,0.166,-2.039,0.096,Idle
-0.013,-0.026,1.016,0.192,-1.995,0.105,Idle
-0.013,-0.024,1.017,0.175,-2.013,0.018,Idle
-0.012,-0.024,1.021,0.228,-2.021,0.096,Idle
-0.012,-0.024,1.019,0.201,-2.030,0.070,Idle
-0.012,-0.024,1.019,0.184,-2.013,0.123,Idle
-0.012,-0.025,1.015,0.175,-2.074,0.079,Idle
-0.013,-0.024,1.018,0.166,-2.013,0.087,Idle
-0.012,-0.023,1.020,0.166,-2.030,0.079,Idle
-0.012,-0.023,1.020,0.192,-2.065,0.114,Idle
-0.013,-0.025,1.021,0.228,-1.995,0.114,Idle
-0.012,-0.025,1.016,0.157,-2.030,0.079,Idle
-0.012,-0.025,1.018,0.184,-1.977,0.114,Idle
-0.012,-0.023,1.018,0.175,-2.065,0.070,Idle
-0.012,-0.023,1.020,0.184,-2.047,0.079,Idle
-0.012,-0.024,1.019,0.149,-2.004,0.114,Idle
-0.012,-0.024,1.018,0.166,-2.013,0.105,Idle
-0.013,-0.025,1.019,0.184,-1.995,0.114,Idle
-0.013,-0.026,1.016,0.166,-2.047,0.035,Idle
-0.012,-0.025,1.020,0.166,-2.021,0.079,Idle
-0.013,-0.024,1.018,0.192,-2.030,0.087,Idle
-0.014,-0.024,1.017,0.175,-2.021,0.070,Idle
-0.012,-0.024,1.016,0.201,-2.047,0.070,Idle
-0.012,-0.024,1.019,0.210,-2.030,0.061,Idle
-0.013,-0.024,1.019,0.175,-2.039,0.105,Idle
-0.011,-0.023,1.022,0.184,-1.969,0.105,Idle
-0.011,-0.024,1.020,0.166,-1.995,0.087,Idle
-0.012,-0.026,1.016,0.175,-2.004,0.123,Idle
-0.013,-0.024,1.015,0.175,-2.039,0.070,Idle
-0.013,-0.025,1.016,0.175,-2.013,0.131,Idle
-0.012,-0.025,1.018,0.149,-2.021,0.087,Idle
-0.012,-0.025,1.016,0.140,-2.013,0.079,Idle
-0.013,-0.026,1.015,0.201,-2.021,0.079,Idle
-0.012,-0.025,1.014,0.192,-2.021,0.096,Idle
-0.013,-0.024,1.018,0.210,-2.013,0.079,Idle
-0.012,-0.024,1.020,0.175,-2.082,0.044,Idle
-0.011,-0.023,1.019,0.201,-2.065,0.087,Idle
-0.012,-0.025,1.019,0.157,-2.021,0.105,Idle
-0.012,-0.024,1.019,0.175,-2.030,0.035,Idle
-0.014,-0.025,1.016,0.201,-2.030,0.105,Idle
-0.013,-0.024,1.016,0.192,-2.030,0.079,Idle
-0.013,-0.025,1.017,0.210,-2.013,0.149,Idle
-0.012,-0.024,1.018,0.201,-2.056,0.079,Idle
-0.013,-0.024,1.019,0.175,-2.030,0.061,Idle
-0.012,-0.025,1.016,0.157,-2.039,0.096,Idle
-0.013,-0.024,1.018,0.175,-2.004,0.131,Idle
-0.013,-0.026,1.015,0.157,-2.030,0.096,Idle
-0.013,-0.024,1.019,0.184,-1.977,0.096,Idle
-0.011,-0.023,1.020,0.175,-2.004,0.087,Idle
-0.012,-0.024,1.022,0.201,-2.039,0.079,Idle
-0.012,-0.025,1.020,0.192,-2.039,0.087,Idle
-0.012,-0.025,1.019,0.184,-2.030,0.114,Idle
-0.012,-0.024,1.019,0.175,-2.047,0.105,Idle
-0.012,-0.023,1.020,0.201,-2.039,0.105,Idle
-0.012,-0.025,1.019,0.166,-2.030,0.070,Idle
-0.013,-0.025,1.017,0.131,-2.039,0.105,Idle
-0.012,-0.024,1.019,0.184,-2.021,0.087,Idle
-0.013,-0.025,1.018,0.201,-2.039,0.114,Idle
-0.012,-0.023,1.020,0.166,-2.013,0.087,Idle
-0.012,-0.024,1.019,0.184,-2.004,0.105,Idle
-0.012,-0.025,1.019,0.157,-2.039,0.123,Idle
-0.012,-0.024,1.019,0.175,-2.030,0.114,Idle
-0.012,-0.025,1.018,0.166,-2.030,0.052,Idle
-0.013,-0.025,1.017,0.192,-2.021,0.123,Idle
-0.013,-0.024,1.016,0.192,-2.013,0.052,Idle
-0.012,-0.024,1.018,0.175,-2.013,0.114,Idle
-0.012,-0.024,1.018,0.192,-1.986,0.087,Idle
-0.012,-0.024,1.019,0.219,-2.021,0.105,Idle
-0.012,-0.024,1.019,0.166,-2.013,0.079,Idle
-0.012,-0.024,1.018,0.201,-2.013,0.096,Idle
-0.012,-0.024,1.019,0.184,-1.995,0.079,Idle
-0.012,-0.025,1.017,0.210,-2.030,0.079,Idle
-0.013,-0.025,1.017,0.157,-1.995,0.044,Idle
-0.012,-0.024,1.018,0.210,-2.030,0.096,Idle
-0.013,-0.025,1.017,0.166,-2.021,0.079,Idle
-0.013,-0.024,1.018,0.175,-2.039,0.105,Idle
-0.013,-0.024,1.018,0.219,-1.977,0.105,Idle
-0.012,-0.025,1.017,0.184,-2.013,0.105,Idle
-0.012,-0.025,1.019,0.201,-2.030,0.070,Idle
-0.012,-0.024,1.018,0.192,-2.039,0.044,Idle
-0.013,-0.024,1.018,0.175,-1.977,0.096,Idle
-0.012,-0.024,1.018,0.166,-2.047,0.070,Idle
-0.013,-0.025,1.018,0.184,-2.047,0.114,Idle
-0.012,-0.024,1.019,0.184,-2.030,0.087,Idle
-0.012,-0.024,1.019,0.201,-2.021,0.096,Idle
-0.012,-0.025,1.017,0.175,-2.056,0.096,Idle
-0.012,-0.024,1.018,0.184,-1.995,0.096,Idle
-0.013,-0.023,1.018,0.184,-2.039,0.114,Idle
-0.014,-0.024,1.018,0.157,-1.969,0.096,Idle
-0.013,-0.024,1.018,0.131,-1.986,0.070,Idle
-0.013,-0.025,1.017,0.201,-2.030,0.079,Idle
-0.013,-0.023,1.019,0.157,-2.013,0.061,Idle
-0.013,-0.025,1.019,0.131,-2.021,0.079,Idle
-0.012,-0.024,1.019,0.236,-1.995,0.087,Idle
-0.013,-0.024,1.018,0.192,-2.021,0.096,Idle
-0.012,-0.024,1.018,0.149,-2.082,0.070,Idle
-0.013,-0.024,1.018,0.192,-2.039,0.096,Idle
-0.011,-0.024,1.018,0.184,-2.004,0.070,Idle
-0.012,-0.024,1.018,0.192,-1.995,0.096,Idle
-0.012,-0.024,1.020,0.201,-2.039,0.114,Idle
-0.012,-0.024,1.018,0.184,-2.074,0.114,Idle
-0.012,-0.024,1.018,0.210,-2.030,0.018,Idle
-0.012,-0.024,1.018,0.192,-2.021,0.140,Idle
-0.012,-0.024,1.018,0.166,-1.977,0.105,Idle
-0.013,-0.025,1.019,0.219,-2.047,0.087,Idle
-0.012,-0.024,1.018,0.192,-1.995,0.096,Idle
-0.012,-0.023,1.019,0.192,-2.039,0.105,Idle
-0.012,-0.024,1.020,0.184,-2.047,0.079,Idle
-0.013,-0.024,1.018,0.175,-2.004,0.105,Idle
-0.013,-0.023,1.018,0.192,-2.021,0.087,Idle
-0.013,-0.025,1.018,0.166,-1.977,0.123,Idle
-0.012,-0.025,1.019,0.140,-2.021,0.105,Idle
-0.012,-0.024,1.019,0.184,-2.021,0.087,Idle
-0.012,-0.024,1.019,0.184,-2.030,0.096,Idle
-0.013,-0.024,1.019,0.192,-1.995,0.105,Idle
-0.012,-0.024,1.019,0.184,-2.013,0.061,Idle
-0.013,-0.025,1.017,0.201,-1.995,0.114,Idle
-0.013,-0.023,1.019,0.184,-2.030,0.070,Idle
-0.012,-0.026,1.019,0.192,-2.021,0.087,Idle
-0.013,-0.024,1.017,0.192,-2.021,0.044,Idle
-0.012,-0.025,1.017,0.192,-2.004,0.061,Idle
-0.012,-0.025,1.017,0.166,-1.995,0.061,Idle
-0.013,-0.024,1.015,0.210,-2.047,0.105,Idle
-0.013,-0.025,1.018,0.166,-2.030,0.096,Idle
-0.012,-0.024,1.018,0.149,-1.995,0.096,Idle
-0.012,-0.024,1.018,0.166,-1.977,0.070,Idle
-0.011,-0.024,1.019,0.175,-1.986,0.087,Idle
-0.013,-0.025,1.017,0.175,-2.021,0.087,Idle
-0.013,-0.025,1.017,0.149,-2.021,0.070,Idle
-0.013,-0.024,1.018,0.210,-2.065,0.052,Idle
-0.013,-0.025,1.019,0.175,-2.004,0.079,Idle
-0.013,-0.025,1.017,0.201,-2.030,0.079,Idle
-0.013,-0.025,1.019,0.192,-2.004,0.105,Idle
-0.013,-0.024,1.018,0.184,-2.056,0.087,Idle
-0.012,-0.024,1.021,0.184,-2.004,0.087,Idle
-0.012,-0.024,1.019,0.210,-2.004,0.123,Idle
-0.012,-0.025,1.017,0.157,-2.065,0.131,Idle
-0.013,-0.024,1.016,0.210,-1.969,0.079,Idle
-0.012,-0.024,1.018,0.184,-1.986,0.070,Idle
-0.013,-0.024,1.018,0.192,-2.065,0.079,Idle
-0.013,-0.024,1.018,0.149,-2.030,0.123,Idle
-0.013,-0.026,1.015,0.157,-1.986,0.114,Idle
-0.013,-0.024,1.017,0.184,-1.986,0.044,Idle
-0.012,-0.023,1.021,0.192,-2.056,0.096,Idle
-0.013,-0.023,1.020,0.166,-2.047,0.087,Idle
-0.013,-0.024,1.019,0.210,-2.039,0.070,Idle
-0.012,-0.024,1.019,0.201,-1.977,0.070,Idle
-0.013,-0.024,1.017,0.175,-2.021,0.079,Idle
-0.013,-0.025,1.019,0.184,-2.013,0.087,Idle
-0.012,-0.025,1.019,0.201,-2.013,0.087,Idle
-0.012,-0.024,1.018,0.184,-2.039,0.061,Idle
-0.014,-0.025,1.017,0.166,-1.986,0.096,Idle
-0.013,-0.024,1.019,0.175,-2.013,0.114,Idle
-0.012,-0.025,1.018,0.149,-2.047,0.105,Idle
-0.012,-0.024,1.016,0.131,-1.977,0.131,Idle
-0.013,-0.023,1.020,0.166,-2.030,0.087,Idle
-0.012,-0.024,1.021,0.157,-2.056,0.105,Idle
-0.013,-0.023,1.021,0.201,-2.039,0.079,Idle
-0.013,-0.024,1.018,0.157,-2.030,0.131,Idle
-0.014,-0.025,1.015,0.175,-1.986,0.070,Idle
-0.012,-0.025,1.017,0.157,-2.021,0.114,Idle
-0.013,-0.024,1.017,0.175,-1.995,0.105,Idle
-0.012,-0.024,1.019,0.219,-2.030,0.105,Idle
-0.013,-0.023,1.019,0.149,-2.004,0.105,Idle
-0.011,-0.024,1.020,0.228,-2.021,0.105,Idle
-0.011,-0.023,1.020,0.192,-2.047,0.105,Idle
-0.013,-0.024,1.018,0.210,-2.030,0.096,Idle
-0.013,-0.025,1.017,0.166,-2.021,0.079,Idle
-0.012,-0.025,1.017,0.210,-2.004,0.079,Idle
-0.012,-0.024,1.018,0.184,-2.004,0.105,Idle
-0.012,-0.025,1.019,0.219,-2.013,0.087,Idle
-0.013,-0.024,1.019,0.210,-2.030,0.105,Idle
-0.012,-0.025,1.018,0.175,-2.030,0.087,Idle
-0.013,-0.024,1.020,0.219,-2.039,0.105,Idle
-0.013,-0.024,1.018,0.192,-2.039,0.114,Idle
-0.013,-0.024,1.018,0.184,-2.056,0.044,Idle
-0.012,-0.024,1.019,0.175,-2.065,0.114,Idle
-0.013,-0.025,1.019,0.184,-2.030,0.096,Idle
-0.013,-0.025,1.019,0.201,-2.030,0.061,Idle
-0.013,-0.025,1.015,0.184,-2.039,0.087,Idle
-0.013,-0.024,1.017,0.192,-2.013,0.079,Idle
-0.013,-0.024,1.016,0.166,-1.969,0.070,Idle
-0.012,-0.025,1.018,0.210,-2.039,0.123,Idle
-0.012,-0.024,1.019,0.192,-1.977,0.096,Idle
-0.013,-0.024,1.018,0.149,-2.013,0.096,Idle
-0.012,-0.025,1.018,0.228,-2.004,0.105,Idle
-0.013,-0.024,1.017,0.201,-2.013,0.079,Idle
-0.013,-0.023,1.019,0.201,-2.056,0.096,Idle
-0.012,-0.025,1.020,0.192,-2.030,0.096,Idle
-0.012,-0.024,1.019,0.228,-2.004,0.105,Idle
-0.013,-0.024,1.020,0.184,-1.995,0.123,Idle
-0.013,-0.024,1.018,0.210,-1.977,0.096,Idle
-0.013,-0.026,1.017,0.166,-2.013,0.087,Idle
-0.012,-0.023,1.018,0.210,-2.013,0.114,Idle
-0.012,-0.025,1.019,0.228,-2.030,0.079,Idle
-0.012,-0.024,1.018,0.192,-2.021,0.087,Idle
-0.013,-0.025,1.020,0.201,-1.986,0.070,Idle
-0.012,-0.025,1.019,0.201,-2.004,0.096,Idle
-0.012,-0.024,1.017,0.166,-2.021,0.087,Idle
-0.013,-0.024,1.019,0.192,-2.004,0.070,Idle
-0.013,-0.025,1.019,0.166,-1.995,0.061,Idle
-0.012,-0.024,1.018,0.192,-2.030,0.123,Idle
-0.012,-0.024,1.018,0.175,-2.039,0.105,Idle
-0.012,-0.023,1.020,0.192,-2.021,0.087,Idle
-0.012,-0.023,1.020,0.184,-1.986,0.096,Idle
-0.013,-0.025,1.018,0.184,-2.021,0.087,Idle
-0.012,-0.024,1.018,0.166,-2.021,0.070,Idle
-0.013,-0.024,1.020,0.192,-2.004,0.079,Idle
-0.013,-0.024,1.018,0.175,-2.004,0.061,Idle
-0.012,-0.024,1.017,0.123,-2.030,0.096,Idle
-0.012,-0.024,1.019,0.210,-2.047,0.105,Idle
-0.013,-0.024,1.019,0.219,-2.030,0.035,Idle
-0.013,-0.024,1.018,0.175,-2.039,0.070,Idle
-0.012,-0.024,1.018,0.201,-2.021,0.096,Idle
-0.012,-0.024,1.018,0.192,-2.013,0.079,Idle
-0.012,-0.024,1.018,0.192,-2.030,0.096,Idle
-0.012,-0.025,1.017,0.175,-2.039,0.061,Idle
-0.012,-0.025,1.018,0.175,-2.021,0.105,Idle
-0.014,-0.024,1.018,0.201,-2.030,0.157,Idle
-0.012,-0.024,1.018,0.228,-2.021,0.114,Idle
-0.011,-0.024,1.019,0.201,-2.013,0.079,Idle
-0.012,-0.024,1.020,0.192,-2.021,0.096,Idle
-0.013,-0.023,1.020,0.166,-2.039,0.114,Idle
-0.013,-0.026,1.017,0.245,-2.004,0.087,Idle
-0.012,-0.025,1.018,0.140,-2.021,0.087,Idle
-0.012,-0.023,1.020,0.184,-2.013,0.114,Idle
-0.013,-0.025,1.020,0.184,-2.074,0.070,Idle
-0.013,-0.024,1.018,0.201,-2.004,0.087,Idle
-0.012,-0.023,1.020,0.192,-2.004,0.061,Idle
-0.013,-0.024,1.019,0.184,-2.004,0.061,Idle
-0.012,-0.024,1.019,0.228,-2.013,0.087,Idle
-0.012,-0.024,1.019,0.166,-2.004,0.087,Idle
-0.013,-0.024,1.018,0.192,-2.004,0.061,Idle
-0.013,-0.025,1.019,0.166,-2.047,0.061,Idle
-0.013,-0.024,1.018,0.149,-2.013,0.114,Idle
-0.013,-0.024,1.017,0.166,-2.013,0.114,Idle
-0.011,-0.024,1.019,0.184,-1.986,0.096,Idle
-0.012,-0.024,1.019,0.166,-2.056,0.105,Idle
-0.012,-0.023,1.019,0.175,-2.039,0.096,Idle
-0.013,-0.024,1.017,0.210,-2.021,0.105,Idle
-0.014,-0.025,1.017,0.166,-1.986,0.123,Idle
-0.012,-0.024,1.019,0.166,-2.056,0.079,Idle
-0.012,-0.023,1.020,0.192,-1.969,0.087,Idle
-0.013,-0.024,1.018,0.184,-2.013,0.123,Idle
-0.013,-0.024,1.019,0.175,-2.021,0.105,Idle
-0.012,-0.025,1.018,0.201,-2.056,0.079,Idle
-0.012,-0.025,1.020,0.175,-2.004,0.131,Idle
-0.013,-0.024,1.017,0.166,-2.013,0.079,Idle
-0.013,-0.026,1.019,0.175,-2.039,0.061,Idle
-0.012,-0.024,1.017,0.149,-2.021,0.087,Idle
-0.014,-0.024,1.018,0.131,-1.977,0.087,Idle
-0.013,-0.024,1.019,0.140,-2.047,0.096,Idle
-0.012,-0.024,1.019,0.201,-2.030,0.105,Idle
-0.013,-0.024,1.018,0.192,-2.021,0.061,Idle
-0.012,-0.024,1.019,0.210,-2.013,0.131,Idle
-0.012,-0.025,1.019,0.228,-2.030,0.123,Idle
-0.012,-0.024,1.018,0.175,-2.004,0.096,Idle
-0.012,-0.025,1.018,0.184,-2.021,0.061,Idle
-0.013,-0.024,1.019,0.184,-2.047,0.079,Idle
-0.013,-0.024,1.018,0.175,-2.030,0.131,Idle
-0.013,-0.024,1.018,0.157,-2.013,0.123,Idle
-0.013,-0.025,1.019,0.192,-2.039,0.105,Idle
-0.012,-0.025,1.019,0.149,-2.065,0.087,Idle
-0.012,-0.025,1.019,0.175,-2.021,0.087,Idle
-0.012,-0.024,1.019,0.166,-2.013,0.070,Idle
-0.013,-0.024,1.018,0.228,-2.056,0.087,Idle
-0.012,-0.024,1.019,0.192,-1.995,0.096,Idle
-0.012,-0.026,1.019,0.157,-1.995,0.123,Idle
-0.012,-0.024,1.018,0.166,-2.065,0.079,Idle
-0.012,-0.023,1.018,0.175,-2.030,0.105,Idle
-0.012,-0.024,1.019,0.192,-2.047,0.114,Idle
-0.013,-0.024,1.020,0.184,-2.030,0.087,Idle
-0.013,-0.024,1.018,0.201,-2.013,0.096,Idle
-0.013,-0.025,1.019,0.149,-2.004,0.105,Idle
-0.012,-0.025,1.019,0.140,-2.013,0.114,Idle
-0.012,-0.024,1.018,0.219,-1.995,0.105,Idle
-0.013,-0.024,1.019,0.184,-2.013,0.096,Idle
-0.012,-0.023,1.020,0.184,-1.995,0.079,Idle
-0.013,-0.025,1.019,0.219,-2.030,0.079,Idle
-0.013,-0.024,1.020,0.201,-2.030,0.123,Idle
-0.012,-0.024,1.018,0.192,-2.074,0.079,Idle
-0.013,-0.024,1.018,0.149,-1.995,0.087,Idle
-0.012,-0.024,1.019,0.201,-2.021,0.079,Idle
-0.013,-0.025,1.019,0.184,-2.013,0.131,Idle
-0.012,-0.025,1.019,0.166,-2.013,0.105,Idle
-0.013,-0.024,1.018,0.166,-2.039,0.114,Idle
-0.012,-0.023,1.020,0.192,-2.004,0.079,Idle
-0.013,-0.024,1.018,0.201,-2.030,0.061,Idle
-0.013,-0.024,1.017,0.184,-2.013,0.140,Idle
-0.012,-0.024,1.018,0.140,-2.004,0.070,Idle
-0.012,-0.025,1.019,0.184,-2.030,0.105,Idle
-0.012,-0.024,1.019,0.184,-2.030,0.131,Idle
-0.012,-0.024,1.019,0.210,-2.021,0.140,Idle
-0.012,-0.025,1.018,0.210,-2.030,0.079,Idle
-0.012,-0.024,1.019,0.157,-1.960,0.105,Idle
-0.012,-0.025,1.018,0.184,-2.047,0.096,Idle
-0.012,-0.024,1.017,0.236,-2.021,0.096,Idle
-0.013,-0.024,1.019,0.192,-2.047,0.105,Idle
-0.013,-0.024,1.018,0.201,-2.013,0.105,Idle
-0.011,-0.024,1.019,0.192,-2.039,0.105,Idle
-0.012,-0.024,1.018,0.157,-2.030,0.026,Idle
-0.013,-0.025,1.019,0.166,-1.977,0.070,Idle
-0.012,-0.022,1.019,0.184,-2.004,0.079,Idle
-0.013,-0.027,1.019,0.219,-2.056,0.096,Idle
-0.012,-0.023,1.018,0.175,-2.013,0.061,Idle
-0.012,-0.024,1.018,0.175,-1.969,0.070,Idle
-0.013,-0.024,1.018,0.175,-2.047,0.087,Idle
-0.012,-0.024,1.018,0.201,-2.013,0.070,Idle
-0.013,-0.024,1.018,0.175,-2.013,0.087,Idle
-0.012,-0.024,1.019,0.157,-2.065,0.096,Idle
-0.012,-0.024,1.017,0.175,-2.013,0.070,Idle
-0.013,-0.024,1.019,0.166,-2.004,0.044,Idle
-0.012,-0.024,1.019,0.201,-2.004,0.123,Idle
-0.012,-0.025,1.018,0.166,-2.021,0.052,Idle
-0.011,-0.024,1.018,0.184,-2.013,0.105,Idle
-0.012,-0.024,1.018,0.201,-2.039,0.096,Idle
-0.013,-0.024,1.018,0.184,-2.021,0.079,Idle
-0.012,-0.024,1.019,0.219,-2.065,0.105,Idle
-0.013,-0.024,1.019,0.210,-2.047,0.096,Idle
-0.012,-0.024,1.018,0.184,-2.047,0.096,Idle
-0.012,-0.024,1.019,0.201,-2.004,0.079,Idle
-0.013,-0.025,1.018,0.201,-2.004,0.079,Idle
-0.013,-0.024,1.017,0.201,-2.056,0.105,Idle
-0.013,-0.024,1.018,0.166,-2.004,0.070,Idle
-0.011,-0.024,1.018,0.219,-1.986,0.061,Idle
-0.013,-0.024,1.020,0.192,-2.039,0.114,Idle
-0.012,-0.024,1.018,0.210,-2.021,0.114,Idle
-0.012,-0.024,1.018,0.192,-2.004,0.105,Idle
-0.011,-0.024,1.019,0.219,-2.030,0.061,Idle
-0.013,-0.024,1.019,0.175,-2.013,0.070,Idle
-0.012,-0.024,1.018,0.184,-2.030,0.070,Idle
-0.012,-0.025,1.018,0.175,-2.021,0.079,Idle
-0.012,-0.024,1.018,0.184,-2.013,0.096,Idle
-0.012,-0.024,1.018,0.166,-2.030,0.114,Idle
-0.014,-0.025,1.017,0.192,-2.039,0.096,Idle
-0.012,-0.025,1.019,0.175,-2.013,0.114,Idle
-0.012,-0.024,1.019,0.166,-2.021,0.096,Idle
-0.013,-0.024,1.018,0.201,-2.013,0.087,Idle
-0.012,-0.024,1.020,0.192,-2.065,0.087,Idle
-0.012,-0.024,1.018,0.192,-2.047,0.114,Idle
-0.012,-0.024,1.019,0.192,-2.039,0.096,Idle
-0.013,-0.024,1.018,0.157,-2.004,0.123,Idle
-0.012,-0.024,1.018,0.175,-1.986,0.044,Idle
-0.012,-0.024,1.019,0.219,-2.039,0.114,Idle
-0.013,-0.025,1.019,0.166,-2.004,0.114,Idle
-0.013,-0.024,1.018,0.210,-2.047,0.061,Idle
-0.012,-0.025,1.017,0.210,-2.030,0.070,Idle
-0.012,-0.023,1.020,0.166,-2.013,0.079,Idle
-0.012,-0.024,1.019,0.201,-2.030,0.087,Idle
-0.013,-0.025,1.019,0.219,-2.004,0.070,Idle
-0.011,-0.023,1.018,0.201,-1.986,0.061,Idle
-0.012,-0.024,1.019,0.210,-2.004,0.096,Idle
-0.013,-0.025,1.017,0.210,-1.995,0.114,Idle
-0.012,-0.024,1.019,0.184,-2.021,0.087,Idle
-0.012,-0.024,1.019,0.192,-2.056,0.114,Idle
-0.012,-0.024,1.020,0.192,-2.021,0.079,Idle
-0.012,-0.023,1.020,0.166,-2.039,0.052,Idle
-0.013,-0.024,1.019,0.184,-2.013,0.096,Idle
-0.012,-0.024,1.018,0.201,-2.056,0.052,Idle
-0.013,-0.024,1.018,0.157,-1.986,0.044,Idle
-0.012,-0.024,1.019,0.175,-2.013,0.123,Idle
-0.011,-0.025,1.018,0.175,-2.065,0.096,Idle
-0.013,-0.026,1.017,0.157,-2.030,0.114,Idle
-0.013,-0.024,1.019,0.131,-2.004,0.070,Idle
-0.012,-0.024,1.020,0.201,-2.047,0.087,Idle
-0.012,-0.023,1.018,0.114,-1.977,0.114,Idle
-0.013,-0.024,1.019,0.192,-2.013,0.105,Idle
-0.012,-0.025,1.019,0.166,-2.030,0.070,Idle
-0.013,-0.024,1.017,0.192,-2.004,0.079,Idle
-0.013,-0.024,1.018,0.149,-2.030,0.114,Idle
-0.012,-0.025,1.019,0.184,-2.030,0.087,Idle
-0.012,-0.024,1.018,0.184,-1.986,0.114,Idle
-0.012,-0.024,1.019,0.219,-2.039,0.105,Idle
-0.013,-0.024,1.019,0.175,-2.039,0.096,Idle
-0.012,-0.025,1.018,0.192,-2.030,0.123,Idle
-0.012,-0.024,1.018,0.184,-2.039,0.061,Idle
-0.012,-0.024,1.018,0.166,-2.039,0.123,Idle
-0.012,-0.024,1.018,0.210,-2.004,0.079,Idle
-0.012,-0.025,1.019,0.184,-1.995,0.105,Idle
-0.012,-0.024,1.019,0.157,-2.021,0.096,Idle
-0.013,-0.024,1.017,0.192,-1.995,0.123,Idle
-0.012,-0.024,1.018,0.175,-1.995,0.087,Idle
-0.013,-0.024,1.018,0.184,-2.047,0.096,Idle
-0.012,-0.024,1.019,0.184,-2.039,0.061,Idle
-0.012,-0.024,1.019,0.184,-2.030,0.123,Idle
-0.012,-0.024,1.018,0.184,-2.030,0.061,Idle
-0.013,-0.024,1.019,0.210,-1.977,0.096,Idle
-0.012,-0.025,1.017,0.219,-2.004,0.044,Idle
-0.012,-0.024,1.019,0.175,-2.047,0.096,Idle
-0.012,-0.024,1.018,0.201,-2.039,0.044,Idle
-0.013,-0.024,1.018,0.166,-1.986,0.079,Idle
-0.012,-0.024,1.019,0.175,-2.082,0.123,Idle
-0.013,-0.025,1.019,0.175,-2.065,0.087,Idle
-0.012,-0.024,1.018,0.201,-2.039,0.087,Idle
-0.012,-0.023,1.019,0.149,-2.056,0.087,Idle
-0.012,-0.025,1.018,0.149,-2.021,0.061,Idle
-0.012,-0.024,1.018,0.175,-2.030,0.079,Idle
-0.012,-0.024,1.019,0.192,-1.995,0.096,Idle
-0.012,-0.024,1.018,0.210,-2.074,0.079,Idle
-0.013,-0.024,1.018,0.184,-1.995,0.087,Idle
-0.011,-0.024,1.020,0.192,-2.030,0.061,Idle
-0.012,-0.024,1.018,0.210,-2.091,0.087,Idle
-0.013,-0.024,1.018,0.184,-2.030,0.140,Idle
-0.012,-0.023,1.019,0.149,-2.013,0.123,Idle
-0.012,-0.024,1.019,0.184,-2.013,0.114,Idle
-0.012,-0.024,1.019,0.184,-2.030,0.087,Idle
-0.014,-0.024,1.019,0.166,-2.039,0.087,Idle
-0.012,-0.021,1.019,0.192,-2.013,0.096,Idle
-0.012,-0.025,1.025,0.228,-2.056,0.044,Idle
-0.010,-0.019,1.023,0.219,-2.074,0.061,Idle
-0.010,-0.022,1.025,0.175,-2.065,0.087,Idle
-0.013,-0.026,1.020,0.131,-2.021,0.061,Idle
-0.013,-0.025,1.016,0.166,-2.047,0.114,Idle
-0.013,-0.025,1.016,0.166,-2.039,0.070,Idle
-0.012,-0.023,1.018,0.201,-2.091,0.114,Idle
-0.013,-0.025,1.017,0.184,-2.021,0.096,Idle
-0.012,-0.024,1.021,0.184,-2.004,0.079,Idle
-0.013,-0.024,1.020,0.149,-2.030,0.070,Idle
-0.012,-0.024,1.017,0.210,-2.013,0.061,Idle
-0.013,-0.025,1.019,0.210,-2.039,0.070,Idle
-0.013,-0.023,1.019,0.201,-2.030,0.096,Idle
-0.012,-0.024,1.018,0.175,-2.004,0.105,Idle
-0.013,-0.023,1.017,0.210,-2.013,0.114,Idle
-0.012,-0.024,1.019,0.254,-2.004,0.087,Idle
-0.013,-0.024,1.018,0.201,-2.030,0.105,Idle
-0.011,-0.023,1.020,0.219,-2.021,0.096,Idle
-0.013,-0.024,1.020,0.175,-2.021,0.087,Idle
-0.012,-0.023,1.020,0.201,-2.047,0.079,Idle
-0.013,-0.024,1.018,0.210,-2.030,0.079,Idle
-0.012,-0.024,1.017,0.219,-1.960,0.087,Idle
-0.013,-0.025,1.018,0.157,-2.039,0.096,Idle
-0.013,-0.024,1.018,0.175,-2.030,0.070,Idle
-0.013,-0.024,1.020,0.175,-2.039,0.052,Idle
-0.011,-0.024,1.020,0.175,-2.013,0.087,Idle
-0.011,-0.024,1.019,0.175,-2.039,0.079,Idle
-0.011,-0.023,1.022,0.210,-2.030,0.087,Idle
-0.012,-0.025,1.017,0.201,-2.039,0.087,Idle
-0.012,-0.025,1.018,0.149,-1.995,0.123,Idle
-0.013,-0.025,1.017,0.166,-2.004,0.070,Idle
-0.012,-0.025,1.018,0.184,-2.013,0.105,Idle
-0.012,-0.024,1.019,0.201,-2.065,0.114,Idle
-0.013,-0.023,1.018,0.175,-2.004,0.096,Idle
-0.013,-0.024,1.018,0.219,-2.013,0.087,Idle
-0.012,-0.024,1.018,0.184,-2.047,0.070,Idle
-0.013,-0.023,1.020,0.192,-2.056,0.087,Idle
-0.012,-0.025,1.019,0.236,-2.004,0.079,Idle
-0.013,-0.024,1.017,0.184,-2.030,0.096,Idle
-0.013,-0.024,1.019,0.157,-2.039,0.070,Idle
-0.012,-0.023,1.020,0.157,-2.021,0.096,Idle
-0.012,-0.024,1.017,0.175,-2.047,0.070,Idle
-0.013,-0.025,1.018,0.192,-2.039,0.105,Idle
-0.012,-0.024,1.018,0.192,-2.013,0.070,Idle
-0.011,-0.023,1.019,0.175,-2.039,0.096,Idle
-0.012,-0.025,1.019,0.184,-1.995,0.123,Idle
-0.013,-0.024,1.019,0.219,-2.013,0.114,Idle
-0.012,-0.023,1.018,0.219,-1.986,0.096,Idle
-0.012,-0.024,1.018,0.201,-2.004,0.123,Idle
-0.012,-0.024,1.020,0.245,-1.977,0.096,Idle
-0.013,-0.024,1.019,0.166,-2.030,0.096,Idle
-0.012,-0.024,1.018,0.184,-2.021,0.087,Idle
-0.012,-0.023,1.020,0.149,-2.004,0.061,Idle
-0.014,-0.024,1.018,0.157,-2.021,0.061,Idle
-0.013,-0.024,1.018,0.175,-2.039,0.061,Idle
-0.012,-0.025,1.018,0.184,-2.039,0.096,Idle
-0.013,-0.025,1.017,0.184,-2.013,0.070,Idle
-0.013,-0.024,1.019,0.166,-2.056,0.096,Idle
-0.013,-0.025,1.019,0.184,-2.039,0.087,Idle
-0.011,-0.023,1.018,0.149,-2.021,0.070,Idle
-0.012,-0.023,1.022,0.166,-2.056,0.096,Idle
-0.013,-0.024,1.020,0.184,-2.039,0.123,Idle
-0.012,-0.024,1.018,0.166,-1.995,0.105,Idle
-0.013,-0.024,1.017,0.210,-2.030,0.061,Idle
-0.013,-0.024,1.019,0.166,-2.021,0.070,Idle
-0.011,-0.023,1.019,0.175,-2.047,0.061,Idle
-0.012,-0.024,1.020,0.184,-2.030,0.114,Idle
-0.013,-0.025,1.017,0.201,-1.969,0.096,Idle
-0.013,-0.023,1.020,0.201,-2.039,0.149,Idle
-0.012,-0.023,1.020,0.192,-2.056,0.070,Idle
-0.013,-0.023,1.019,0.184,-2.004,0.096,Idle
-0.012,-0.025,1.017,0.201,-2.047,0.079,Idle
-0.012,-0.025,1.019,0.149,-2.030,0.087,Idle
-0.012,-0.026,1.018,0.175,-1.986,0.061,Idle
-0.012,-0.024,1.019,0.210,-2.056,0.061,Idle
-0.013,-0.025,1.015,0.175,-1.977,0.123,Idle
-0.012,-0.024,1.021,0.192,-2.074,0.096,Idle
-0.011,-0.023,1.020,0.192,-2.004,0.105,Idle
-0.013,-0.023,1.020,0.219,-2.013,0.070,Idle
-0.014,-0.024,1.017,0.175,-2.004,0.114,Idle
-0.012,-0.024,1.020,0.166,-2.039,0.070,Idle
-0.012,-0.024,1.019,0.175,-2.065,0.061,Idle
-0.013,-0.024,1.017,0.184,-2.056,0.079,Idle
-0.012,-0.025,1.017,0.166,-2.021,0.123,Idle
-0.013,-0.024,1.020,0.210,-2.056,0.070,Idle
-0.013,-0.024,1.021,0.201,-2.004,0.052,Idle
-0.012,-0.024,1.020,0.157,-2.013,0.131,Idle
-0.012,-0.024,1.020,0.201,-1.986,0.052,Idle
-0.013,-0.024,1.018,0.166,-2.021,0.123,Idle
-0.013,-0.025,1.018,0.192,-2.030,0.114,Idle
-0.012,-0.025,1.017,0.166,-2.030,0.105,Idle
-0.012,-0.025,1.017,0.157,-2.030,0.114,Idle
-0.012,-0.024,1.019,0.166,-1.995,0.070,Idle
-0.012,-0.023,1.019,0.219,-2.004,0.087,Idle
-0.013,-0.025,1.018,0.166,-2.013,0.096,Idle
-0.012,-0.024,1.018,0.184,-2.030,0.105,Idle
-0.012,-0.026,1.018,0.140,-2.004,0.079,Idle
-0.012,-0.024,1.018,0.166,-1.995,0.052,Idle
-0.012,-0.025,1.018,0.192,-2.047,0.079,Idle
-0.012,-0.024,1.019,0.192,-2.004,0.044,Idle
-0.012,-0.023,1.019,0.201,-2.004,0.087,Idle
-0.013,-0.023,1.019,0.175,-2.021,0.061,Idle
-0.012,-0.024,1.019,0.175,-2.047,0.105,Idle
-0.012,-0.024,1.019,0.210,-2.039,0.079,Idle
-0.013,-0.024,1.019,0.228,-2.074,0.087,Idle
-0.012,-0.024,1.018,0.219,-2.013,0.035,Idle
-0.012,-0.025,1.016,0.157,-2.004,0.087,Idle
-0.013,-0.024,1.019,0.192,-2.004,0.105,Idle
-0.012,-0.023,1.019,0.184,-1.995,0.096,Idle
-0.013,-0.024,1.018,0.210,-2.030,0.070,Idle
-0.012,-0.023,1.020,0.149,-2.013,0.096,Idle
-0.013,-0.024,1.019,0.192,-1.977,0.087,Idle
-0.012,-0.025,1.018,0.175,-2.021,0.087,Idle
-0.012,-0.024,1.017,0.175,-2.021,0.096,Idle
-0.012,-0.024,1.018,0.184,-1.995,0.105,Idle
-0.013,-0.024,1.019,0.210,-2.056,0.105,Idle
-0.011,-0.024,1.017,0.192,-2.047,0.070,Idle
-0.012,-0.025,1.019,0.192,-2.065,0.052,Idle
-0.012,-0.024,1.020,0.192,-2.021,0.079,Idle
-0.012,-0.025,1.018,0.210,-2.013,0.052,Idle
-0.013,-0.024,1.018,0.210,-2.013,0.087,Idle
-0.012,-0.024,1.018,0.210,-2.021,0.079,Idle
-0.012,-0.024,1.017,0.201,-2.039,0.044,Idle
-0.012,-0.024,1.019,0.175,-2.030,0.114,Idle
-0.012,-0.024,1.018,0.210,-2.021,0.096,Idle
-0.013,-0.024,1.018,0.192,-2.021,0.105,Idle
-0.012,-0.023,1.019,0.175,-2.004,0.105,Idle
-0.012,-0.025,1.018,0.192,-2.004,0.123,Idle
-0.011,-0.025,1.019,0.192,-2.047,0.052,Idle
-0.012,-0.024,1.019,0.192,-1.960,0.105,Idle
-0.012,-0.024,1.019,0.192,-2.030,0.070,Idle
-0.012,-0.024,1.018,0.192,-2.013,0.096,Idle
-0.012,-0.024,1.019,0.192,-2.021,0.061,Idle
-0.012,-0.024,1.018,0.192,-2.039,0.061,Idle
-0.013,-0.025,1.019,0.219,-2.004,0.096,Idle
-0.012,-0.023,1.019,0.192,-2.056,0.096,Idle
-0.012,-0.025,1.019,0.175,-2.047,0.044,Idle
-0.013,-0.024,1.019,0.175,-2.030,0.061,Idle
-0.014,-0.024,1.019,0.175,-2.047,0.044,Idle
-0.012,-0.025,1.018,0.192,-2.039,0.114,Idle
-0.012,-0.025,1.018,0.166,-2.030,0.114,Idle
-0.012,-0.024,1.019,0.201,-2.004,0.114,Idle
-0.012,-0.024,1.018,0.201,-2.030,0.105,Idle
-0.012,-0.024,1.018,0.175,-1.995,0.105,Idle
-0.012,-0.024,1.019,0.192,-2.030,0.105,Idle
-0.012,-0.024,1.021,0.219,-2.039,0.079,Idle
-0.013,-0.024,1.020,0.184,-2.056,0.061,Idle
-0.014,-0.025,1.014,0.166,-2.065,0.079,Idle
-0.012,-0.026,1.012,0.166,-2.056,0.061,Idle
-0.012,-0.022,1.024,0.210,-2.021,0.114,Idle
-0.008,-0.023,1.023,0.219,-2.039,0.096,Idle
-0.012,-0.023,1.021,0.166,-2.021,0.096,Idle
-0.012,-0.023,1.017,0.219,-2.021,0.052,Idle
-0.013,-0.025,1.017,0.192,-2.021,0.096,Idle
-0.012,-0.023,1.023,0.236,-2.082,0.087,Idle
-0.013,-0.024,1.019,0.192,-2.021,0.087,Idle
-0.012,-0.025,1.014,0.175,-2.039,0.070,Idle
-0.012,-0.024,1.020,0.184,-2.004,0.070,Idle
-0.012,-0.024,1.020,0.175,-2.056,0.079,Idle
-0.012,-0.024,1.020,0.201,-1.986,0.096,Idle
-0.012,-0.024,1.019,0.157,-2.021,0.096,Idle
-0.012,-0.024,1.020,0.201,-2.047,0.096,Idle
-0.013,-0.025,1.017,0.184,-1.995,0.096,Idle
-0.012,-0.024,1.019,0.166,-2.047,0.087,Idle
-0.012,-0.024,1.019,0.201,-2.056,0.044,Idle
-0.012,-0.023,1.019,0.175,-2.039,0.052,Idle
-0.012,-0.025,1.018,0.184,-2.021,0.079,Idle
-0.013,-0.026,1.016,0.236,-2.021,0.096,Idle
-0.014,-0.025,1.016,0.201,-2.013,0.052,Idle
-0.013,-0.024,1.018,0.201,-2.013,0.052,Idle
-0.012,-0.023,1.021,0.192,-2.056,0.070,Idle
-0.012,-0.023,1.019,0.192,-2.039,0.087,Idle
-0.013,-0.025,1.021,0.166,-2.047,0.114,Idle
-0.012,-0.025,1.016,0.201,-2.013,0.079,Idle
-0.012,-0.024,1.017,0.201,-2.021,0.079,Idle
-0.014,-0.025,1.019,0.166,-2.021,0.087,Idle
-0.011,-0.025,1.017,0.166,-1.995,0.035,Idle
-0.013,-0.023,1.021,0.157,-2.074,0.061,Idle
-0.012,-0.024,1.022,0.184,-2.013,0.114,Idle
-0.012,-0.023,1.021,0.184,-2.082,0.087,Idle
-0.013,-0.024,1.020,0.166,-1.995,0.105,Idle
-0.013,-0.024,1.017,0.228,-2.047,0.079,Idle
-0.013,-0.025,1.017,0.175,-1.995,0.079,Idle
-0.013,-0.025,1.017,0.219,-2.030,0.070,Idle
-0.012,-0.025,1.017,0.192,-1.995,0.087,Idle
-0.013,-0.024,1.020,0.131,-2.056,0.061,Idle
-0.013,-0.024,1.018,0.166,-2.021,0.096,Idle
-0.013,-0.025,1.019,0.192,-1.995,0.070,Idle
-0.011,-0.025,1.019,0.175,-2.065,0.079,Idle
-0.013,-0.024,1.019,0.210,-2.013,0.087,Idle
-0.013,-0.024,1.020,0.175,-2.074,0.087,Idle
-0.012,-0.024,1.019,0.166,-2.030,0.087,Idle
-0.013,-0.025,1.018,0.192,-2.004,0.087,Idle
-0.012,-0.024,1.019,0.192,-2.039,0.087,Idle
-0.012,-0.024,1.019,0.210,-2.004,0.096,Idle
-0.013,-0.024,1.019,0.192,-1.995,0.026,Idle
-0.012,-0.024,1.019,0.192,-2.013,0.070,Idle
-0.012,-0.024,1.020,0.192,-2.082,0.105,Idle
-0.012,-0.024,1.018,0.210,-2.047,0.052,Idle
-0.013,-0.023,1.020,0.192,-1.995,0.079,Idle
-0.012,-0.025,1.019,0.210,-2.056,0.123,Idle
-0.013,-0.024,1.018,0.219,-2.030,0.087,Idle
-0.012,-0.023,1.019,0.192,-2.004,0.087,Idle
-0.013,-0.025,1.019,0.175,-2.039,0.061,Idle
-0.012,-0.024,1.019,0.219,-2.021,0.061,Idle
-0.012,-0.024,1.018,0.123,-2.030,0.087,Idle
-0.012,-0.024,1.019,0.184,-1.969,0.079,Idle
-0.013,-0.024,1.019,0.166,-2.004,0.087,Idle
-0.012,-0.024,1.018,0.184,-2.021,0.096,Idle
-0.012,-0.024,1.019,0.210,-2.013,0.000,Idle
-0.013,-0.024,1.019,0.157,-2.065,0.079,Idle
-0.012,-0.024,1.019,0.192,-2.004,0.061,Idle
-0.012,-0.024,1.020,0.175,-1.986,0.087,Idle
-0.013,-0.025,1.018,0.184,-2.047,0.096,Idle
-0.013,-0.025,1.017,0.184,-2.021,0.105,Idle
-0.013,-0.024,1.016,0.149,-2.021,0.087,Idle
-0.013,-0.025,1.017,0.175,-2.047,0.061,Idle
-0.012,-0.024,1.020,0.175,-2.065,0.052,Idle
-0.012,-0.024,1.019,0.149,-2.013,0.061,Idle
-0.012,-0.024,1.019,0.192,-2.047,0.079,Idle
-0.012,-0.024,1.019,0.175,-2.004,0.079,Idle
-0.013,-0.025,1.018,0.175,-2.065,0.061,Idle
-0.011,-0.024,1.020,0.245,-2.030,0.105,Idle
-0.012,-0.024,1.016,0.192,-1.977,0.096,Idle
-0.013,-0.024,1.018,0.157,-2.056,0.035,Idle
-0.011,-0.024,1.019,0.157,-2.021,0.044,Idle
-0.012,-0.025,1.019,0.192,-2.030,0.140,Idle
-0.011,-0.024,1.019,0.192,-1.986,0.061,Idle
-0.013,-0.024,1.017,0.166,-2.013,0.105,Idle
-0.013,-0.024,1.018,0.236,-1.986,0.123,Idle
-0.012,-0.025,1.020,0.201,-2.047,0.087,Idle
-0.013,-0.024,1.018,0.201,-2.039,0.061,Idle
-0.012,-0.025,1.019,0.192,-2.021,0.079,Idle
-0.012,-0.024,1.021,0.192,-2.056,0.087,Idle
-0.012,-0.025,1.018,0.201,-2.013,0.061,Idle
-0.012,-0.023,1.019,0.166,-2.013,0.052,Idle
-0.013,-0.025,1.019,0.184,-1.977,0.079,Idle
-0.013,-0.025,1.018,0.210,-2.039,0.140,Idle
-0.013,-0.024,1.018,0.166,-2.039,0.061,Idle
-0.013,-0.024,1.017,0.157,-2.065,0.052,Idle
-0.012,-0.024,1.019,0.219,-2.030,0.070,Idle
-0.013,-0.025,1.017,0.157,-1.977,0.087,Idle
-0.013,-0.024,1.018,0.166,-1.986,0.087,Idle
-0.013,-0.023,1.021,0.184,-2.039,0.061,Idle
-0.013,-0.024,1.018,0.201,-2.030,0.114,Idle
-0.012,-0.023,1.020,0.166,-2.004,0.131,Idle
-0.013,-0.024,1.018,0.166,-2.021,0.044,Idle
-0.013,-0.025,1.020,0.201,-2.030,0.105,Idle
-0.013,-0.024,1.020,0.140,-2.004,0.079,Idle
-0.012,-0.023,1.018,0.210,-2.013,0.087,Idle
-0.012,-0.023,1.017,0.210,-2.056,0.079,Idle
-0.012,-0.023,1.020,0.210,-2.056,0.079,Idle
-0.013,-0.025,1.020,0.201,-2.013,0.096,Idle
-0.013,-0.024,1.018,0.149,-2.021,0.087,Idle
-0.012,-0.024,1.018,0.184,-2.030,0.087,Idle
-0.012,-0.025,1.017,0.201,-2.013,0.087,Idle
-0.013,-0.025,1.015,0.166,-2.004,0.070,Idle
-0.011,-0.024,1.022,0.157,-1.986,0.052,Idle
-0.012,-0.024,1.020,0.192,-2.030,0.096,Idle
-0.012,-0.024,1.019,0.219,-2.091,0.079,Idle
-0.013,-0.024,1.020,0.210,-2.004,0.079,Idle
-0.013,-0.023,1.019,0.166,-2.030,0.087,Idle
-0.012,-0.025,1.019,0.184,-2.039,0.052,Idle
-0.012,-0.024,1.020,0.210,-2.039,0.096,Idle
-0.013,-0.024,1.018,0.228,-1.995,0.087,Idle
-0.013,-0.024,1.019,0.175,-2.021,0.105,Idle
-0.011,-0.024,1.019,0.201,-2.004,0.070,Idle
-0.012,-0.025,1.019,0.210,-2.065,0.079,Idle
-0.012,-0.024,1.018,0.210,-2.030,0.087,Idle
-0.012,-0.024,1.018,0.184,-2.039,0.096,Idle
-0.014,-0.025,1.017,0.192,-2.004,0.079,Idle
-0.012,-0.025,1.018,0.192,-2.030,0.079,Idle
-0.012,-0.024,1.017,0.228,-2.013,0.052,Idle
-0.013,-0.024,1.018,0.228,-2.004,0.087,Idle
-0.011,-0.024,1.019,0.192,-2.013,0.123,Idle
-0.013,-0.025,1.018,0.210,-1.986,0.105,Idle
-0.012,-0.024,1.019,0.149,-2.039,0.035,Idle
-0.012,-0.024,1.019,0.192,-2.047,0.070,Idle
-0.013,-0.025,1.019,0.184,-1.995,0.096,Idle
-0.013,-0.025,1.019,0.157,-2.056,0.087,Idle
-0.012,-0.024,1.018,0.201,-2.013,0.105,Idle
-0.013,-0.023,1.019,0.184,-2.013,0.087,Idle
-0.013,-0.023,1.020,0.149,-2.004,0.087,Idle
-0.012,-0.024,1.020,0.219,-2.004,0.087,Idle
-0.011,-0.024,1.019,0.157,-1.995,0.105,Idle
-0.013,-0.025,1.020,0.201,-2.021,0.096,Idle
-0.013,-0.024,1.019,0.149,-2.039,0.079,Idle
-0.012,-0.024,1.020,0.140,-2.021,0.105,Idle
-0.013,-0.024,1.020,0.219,-2.047,0.070,Idle
-0.013,-0.024,1.018,0.192,-2.030,0.079,Idle
-0.013,-0.025,1.018,0.184,-2.013,0.052,Idle
-0.012,-0.023,1.019,0.175,-2.021,0.096,Idle
-0.013,-0.024,1.019,0.166,-2.021,0.079,Idle
-0.013,-0.024,1.018,0.184,-2.030,0.123,Idle
-0.013,-0.024,1.019,0.192,-2.030,0.079,Idle
-0.012,-0.024,1.017,0.166,-2.021,0.096,Idle
-0.013,-0.025,1.018,0.149,-2.013,0.140,Idle
-0.012,-0.024,1.019,0.210,-2.039,0.087,Idle
-0.013,-0.024,1.019,0.140,-2.065,0.087,Idle
-0.012,-0.024,1.020,0.166,-2.030,0.009,Idle
-0.012,-0.025,1.019,0.157,-2.013,0.052,Idle
-0.012,-0.024,1.018,0.184,-2.004,0.035,Idle
-0.012,-0.024,1.018,0.175,-2.100,0.079,Idle
-0.013,-0.025,1.017,0.210,-2.047,0.096,Idle
-0.013,-0.024,1.020,0.201,-2.030,0.087,Idle
-0.011,-0.024,1.020,0.210,-2.013,0.079,Idle
-0.013,-0.024,1.017,0.175,-2.021,0.044,Idle
-0.013,-0.023,1.019,0.157,-2.013,0.070,Idle
-0.013,-0.024,1.018,0.175,-1.986,0.105,Idle
-0.013,-0.025,1.019,0.219,-2.039,0.070,Idle
-0.012,-0.024,1.018,0.201,-1.977,0.087,Idle
-0.014,-0.025,1.019,0.166,-1.986,0.070,Idle
-0.012,-0.024,1.019,0.184,-2.047,0.070,Idle
-0.012,-0.025,1.019,0.219,-2.030,0.079,Idle
-0.013,-0.025,1.016,0.166,-1.960,0.070,Idle
-0.012,-0.024,1.018,0.166,-1.995,0.105,Idle
-0.013,-0.025,1.017,0.201,-2.039,0.044,Idle
-0.013,-0.024,1.016,0.228,-2.039,0.079,Idle
-0.013,-0.025,1.018,0.184,-2.004,0.061,Idle
-0.012,-0.025,1.018,0.192,-2.030,0.079,Idle
-0.012,-0.024,1.019,0.210,-2.013,0.079,Idle
-0.013,-0.023,1.020,0.210,-2.021,0.070,Idle
-0.012,-0.024,1.020,0.219,-2.030,0.114,Idle
-0.011,-0.024,1.019,0.175,-2.013,0.079,Idle
-0.011,-0.022,1.025,0.236,-2.047,0.114,Idle
-0.013,-0.026,1.012,0.201,-2.030,0.131,Idle
-0.014,-0.027,1.014,0.149,-2.013,0.123,Idle
-0.013,-0.025,1.016,0.192,-2.039,0.052,Idle
-0.012,-0.024,1.018,0.228,-1.995,0.087,Idle
-0.013,-0.024,1.019,0.201,-2.030,0.044,Idle
-0.012,-0.025,1.016,0.157,-2.065,0.096,Idle
-0.014,-0.027,1.014,0.175,-2.030,0.087,Idle
-0.012,-0.024,1.017,0.140,-2.013,0.079,Idle
-0.012,-0.023,1.020,0.175,-2.013,0.123,Idle
-0.013,-0.024,1.019,0.210,-2.021,0.096,Idle
-0.012,-0.025,1.019,0.192,-2.030,0.070,Idle
-0.013,-0.024,1.018,0.175,-2.030,0.070,Idle
-0.013,-0.024,1.019,0.166,-1.977,0.114,Idle
-0.012,-0.023,1.020,0.192,-2.047,0.079,Idle
-0.013,-0.024,1.019,0.192,-2.030,0.052,Idle
-0.013,-0.025,1.017,0.175,-2.021,0.087,Idle
-0.012,-0.023,1.020,0.175,-2.056,0.070,Idle
-0.012,-0.023,1.020,0.210,-2.030,0.087,Idle
-0.013,-0.024,1.019,0.192,-2.021,0.026,Idle
-0.012,-0.025,1.017,0.192,-2.021,0.131,Idle
-0.012,-0.024,1.018,0.175,-2.030,0.070,Idle
-0.013,-0.024,1.018,0.219,-2.056,0.096,Idle
-0.013,-0.024,1.018,0.175,-2.039,0.096,Idle
-0.011,-0.024,1.019,0.210,-2.047,0.105,Idle
-0.013,-0.024,1.016,0.192,-2.021,0.070,Idle
-0.013,-0.024,1.020,0.228,-2.047,0.044,Idle
-0.012,-0.025,1.018,0.175,-2.004,0.079,Idle
-0.013,-0.023,1.017,0.166,-2.021,0.079,Idle
-0.012,-0.024,1.022,0.166,-1.986,0.087,Idle
-0.012,-0.025,1.019,0.219,-2.013,0.114,Idle
-0.013,-0.024,1.018,0.184,-2.013,0.087,Idle
-0.014,-0.025,1.017,0.228,-1.995,0.070,Idle
-0.013,-0.025,1.019,0.184,-1.986,0.052,Idle
-0.013,-0.024,1.020,0.184,-2.021,0.087,Idle
-0.012,-0.024,1.019,0.184,-2.004,0.070,Idle
-0.012,-0.024,1.017,0.192,-2.056,0.070,Idle
-0.013,-0.023,1.019,0.219,-2.039,0.079,Idle
-0.013,-0.025,1.017,0.184,-2.039,0.079,Idle
-0.013,-0.024,1.019,0.201,-2.021,0.123,Idle
-0.013,-0.025,1.018,0.157,-2.039,0.044,Idle
-0.013,-0.025,1.018,0.175,-2.021,0.079,Idle
-0.012,-0.024,1.020,0.157,-2.047,0.035,Idle
-0.013,-0.025,1.018,0.219,-2.047,0.061,Idle
-0.012,-0.025,1.018,0.140,-2.021,0.079,Idle
-0.013,-0.024,1.018,0.192,-2.039,0.035,Idle
-0.012,-0.025,1.020,0.184,-2.047,0.061,Idle
-0.012,-0.023,1.019,0.201,-2.004,0.061,Idle
-0.013,-0.024,1.018,0.201,-2.021,0.114,Idle
-0.012,-0.024,1.018,0.210,-2.056,0.061,Idle
-0.011,-0.025,1.018,0.210,-2.013,0.052,Idle
-0.013,-0.025,1.018,0.192,-1.995,0.096,Idle
-0.013,-0.024,1.018,0.157,-2.013,0.123,Idle
-0.011,-0.024,1.017,0.201,-2.039,0.070,Idle
-0.012,-0.023,1.020,0.210,-2.039,0.105,Idle
-0.013,-0.025,1.018,0.192,-2.013,0.087,Idle
-0.013,-0.024,1.020,0.175,-2.030,0.114,Idle
-0.012,-0.023,1.018,0.192,-2.013,0.044,Idle
-0.013,-0.025,1.018,0.149,-2.013,0.105,Idle
-0.013,-0.023,1.020,0.166,-2.047,0.018,Idle
-0.012,-0.024,1.018,0.175,-1.977,0.123,Idle
-0.011,-0.025,1.018,0.166,-1.969,0.123,Idle
-0.014,-0.024,1.020,0.184,-2.004,0.140,Idle
-0.013,-0.024,1.018,0.175,-2.021,0.079,Idle
-0.012,-0.024,1.019,0.219,-2.047,0.079,Idle
-0.013,-0.024,1.018,0.210,-2.013,0.070,Idle
-0.013,-0.025,1.015,0.210,-1.977,0.087,Idle
-0.013,-0.026,1.016,0.166,-2.013,0.070,Idle
-0.013,-0.026,1.015,0.184,-1.986,0.105,Idle
-0.013,-0.025,1.018,0.131,-1.977,0.079,Idle
-0.013,-0.024,1.020,0.192,-2.021,0.123,Idle
-0.012,-0.024,1.018,0.210,-2.039,0.061,Idle
-0.013,-0.024,1.018,0.175,-2.004,0.114,Idle
-0.013,-0.025,1.018,0.192,-2.047,0.105,Idle
-0.013,-0.025,1.017,0.175,-2.056,0.087,Idle
-0.012,-0.025,1.018,0.219,-2.047,0.096,Idle
-0.013,-0.025,1.017,0.192,-2.004,0.131,Idle
-0.014,-0.025,1.017,0.201,-2.013,0.070,Idle
-0.013,-0.024,1.017,0.184,-2.074,0.061,Idle
-0.011,-0.024,1.019,0.210,-2.030,0.123,Idle
-0.012,-0.024,1.021,0.192,-2.030,0.079,Idle
-0.013,-0.025,1.017,0.157,-2.047,0.070,Idle
-0.012,-0.024,1.019,0.157,-2.013,0.009,Idle
-0.013,-0.025,1.017,0.166,-2.021,0.114,Idle
-0.012,-0.024,1.020,0.166,-2.004,0.061,Idle
-0.013,-0.025,1.017,0.201,-2.013,0.070,Idle
-0.013,-0.024,1.021,0.184,-2.004,0.123,Idle
-0.012,-0.024,1.020,0.166,-2.047,0.114,Idle
-0.014,-0.024,1.017,0.192,-2.056,0.052,Idle
-0.013,-0.025,1.016,0.201,-1.986,0.096,Idle
-0.012,-0.023,1.022,0.192,-2.013,0.105,Idle
-0.013,-0.023,1.021,0.175,-2.004,0.061,Idle
-0.012,-0.024,1.020,0.201,-2.065,0.061,Idle
-0.013,-0.024,1.019,0.175,-2.004,0.044,Idle
-0.012,-0.024,1.018,0.210,-2.039,0.087,Idle
-0.012,-0.022,1.021,0.192,-1.995,0.114,Idle
-0.013,-0.025,1.019,0.175,-2.030,0.052,Idle
-0.014,-0.025,1.017,0.131,-2.030,0.096,Idle
-0.013,-0.025,1.015,0.166,-2.047,0.070,Idle
-0.012,-0.024,1.018,0.192,-2.039,0.079,Idle
-0.013,-0.024,1.018,0.201,-2.030,0.044,Idle
-0.014,-0.025,1.015,0.175,-2.004,0.105,Idle
-0.012,-0.023,1.022,0.166,-2.030,0.087,Idle
-0.013,-0.026,1.015,0.166,-2.013,0.052,Idle
-0.012,-0.024,1.018,0.201,-2.056,0.052,Idle
-0.012,-0.024,1.017,0.210,-2.047,0.070,Idle
-0.013,-0.025,1.018,0.192,-2.013,0.087,Idle
-0.013,-0.024,1.019,0.192,-2.013,0.044,Idle
-0.012,-0.024,1.020,0.166,-2.039,0.061,Idle
-0.011,-0.024,1.022,0.201,-2.021,0.070,Idle
-0.013,-0.024,1.016,0.210,-2.030,0.009,Idle
-0.013,-0.025,1.017,0.228,-2.056,0.070,Idle
-0.013,-0.024,1.017,0.184,-2.030,0.114,Idle
-0.013,-0.025,1.016,0.210,-2.030,0.070,Idle
-0.012,-0.024,1.018,0.210,-2.065,0.018,Idle
-0.012,-0.024,1.018,0.175,-2.030,0.105,Idle
-0.012,-0.025,1.019,0.201,-2.030,0.105,Idle
-0.012,-0.025,1.018,0.157,-2.013,0.087,Idle
-0.013,-0.024,1.018,0.184,-2.056,0.079,Idle
-0.013,-0.024,1.017,0.175,-2.021,0.070,Idle
-0.013,-0.025,1.017,0.166,-2.030,0.061,Idle
-0.012,-0.024,1.018,0.157,-2.030,0.079,Idle
-0.012,-0.024,1.018,0.192,-2.030,0.087,Idle
-0.013,-0.024,1.017,0.192,-2.004,0.105,Idle
-0.013,-0.025,1.016,0.192,-2.021,0.061,Idle
-0.013,-0.024,1.018,0.184,-2.013,0.061,Idle
-0.012,-0.023,1.021,0.184,-2.013,0.079,Idle
-0.011,-0.024,1.021,0.210,-2.039,0.052,Idle
-0.012,-0.025,1.018,0.184,-2.047,0.061,Idle
-0.012,-0.024,1.020,0.184,-2.004,0.087,Idle
-0.013,-0.023,1.019,0.175,-2.021,0.070,Idle
-0.012,-0.024,1.018,0.184,-2.056,0.114,Idle
-0.013,-0.024,1.018,0.184,-2.030,0.079,Idle
-0.014,-0.024,1.018,0.166,-2.021,0.114,Idle
-0.012,-0.024,1.021,0.184,-2.030,0.070,Idle
-0.013,-0.023,1.020,0.184,-2.065,0.079,Idle
-0.012,-0.024,1.019,0.201,-2.047,0.096,Idle
-0.013,-0.023,1.020,0.175,-2.004,0.061,Idle
-0.013,-0.025,1.020,0.210,-2.047,0.070,Idle
-0.012,-0.024,1.018,0.192,-2.021,0.070,Idle
-0.013,-0.023,1.019,0.184,-2.047,0.105,Idle
-0.012,-0.023,1.020,0.149,-2.039,0.070,Idle
-0.013,-0.024,1.018,0.210,-2.004,0.087,Idle
-0.013,-0.025,1.018,0.201,-2.013,0.079,Idle
-0.013,-0.023,1.019,0.184,-2.004,0.131,Idle
-0.012,-0.023,1.020,0.175,-2.030,0.079,Idle
-0.012,-0.024,1.019,0.254,-1.986,0.061,Idle
-0.012,-0.025,1.018,0.140,-2.056,0.079,Idle
-0.012,-0.024,1.019,0.175,-2.004,0.061,Idle
-0.014,-0.025,1.018,0.210,-2.030,0.070,Idle
-0.012,-0.024,1.019,0.210,-2.004,0.079,Idle
-0.011,-0.023,1.020,0.228,-2.039,0.079,Idle
-0.013,-0.024,1.018,0.210,-2.039,0.087,Idle
-0.011,-0.022,1.020,0.219,-2.021,0.096,Idle
-0.012,-0.025,1.017,0.157,-2.030,0.123,Idle
-0.013,-0.028,1.007,0.149,-1.977,0.096,Idle
-0.015,-0.030,1.007,0.166,-2.021,0.105,Idle
-0.013,-0.022,1.023,0.166,-2.082,0.105,Idle
-0.017,-0.028,1.009,0.219,-2.065,0.026,Idle
-0.013,-0.023,1.020,0.201,-2.030,0.105,Idle
-0.011,-0.023,1.021,0.184,-1.995,0.105,Idle
-0.013,-0.025,1.018,0.184,-2.056,0.079,Idle
-0.012,-0.024,1.020,0.192,-2.039,0.105,Idle
-0.011,-0.023,1.021,0.149,-2.013,0.096,Idle
-0.013,-0.023,1.020,0.157,-2.074,0.061,Idle
-0.012,-0.024,1.018,0.175,-2.004,0.140,Idle
-0.013,-0.024,1.018,0.192,-1.995,0.079,Idle
-0.012,-0.025,1.018,0.245,-2.065,0.087,Idle
-0.013,-0.024,1.019,0.219,-2.056,0.096,Idle
-0.013,-0.025,1.017,0.175,-2.047,0.105,Idle
-0.013,-0.025,1.018,0.157,-2.082,0.114,Idle
-0.012,-0.024,1.019,0.192,-2.030,0.096,Idle
-0.013,-0.025,1.017,0.228,-2.021,0.105,Idle
-0.012,-0.024,1.018,0.175,-2.039,0.061,Idle
-0.012,-0.024,1.017,0.219,-2.074,0.070,Idle
-0.012,-0.025,1.016,0.166,-1.977,0.105,Idle
-0.013,-0.025,1.018,0.175,-2.056,0.061,Idle
-0.012,-0.024,1.018,0.192,-2.047,0.070,Idle
-0.011,-0.023,1.021,0.140,-2.056,0.070,Idle
-0.012,-0.022,1.022,0.166,-1.995,0.087,Idle
-0.012,-0.025,1.017,0.201,-2.039,0.044,Idle
-0.012,-0.024,1.019,0.219,-2.047,0.087,Idle
-0.012,-0.024,1.019,0.184,-2.030,0.052,Idle
-0.013,-0.024,1.017,0.140,-1.986,0.087,Idle
-0.013,-0.024,1.019,0.184,-2.021,0.079,Idle
-0.012,-0.025,1.019,0.210,-2.039,0.123,Idle
-0.012,-0.024,1.019,0.192,-2.021,0.079,Idle
-0.013,-0.024,1.020,0.175,-2.056,0.114,Idle
-0.013,-0.024,1.017,0.201,-2.056,0.105,Idle
-0.012,-0.026,1.016,0.184,-2.004,0.114,Idle
-0.012,-0.023,1.020,0.175,-2.039,0.087,Idle
-0.012,-0.023,1.022,0.210,-2.039,0.070,Idle
-0.012,-0.025,1.020,0.175,-2.039,0.096,Idle
-0.013,-0.025,1.018,0.219,-2.004,0.079,Idle
-0.012,-0.024,1.019,0.184,-2.039,0.070,Idle
-0.013,-0.025,1.018,0.175,-2.013,0.105,Idle
-0.012,-0.024,1.018,0.219,-2.030,0.087,Idle
-0.013,-0.024,1.017,0.166,-1.977,0.096,Idle
-0.012,-0.024,1.019,0.201,-2.030,0.096,Idle
-0.013,-0.024,1.018,0.184,-2.074,0.087,Idle
-0.013,-0.024,1.018,0.219,-1.986,0.105,Idle
-0.012,-0.025,1.019,0.228,-2.030,0.035,Idle
-0.013,-0.025,1.019,0.184,-2.021,0.096,Idle
-0.013,-0.023,1.018,0.166,-2.030,0.079,Idle
-0.012,-0.024,1.019,0.166,-2.030,0.061,Idle
-0.012,-0.024,1.020,0.184,-2.047,0.114,Idle
-0.013,-0.024,1.019,0.175,-1.995,0.079,Idle
-0.012,-0.024,1.019,0.184,-2.013,0.087,Idle
-0.012,-0.025,1.017,0.166,-2.039,0.087,Idle
-0.013,-0.024,1.020,0.175,-2.030,0.079,Idle
-0.013,-0.025,1.018,0.192,-2.030,0.070,Idle
-0.013,-0.025,1.018,0.184,-2.056,0.079,Idle
-0.012,-0.024,1.018,0.175,-2.047,0.114,Idle
-0.013,-0.025,1.018,0.201,-2.021,0.061,Idle
-0.013,-0.023,1.018,0.201,-1.977,0.061,Idle
-0.012,-0.026,1.018,0.192,-2.039,0.070,Idle
-0.012,-0.025,1.018,0.184,-2.021,0.087,Idle
-0.013,-0.024,1.019,0.210,-2.004,0.070,Idle
-0.014,-0.025,1.018,0.184,-2.013,0.061,Idle
-0.011,-0.024,1.017,0.184,-1.995,0.061,Idle
-0.013,-0.024,1.019,0.192,-2.021,0.114,Idle
-0.012,-0.025,1.019,0.201,-2.030,0.105,Idle
-0.012,-0.025,1.020,0.192,-2.039,0.087,Idle
-0.012,-0.024,1.018,0.201,-2.030,0.096,Idle
-0.012,-0.024,1.020,0.201,-2.021,0.035,Idle
-0.013,-0.025,1.018,0.166,-1.995,0.105,Idle
-0.012,-0.025,1.016,0.192,-2.030,0.105,Idle
-0.012,-0.023,1.020,0.157,-2.047,0.096,Idle
-0.014,-0.024,1.016,0.192,-2.039,0.114,Idle
-0.013,-0.025,1.019,0.166,-2.056,0.087,Idle
-0.012,-0.024,1.019,0.184,-2.056,0.061,Idle
-0.011,-0.023,1.022,0.175,-2.056,0.061,Idle
-0.013,-0.024,1.018,0.184,-2.039,0.052,Idle
-0.012,-0.024,1.018,0.210,-2.039,0.131,Idle
-0.012,-0.025,1.018,0.157,-2.056,0.114,Idle
-0.012,-0.024,1.019,0.210,-2.013,0.114,Idle
-0.013,-0.024,1.018,0.210,-2.065,0.096,Idle
-0.013,-0.024,1.017,0.149,-2.065,0.105,Idle
-0.012,-0.024,1.017,0.166,-2.004,0.061,Idle
-0.013,-0.025,1.018,0.166,-2.004,0.131,Idle
-0.011,-0.024,1.019,0.175,-2.030,0.061,Idle
-0.012,-0.025,1.020,0.166,-1.977,0.087,Idle
-0.013,-0.024,1.016,0.192,-1.977,0.079,Idle
-0.013,-0.025,1.018,0.192,-2.039,0.052,Idle
-0.013,-0.025,1.018,0.175,-2.030,0.079,Idle
-0.013,-0.025,1.017,0.210,-2.013,0.061,Idle
-0.012,-0.025,1.019,0.192,-2.013,0.096,Idle
-0.013,-0.024,1.019,0.184,-2.030,0.087,Idle
-0.012,-0.024,1.020,0.184,-2.004,0.044,Idle
-0.012,-0.023,1.022,0.210,-1.995,0.079,Idle
-0.012,-0.025,1.020,0.210,-2.039,0.070,Idle
-0.012,-0.025,1.016,0.184,-2.013,0.079,Idle
-0.013,-0.024,1.018,0.192,-2.030,0.079,Idle
-0.013,-0.024,1.019,0.166,-2.004,0.079,Idle
-0.012,-0.024,1.019,0.184,-2.013,0.044,Idle
-0.013,-0.023,1.020,0.201,-2.056,0.061,Idle
-0.012,-0.023,1.022,0.210,-2.056,0.035,Idle
-0.012,-0.022,1.021,0.201,-2.021,0.087,Idle
-0.013,-0.024,1.020,0.175,-2.039,0.087,Idle
-0.013,-0.026,1.016,0.219,-2.004,0.131,Idle
-0.013,-0.026,1.016,0.175,-1.986,0.079,Idle
-0.013,-0.024,1.017,0.201,-2.021,0.087,Idle
-0.014,-0.026,1.021,0.184,-2.039,0.096,Idle
-0.011,-0.024,1.019,0.219,-2.021,0.079,Idle
-0.012,-0.023,1.019,0.201,-2.021,0.140,Idle
-0.013,-0.024,1.019,0.184,-2.030,0.061,Idle
-0.013,-0.023,1.021,0.210,-2.004,0.052,Idle
-0.011,-0.023,1.021,0.228,-2.039,0.079,Idle
-0.013,-0.025,1.016,0.184,-2.013,0.061,Idle
-0.013,-0.024,1.017,0.201,-2.013,0.079,Idle
-0.013,-0.024,1.019,0.175,-2.047,0.052,Idle
-0.013,-0.026,1.015,0.210,-2.030,0.114,Idle
-0.013,-0.025,1.017,0.219,-2.004,0.096,Idle
-0.013,-0.026,1.015,0.157,-2.065,0.044,Idle
-0.015,-0.021,1.024,0.210,-2.021,0.114,Idle
-0.012,-0.020,1.025,0.219,-2.030,0.070,Idle
-0.018,-0.033,1.004,0.123,-1.925,0.087,Idle
-0.014,-0.026,1.013,0.184,-2.030,0.087,Idle
-0.012,-0.024,1.017,0.210,-1.977,0.044,Idle
-0.012,-0.023,1.022,0.192,-2.065,0.140,Idle
-0.014,-0.025,1.019,0.175,-2.030,0.061,Idle
-0.012,-0.025,1.019,0.175,-2.013,0.070,Idle
-0.011,-0.024,1.021,0.184,-2.013,0.131,Idle
-0.012,-0.022,1.022,0.219,-2.021,0.061,Idle
-0.013,-0.024,1.018,0.175,-2.013,0.079,Idle
-0.011,-0.023,1.018,0.149,-2.021,0.070,Idle
-0.012,-0.024,1.019,0.192,-2.004,0.087,Idle
-0.013,-0.025,1.019,0.175,-2.013,0.070,Idle
-0.013,-0.024,1.018,0.210,-2.021,0.035,Idle
-0.012,-0.024,1.019,0.175,-2.030,0.096,Idle
-0.014,-0.024,1.020,0.192,-1.995,0.052,Idle
-0.014,-0.025,1.017,0.166,-1.995,0.105,Idle
-0.013,-0.025,1.016,0.184,-2.013,0.096,Idle
-0.012,-0.024,1.019,0.245,-2.065,0.052,Idle
-0.013,-0.025,1.018,0.166,-2.021,0.087,Idle
-0.013,-0.024,1.020,0.149,-2.004,0.114,Idle
-0.011,-0.024,1.018,0.175,-2.030,0.096,Idle
-0.013,-0.023,1.019,0.228,-2.021,0.087,Idle
-0.013,-0.023,1.020,0.175,-1.995,0.096,Idle
-0.012,-0.025,1.017,0.149,-2.039,0.105,Idle
-0.012,-0.024,1.019,0.236,-1.977,0.061,Idle
-0.014,-0.023,1.019,0.157,-2.047,0.070,Idle
-0.013,-0.024,1.018,0.140,-2.013,0.061,Idle
-0.012,-0.023,1.021,0.228,-2.056,0.149,Idle
-0.012,-0.024,1.019,0.184,-2.013,0.123,Idle
-0.013,-0.024,1.019,0.219,-2.013,0.087,Idle
-0.013,-0.025,1.019,0.210,-2.004,0.052,Idle
-0.013,-0.024,1.018,0.166,-2.047,0.070,Idle
-0.012,-0.025,1.018,0.184,-2.013,0.079,Idle
-0.013,-0.025,1.018,0.175,-1.977,0.079,Idle
-0.011,-0.024,1.019,0.175,-2.039,0.079,Idle
-0.012,-0.025,1.019,0.192,-2.021,0.114,Idle
-0.014,-0.024,1.019,0.201,-2.039,0.079,Idle
-0.013,-0.024,1.019,0.166,-2.074,0.061,Idle
-0.011,-0.024,1.019,0.192,-1.995,0.018,Idle
-0.014,-0.025,1.017,0.140,-2.021,0.052,Idle
-0.013,-0.024,1.019,0.184,-2.039,0.052,Idle
-0.013,-0.025,1.018,0.166,-2.056,0.123,Idle
-0.010,-0.029,1.020,0.157,-2.030,0.026,Idle
-0.013,-0.019,1.016,0.201,-2.021,0.114,Idle
-0.014,-0.024,1.018,0.210,-2.039,0.105,Idle
-0.011,-0.026,1.020,0.166,-2.039,0.061,Idle
-0.012,-0.024,1.018,0.184,-2.021,0.087,Idle
-0.013,-0.026,1.018,0.210,-1.995,0.079,Idle
-0.012,-0.025,1.018,0.157,-2.021,0.105,Idle
-0.012,-0.025,1.017,0.210,-2.013,0.131,Idle
-0.012,-0.023,1.020,0.184,-2.021,0.079,Idle
-0.013,-0.024,1.020,0.166,-2.065,0.114,Idle
-0.013,-0.025,1.019,0.166,-2.039,0.087,Idle
-0.012,-0.024,1.018,0.201,-2.030,0.079,Idle
-0.013,-0.025,1.018,0.201,-2.013,0.061,Idle
-0.013,-0.024,1.017,0.157,-2.074,0.070,Idle
-0.012,-0.024,1.019,0.184,-2.030,0.052,Idle
-0.013,-0.025,1.018,0.184,-2.021,0.123,Idle
-0.013,-0.024,1.019,0.184,-2.047,0.061,Idle
-0.012,-0.025,1.020,0.210,-2.004,0.096,Idle
-0.012,-0.024,1.018,0.210,-2.047,0.052,Idle
-0.012,-0.024,1.019,0.184,-1.977,0.114,Idle
-0.013,-0.024,1.019,0.201,-2.056,0.035,Idle
-0.013,-0.024,1.018,0.175,-2.039,0.105,Idle
-0.012,-0.025,1.018,0.192,-2.013,0.105,Idle
-0.013,-0.025,1.019,0.192,-1.995,0.105,Idle
-0.013,-0.024,1.019,0.201,-2.056,0.096,Idle
-0.012,-0.024,1.020,0.210,-2.056,0.079,Idle
-0.012,-0.023,1.020,0.201,-2.013,0.052,Idle
-0.012,-0.025,1.018,0.175,-2.021,0.105,Idle
-0.013,-0.025,1.018,0.219,-2.039,0.096,Idle
-0.012,-0.024,1.020,0.201,-2.021,0.087,Idle
-0.013,-0.025,1.018,0.201,-2.004,0.061,Idle
-0.011,-0.024,1.020,0.210,-2.030,0.061,Idle
-0.012,-0.024,1.017,0.192,-2.082,0.070,Idle
-0.014,-0.025,1.018,0.219,-2.039,0.087,Idle
-0.013,-0.024,1.017,0.228,-2.039,0.114,Idle
-0.013,-0.025,1.019,0.210,-2.013,0.052,Idle
-0.013,-0.024,1.019,0.192,-2.039,0.087,Idle
-0.012,-0.024,1.020,0.175,-2.004,0.044,Idle
-0.012,-0.024,1.019,0.166,-1.995,0.070,Idle
-0.013,-0.024,1.018,0.157,-2.013,0.079,Idle
-0.012,-0.024,1.018,0.157,-2.065,0.105,Idle
-0.012,-0.024,1.019,0.219,-1.977,0.035,Idle
-0.012,-0.024,1.018,0.201,-2.056,0.079,Idle
-0.012,-0.024,1.018,0.210,-2.013,0.061,Idle
-0.012,-0.024,1.019,0.228,-1.977,0.079,Idle
-0.013,-0.024,1.017,0.175,-2.021,0.070,Idle
-0.012,-0.023,1.018,0.175,-2.030,0.079,Idle
-0.013,-0.025,1.018,0.219,-2.047,0.079,Idle
-0.013,-0.025,1.018,0.210,-2.039,0.070,Idle
-0.012,-0.025,1.019,0.192,-1.995,0.070,Idle
-0.012,-0.024,1.018,0.166,-2.030,0.061,Idle
-0.013,-0.024,1.018,0.184,-1.986,0.087,Idle
-0.013,-0.024,1.019,0.166,-2.065,0.096,Idle
-0.013,-0.024,1.019,0.192,-2.030,0.079,Idle
-0.012,-0.024,1.021,0.219,-2.039,0.052,Idle
-0.012,-0.023,1.020,0.236,-2.030,0.061,Idle
-0.012,-0.024,1.021,0.184,-2.013,0.105,Idle
-0.012,-0.024,1.017,0.149,-2.004,0.087,Idle
-0.013,-0.024,1.018,0.157,-2.039,0.096,Idle
-0.013,-0.024,1.018,0.140,-2.056,0.061,Idle
-0.011,-0.024,1.018,0.166,-2.013,0.079,Idle
-0.013,-0.024,1.018,0.219,-2.039,0.079,Idle
-0.015,-0.022,1.017,0.157,-2.056,0.070,Idle
-0.011,-0.025,1.016,0.175,-2.047,0.096,Idle
-0.013,-0.024,1.020,0.175,-2.013,0.087,Idle
-0.013,-0.023,1.017,0.201,-2.039,0.087,Idle
-0.014,-0.024,1.019,0.201,-2.013,0.105,Idle
-0.013,-0.024,1.020,0.192,-2.047,0.087,Idle
-0.013,-0.024,1.019,0.166,-2.013,0.079,Idle
-0.012,-0.024,1.018,0.210,-2.021,0.061,Idle
-0.013,-0.024,1.019,0.219,-2.047,0.026,Idle
-0.012,-0.025,1.018,0.228,-2.021,0.035,Idle
-0.013,-0.024,1.017,0.175,-2.039,0.096,Idle
-0.014,-0.024,1.018,0.219,-2.021,0.087,Idle
-0.012,-0.024,1.019,0.157,-1.995,0.035,Idle
-0.012,-0.024,1.018,0.192,-2.039,0.061,Idle
-0.013,-0.024,1.018,0.166,-2.047,0.070,Idle
-0.013,-0.025,1.019,0.201,-2.021,0.052,Idle
-0.011,-0.025,1.018,0.166,-1.995,0.070,Idle
-0.012,-0.024,1.019,0.166,-2.039,0.079,Idle
-0.014,-0.024,1.017,0.192,-2.039,0.087,Idle
-0.012,-0.025,1.019,0.192,-2.047,0.044,Idle
-0.011,-0.024,1.019,0.192,-2.004,0.087,Idle
-0.013,-0.024,1.018,0.210,-2.013,0.061,Idle
-0.013,-0.024,1.018,0.192,-2.021,0.061,Idle
-0.012,-0.024,1.020,0.166,-2.030,0.096,Idle
-0.013,-0.024,1.018,0.201,-2.030,0.079,Idle
-0.012,-0.023,1.020,0.201,-1.995,0.070,Idle
-0.012,-0.025,1.019,0.201,-2.030,0.079,Idle
-0.012,-0.024,1.019,0.192,-2.030,0.087,Idle
-0.012,-0.024,1.019,0.184,-2.047,0.087,Idle
-0.013,-0.024,1.017,0.219,-2.030,0.096,Idle
-0.012,-0.025,1.017,0.210,-2.047,0.044,Idle
-0.011,-0.024,1.020,0.201,-2.021,0.079,Idle
-0.012,-0.024,1.018,0.166,-2.082,0.070,Idle
-0.013,-0.024,1.018,0.184,-2.056,0.123,Idle
-0.012,-0.024,1.019,0.184,-2.013,0.096,Idle
-0.012,-0.024,1.020,0.175,-2.047,0.096,Idle
-0.013,-0.024,1.019,0.192,-2.030,0.044,Idle
-0.012,-0.025,1.018,0.149,-2.039,0.070,Idle
-0.013,-0.025,1.019,0.184,-2.039,0.079,Idle
-0.013,-0.024,1.019,0.192,-2.047,0.070,Idle
-0.013,-0.024,1.019,0.201,-2.021,0.070,Idle
-0.010,-0.029,1.019,0.201,-1.977,0.105,Idle
-0.016,-0.016,1.015,0.166,-2.013,0.096,Idle
-0.008,-0.031,1.023,0.201,-2.030,0.079,Idle
-0.009,-0.026,1.019,0.184,-2.013,0.123,Idle
-0.015,-0.021,1.018,0.228,-2.004,0.079,Idle
-0.013,-0.024,1.018,0.184,-2.047,0.114,Idle
-0.011,-0.024,1.019,0.175,-2.004,0.087,Idle
-0.013,-0.022,1.018,0.184,-2.013,0.087,Idle
-0.012,-0.023,1.019,0.184,-1.986,0.105,Idle
-0.012,-0.025,1.019,0.175,-2.013,0.070,Idle
-0.012,-0.023,1.019,0.192,-2.004,0.070,Idle
-0.013,-0.024,1.018,0.131,-2.056,0.035,Idle
-0.014,-0.024,1.018,0.166,-1.995,0.070,Idle
-0.013,-0.023,1.018,0.175,-2.013,0.114,Idle
-0.011,-0.026,1.019,0.228,-1.977,0.052,Idle
-0.013,-0.025,1.018,0.228,-1.986,0.070,Idle
-0.013,-0.023,1.018,0.201,-2.013,0.044,Idle
-0.010,-0.025,1.019,0.184,-2.013,0.096,Idle
-0.012,-0.025,1.018,0.166,-1.986,0.114,Idle
-0.014,-0.024,1.019,0.166,-2.047,0.079,Idle
-0.011,-0.024,1.018,0.210,-2.056,0.061,Idle
-0.012,-0.025,1.018,0.175,-2.056,0.087,Idle
-0.012,-0.024,1.017,0.175,-2.004,0.123,Idle
-0.013,-0.024,1.018,0.192,-2.013,0.140,Idle
-0.012,-0.024,1.019,0.201,-2.004,0.114,Idle
-0.012,-0.025,1.018,0.175,-2.013,0.052,Idle
-0.013,-0.024,1.018,0.184,-2.030,0.114,Idle
-0.013,-0.025,1.018,0.184,-2.021,0.052,Idle
-0.012,-0.024,1.018,0.219,-2.039,0.105,Idle
-0.012,-0.025,1.017,0.184,-2.047,0.105,Idle
-0.013,-0.024,1.019,0.192,-2.021,0.079,Idle
-0.012,-0.024,1.018,0.201,-2.039,0.061,Idle
-0.012,-0.025,1.019,0.201,-2.021,0.061,Idle
-0.014,-0.025,1.017,0.192,-2.004,0.096,Idle
-0.013,-0.024,1.018,0.210,-2.021,0.105,Idle
-0.012,-0.024,1.020,0.219,-2.056,0.079,Idle
-0.013,-0.025,1.019,0.201,-1.995,0.070,Idle
-0.013,-0.024,1.020,0.140,-2.047,0.052,Idle
-0.013,-0.024,1.020,0.175,-2.004,0.096,Idle
-0.012,-0.026,1.017,0.166,-2.021,0.123,Idle
-0.013,-0.025,1.018,0.157,-2.039,0.070,Idle
-0.013,-0.025,1.018,0.210,-2.021,0.070,Idle
-0.013,-0.024,1.018,0.184,-2.047,0.070,Idle
-0.012,-0.024,1.020,0.184,-2.039,0.087,Idle
-0.012,-0.025,1.020,0.192,-2.030,0.079,Idle
-0.013,-0.024,1.019,0.192,-2.013,0.114,Idle
-0.013,-0.025,1.017,0.201,-2.013,0.087,Idle
-0.013,-0.024,1.020,0.149,-2.021,0.123,Idle
-0.012,-0.025,1.019,0.184,-2.047,0.096,Idle
-0.012,-0.025,1.018,0.192,-2.030,0.070,Idle
-0.012,-0.025,1.018,0.184,-2.047,0.044,Idle
-0.013,-0.025,1.020,0.219,-2.039,0.026,Idle
-0.012,-0.025,1.019,0.201,-2.074,0.105,Idle
-0.012,-0.024,1.019,0.201,-2.004,0.123,Idle
-0.012,-0.025,1.019,0.254,-2.004,0.061,Idle
-0.013,-0.024,1.018,0.210,-2.039,0.070,Idle
-0.012,-0.025,1.017,0.175,-2.047,0.079,Idle
-0.012,-0.025,1.018,0.192,-2.030,0.105,Idle
-0.012,-0.024,1.017,0.166,-2.004,0.070,Idle
-0.012,-0.025,1.017,0.157,-2.004,0.087,Idle
-0.012,-0.023,1.019,0.192,-2.047,0.105,Idle
-0.012,-0.024,1.018,0.201,-2.047,0.096,Idle
-0.013,-0.024,1.019,0.219,-1.986,0.096,Idle
-0.014,-0.025,1.018,0.166,-2.013,0.079,Idle
-0.014,-0.025,1.017,0.166,-2.021,0.096,Idle
-0.013,-0.024,1.019,0.210,-2.021,0.079,Idle
-0.013,-0.025,1.018,0.175,-2.013,0.114,Idle
-0.012,-0.025,1.019,0.192,-2.013,0.096,Idle
-0.012,-0.024,1.019,0.175,-2.004,0.131,Idle
-0.013,-0.025,1.018,0.192,-2.013,0.087,Idle
-0.011,-0.024,1.020,0.175,-2.100,0.079,Idle
-0.012,-0.024,1.018,0.201,-2.004,0.114,Idle
-0.013,-0.025,1.017,0.175,-2.039,0.035,Idle
-0.013,-0.024,1.019,0.228,-2.039,0.131,Idle
-0.013,-0.024,1.019,0.192,-2.013,0.061,Idle
-0.013,-0.025,1.017,0.228,-2.013,0.096,Idle
-0.012,-0.024,1.019,0.192,-2.039,0.035,Idle
-0.012,-0.024,1.020,0.184,-2.030,0.105,Idle
-0.013,-0.024,1.020,0.157,-2.004,0.035,Idle
-0.013,-0.024,1.017,0.184,-2.004,0.096,Idle
-0.014,-0.025,1.017,0.184,-2.030,0.079,Idle
-0.013,-0.025,1.017,0.157,-2.030,0.087,Idle
-0.013,-0.024,1.018,0.228,-2.074,0.114,Idle
-0.013,-0.025,1.018,0.166,-2.021,0.096,Idle
-0.013,-0.025,1.017,0.175,-2.013,0.096,Idle
-0.013,-0.025,1.019,0.201,-2.056,0.061,Idle
-0.013,-0.025,1.017,0.201,-2.021,0.061,Idle
-0.012,-0.026,1.017,0.157,-2.047,0.061,Idle
-0.012,-0.025,1.020,0.219,-2.047,0.079,Idle
-0.012,-0.024,1.020,0.166,-2.004,0.079,Idle
-0.012,-0.023,1.022,0.175,-2.013,0.070,Idle
-0.011,-0.024,1.019,0.219,-2.021,0.105,Idle
-0.013,-0.025,1.017,0.166,-1.995,0.087,Idle
-0.012,-0.024,1.018,0.166,-2.047,0.079,Idle
-0.012,-0.025,1.018,0.166,-2.056,0.061,Idle
-0.012,-0.025,1.017,0.175,-2.065,0.044,Idle
-0.013,-0.025,1.018,0.210,-2.013,0.079,Idle
-0.012,-0.025,1.017,0.149,-1.986,0.026,Idle
-0.012,-0.024,1.020,0.175,-2.030,0.105,Idle
-0.013,-0.024,1.019,0.131,-2.021,0.070,Idle
-0.012,-0.026,1.018,0.192,-2.056,0.131,Idle
-0.012,-0.025,1.019,0.175,-2.013,0.114,Idle
-0.012,-0.025,1.018,0.192,-2.039,0.070,Idle
-0.013,-0.025,1.017,0.184,-2.030,0.026,Idle
-0.012,-0.024,1.019,0.210,-2.004,0.096,Idle
-0.012,-0.024,1.018,0.157,-2.047,0.087,Idle
-0.013,-0.024,1.019,0.157,-2.030,0.079,Idle
-0.012,-0.024,1.019,0.192,-2.021,0.105,Idle
-0.013,-0.024,1.018,0.175,-1.986,0.087,Idle
-0.011,-0.024,1.018,0.149,-2.013,0.087,Idle
-0.013,-0.025,1.019,0.184,-2.047,0.061,Idle
-0.013,-0.024,1.019,0.166,-2.039,0.079,Idle
-0.012,-0.024,1.020,0.201,-2.039,0.096,Idle
-0.012,-0.023,1.020,0.201,-1.995,0.070,Idle
-0.012,-0.024,1.020,0.219,-1.995,0.105,Idle
-0.014,-0.024,1.018,0.210,-2.056,0.087,Idle
-0.014,-0.024,1.018,0.192,-2.039,0.070,Idle
-0.013,-0.024,1.019,0.184,-2.013,0.096,Idle
-0.013,-0.023,1.019,0.149,-2.039,0.096,Idle
-0.013,-0.024,1.019,0.157,-2.047,0.079,Idle
-0.012,-0.024,1.020,0.166,-2.030,0.079,Idle
-0.013,-0.025,1.019,0.166,-2.047,0.105,Idle
-0.013,-0.025,1.020,0.184,-1.986,0.096,Idle
-0.012,-0.024,1.019,0.175,-2.074,0.035,Idle
-0.012,-0.024,1.018,0.175,-2.030,0.052,Idle
-0.013,-0.024,1.018,0.175,-2.039,0.026,Idle
-0.013,-0.023,1.018,0.201,-2.030,0.061,Idle
-0.011,-0.024,1.019,0.228,-1.986,0.087,Idle
-0.012,-0.024,1.020,0.201,-2.047,0.105,Idle
-0.014,-0.025,1.017,0.166,-2.013,0.105,Idle
-0.012,-0.024,1.019,0.219,-2.047,0.079,Idle
-0.012,-0.025,1.016,0.175,-2.039,0.079,Idle
-0.013,-0.024,1.017,0.192,-1.986,0.061,Idle
-0.012,-0.025,1.016,0.157,-2.021,0.061,Idle
-0.012,-0.024,1.019,0.228,-2.039,0.096,Idle
-0.012,-0.024,1.019,0.175,-2.039,0.070,Idle
-0.013,-0.024,1.018,0.201,-2.004,0.061,Idle
-0.013,-0.024,1.019,0.192,-2.021,0.061,Idle
-0.013,-0.025,1.019,0.192,-2.004,0.131,Idle
-0.013,-0.024,1.018,0.157,-2.013,0.079,Idle
-0.013,-0.024,1.017,0.166,-2.021,0.070,Idle
-0.013,-0.025,1.017,0.192,-2.047,0.087,Idle
-0.013,-0.023,1.018,0.149,-2.056,0.079,Idle
-0.013,-0.024,1.021,0.166,-2.082,0.096,Idle
-0.013,-0.024,1.018,0.175,-2.030,0.096,Idle
-0.012,-0.025,1.020,0.175,-1.995,0.123,Idle
-0.013,-0.023,1.019,0.175,-2.074,0.096,Idle
-0.012,-0.024,1.017,0.149,-2.021,0.087,Idle
-0.013,-0.024,1.018,0.166,-2.030,0.026,Idle
-0.012,-0.024,1.018,0.201,-2.021,0.087,Idle
-0.013,-0.024,1.019,0.192,-2.021,0.087,Idle
-0.013,-0.024,1.019,0.157,-2.047,0.087,Idle
-0.012,-0.024,1.019,0.157,-1.969,0.149,Idle
-0.011,-0.024,1.018,0.219,-2.021,0.087,Idle
-0.012,-0.024,1.020,0.210,-2.065,0.105,Idle
-0.013,-0.024,1.017,0.192,-2.074,0.114,Idle
-0.014,-0.024,1.018,0.175,-2.047,0.087,Idle
-0.013,-0.025,1.018,0.175,-2.074,0.052,Idle
-0.013,-0.025,1.018,0.201,-2.004,0.079,Idle
-0.013,-0.025,1.017,0.184,-1.995,0.096,Idle
-0.012,-0.024,1.020,0.201,-1.969,0.096,Idle
-0.012,-0.024,1.019,0.184,-2.021,0.087,Idle
-0.013,-0.024,1.020,0.228,-2.047,0.052,Idle
-0.013,-0.024,1.018,0.201,-2.013,0.070,Idle
-0.013,-0.025,1.018,0.192,-2.004,0.070,Idle
-0.013,-0.024,1.019,0.149,-2.056,0.061,Idle
-0.012,-0.025,1.016,0.175,-2.030,0.079,Idle
-0.013,-0.025,1.019,0.157,-2.039,0.087,Idle
-0.013,-0.024,1.019,0.210,-2.047,0.087,Idle
-0.012,-0.025,1.018,0.201,-2.030,0.079,Idle
-0.013,-0.024,1.019,0.192,-2.013,0.105,Idle
-0.013,-0.025,1.018,0.184,-2.039,0.070,Idle
-0.013,-0.024,1.019,0.192,-2.065,0.079,Idle
-0.013,-0.024,1.019,0.192,-2.091,0.114,Idle
-0.012,-0.024,1.018,0.157,-2.021,0.096,Idle
-0.012,-0.025,1.019,0.201,-2.030,0.079,Idle
-0.012,-0.024,1.019,0.210,-2.004,0.123,Idle
-0.012,-0.024,1.019,0.192,-2.021,0.105,Idle
-0.012,-0.024,1.020,0.184,-2.030,0.087,Idle
-0.013,-0.024,1.020,0.175,-2.021,0.061,Idle
-0.012,-0.025,1.018,0.175,-2.039,0.070,Idle
-0.013,-0.024,1.017,0.210,-2.065,0.079,Idle
-0.013,-0.024,1.017,0.175,-1.986,0.114,Idle
-0.012,-0.024,1.018,0.192,-2.013,0.087,Idle
-0.012,-0.024,1.018,0.201,-2.056,0.087,Idle
-0.012,-0.025,1.020,0.166,-2.030,0.105,Idle
-0.013,-0.024,1.018,0.175,-2.021,0.087,Idle
-0.013,-0.025,1.019,0.149,-2.065,0.070,Idle
-0.012,-0.025,1.019,0.192,-2.030,0.096,Idle
-0.013,-0.025,1.017,0.123,-2.013,0.096,Idle
-0.013,-0.025,1.019,0.131,-2.030,0.035,Idle
-0.013,-0.024,1.018,0.201,-2.030,0.105,Idle
-0.012,-0.024,1.019,0.201,-2.030,0.096,Idle
-0.012,-0.024,1.019,0.157,-2.013,0.096,Idle
-0.014,-0.025,1.019,0.175,-2.030,0.061,Idle
-0.013,-0.023,1.020,0.201,-2.056,0.061,Idle
-0.012,-0.024,1.018,0.236,-1.995,0.052,Idle
-0.013,-0.024,1.017,0.149,-2.013,0.079,Idle
-0.012,-0.025,1.018,0.166,-2.056,0.052,Idle
-0.012,-0.024,1.017,0.184,-2.039,0.087,Idle
-0.012,-0.024,1.020,0.184,-2.047,0.079,Idle
-0.012,-0.025,1.019,0.192,-1.995,0.035,Idle
-0.012,-0.024,1.019,0.175,-2.013,0.087,Idle
-0.013,-0.025,1.019,0.201,-2.065,0.096,Idle
-0.013,-0.025,1.017,0.166,-2.021,0.079,Idle
-0.013,-0.024,1.016,0.201,-2.047,0.052,Idle
-0.013,-0.025,1.018,0.201,-1.977,0.052,Idle
-0.013,-0.024,1.017,0.201,-2.004,0.052,Idle
-0.012,-0.024,1.018,0.175,-2.013,0.061,Idle
-0.012,-0.025,1.019,0.184,-2.004,0.079,Idle
-0.013,-0.023,1.019,0.157,-2.013,0.052,Idle
-0.012,-0.024,1.020,0.175,-2.056,0.061,Idle
-0.013,-0.025,1.018,0.192,-2.013,0.105,Idle
-0.013,-0.024,1.019,0.201,-2.039,0.018,Idle
-0.012,-0.024,1.019,0.210,-2.030,0.105,Idle
-0.012,-0.024,1.019,0.219,-2.021,0.087,Idle
-0.012,-0.024,1.020,0.157,-2.039,0.096,Idle
-0.012,-0.024,1.018,0.210,-2.021,0.070,Idle
-0.012,-0.024,1.019,0.184,-2.039,0.052,Idle
-0.012,-0.025,1.018,0.166,-2.030,0.061,Idle
-0.013,-0.025,1.018,0.210,-2.004,0.070,Idle
-0.012,-0.025,1.018,0.184,-2.021,0.061,Idle
-0.014,-0.025,1.017,0.201,-2.030,0.096,Idle
-0.013,-0.024,1.017,0.166,-2.013,0.079,Idle
-0.013,-0.023,1.018,0.219,-2.065,0.096,Idle
-0.012,-0.025,1.018,0.184,-2.021,0.079,Idle
-0.013,-0.024,1.018,0.210,-1.986,0.096,Idle
-0.013,-0.025,1.018,0.192,-2.021,0.087,Idle
-0.012,-0.024,1.018,0.210,-2.030,0.096,Idle
-0.011,-0.024,1.018,0.210,-2.021,0.096,Idle
-0.013,-0.025,1.019,0.149,-2.013,0.087,Idle
-0.012,-0.024,1.018,0.157,-2.013,0.070,Idle
-0.013,-0.024,1.019,0.175,-1.977,0.105,Idle
-0.012,-0.025,1.017,0.149,-2.047,0.070,Idle
-0.011,-0.024,1.017,0.192,-2.030,0.070,Idle
-0.012,-0.024,1.017,0.175,-2.039,0.079,Idle
-0.012,-0.025,1.017,0.157,-2.021,0.087,Idle
-0.012,-0.023,1.018,0.166,-2.013,0.096,Idle
-0.011,-0.024,1.019,0.166,-2.013,0.070,Idle
-0.014,-0.024,1.019,0.192,-1.986,0.044,Idle
-0.013,-0.024,1.021,0.166,-2.013,0.087,Idle
-0.013,-0.024,1.019,0.192,-1.995,0.087,Idle
-0.012,-0.024,1.020,0.201,-2.039,0.105,Idle
-0.013,-0.023,1.019,0.192,-2.013,0.114,Idle
-0.013,-0.025,1.017,0.149,-2.030,0.087,Idle
-0.012,-0.025,1.016,0.192,-1.995,0.096,Idle
-0.013,-0.024,1.018,0.192,-2.021,0.079,Idle
-0.013,-0.024,1.017,0.166,-2.013,0.087,Idle
-0.013,-0.025,1.019,0.175,-1.969,0.070,Idle
-0.011,-0.024,1.018,0.192,-2.013,0.044,Idle
-0.012,-0.024,1.018,0.192,-1.986,0.061,Idle
-0.012,-0.025,1.019,0.157,-2.039,0.096,Idle
-0.012,-0.024,1.019,0.175,-2.021,0.105,Idle
-0.012,-0.025,1.020,0.219,-2.039,0.070,Idle
-0.012,-0.024,1.019,0.166,-1.977,0.052,Idle
-0.013,-0.024,1.018,0.184,-1.995,0.035,Idle
-0.013,-0.025,1.019,0.192,-2.021,0.079,Idle
-0.012,-0.024,1.020,0.219,-2.013,0.044,Idle
-0.013,-0.024,1.019,0.219,-2.056,0.061,Idle
-0.012,-0.024,1.017,0.184,-1.986,0.070,Idle
-0.012,-0.024,1.019,0.236,-2.021,0.052,Idle
-0.013,-0.024,1.018,0.175,-2.030,0.070,Idle
-0.013,-0.024,1.017,0.175,-2.065,0.079,Idle
-0.012,-0.024,1.019,0.157,-2.021,0.070,Idle
-0.012,-0.024,1.018,0.184,-2.030,0.070,Idle
-0.012,-0.023,1.020,0.175,-2.013,0.087,Idle
-0.013,-0.024,1.018,0.166,-1.995,0.087,Idle
-0.013,-0.023,1.020,0.219,-2.021,0.052,Idle
-0.013,-0.024,1.017,0.192,-2.039,0.079,Idle
-0.013,-0.025,1.017,0.201,-2.021,0.096,Idle
-0.012,-0.024,1.019,0.184,-2.065,0.044,Idle
-0.014,-0.025,1.017,0.184,-2.013,0.070,Idle
-0.013,-0.026,1.017,0.219,-1.969,0.070,Idle
-0.012,-0.026,1.017,0.175,-1.986,0.087,Idle
-0.012,-0.025,1.018,0.149,-2.013,0.096,Idle
-0.012,-0.023,1.020,0.175,-1.986,0.087,Idle
-0.013,-0.024,1.017,0.192,-2.056,0.070,Idle
-0.013,-0.024,1.019,0.219,-2.030,0.096,Idle
-0.013,-0.023,1.019,0.131,-2.013,0.114,Idle
-0.013,-0.023,1.020,0.219,-2.030,0.096,Idle
-0.012,-0.024,1.017,0.166,-2.047,0.140,Idle
-0.011,-0.024,1.018,0.192,-2.021,0.061,Idle
-0.013,-0.024,1.020,0.184,-2.030,0.079,Idle
-0.012,-0.025,1.019,0.192,-2.013,0.061,Idle
-0.012,-0.024,1.018,0.210,-1.969,0.114,Idle
-0.012,-0.023,1.018,0.192,-2.047,0.087,Idle
-0.013,-0.024,1.018,0.184,-2.013,0.035,Idle
-0.012,-0.024,1.020,0.175,-2.039,0.131,Idle
-0.013,-0.026,1.013,0.192,-1.986,0.096,Idle
-0.012,-0.024,1.017,0.201,-2.056,0.079,Idle
-0.013,-0.025,1.017,0.149,-2.030,0.114,Idle
-0.012,-0.023,1.022,0.210,-2.004,0.044,Idle
-0.013,-0.025,1.015,0.140,-2.030,0.079,Idle
-0.013,-0.026,1.017,0.166,-2.039,0.131,Idle
-0.012,-0.024,1.020,0.201,-2.013,0.070,Idle
-0.012,-0.024,1.020,0.219,-2.021,0.079,Idle
-0.012,-0.024,1.018,0.210,-2.030,0.061,Idle
-0.013,-0.024,1.018,0.219,-2.013,0.087,Idle
-0.012,-0.023,1.020,0.192,-2.013,0.079,Idle
-0.013,-0.024,1.017,0.192,-2.030,0.061,Idle
-0.012,-0.024,1.019,0.175,-2.021,0.087,Idle
-0.012,-0.025,1.019,0.201,-2.039,0.123,Idle
-0.012,-0.025,1.020,0.228,-2.047,0.044,Idle
-0.013,-0.025,1.018,0.166,-2.039,0.052,Idle
-0.011,-0.023,1.019,0.184,-2.030,0.079,Idle
-0.013,-0.025,1.018,0.157,-2.013,0.052,Idle
-0.013,-0.023,1.020,0.192,-2.013,0.096,Idle
-0.012,-0.024,1.020,0.166,-2.039,0.035,Idle
-0.012,-0.025,1.018,0.184,-2.013,0.105,Idle
-0.013,-0.025,1.019,0.157,-2.047,0.087,Idle
-0.013,-0.025,1.019,0.210,-2.021,0.026,Idle
-0.012,-0.025,1.019,0.184,-2.074,0.052,Idle
-0.012,-0.024,1.020,0.157,-2.039,0.079,Idle
-0.012,-0.024,1.019,0.192,-2.030,0.096,Idle
-0.013,-0.024,1.019,0.184,-2.047,0.052,Idle
-0.012,-0.024,1.018,0.184,-1.986,0.070,Idle
-0.012,-0.023,1.020,0.228,-2.013,0.061,Idle
-0.013,-0.025,1.019,0.166,-2.021,0.105,Idle
-0.012,-0.024,1.020,0.184,-2.047,0.096,Idle
-0.012,-0.025,1.019,0.166,-2.047,0.052,Idle
-0.012,-0.023,1.020,0.184,-2.074,0.070,Idle
-0.013,-0.025,1.017,0.175,-2.047,0.026,Idle
-0.013,-0.025,1.017,0.184,-2.004,0.070,Idle
-0.013,-0.024,1.019,0.192,-2.013,0.079,Idle
-0.013,-0.023,1.022,0.149,-2.030,0.096,Idle
-0.013,-0.024,1.018,0.184,-2.030,0.087,Idle
-0.013,-0.024,1.019,0.201,-2.030,0.123,Idle
-0.013,-0.025,1.019,0.201,-2.039,0.087,Idle
-0.013,-0.024,1.018,0.175,-2.013,0.087,Idle
-0.012,-0.025,1.019,0.140,-2.013,0.061,Idle
-0.012,-0.025,1.017,0.166,-1.986,0.070,Idle
-0.013,-0.025,1.017,0.192,-2.074,0.114,Idle
-0.012,-0.024,1.020,0.184,-2.013,0.070,Idle
-0.012,-0.024,1.020,0.175,-2.039,0.096,Idle
-0.013,-0.024,1.019,0.175,-2.056,0.123,Idle
-0.014,-0.024,1.017,0.175,-2.056,0.105,Idle
-0.012,-0.024,1.021,0.184,-2.039,0.096,Idle
-0.011,-0.024,1.020,0.201,-1.977,0.096,Idle
-0.012,-0.024,1.019,0.219,-2.039,0.096,Idle
-0.013,-0.025,1.017,0.201,-2.013,0.105,Idle
-0.013,-0.024,1.018,0.166,-2.030,0.061,Idle
-0.012,-0.024,1.019,0.184,-1.977,0.105,Idle
-0.012,-0.024,1.019,0.201,-2.013,0.087,Idle
-0.012,-0.024,1.018,0.166,-2.004,0.087,Idle
-0.013,-0.024,1.021,0.157,-2.047,0.105,Idle
-0.012,-0.024,1.019,0.201,-2.056,0.070,Idle
-0.012,-0.024,1.019,0.184,-2.030,0.105,Idle
-0.012,-0.024,1.017,0.201,-2.039,0.096,Idle
-0.013,-0.025,1.019,0.184,-2.030,0.096,Idle
-0.013,-0.024,1.018,0.175,-2.039,0.087,Idle
-0.012,-0.024,1.019,0.166,-1.977,0.070,Idle
-0.012,-0.024,1.019,0.201,-2.047,0.079,Idle
-0.013,-0.024,1.021,0.192,-2.030,0.087,Idle
-0.013,-0.025,1.018,0.184,-2.056,0.070,Idle
-0.013,-0.025,1.019,0.175,-2.004,0.096,Idle
-0.013,-0.025,1.017,0.192,-2.013,0.087,Idle
-0.012,-0.026,1.017,0.228,-2.021,0.114,Idle
-0.012,-0.024,1.018,0.192,-2.013,0.096,Idle
-0.012,-0.024,1.020,0.157,-2.030,0.044,Idle
-0.012,-0.024,1.019,0.175,-2.021,0.096,Idle
-0.013,-0.024,1.019,0.175,-2.047,0.114,Idle
-0.013,-0.024,1.019,0.166,-2.039,0.070,Idle
-0.013,-0.024,1.019,0.175,-2.013,0.061,Idle
-0.013,-0.025,1.018,0.201,-2.021,0.131,Idle
-0.013,-0.024,1.019,0.175,-2.021,0.061,Idle
-0.012,-0.026,1.018,0.166,-2.030,0.079,Idle
-0.013,-0.024,1.019,0.175,-2.013,0.052,Idle
-0.013,-0.025,1.019,0.210,-2.030,0.087,Idle
-0.013,-0.024,1.019,0.184,-2.074,0.079,Idle
-0.013,-0.024,1.019,0.166,-2.030,0.052,Idle
-0.012,-0.024,1.018,0.184,-1.986,0.114,Idle
-0.012,-0.024,1.019,0.140,-2.021,0.079,Idle
-0.013,-0.024,1.019,0.184,-2.013,0.079,Idle
-0.012,-0.024,1.017,0.192,-2.004,0.087,Idle
-0.012,-0.024,1.019,0.201,-2.030,0.087,Idle
-0.012,-0.025,1.018,0.157,-2.021,0.070,Idle
-0.013,-0.025,1.019,0.192,-2.047,0.070,Idle
-0.013,-0.024,1.018,0.166,-2.039,0.079,Idle
-0.013,-0.025,1.019,0.192,-2.013,0.105,Idle
-0.013,-0.024,1.017,0.201,-2.065,0.070,Idle
-0.012,-0.024,1.018,0.201,-2.013,0.052,Idle
-0.013,-0.025,1.019,0.166,-2.030,0.105,Idle
-0.012,-0.024,1.018,0.219,-2.039,0.052,Idle
-0.013,-0.024,1.019,0.175,-2.030,0.044,Idle
-0.013,-0.024,1.019,0.228,-1.977,0.114,Idle
-0.012,-0.024,1.018,0.184,-2.047,0.026,Idle
-0.013,-0.025,1.019,0.201,-2.074,0.070,Idle
-0.012,-0.024,1.019,0.201,-2.030,0.096,Idle
-0.013,-0.024,1.018,0.131,-2.004,0.079,Idle
-0.013,-0.024,1.019,0.166,-2.047,0.044,Idle
-0.012,-0.023,1.020,0.201,-2.065,0.044,Idle
-0.013,-0.025,1.019,0.192,-2.039,0.087,Idle
-0.014,-0.024,1.020,0.175,-2.047,0.079,Idle
-0.012,-0.024,1.019,0.228,-1.995,0.079,Idle
-0.013,-0.024,1.019,0.175,-1.986,0.061,Idle
-0.013,-0.024,1.018,0.192,-2.030,0.070,Idle
-0.013,-0.024,1.018,0.210,-1.995,0.105,Idle
-0.012,-0.024,1.019,0.201,-2.056,0.044,Idle
-0.013,-0.025,1.019,0.157,-2.021,0.096,Idle
-0.013,-0.024,1.017,0.184,-2.056,0.087,Idle
-0.012,-0.025,1.016,0.175,-2.021,0.044,Idle
-0.012,-0.025,1.019,0.166,-2.030,0.079,Idle
-0.012,-0.024,1.019,0.166,-2.039,0.070,Idle
-0.011,-0.024,1.019,0.201,-2.004,0.061,Idle
-0.012,-0.024,1.019,0.201,-2.056,0.087,Idle
-0.012,-0.024,1.019,0.175,-2.056,0.096,Idle
-0.014,-0.024,1.018,0.192,-2.030,0.044,Idle
-0.013,-0.024,1.019,0.184,-2.065,0.061,Idle
-0.012,-0.024,1.020,0.210,-2.082,0.052,Idle
-0.012,-0.024,1.017,0.210,-1.986,0.070,Idle
-0.013,-0.024,1.018,0.192,-2.030,0.087,Idle
-0.013,-0.025,1.018,0.192,-2.013,0.052,Idle
-0.011,-0.024,1.019,0.184,-2.030,0.105,Idle
-0.014,-0.025,1.019,0.210,-2.074,0.044,Idle
-0.012,-0.024,1.019,0.175,-2.021,0.070,Idle
-0.013,-0.025,1.019,0.219,-2.056,0.044,Idle
-0.012,-0.024,1.019,0.175,-2.013,0.087,Idle
-0.013,-0.024,1.019,0.219,-2.013,0.096,Idle
-0.012,-0.024,1.018,0.166,-2.013,0.087,Idle
-0.012,-0.024,1.017,0.157,-2.047,0.052,Idle
-0.012,-0.025,1.020,0.210,-2.056,0.079,Idle
-0.012,-0.023,1.019,0.175,-2.039,0.061,Idle
-0.012,-0.024,1.018,0.219,-2.004,0.052,Idle
-0.012,-0.023,1.019,0.201,-1.995,0.096,Idle
-0.012,-0.024,1.022,0.228,-2.030,0.096,Idle
-0.013,-0.025,1.016,0.201,-2.004,0.070,Idle
-0.012,-0.024,1.018,0.140,-2.030,0.052,Idle
-0.010,-0.022,1.023,0.245,-2.004,0.105,Idle
-0.018,-0.035,0.997,0.114,-1.942,0.087,Idle
-0.009,-0.020,1.024,0.219,-2.065,0.105,Idle
-0.014,-0.023,1.021,0.192,-2.056,0.079,Idle
-0.010,-0.023,1.029,0.166,-1.995,0.096,Idle
-0.013,-0.025,1.021,0.210,-1.995,0.087,Idle
-0.014,-0.026,1.013,0.236,-2.039,0.052,Idle
-0.012,-0.027,1.014,0.210,-2.039,0.105,Idle
-0.012,-0.021,1.023,0.184,-2.013,0.105,Idle
-0.014,-0.024,1.016,0.228,-1.986,0.044,Idle
-0.013,-0.024,1.021,0.157,-2.039,0.123,Idle
-0.012,-0.023,1.019,0.131,-2.030,0.087,Idle
-0.013,-0.024,1.018,0.228,-2.039,0.096,Idle
-0.013,-0.024,1.018,0.210,-2.004,0.087,Idle
-0.012,-0.024,1.019,0.192,-2.021,0.114,Idle
-0.013,-0.025,1.018,0.184,-2.013,0.070,Idle
-0.013,-0.024,1.018,0.228,-2.004,0.079,Idle
-0.013,-0.025,1.017,0.149,-2.013,0.096,Idle
-0.012,-0.025,1.018,0.192,-2.030,0.096,Idle
-0.012,-0.024,1.019,0.219,-2.013,0.079,Idle
-0.014,-0.025,1.018,0.184,-2.091,0.070,Idle
-0.013,-0.025,1.019,0.166,-1.995,0.096,Idle
-0.013,-0.024,1.018,0.184,-1.986,0.087,Idle
-0.012,-0.025,1.020,0.192,-2.047,0.079,Idle
.012,-0.024,1.022,0.184,-1.995,0.052,Pitch
-0.014,-0.024,1.017,0.166,-2.065,0.096,Pitch
-0.012,-0.024,1.019,0.184,-2.030,0.044,Pitch
0.063,0.187,0.981,-5.714,3.098,9.721,Pitch
0.042,0.178,1.005,-1.146,6.790,11.917,Pitch
0.002,0.185,1.010,-6.562,13.248,6.921,Pitch
-0.019,0.248,0.996,-7.823,10.885,7.420,Pitch
0.015,0.260,0.978,-1.628,7.884,21.656,Pitch
-0.038,0.148,1.007,-2.301,22.103,25.174,Pitch
-0.063,0.105,1.029,6.396,12.057,26.521,Pitch
0.014,0.173,0.973,15.890,5.267,13.125,Pitch
0.027,0.266,1.021,9.091,22.138,18.497,Pitch
0.003,0.170,0.961,5.460,12.084,34.405,Pitch
0.017,0.136,0.936,25.576,21.709,29.487,Pitch
0.078,0.194,1.014,42.630,27.195,27.580,Pitch
0.021,0.166,1.000,70.796,27.694,36.995,Pitch
0.031,0.160,0.955,59.850,22.269,27.449,Pitch
0.117,0.139,0.916,70.044,25.147,26.478,Pitch
0.023,0.263,0.969,114.774,31.194,25.734,Pitch
-0.004,0.356,1.051,104.869,15.663,26.871,Pitch
-0.230,0.240,1.248,108.176,-39.226,10.955,Pitch
-0.045,0.323,1.182,67.900,-80.762,-26.215,Pitch
0.012,0.354,0.695,1.899,-28.726,-35.333,Pitch
-0.007,0.574,0.832,60.139,3.666,-26.705,Pitch
0.016,0.505,0.890,73.902,-6.361,-3.325,Pitch
0.019,0.499,0.601,58.109,-6.142,-8.146,Pitch
-0.050,0.595,0.899,10.229,17.771,-12.023,Pitch
0.019,0.447,0.941,-58.397,-7.954,-22.593,Pitch
-0.149,0.433,1.082,-186.296,-17.981,-54.740,Pitch
-0.098,0.383,0.977,-224.919,-35.271,-73.019,Pitch
0.150,0.310,1.054,-224.131,-29.645,-62.912,Pitch
0.178,0.182,0.926,-205.835,8.435,-10.080,Pitch
0.023,0.102,1.013,-202.851,25.366,24.719,Pitch
-0.047,0.103,1.063,-208.898,22.925,30.406,Pitch
-0.090,0.054,0.867,-181.606,18.147,35.341,Pitch
-0.075,-0.053,0.873,-150.929,-12.171,24.833,Pitch
-0.135,-0.134,0.985,-119.691,-24.614,15.146,Pitch
-0.157,-0.242,0.945,-110.749,-47.862,-11.427,Pitch
-0.087,-0.288,0.914,-88.743,-53.935,-34.720,Pitch
0.019,-0.399,0.922,-59.544,-46.655,-37.441,Pitch
0.113,-0.401,0.951,-30.188,-36.103,-25.244,Pitch
0.045,-0.448,1.052,-27.484,-20.291,-15.995,Pitch
0.085,-0.434,0.967,-20.711,-8.627,-12.127,Pitch
0.104,-0.416,0.963,1.225,-5.574,-2.581,Pitch
0.042,-0.359,0.959,24.465,-6.265,-3.517,Pitch
0.051,-0.365,0.963,68.863,2.328,-3.369,Pitch
0.069,-0.361,1.046,96.005,6.624,6.221,Pitch
0.075,-0.308,1.010,119.420,6.711,13.965,Pitch
0.024,-0.154,0.833,142.231,29.890,19.775,Pitch
0.006,-0.053,0.957,171.955,42.936,17.526,Pitch
0.018,-0.054,1.028,192.850,52.456,26.985,Pitch
-0.032,0.029,0.997,197.033,41.904,26.031,Pitch
-0.074,0.160,0.989,186.034,20.983,19.337,Pitch
-0.108,0.198,0.964,186.515,23.371,7.621,Pitch
-0.062,0.291,0.960,188.212,8.260,3.981,Pitch
-0.044,0.380,0.922,184.756,-23.546,0.481,Pitch
-0.002,0.439,0.883,188.562,-18.882,7.630,Pitch
0.024,0.496,0.900,173.031,-20.388,13.921,Pitch
0.012,0.613,0.840,175.394,-29.452,25.944,Pitch
-0.055,0.647,0.723,187.792,-25.497,23.546,Pitch
0.024,0.706,0.760,168.796,-16.800,17.036,Pitch
0.016,0.736,0.739,126.613,-16.083,17.115,Pitch
0.010,0.775,0.684,105.761,-11.401,17.640,Pitch
0.027,0.829,0.556,75.346,-12.679,9.459,Pitch
0.026,0.826,0.546,93.467,-14.639,9.389,Pitch
0.031,0.879,0.652,63.901,-8.295,4.821,Pitch
0.030,0.857,0.633,31.421,-0.455,2.634,Pitch
0.019,0.853,0.603,-25.541,6.991,-2.625,Pitch
0.002,0.818,0.635,-77.315,6.466,-5.932,Pitch
0.022,0.812,0.563,-103.180,10.929,-17.325,Pitch
0.035,0.774,0.609,-111.965,13.948,-12.355,Pitch
-0.001,0.740,0.689,-147.525,15.304,-15.496,Pitch
-0.024,0.713,0.764,-168.481,9.669,-22.243,Pitch
0.025,0.632,0.873,-195.178,-4.130,-21.507,Pitch
0.016,0.585,0.807,-227.378,7.656,-18.427,Pitch
-0.005,0.508,0.849,-229.443,7.289,-18.480,Pitch
-0.016,0.396,0.898,-214.419,-3.911,-18.218,Pitch
-0.031,0.303,0.943,-195.186,-15.339,-20.904,Pitch
0.014,0.259,0.978,-185.999,-29.514,-18.620,Pitch
0.018,0.136,0.942,-156.503,-29.575,-8.820,Pitch
0.041,0.068,0.932,-138.574,-22.680,0.647,Pitch
-0.004,0.010,1.003,-128.327,-0.962,3.570,Pitch
-0.038,-0.052,1.018,-121.056,-5.399,-4.926,Pitch
0.028,-0.069,0.983,-102.480,-19.381,-9.109,Pitch
0.031,-0.126,0.968,-103.635,-19.513,-14.971,Pitch
0.018,-0.179,1.002,-76.834,-9.345,-15.225,Pitch
0.034,-0.240,1.019,-69.632,-5.049,-14.919,Pitch
0.075,-0.274,0.968,-63.884,-4.751,-10.762,Pitch
0.053,-0.292,0.992,-47.154,-7.543,-10.001,Pitch
0.056,-0.278,0.995,-19.022,-0.971,-3.999,Pitch
0.032,-0.329,1.013,11.445,-4.156,-0.350,Pitch
0.034,-0.265,0.923,76.878,-5.617,-3.710,Pitch
0.028,-0.139,0.892,149.345,-16.616,-1.680,Pitch
0.104,-0.029,0.967,164.938,-18.664,-7.892,Pitch
0.072,-0.008,1.022,163.643,13.475,5.810,Pitch
0.068,0.095,0.984,189.131,28.849,9.039,Pitch
0.013,0.135,1.061,206.570,33.626,6.309,Pitch
0.006,0.190,0.990,190.312,27.195,1.899,Pitch
0.064,0.271,0.973,177.485,27.265,2.713,Pitch
0.011,0.375,1.027,165.305,27.309,14.823,Pitch
-0.011,0.446,0.965,150.727,14.814,17.675,Pitch
0.006,0.517,0.844,144.952,3.404,19.451,Pitch
-0.001,0.542,0.840,156.966,3.036,22.916,Pitch
0.002,0.616,0.755,157.710,-10.325,25.095,Pitch
0.010,0.695,0.751,170.826,-16.433,27.081,Pitch
-0.006,0.732,0.724,189.989,-15.111,31.972,Pitch
0.012,0.773,0.739,176.496,-14.350,29.173,Pitch
-0.011,0.750,0.591,151.410,-10.369,24.054,Pitch
0.051,0.872,0.504,146.633,-2.555,18.261,Pitch
0.033,0.871,0.569,127.558,-8.794,20.370,Pitch
0.031,0.899,0.523,91.035,-10.859,15.426,Pitch
0.068,0.907,0.412,59.036,-7.569,6.125,Pitch
0.063,0.925,0.413,55.256,-3.491,1.820,Pitch
0.047,0.936,0.420,31.413,-0.123,-3.964,Pitch
0.050,0.938,0.459,10.167,-2.739,-6.449,Pitch
0.075,0.931,0.414,-26.171,-0.875,-9.398,Pitch
0.043,0.922,0.475,-61.661,3.159,-11.585,Pitch
0.008,0.879,0.562,-114.214,3.596,-17.990,Pitch
-0.030,0.853,0.581,-163.205,-1.409,-26.093,Pitch
0.050,0.869,0.639,-203.158,-15.347,-32.751,Pitch
0.009,0.824,0.768,-246.601,-17.789,-27.545,Pitch
0.045,0.751,0.757,-262.185,-12.425,-30.538,Pitch
0.067,0.653,0.793,-260.120,-1.619,-25.042,Pitch
0.022,0.568,0.761,-231.053,5.854,-15.024,Pitch
0.050,0.455,0.834,-195.676,-7.227,-5.556,Pitch
0.030,0.357,0.911,-188.930,-5.530,-4.673,Pitch
0.039,0.272,0.982,-194.758,2.056,0.560,Pitch
-0.039,0.225,0.976,-186.576,1.619,10.693,Pitch
0.023,0.137,0.945,-164.351,-9.721,-2.686,Pitch
0.007,0.036,0.993,-164.036,-5.941,-1.216,Pitch
-0.064,-0.001,1.018,-153.554,-4.349,-5.276,Pitch
0.025,-0.046,0.985,-130.725,-23.249,-19.766,Pitch
0.054,-0.170,0.991,-110.897,-10.570,-13.116,Pitch
0.006,-0.207,1.092,-110.136,-14.586,-12.898,Pitch
0.066,-0.227,1.034,-117.941,-1.146,-9.861,Pitch
0.101,-0.228,0.883,-109.856,2.065,-1.094,Pitch
0.040,-0.357,0.929,-69.720,6.860,8.584,Pitch
0.039,-0.359,0.902,-45.386,6.344,1.584,Pitch
0.054,-0.340,0.841,-19.407,5.294,1.260,Pitch
0.018,-0.401,1.047,-10.386,-2.275,3.710,Pitch
0.039,-0.446,0.977,13.108,-6.702,3.693,Pitch
0.002,-0.351,0.868,59.964,-20.353,-0.700,Pitch
0.034,-0.265,0.730,119.455,-32.410,-7.464,Pitch
0.085,-0.118,0.859,184.783,-22.330,-4.699,Pitch
0.119,-0.015,1.018,221.760,17.299,21.385,Pitch
0.058,0.022,1.008,241.762,23.782,31.062,Pitch
0.071,0.150,0.892,272.685,17.885,35.009,Pitch
0.039,0.214,0.941,286.685,6.650,42.726,Pitch
0.059,0.373,0.885,286.685,-5.338,44.109,Pitch
-0.024,0.593,0.954,286.685,-24.325,37.083,Pitch
-0.024,0.659,0.934,280.061,-37.590,20.562,Pitch
0.066,0.724,0.761,259.508,-30.266,12.434,Pitch
0.090,0.779,0.746,250.766,-17.605,9.914,Pitch
0.140,0.899,0.549,239.557,-14.665,13.939,Pitch
0.103,0.949,0.585,227.850,-21.394,20.851,Pitch
0.080,0.945,0.510,183.374,-10.833,9.905,Pitch
0.115,0.941,0.311,146.370,-1.033,2.957,Pitch
0.098,0.985,0.318,147.096,-4.646,5.075,Pitch
0.091,1.014,0.317,125.213,-9.144,-0.875,Pitch
0.093,0.937,0.226,86.643,-0.577,-1.566,Pitch
0.111,0.997,0.162,55.624,4.226,-7.577,Pitch
0.108,1.015,0.209,30.809,0.971,-8.374,Pitch
0.095,0.980,0.169,11.209,3.325,-7.980,Pitch
0.063,0.956,0.334,-24.308,2.555,-11.891,Pitch
0.067,0.999,0.364,-137.357,-4.611,-24.911,Pitch
0.069,1.021,0.279,-189.473,-32.760,-11.830,Pitch
0.129,1.012,0.335,-191.371,-31.413,-5.119,Pitch
0.091,0.944,0.482,-208.346,-15.094,-4.830,Pitch
0.058,0.941,0.671,-256.008,-9.887,-12.477,Pitch
0.107,0.902,0.679,-272.414,-25.716,-5.355,Pitch
0.120,0.784,0.639,-260.733,-18.882,-2.485,Pitch
0.131,0.663,0.642,-241.938,-5.880,3.430,Pitch
0.070,0.588,0.791,-216.230,2.450,13.309,Pitch
0.044,0.529,0.946,-211.531,-1.278,11.462,Pitch
0.068,0.400,0.915,-235.576,1.890,0.989,Pitch
0.130,0.335,0.836,-242.988,13.379,1.400,Pitch
0.066,0.230,0.893,-220.990,20.379,3.990,Pitch
0.058,0.088,1.053,-213.999,11.926,-7.945,Pitch
0.051,-0.037,1.047,-201.206,-4.795,-14.149,Pitch
0.021,-0.111,0.994,-221.051,5.801,-12.670,Pitch
0.074,-0.082,0.831,-216.283,7.481,-26.924,Pitch
0.139,-0.101,0.831,-151.690,-0.604,-36.514,Pitch
0.163,-0.263,0.878,-101.561,-9.039,-19.897,Pitch
0.115,-0.381,0.887,-83.213,0.210,-3.588,Pitch
0.119,-0.397,0.924,-57.864,5.180,2.651,Pitch
0.089,-0.391,0.859,-20.641,3.955,8.610,Pitch
0.121,-0.461,0.844,24.999,-6.571,15.881,Pitch
0.055,-0.413,0.942,50.146,-7.525,17.124,Pitch
0.052,-0.414,0.932,72.957,-4.279,13.248,Pitch
0.085,-0.274,0.950,98.359,-2.231,2.581,Pitch
0.096,-0.256,0.886,126.613,10.771,10.684,Pitch
0.041,-0.172,0.921,175.035,13.212,22.864,Pitch
0.092,-0.059,1.008,201.495,-9.721,26.670,Pitch
0.104,0.004,0.892,180.215,24.876,30.695,Pitch
0.054,0.033,0.963,200.104,39.524,43.864,Pitch
-0.061,0.158,1.109,199.535,21.368,35.271,Pitch
0.086,0.179,1.227,150.754,5.574,27.046,Pitch
0.044,0.272,0.833,148.076,23.599,42.219,Pitch
-0.071,0.373,0.934,193.454,17.386,34.055,Pitch
0.007,0.427,0.957,180.303,11.174,24.763,Pitch
0.009,0.482,0.895,154.919,15.549,23.616,Pitch
-0.013,0.605,0.843,152.408,10.141,21.201,Pitch
-0.023,0.622,0.795,165.795,-5.661,16.450,Pitch
-0.022,0.640,0.790,158.489,-15.243,8.102,Pitch
0.057,0.737,0.730,138.626,-18.401,10.579,Pitch
0.043,0.764,0.691,139.676,-11.025,11.533,Pitch
0.027,0.788,0.614,130.515,-16.091,12.828,Pitch
0.014,0.847,0.605,129.133,-19.346,11.462,Pitch
0.059,0.842,0.570,114.564,-13.869,12.206,Pitch
0.068,0.943,0.673,69.204,-8.566,6.519,Pitch
0.042,0.897,0.550,15.523,-12.880,3.745,Pitch
0.054,0.856,0.542,-6.274,-2.328,-5.504,Pitch
0.051,0.869,0.601,-54.626,3.929,-11.436,Pitch
0.024,0.888,0.559,-96.670,2.669,-16.730,Pitch
0.031,0.843,0.693,-126.438,1.461,-19.224,Pitch
0.036,0.818,0.692,-165.008,0.788,-20.212,Pitch
0.036,0.745,0.743,-213.798,8.129,-26.416,Pitch
0.057,0.655,0.919,-276.421,-7.114,-26.757,Pitch
0.050,0.612,0.629,-285.556,-2.467,-13.274,Pitch
0.001,0.477,0.773,-235.357,12.495,-9.056,Pitch
0.030,0.354,0.841,-209.598,4.314,-11.051,Pitch
0.061,0.262,1.055,-226.336,-20.195,7.262,Pitch
-0.076,0.172,0.972,-286.046,-18.051,8.435,Pitch
0.004,0.042,0.870,-228.865,-22.006,5.565,Pitch
0.030,-0.038,0.922,-130.296,13.186,5.390,Pitch
-0.009,-0.053,0.875,-92.750,-10.264,-1.041,Pitch
-0.032,-0.212,1.087,-64.067,15.488,-17.202,Pitch
-0.079,-0.249,1.067,-68.985,21.831,-25.401,Pitch
0.007,-0.234,1.114,-58.371,-2.371,-44.520,Pitch
-0.150,-0.222,0.990,-103.180,29.347,-38.999,Pitch
0.117,-0.253,1.062,-101.448,12.950,-68.355,Pitch
0.101,-0.263,1.019,-95.497,6.361,-56.814,Pitch
0.211,-0.219,0.812,-40.967,-8.208,-25.130,Pitch
0.010,-0.236,1.049,20.186,-19.600,17.343,Pitch
0.072,-0.282,0.884,33.084,-14.464,59.640,Pitch
-0.044,-0.377,1.000,53.498,-4.839,69.624,Pitch
-0.065,-0.435,1.070,78.435,11.637,42.884,Pitch
0.005,-0.326,0.972,136.780,3.001,-5.574,Pitch
0.015,0.046,0.891,133.429,18.620,-12.661,Pitch
0.019,0.052,0.947,145.898,28.779,-27.151,Pitch
-0.010,0.031,1.157,161.525,27.808,-61.443,Pitch
-0.076,-0.047,1.035,154.324,42.726,-71.820,Pitch
0.025,-0.064,0.843,166.250,38.946,-52.491,Pitch
-0.048,-0.001,0.948,173.635,32.086,-14.227,Pitch
-0.121,0.151,0.984,184.240,26.644,10.150,Pitch
-0.227,0.193,0.789,174.204,81.603,27.528,Pitch
-0.103,0.411,0.823,150.176,-1.523,11.226,Pitch
-0.045,0.451,0.874,145.477,-23.625,26.407,Pitch
-0.090,0.475,0.869,115.605,-35.586,43.934,Pitch
-0.118,0.578,0.895,125.143,-26.504,48.816,Pitch
0.028,0.553,0.785,114.441,-5.705,56.866,Pitch
0.002,0.671,0.835,111.151,-0.639,76.160,Pitch
-0.059,0.729,0.774,93.966,8.129,58.783,Pitch
0.023,0.740,0.719,68.801,-2.179,43.645,Pitch
-0.015,0.737,0.689,45.229,1.934,37.765,Pitch
-0.045,0.730,0.706,38.588,0.079,29.566,Pitch
0.020,0.740,0.720,8.251,-7.184,17.001,Pitch
0.039,0.699,0.645,-31.080,-12.985,24.745,Pitch
0.050,0.722,0.759,-40.679,-1.785,13.939,Pitch
0.065,0.689,0.814,-83.326,0.061,8.986,Pitch
-0.006,0.702,0.904,-178.124,11.279,-1.339,Pitch
-0.054,0.631,0.892,-217.962,15.916,-13.510,Pitch
0.040,0.495,0.819,-208.136,-2.021,-9.047,Pitch
-0.020,0.430,0.934,-199.964,-9.257,-4.559,Pitch
-0.019,0.363,1.033,-214.296,-0.919,-11.174,Pitch
0.065,0.201,0.929,-238.665,4.699,-15.540,Pitch
-0.011,0.124,0.945,-219.310,11.672,-7.184,Pitch
-0.014,0.003,0.881,-188.186,7.262,-2.800,Pitch
-0.005,-0.081,0.943,-120.881,10.675,-9.546,Pitch
0.014,-0.062,0.996,-95.279,1.575,-9.765,Pitch
0.032,-0.178,1.062,-80.552,-16.048,-15.129,Pitch
-0.037,-0.249,0.999,-82.215,-16.135,-8.698,Pitch
-0.038,-0.203,0.978,-57.584,-3.098,-30.021,Pitch
0.104,-0.107,1.005,-41.554,-2.870,-37.888,Pitch
0.049,-0.203,1.055,-17.798,-7.997,-8.873,Pitch
0.017,-0.233,1.035,-15.627,2.931,-1.505,Pitch
0.015,-0.219,0.996,-22.120,12.023,1.969,Pitch
-0.008,-0.257,1.023,-8.164,-2.152,1.391,Pitch
0.008,-0.225,0.986,44.013,-12.084,7.945,Pitch
0.036,-0.200,0.943,71.960,-11.069,15.627,Pitch
0.019,-0.153,0.906,104.003,-4.812,11.025,Pitch
0.002,-0.022,0.981,134.960,-10.658,6.230,Pitch
0.041,-0.013,0.976,174.379,-6.956,10.238,Pitch
0.016,-0.016,1.058,185.036,-3.045,11.979,Pitch
0.013,0.113,1.003,163.170,-8.549,6.825,Pitch
0.040,0.226,0.936,147.717,-16.835,3.964,Pitch
0.055,0.276,0.952,156.275,-8.750,4.034,Pitch
0.069,0.327,0.983,156.739,-5.530,7.910,Pitch
0.089,0.374,0.950,148.986,-6.309,16.686,Pitch
0.040,0.468,0.906,143.474,-3.509,25.567,Pitch
0.064,0.509,0.870,133.630,-0.157,20.379,Pitch
0.076,0.576,0.909,129.579,-4.865,21.350,Pitch
0.068,0.586,0.779,122.080,-11.445,27.361,Pitch
0.041,0.611,0.791,114.555,-10.203,24.237,Pitch
0.083,0.690,0.772,90.213,-7.709,16.529,Pitch
0.089,0.704,0.677,84.079,-9.056,18.191,Pitch
0.063,0.736,0.715,75.189,-6.939,12.618,Pitch
0.083,0.737,0.693,54.994,-11.445,3.412,Pitch
0.118,0.774,0.739,33.110,-7.280,0.018,Pitch
0.106,0.762,0.723,10.946,-1.811,-0.752,Pitch
0.103,0.766,0.694,-16.441,0.525,-4.069,Pitch
0.086,0.767,0.746,-47.653,1.619,-4.673,Pitch
0.093,0.716,0.751,-86.730,-3.281,-11.060,Pitch
0.088,0.696,0.759,-114.643,0.639,-13.046,Pitch
0.051,0.716,0.835,-148.041,-9.459,-18.358,Pitch
0.117,0.563,0.817,-193.629,-32.769,-33.451,Pitch
0.166,0.481,0.804,-187.583,-17.054,-21.954,Pitch
0.092,0.467,0.921,-177.152,-2.205,-14.656,Pitch
0.080,0.395,0.912,-170.170,0.569,-14.114,Pitch
0.079,0.241,0.950,-196.534,-7.630,-18.524,Pitch
0.092,0.086,0.961,-205.327,8.172,-7.359,Pitch
0.037,0.191,0.869,-214.690,-1.120,5.477,Pitch
0.049,0.136,1.066,-105.796,24.675,-6.414,Pitch
0.076,-0.056,0.996,-98.289,27.895,-5.600,Pitch
0.020,-0.098,0.979,-127.374,18.235,-0.026,Pitch
0.019,-0.098,1.033,-126.359,21.980,4.891,Pitch
0.010,-0.152,1.053,-119.893,24.728,3.378,Pitch
0.038,-0.216,1.001,-98.884,11.550,13.825,Pitch
0.021,-0.184,0.982,-100.826,1.750,4.016,Pitch
0.002,-0.318,0.988,-104.134,3.369,4.637,Pitch
0.000,-0.304,0.900,-89.889,2.301,11.113,Pitch
0.006,-0.310,0.965,-70.079,-10.325,4.427,Pitch
0.053,-0.388,0.799,-35.193,-2.537,1.409,Pitch
0.023,-0.344,0.910,3.168,8.444,6.606,Pitch
0.025,-0.330,0.881,43.803,4.436,7.219,Pitch
-0.007,-0.348,0.887,110.985,4.646,13.667,Pitch
0.008,-0.281,0.959,166.232,-11.471,17.071,Pitch
-0.012,-0.194,0.952,204.619,-24.316,21.534,Pitch
-0.049,0.030,1.078,228.357,-21.718,10.885,Pitch
-0.035,0.041,1.023,227.964,4.909,-6.528,Pitch
0.055,0.122,0.916,218.890,-40.792,-9.922,Pitch
0.039,0.186,0.918,226.354,-42.612,3.745,Pitch
-0.016,0.384,0.960,256.104,-41.449,0.962,Pitch
0.066,0.463,1.014,214.288,-36.969,-21.726,Pitch
0.072,0.506,0.970,161.814,-22.558,-18.183,Pitch
0.084,0.599,0.903,151.699,-19.163,-13.519,Pitch
0.111,0.593,0.761,149.992,-20.186,-9.109,Pitch
0.155,0.620,0.738,158.681,-17.439,4.069,Pitch
0.058,0.711,0.638,153.212,-8.514,14.026,Pitch
0.077,0.782,0.749,128.643,-13.545,8.391,Pitch
0.146,0.811,0.650,113.111,-14.411,11.708,Pitch
0.106,0.830,0.552,102.524,0.350,9.669,Pitch
0.069,0.803,0.563,87.412,13.431,-0.840,Pitch
0.146,0.821,0.487,81.349,15.444,1.768,Pitch
0.058,0.884,0.546,72.887,22.706,2.844,Pitch
0.069,0.896,0.472,45.561,15.286,-5.836,Pitch
0.065,0.897,0.469,33.232,10.710,-5.653,Pitch
0.057,0.878,0.479,10.797,0.315,-2.100,Pitch
0.093,0.900,0.406,-3.001,-1.654,0.621,Pitch
0.069,0.917,0.433,6.641,2.406,-0.892,Pitch
0.076,0.889,0.494,-2.590,1.785,-1.706,Pitch
0.089,0.877,0.459,-29.654,-0.735,0.744,Pitch
0.081,0.893,0.450,-34.650,-0.752,1.654,Pitch
0.074,0.877,0.539,-43.068,-3.483,-0.123,Pitch
0.082,0.896,0.643,-96.259,-13.834,3.491,Pitch
0.097,0.899,0.645,-141.330,-14.542,2.188,Pitch
0.073,0.840,0.684,-168.175,-8.995,-4.751,Pitch
0.071,0.795,0.736,-242.489,-22.671,-18.410,Pitch
0.134,0.653,0.740,-247.048,-32.882,-16.354,Pitch
0.089,0.618,0.730,-213.290,-25.042,-3.588,Pitch
0.112,0.498,0.858,-208.941,-13.274,-3.797,Pitch
0.085,0.433,0.912,-251.562,-9.783,-5.504,Pitch
0.110,0.325,0.963,-256.375,-6.090,-7.289,Pitch
0.131,0.234,0.938,-225.304,10.841,4.935,Pitch
0.090,0.077,0.889,-233.520,29.619,8.304,Pitch
0.061,-0.028,0.977,-221.830,40.880,7.429,Pitch
0.109,-0.077,1.082,-200.533,16.564,7.210,Pitch
0.130,-0.183,0.967,-193.576,5.224,13.344,Pitch
0.061,-0.242,0.859,-173.092,5.915,15.873,Pitch
0.018,-0.332,0.990,-147.262,8.129,21.245,Pitch
-0.034,-0.393,0.856,-119.324,3.640,23.205,Pitch
0.059,-0.401,0.990,-100.354,-5.233,0.595,Pitch
0.094,-0.456,0.860,-99.137,-10.080,9.467,Pitch
0.017,-0.528,0.869,-79.599,1.067,27.195,Pitch
0.030,-0.468,0.857,-55.475,10.955,24.036,Pitch
0.062,-0.538,0.843,-38.658,-5.932,11.454,Pitch
-0.031,-0.521,0.824,-17.421,3.115,3.369,Pitch
0.035,-0.581,0.791,14.210,-1.207,-13.738,Pitch
0.009,-0.585,0.879,41.606,-3.693,-10.745,Pitch
0.042,-0.505,0.752,90.064,-5.845,-13.501,Pitch
0.097,-0.533,0.793,155.488,-6.641,1.636,Pitch
0.010,-0.365,0.726,213.019,-10.684,14.534,Pitch
0.055,-0.194,0.972,206.133,-23.931,10.964,Pitch
0.059,-0.057,0.920,233.030,-10.701,0.420,Pitch
0.014,0.007,0.947,260.978,-16.747,-3.579,Pitch
0.063,0.061,1.066,267.899,-15.811,-10.675,Pitch
0.078,0.122,1.018,254.144,-6.545,-1.531,Pitch
0.056,0.248,1.112,218.523,-15.453,9.030,Pitch
0.102,0.347,1.037,189.551,-15.934,9.940,Pitch
0.042,0.424,0.887,193.795,-15.339,14.271,Pitch
0.007,0.489,0.805,224.919,1.768,3.141,Pitch
0.027,0.573,0.871,194.801,6.186,-8.391,Pitch
0.078,0.655,0.852,160.046,-6.948,-5.162,Pitch
0.063,0.819,0.823,157.290,-21.061,-3.693,Pitch
0.085,0.703,0.765,154.245,-9.249,-9.599,Pitch
0.067,0.765,0.658,140.613,6.939,-7.315,Pitch
0.065,0.854,0.640,120.269,-0.166,-2.704,Pitch
0.072,0.848,0.713,63.324,-13.186,-2.362,Pitch
0.094,0.797,0.530,16.686,-11.130,2.319,Pitch
0.086,0.841,0.640,-12.740,-3.535,-5.233,Pitch
0.095,0.823,0.720,-53.007,-2.537,-5.294,Pitch
0.110,0.748,0.756,-117.670,-14.193,-2.179,Pitch
0.156,0.792,0.773,-184.861,-17.876,19.749,Pitch
0.059,0.712,0.773,-215.898,-16.538,26.399,Pitch
0.114,0.658,0.871,-242.025,-24.859,25.611,Pitch
0.128,0.567,0.920,-286.064,-26.801,32.139,Pitch
0.055,0.488,0.867,-284.804,-10.316,19.215,Pitch
0.118,0.328,0.846,-246.242,-3.763,10.229,Pitch
0.169,0.234,0.848,-203.980,-4.673,7.779,Pitch
0.178,0.100,0.969,-181.667,3.815,18.673,Pitch
0.097,0.058,1.008,-191.406,27.737,35.228,Pitch
0.106,-0.055,0.922,-156.214,37.984,23.747,Pitch
0.091,-0.159,0.956,-140.665,47.425,24.465,Pitch
0.049,-0.199,1.005,-123.874,49.569,15.750,Pitch
0.031,-0.216,1.068,-109.646,27.580,4.060,Pitch
0.052,-0.299,0.983,-123.961,22.706,-5.582,Pitch
0.049,-0.417,0.976,-126.857,21.472,3.832,Pitch
0.042,-0.373,0.937,-130.086,26.320,22.076,Pitch
0.033,-0.359,0.935,-126.735,13.930,16.669,Pitch
0.015,-0.436,0.802,-108.089,-5.932,-3.229,Pitch
0.008,-0.527,0.855,-82.793,1.628,-2.345,Pitch
-0.059,-0.551,0.907,-58.730,2.940,19.372,Pitch
0.019,-0.541,0.714,-55.064,10.080,3.237,Pitch
-0.012,-0.493,0.605,26.731,-4.602,-6.930,Pitch
0.020,-0.483,0.610,98.438,-23.205,-11.996,Pitch
-0.014,-0.496,0.866,180.372,-31.745,-13.834,Pitch
0.043,-0.395,0.930,219.756,-42.219,-18.778,Pitch
0.088,-0.221,0.900,243.714,-14.709,-12.600,Pitch
0.039,-0.100,0.988,253.872,-5.031,-15.006,Pitch
0.105,0.069,0.955,280.175,-18.655,-26.801,Pitch
0.103,0.161,1.046,286.685,-16.712,-36.138,Pitch
0.076,0.181,1.131,285.836,-16.310,-23.581,Pitch
0.026,0.265,1.077,262.841,-23.030,-18.506,Pitch
0.102,0.460,0.918,260.251,-9.476,-6.186,Pitch
0.080,0.583,0.759,254.284,-18.104,-1.619,Pitch
0.094,0.686,0.788,276.448,-9.914,-4.358,Pitch
0.065,0.742,0.761,286.685,15.741,-5.775,Pitch
0.118,0.777,0.792,256.008,29.619,-2.406,Pitch
0.069,0.888,0.683,174.449,22.846,8.164,Pitch
0.033,0.948,0.433,140.954,11.427,10.176,Pitch
0.068,0.927,0.356,150.404,4.427,6.860,Pitch
0.080,0.885,0.451,149.161,4.699,5.145,Pitch
0.089,0.974,0.430,106.120,0.446,2.380,Pitch
0.079,0.973,0.441,33.591,-1.732,5.609,Pitch
0.050,0.957,0.350,-4.874,-1.120,5.206,Pitch
0.038,0.921,0.355,-50.540,-6.738,-3.465,Pitch
0.042,0.931,0.292,-74.357,5.206,-9.791,Pitch
0.031,0.946,0.465,-83.580,-4.874,-12.722,Pitch
0.039,0.977,0.709,-119.499,-13.449,-21.779,Pitch
-0.004,0.963,0.633,-227.159,-9.502,-31.763,Pitch
0.074,0.900,0.527,-264.285,-14.245,-28.560,Pitch
0.044,0.785,0.680,-243.591,-34.396,-14.866,Pitch
0.177,0.771,0.811,-264.924,-54.390,-10.719,Pitch
0.068,0.627,0.716,-284.909,-50.033,4.148,Pitch
0.104,0.450,0.751,-250.670,-40.241,12.757,Pitch
0.125,0.413,0.935,-226.424,-19.119,18.104,Pitch
0.062,0.301,0.883,-227.360,-11.261,15.234,Pitch
0.134,0.237,0.904,-204.041,-10.719,6.230,Pitch
0.167,0.080,0.890,-193.226,5.994,15.627,Pitch
0.065,-0.026,0.976,-161.761,28.289,23.573,Pitch
0.050,-0.101,1.055,-145.600,30.354,21.770,Pitch
0.080,-0.093,0.989,-145.101,27.116,15.076,Pitch
0.074,-0.193,0.962,-143.693,14.613,14.017,Pitch
0.048,-0.261,1.025,-125.414,13.807,19.022,Pitch
0.023,-0.312,1.005,-127.925,15.627,14.280,Pitch
0.061,-0.380,1.019,-109.970,5.609,10.727,Pitch
0.005,-0.390,0.987,-125.213,4.506,20.948,Pitch
0.039,-0.359,0.841,-116.393,-1.977,-7.472,Pitch
0.079,-0.435,0.803,-91.009,3.299,-4.874,Pitch
0.040,-0.521,0.833,-39.716,5.031,9.109,Pitch
-0.009,-0.542,0.918,-21.709,11.725,9.170,Pitch
-0.013,-0.528,0.775,3.194,7.061,-1.050,Pitch
0.060,-0.482,0.718,43.741,-10.885,-10.089,Pitch
0.039,-0.444,0.810,100.503,-5.688,2.721,Pitch
0.005,-0.419,0.963,129.404,9.730,11.261,Pitch
0.009,-0.357,1.010,152.976,-10.089,10.273,Pitch
0.022,-0.256,0.959,163.739,-28.683,10.491,Pitch
0.067,-0.223,0.806,190.881,-26.792,9.415,Pitch
0.010,0.033,0.995,233.572,18.218,-2.152,Pitch
0.001,0.091,0.956,246.312,12.469,-21.131,Pitch
-0.026,0.159,0.931,263.961,-25.200,-29.059,Pitch
0.039,0.229,1.006,260.575,-35.044,-42.735,Pitch
0.075,0.264,1.047,250.346,-30.608,-28.814,Pitch
0.142,0.434,0.975,248.386,-10.141,-3.622,Pitch
0.047,0.561,0.831,243.784,-4.375,11.594,Pitch
-0.019,0.612,0.726,252.569,4.681,-1.628,Pitch
0.104,0.786,0.793,247.905,12.757,-8.715,Pitch
0.047,0.855,0.758,216.598,5.530,12.259,Pitch
0.030,0.819,0.640,191.704,12.871,11.865,Pitch
0.035,0.881,0.517,167.178,10.868,11.436,Pitch
0.038,0.996,0.537,158.900,0.560,11.769,Pitch
0.059,0.936,0.456,128.083,-1.400,16.389,Pitch
0.068,0.925,0.450,102.217,4.979,15.592,Pitch
0.052,1.012,0.318,72.109,-2.608,14.691,Pitch
0.081,0.913,0.223,77.096,0.175,13.720,Pitch
0.041,0.951,0.262,79.406,6.335,3.745,Pitch
0.027,0.989,0.225,60.944,2.642,0.656,Pitch
0.066,0.954,0.186,35.954,1.146,-0.192,Pitch
0.083,0.958,0.222,21.149,0.639,-0.394,Pitch
0.066,0.952,0.267,-15.479,-5.093,2.625,Pitch
0.031,0.965,0.321,-48.431,-7.674,0.744,Pitch
0.088,0.968,0.315,-106.566,-15.260,2.170,Pitch
0.075,0.987,0.430,-139.029,-1.164,6.160,Pitch
0.064,0.998,0.517,-186.664,-3.071,-2.616,Pitch
0.054,0.975,0.553,-218.960,-5.320,-4.576,Pitch
0.101,0.954,0.531,-250.268,-18.060,-6.177,Pitch
0.060,0.753,0.546,-241.902,-32.463,-5.863,Pitch
0.053,0.708,0.642,-219.258,-37.118,-6.606,Pitch
0.110,0.692,0.760,-216.790,-22.872,-9.153,Pitch
0.131,0.553,0.718,-214.279,-11.410,-11.200,Pitch
0.133,0.476,0.968,-188.466,-1.785,3.045,Pitch
0.065,0.400,0.852,-205.896,22.820,1.811,Pitch
0.111,0.293,0.883,-217.149,12.828,-2.686,Pitch
0.158,0.257,0.903,-223.536,23.669,-0.280,Pitch
0.071,0.109,0.958,-202.536,47.565,14.639,Pitch
0.058,-0.023,1.104,-165.314,29.444,18.716,Pitch
0.079,-0.009,1.014,-175.744,4.559,20.370,Pitch
0.040,-0.146,1.064,-187.775,1.059,22.942,Pitch
-0.052,-0.074,0.927,-184.931,18.882,9.196,Pitch
0.039,-0.189,1.005,-149.984,6.738,-7.779,Pitch
0.032,-0.297,0.970,-139.195,4.891,0.262,Pitch
0.045,-0.390,0.867,-112.315,-0.814,2.791,Pitch
-0.011,-0.407,0.968,-91.700,-0.140,4.856,Pitch
0.069,-0.449,0.803,-61.792,8.321,5.355,Pitch
-0.022,-0.461,0.775,-3.299,-2.747,3.868,Pitch
-0.034,-0.444,0.844,28.612,-2.371,4.016,Pitch
0.045,-0.392,0.812,83.816,-21.735,-5.329,Pitch
0.058,-0.334,0.916,136.255,-24.255,13.108,Pitch
0.033,-0.325,0.926,185.701,-17.456,22.155,Pitch
0.012,-0.227,0.759,214.839,-17.115,14.017,Pitch
0.066,-0.034,1.085,258.930,-24.290,5.399,Pitch
0.014,0.096,1.031,258.598,-4.821,1.750,Pitch
0.008,0.145,0.992,273.105,2.293,-13.169,Pitch
0.088,0.237,1.150,256.742,15.645,-17.316,Pitch
0.030,0.326,0.962,217.175,-10.570,-5.206,Pitch
0.033,0.440,0.911,219.170,-19.066,-2.284,Pitch
0.074,0.522,0.956,222.644,-16.817,-3.342,Pitch
0.084,0.606,0.902,208.276,-15.706,6.055,Pitch
0.053,0.624,0.725,195.064,-19.889,8.557,Pitch
0.049,0.740,0.717,200.655,-4.375,0.639,Pitch
0.079,0.809,0.744,178.264,-0.779,1.654,Pitch
0.098,0.858,0.678,163.021,3.727,6.309,Pitch
0.064,0.815,0.512,150.771,11.165,11.795,Pitch
0.047,0.873,0.472,140.429,15.234,7.656,Pitch
0.071,0.934,0.476,117.661,11.944,5.451,Pitch
0.076,0.959,0.405,105.866,13.108,8.409,Pitch
0.074,0.923,0.329,101.036,11.699,8.015,Pitch
0.046,0.979,0.337,77.219,11.349,7.455,Pitch
0.078,0.993,0.284,48.423,-2.091,8.330,Pitch
0.049,0.934,0.258,32.690,-1.977,5.582,Pitch
0.060,0.939,0.275,-0.123,1.234,-1.619,Pitch
0.063,0.974,0.334,-44.520,-1.872,0.971,Pitch
0.062,0.946,0.282,-70.105,-6.335,1.977,Pitch
0.067,0.912,0.337,-79.607,-3.727,0.324,Pitch
0.040,0.917,0.591,-140.534,6.904,-7.044,Pitch
0.054,0.951,0.603,-221.725,3.981,-16.853,Pitch
0.050,0.952,0.547,-247.686,-5.145,-14.315,Pitch
0.036,0.803,0.578,-244.982,-8.085,-28.814,Pitch
0.053,0.701,0.634,-244.773,-8.111,-22.995,Pitch
0.030,0.710,0.763,-245.122,-11.568,-31.579,Pitch
0.034,0.633,0.913,-254.896,-31.789,-27.650,Pitch
0.009,0.497,0.956,-262.290,-27.177,-20.458,Pitch
0.064,0.401,0.879,-286.142,-11.331,-31.815,Pitch
0.130,0.180,0.769,-285.600,-8.846,-29.671,Pitch
0.174,0.112,1.111,-238.044,-14.621,-10.736,Pitch
0.116,0.016,1.012,-230.335,-16.004,-1.487,Pitch
0.011,-0.106,0.805,-209.291,-4.174,4.664,Pitch
0.076,-0.240,0.899,-161.473,-3.089,2.056,Pitch
0.105,-0.270,1.020,-128.292,-5.539,11.252,Pitch
0.063,-0.363,1.025,-114.494,-8.890,11.358,Pitch
0.087,-0.430,0.994,-102.113,-9.581,6.291,Pitch
0.027,-0.481,1.012,-114.109,-0.052,6.309,Pitch
0.059,-0.432,0.882,-88.918,-11.086,-5.950,Pitch
0.072,-0.433,0.813,-54.110,-16.476,-6.457,Pitch
0.145,-0.460,0.925,9.389,-18.174,-1.803,Pitch
0.099,-0.430,0.929,27.580,-9.319,18.183,Pitch
0.015,-0.480,0.859,78.881,-4.532,19.407,Pitch
0.037,-0.333,0.817,134.076,-11.988,18.743,Pitch
0.069,-0.226,0.736,210.551,-31.491,13.046,Pitch
0.146,-0.145,0.879,259.717,-4.392,24.780,Pitch
0.102,-0.088,1.087,284.900,4.323,32.471,Pitch
0.058,-0.026,1.161,286.685,6.869,14.306,Pitch
0.098,0.150,1.024,286.685,33.819,-12.425,Pitch
0.092,0.297,0.929,275.599,25.655,-2.931,Pitch
0.102,0.510,0.961,285.198,-4.016,34.125,Pitch
0.041,0.581,0.799,283.780,0.945,37.249,Pitch
0.040,0.662,0.865,284.008,19.276,24.483,Pitch
-0.061,0.811,0.946,238.140,37.424,1.540,Pitch
-0.027,0.758,0.682,195.405,14.219,4.349,Pitch
0.102,0.800,0.544,193.777,-2.013,15.347,Pitch
-0.023,0.917,0.559,184.056,-6.711,17.115,Pitch
0.014,0.862,0.520,137.393,3.474,-16.362,Pitch
0.183,0.840,0.339,93.896,19.163,-7.289,Pitch
0.059,0.939,0.312,105.796,15.033,20.414,Pitch
-0.006,0.927,0.345,87.815,-0.201,14.858,Pitch
0.001,0.957,0.423,9.800,-6.878,-3.955,Pitch
-0.049,0.917,0.479,-71.094,-3.325,-22.435,Pitch
0.004,0.932,0.389,-116.174,-10.307,-37.354,Pitch
0.030,0.948,0.327,-121.293,-21.376,-34.667,Pitch
-0.009,0.882,0.628,-143.133,-14.438,-32.252,Pitch
-0.002,0.722,0.614,-231.639,4.909,-30.048,Pitch
-0.030,0.833,0.605,-278.810,-2.783,-25.401,Pitch
0.038,0.800,0.665,-286.685,-54.574,-24.167,Pitch
0.019,0.629,0.794,-286.685,-56.376,-12.714,Pitch
-0.003,0.439,0.860,-286.685,-26.696,-18.795,Pitch
0.058,0.418,0.864,-286.685,-24.763,-24.649,Pitch
0.160,0.263,0.945,-286.685,-49.866,-14.831,Pitch
0.070,0.047,0.987,-273.700,-39.104,16.555,Pitch
0.088,-0.013,0.695,-264.154,12.189,16.433,Pitch
0.021,-0.130,0.795,-223.020,39.016,27.177,Pitch
0.006,-0.237,0.992,-171.938,33.355,38.386,Pitch
-0.017,-0.318,0.957,-115.150,8.960,8.601,Pitch
-0.018,-0.364,0.904,-83.851,23.861,-7.341,Pitch
-0.101,-0.302,1.043,-51.756,25.970,-14.184,Pitch
0.104,-0.480,0.923,-50.225,0.079,-19.959,Pitch
0.036,-0.461,0.996,-24.876,-4.191,1.269,Pitch
0.010,-0.448,1.014,-1.531,7.184,4.253,Pitch
-0.007,-0.406,1.003,6.291,2.450,3.246,Pitch
-0.030,-0.425,0.929,30.065,-6.142,-3.491,Pitch
0.018,-0.316,0.824,90.213,-22.881,-5.451,Pitch
0.056,-0.149,0.893,184.520,-21.892,0.052,Pitch
0.142,-0.125,0.930,211.531,-22.663,-4.751,Pitch
0.035,-0.002,0.994,259.508,-14.892,13.169,Pitch
0.022,0.143,0.937,286.668,-35.630,-5.399,Pitch
-0.030,0.194,1.009,276.237,-30.362,-34.396,Pitch
0.034,0.187,1.058,265.326,-17.316,-41.711,Pitch
0.039,0.309,1.181,277.865,-12.924,-22.531,Pitch
0.047,0.499,0.770,284.804,-6.326,-5.119,Pitch
0.084,0.624,0.742,286.685,-6.921,-14.779,Pitch
0.088,0.755,0.781,286.685,-4.602,-12.259,Pitch
0.071,0.831,0.739,238.875,7.656,5.451,Pitch
0.043,0.816,0.585,190.820,0.420,7.394,Pitch
0.051,0.909,0.517,159.652,-13.738,9.651,Pitch
0.069,0.922,0.461,148.566,-20.808,16.782,Pitch
0.071,0.951,0.375,162.732,-12.915,16.030,Pitch
0.053,0.963,0.420,119.228,-1.487,2.013,Pitch
0.059,0.942,0.296,45.430,-4.585,-4.760,Pitch
0.078,0.903,0.229,21.429,-2.975,-7.543,Pitch
0.080,0.932,0.211,13.309,-0.901,-9.905,Pitch
0.035,0.972,0.290,5.311,0.507,-15.488,Pitch
0.036,0.969,0.260,-28.017,-8.855,-18.401,Pitch
0.058,0.890,0.348,-41.466,-4.532,-26.198,Pitch
0.033,0.943,0.333,-104.720,1.925,-19.784,Pitch
0.064,0.936,0.438,-165.113,-6.974,-8.741,Pitch
0.044,0.892,0.685,-219.852,-12.320,9.319,Pitch
0.031,0.862,0.667,-281.628,-22.356,13.134,Pitch
0.075,0.742,0.592,-286.685,-20.808,20.869,Pitch
0.043,0.733,0.771,-286.685,0.499,28.254,Pitch
0.043,0.593,0.915,-286.685,-18.279,27.484,Pitch
0.107,0.468,1.030,-286.685,-32.121,13.440,Pitch
0.101,0.262,0.803,-286.685,18.603,3.220,Pitch
0.059,0.020,0.824,-286.685,42.534,-3.124,Pitch
0.107,-0.193,1.118,-286.659,52.710,7.359,Pitch
-0.003,-0.244,1.068,-286.457,45.447,8.925,Pitch
-0.026,-0.384,0.680,-209.982,19.136,14.954,Pitch
0.034,-0.388,0.782,-101.719,33.897,11.410,Pitch
-0.007,-0.416,0.988,-33.854,18.856,9.949,Pitch
-0.029,-0.496,0.963,-19.635,5.495,1.610,Pitch
-0.032,-0.522,0.958,-6.956,1.339,-4.690,Pitch
0.001,-0.432,0.986,18.270,-5.469,-8.881,Pitch
-0.010,-0.452,1.004,29.558,-14.516,-3.981,Pitch
-0.001,-0.426,0.961,37.118,-14.542,-3.395,Pitch
0.001,-0.355,0.850,69.571,-16.949,4.944,Pitch
0.006,-0.280,0.794,147.700,-23.310,11.568,Pitch
0.081,-0.110,0.847,234.299,-46.778,8.811,Pitch
0.074,-0.019,0.863,276.491,-53.812,9.546,Pitch
0.116,0.105,0.940,286.685,-49.840,14.726,Pitch
0.108,0.351,1.085,286.685,-35.761,14.744,Pitch
0.043,0.413,1.158,286.685,-43.409,-8.523,Pitch
0.051,0.352,1.065,272.361,-51.555,-19.478,Pitch
0.093,0.371,0.919,273.376,-24.920,-6.309,Pitch
0.167,0.679,0.822,280.087,-27.344,18.358,Pitch
0.137,0.764,0.622,269.920,-21.595,21.595,Pitch
0.137,0.811,0.623,266.271,-12.915,17.430,Pitch
0.130,0.977,0.570,283.631,-21.472,14.166,Pitch
0.100,0.909,0.379,267.453,-36.873,-6.221,Pitch
0.220,0.861,0.278,242.051,-19.031,-1.768,Pitch
0.213,0.993,0.199,225.006,-1.094,2.345,Pitch
0.137,1.090,0.193,176.811,-3.902,-2.818,Pitch
0.122,0.972,0.090,126.481,-6.606,-12.066,Pitch
0.112,1.015,-0.032,92.365,-11.515,-19.058,Pitch
0.116,0.964,-0.154,86.179,-13.764,-24.876,Pitch
0.149,1.012,-0.037,94.211,-19.241,-25.506,Pitch
0.127,0.931,-0.085,45.430,-7.613,-19.233,Pitch
0.123,0.927,-0.088,-8.636,-1.391,-19.189,Pitch
0.124,0.949,-0.152,-37.660,-0.341,-20.177,Pitch
0.108,0.917,-0.011,-66.745,11.629,-11.375,Pitch
0.117,1.008,0.002,-126.639,17.824,-13.554,Pitch
0.108,1.058,0.173,-182.420,21.621,-17.378,Pitch
0.099,1.039,0.206,-221.594,16.424,-19.434,Pitch
0.112,0.984,0.187,-253.706,30.826,-14.989,Pitch
-0.008,0.945,0.288,-245.761,43.120,-13.851,Pitch
0.020,0.944,0.447,-217.096,11.462,-10.351,Pitch
0.050,0.868,0.671,-229.075,-2.651,-8.698,Pitch
0.008,0.935,0.614,-278.513,-4.165,-0.350,Pitch
-0.014,0.829,0.648,-279.501,-9.634,-3.727,Pitch
0.012,0.619,0.593,-281.654,-39.646,-9.380,Pitch
0.063,0.489,0.747,-259.446,-38.736,-12.092,Pitch
0.085,0.416,0.822,-286.527,-52.159,0.840,Pitch
0.128,0.315,1.015,-286.685,-7.709,1.689,Pitch
0.082,0.117,1.149,-286.169,8.435,-0.534,Pitch
0.143,0.073,1.106,-286.353,-12.967,-6.247,Pitch
0.091,-0.022,0.642,-258.711,-12.959,-8.505,Pitch
0.025,-0.212,0.916,-189.149,32.279,12.425,Pitch
0.101,-0.355,1.030,-129.658,37.704,11.865,Pitch
0.112,-0.209,1.001,-97.659,18.270,22.032,Pitch
0.028,-0.297,0.906,-64.671,6.956,13.991,Pitch
0.050,-0.440,0.956,-27.965,9.896,-8.811,Pitch
0.071,-0.426,0.997,-14.639,15.698,-10.448,Pitch
0.105,-0.435,0.971,-4.821,7.324,-5.915,Pitch
0.071,-0.379,0.976,20.921,-16.100,7.193,Pitch
0.062,-0.352,0.816,49.350,-28.385,10.701,Pitch
0.057,-0.272,0.857,111.291,-28.035,11.533,Pitch
0.118,-0.194,0.732,166.600,-23.319,12.609,Pitch
0.152,-0.000,0.657,284.515,-20.685,20.729,Pitch
0.009,0.213,1.047,286.685,-22.347,17.885,Pitch
0.074,0.343,0.997,286.685,-12.119,-3.141,Pitch
0.130,0.526,0.892,286.685,-47.268,5.959,Pitch
0.130,0.688,0.825,286.685,-60.025,8.216,Pitch
0.110,0.793,0.788,286.685,-8.041,15.243,Pitch
0.140,1.094,0.619,286.685,-12.136,-6.090,Pitch
0.136,1.027,0.411,286.685,-1.024,-24.754,Pitch
0.117,1.058,0.222,286.685,2.984,-19.749,Pitch
0.130,1.093,0.106,286.685,-3.999,-3.483,Pitch
0.087,1.068,-0.028,286.685,-13.387,12.049,Pitch
0.068,1.031,-0.071,238.726,-19.757,2.634,Pitch
0.141,0.911,-0.226,98.787,-15.365,5.057,Pitch
0.123,0.858,-0.383,70.744,-2.818,9.783,Pitch
0.086,0.861,-0.369,79.450,-7.385,2.441,Pitch
0.107,0.828,-0.398,71.286,-0.455,-13.939,Pitch
0.116,0.836,-0.357,42.333,7.009,-18.121,Pitch
0.115,0.865,-0.332,-16.433,5.451,-19.040,Pitch
0.093,0.909,-0.256,-67.637,1.558,-18.524,Pitch
0.060,0.926,-0.242,-120.234,-1.601,-22.015,Pitch
0.093,0.953,-0.109,-202.738,-0.262,-24.929,Pitch
0.150,0.999,0.050,-285.854,2.013,-17.771,Pitch
0.067,1.112,0.156,-286.685,-3.395,-8.417,Pitch
0.001,1.196,0.090,-286.685,26.705,-13.991,Pitch
-0.071,0.947,0.312,-286.685,41.676,-7.385,Pitch
-0.085,1.088,0.501,-286.685,15.137,6.764,Pitch
0.109,1.013,0.680,-286.685,-14.324,-59.089,Pitch
0.107,0.679,0.608,-286.685,-3.579,-33.031,Pitch
0.101,0.562,0.854,-286.685,-17.325,-23.503,Pitch
0.071,0.417,0.981,-286.685,-14.324,-3.299,Pitch
0.157,0.261,0.705,-286.685,25.218,1.645,Pitch
0.107,0.146,0.915,-282.223,1.120,13.632,Pitch
0.067,-0.023,1.015,-267.601,0.009,20.904,Pitch
-0.062,-0.171,0.707,-229.810,27.615,24.920,Pitch
-0.008,-0.222,0.985,-163.590,26.959,3.054,Pitch
0.097,-0.252,0.951,-115.176,11.025,7.472,Pitch
0.008,-0.315,1.009,-92.951,5.180,6.003,Pitch
0.000,-0.369,0.918,-59.465,3.868,9.459,Pitch
-0.013,-0.491,0.994,-42.857,1.584,15.619,Pitch
-0.040,-0.376,0.901,-19.862,-4.226,4.086,Pitch
0.026,-0.322,0.924,4.305,-11.821,-0.070,Pitch
0.003,-0.339,0.880,44.660,-23.555,8.575,Pitch
-0.019,-0.363,0.872,93.730,-27.388,16.301,Pitch
-0.077,-0.355,0.937,150.938,-56.210,-2.949,Pitch
0.067,-0.171,0.876,176.794,-39.322,-19.171,Pitch
0.064,-0.043,0.840,245.490,-23.327,-15.523,Pitch
0.095,0.114,1.047,286.685,-30.529,-12.302,Pitch
0.111,0.187,1.101,286.685,-11.778,-11.734,Pitch
0.060,0.238,1.082,286.685,-9.074,-5.136,Pitch
0.046,0.483,0.948,286.685,-37.800,19.434,Pitch
0.097,0.611,0.859,286.685,-34.554,10.920,Pitch
0.174,0.650,0.764,286.685,-19.250,16.511,Pitch
0.112,0.814,0.677,286.685,-25.786,30.030,Pitch
0.152,0.912,0.583,286.685,-31.334,27.597,Pitch
0.156,1.002,0.576,246.846,-14.788,27.493,Pitch
0.114,1.002,0.413,198.188,-11.279,22.251,Pitch
0.148,0.923,0.210,178.238,-6.309,12.898,Pitch
0.192,0.963,0.126,161.516,-14.901,15.085,Pitch
0.139,0.978,0.109,140.648,-17.692,12.653,Pitch
0.130,0.998,0.136,71.662,-19.959,3.596,Pitch
0.147,0.941,-0.005,33.967,-23.126,-1.514,Pitch
0.158,0.932,-0.050,22.199,-15.846,-12.486,Pitch
0.186,0.951,0.019,9.389,-7.105,-18.821,Pitch
0.158,0.943,0.062,-25.007,6.108,-19.346,Pitch
0.139,0.974,0.023,-54.565,6.624,-23.782,Pitch
0.156,0.974,0.082,-66.421,6.134,-23.993,Pitch
0.162,0.913,0.085,-87.404,9.231,-15.706,Pitch
0.150,0.898,0.184,-151.226,26.513,-10.894,Pitch
0.109,0.914,0.331,-208.801,50.531,-9.240,Pitch
0.034,1.004,0.419,-286.685,71.540,-18.296,Pitch
0.034,0.996,0.593,-286.685,31.439,-29.645,Pitch
0.075,0.827,0.551,-286.685,3.246,-21.630,Pitch
0.022,0.626,0.701,-286.685,33.967,-29.234,Pitch
0.099,0.660,1.039,-286.685,9.993,-39.182,Pitch
0.196,0.407,0.917,-286.685,-34.020,-26.180,Pitch
0.151,0.216,0.885,-286.685,3.001,-3.596,Pitch
-0.042,0.064,0.792,-286.685,64.444,7.359,Pitch
-0.087,-0.044,1.074,-247.450,43.592,9.065,Pitch
0.117,-0.228,0.866,-190.969,25.970,11.445,Pitch
-0.010,-0.426,0.850,-114.354,30.546,14.578,Pitch
-0.046,-0.519,1.008,-75.084,37.065,14.306,Pitch
-0.082,-0.421,0.951,-40.941,25.427,19.075,Pitch
-0.108,-0.414,1.065,-4.104,5.932,6.694,Pitch
-0.084,-0.426,1.009,15.811,-14.227,2.993,Pitch
-0.078,-0.363,0.982,39.620,-19.215,2.074,Pitch
-0.048,-0.262,0.814,72.170,-49.604,-2.284,Pitch
0.041,-0.236,0.991,84.009,-27.134,-10.623,Pitch
-0.071,-0.246,1.086,93.406,-4.323,-3.019,Pitch
-0.072,-0.279,0.998,123.891,1.794,-11.734,Pitch
-0.038,-0.143,0.948,194.285,-8.417,-28.210,Pitch
0.062,-0.158,1.041,192.587,-22.706,-26.653,Pitch
0.093,0.029,1.090,196.586,-1.899,-10.500,Pitch
0.065,0.018,0.935,201.329,16.704,-0.228,Pitch
-0.020,0.196,1.023,214.279,0.175,15.006,Pitch
-0.111,0.371,1.125,220.238,-1.242,19.101,Pitch
-0.023,0.331,0.981,197.846,22.907,9.844,Pitch
-0.061,0.333,0.930,197.776,40.268,20.667,Pitch
-0.144,0.477,0.926,176.102,14.919,33.092,Pitch
-0.020,0.629,0.781,127.094,-22.846,41.466,Pitch
0.168,0.501,0.474,126.175,1.916,53.060,Pitch
0.061,0.698,0.623,143.920,-17.150,71.234,Pitch
0.004,0.800,0.665,149.669,-29.365,52.972,Pitch
-0.000,0.839,0.654,137.331,-51.713,40.434,Pitch
0.127,0.931,0.628,60.664,-57.251,5.539,Pitch
0.099,0.867,0.662,38.010,-45.001,-7.823,Pitch
0.121,0.796,0.468,40.197,-30.677,-21.359,Pitch
0.037,0.902,0.536,82.670,-17.806,-12.110,Pitch
0.081,0.827,0.551,28.577,-23.039,-28.709,Pitch
0.105,0.809,0.600,8.006,-11.244,-26.014,Pitch
0.088,0.860,0.488,-8.776,3.955,-10.675,Pitch
0.113,0.810,0.462,-7.753,-6.247,-9.459,Pitch
0.065,0.852,0.534,-17.062,1.864,-5.355,Pitch
0.055,0.835,0.512,-32.357,-2.301,-3.832,Pitch
0.076,0.659,0.635,-86.039,2.888,4.261,Pitch
0.063,0.727,0.795,-203.227,29.549,-0.543,Pitch
0.042,0.842,0.765,-249.393,-3.141,-9.432,Pitch
0.076,0.729,0.712,-247.835,-13.738,-14.087,Pitch
0.078,0.545,0.739,-263.979,-10.307,-25.323,Pitch
0.081,0.470,0.885,-286.685,-4.944,-33.574,Pitch
0.150,0.355,1.057,-286.685,-26.836,-22.269,Pitch
0.088,0.184,1.020,-286.685,-34.860,-14.814,Pitch
0.026,-0.047,0.792,-286.685,-10.141,-35.630,Pitch
0.130,-0.274,0.989,-286.685,15.767,-2.826,Pitch
-0.106,-0.216,1.040,-214.209,51.319,26.294,Pitch
0.118,-0.234,0.914,-133.044,23.021,17.229,Pitch
0.068,-0.349,0.812,-68.530,21.892,15.225,Pitch
-0.005,-0.446,1.040,-13.816,14.376,1.916,Pitch
0.022,-0.451,1.064,2.161,11.454,-9.056,Pitch
0.020,-0.440,1.069,10.421,-1.470,-8.033,Pitch
0.054,-0.324,0.899,54.670,-10.596,-7.061,Pitch
0.021,-0.244,1.011,107.397,-17.999,-10.307,Pitch
0.062,-0.247,0.943,121.581,-42.271,-8.610,Pitch
0.111,-0.205,0.832,170.275,-50.444,-4.419,Pitch
0.105,0.006,0.887,281.943,-41.501,8.557,Pitch
0.101,0.222,0.983,286.685,-23.039,-8.111,Pitch
0.135,0.270,1.073,286.685,-9.835,-12.066,Pitch
0.100,0.429,1.103,286.685,-16.835,-2.179,Pitch
0.056,0.451,0.781,286.685,-33.661,10.185,Pitch
0.171,0.665,0.701,286.685,18.620,8.330,Pitch
0.138,0.834,0.776,286.685,30.013,18.734,Pitch
0.104,0.944,0.615,286.685,12.084,33.057,Pitch
0.041,0.902,0.408,281.234,-7.000,42.333,Pitch
0.082,1.006,0.401,256.323,-30.170,30.861,Pitch
0.185,0.956,0.194,221.034,-32.419,26.337,Pitch
0.151,0.974,0.103,221.034,-12.355,17.115,Pitch
0.177,1.009,0.061,209.536,-4.812,5.810,Pitch
0.129,1.016,0.002,150.413,-24.640,11.462,Pitch
0.146,0.952,-0.062,89.661,-36.409,0.219,Pitch
0.166,0.952,-0.146,50.094,-31.570,-4.979,Pitch
0.213,0.976,-0.203,39.130,-12.460,-12.057,Pitch
0.161,0.961,-0.161,32.952,2.940,-14.131,Pitch
0.148,0.965,-0.155,2.818,8.908,-12.626,Pitch
0.121,0.952,-0.143,-26.950,6.965,-14.341,Pitch
0.149,0.953,-0.087,-72.730,0.980,-17.386,Pitch
0.167,0.949,-0.048,-127.374,12.504,-10.439,Pitch
0.091,0.992,0.009,-191.660,19.233,-12.985,Pitch
0.047,1.004,0.115,-224.341,26.145,-23.599,Pitch
0.161,1.057,0.256,-262.649,7.586,-35.201,Pitch
0.101,1.030,0.392,-286.685,7.157,-28.455,Pitch
0.034,0.884,0.502,-286.685,-6.729,-19.915,Pitch
0.020,0.944,0.749,-286.685,-17.185,-22.531,Pitch
0.034,0.821,0.706,-286.685,-31.692,-32.830,Pitch
0.136,0.441,0.634,-286.685,-18.104,-26.950,Pitch
0.237,0.369,0.813,-286.685,-16.564,4.926,Pitch
0.227,0.279,0.984,-286.685,8.908,31.185,Pitch
0.069,0.121,0.914,-286.685,31.684,48.886,Pitch
0.028,-0.104,1.061,-286.685,53.944,50.592,Pitch
-0.040,-0.258,0.898,-254.949,34.134,44.389,Pitch
-0.035,-0.238,0.911,-200.804,38.798,31.185,Pitch
-0.059,-0.337,0.958,-142.398,46.366,6.781,Pitch
0.046,-0.430,0.938,-132.562,27.816,-8.802,Pitch
0.036,-0.598,0.901,-79.004,20.860,5.066,Pitch
-0.127,-0.466,0.944,-59.815,15.059,2.625,Pitch
-0.004,-0.542,0.830,-52.955,14.280,-7.761,Pitch
-0.041,-0.519,0.865,11.585,-0.779,-4.821,Pitch
-0.013,-0.519,0.766,74.637,-23.327,-11.454,Pitch
-0.049,-0.498,0.851,123.979,-23.993,-10.071,Pitch
0.006,-0.350,1.037,189.814,-31.903,-3.693,Pitch
0.055,-0.255,0.910,231.411,-7.875,-2.905,Pitch
0.061,-0.145,0.813,251.878,-14.306,5.539,Pitch
0.078,-0.012,0.942,265.650,-51.756,10.290,Pitch
0.036,0.103,0.885,286.685,-65.721,17.124,Pitch
-0.011,0.353,0.978,286.685,-62.064,2.152,Pitch
0.139,0.478,1.048,286.685,-63.263,-8.698,Pitch
0.175,0.602,0.948,286.685,-53.664,6.344,Pitch
0.097,0.665,0.860,286.685,-31.159,3.745,Pitch
0.063,0.778,0.694,286.685,-12.163,9.371,Pitch
0.128,0.807,0.592,286.685,-32.594,6.396,Pitch
0.115,0.928,0.533,285.661,-13.177,-2.065,Pitch
0.074,0.962,0.484,221.926,-12.285,-22.531,Pitch
0.164,1.044,0.211,199.929,-3.789,-18.069,Pitch
0.229,1.025,0.234,179.393,-18.112,-8.986,Pitch
0.154,1.033,0.193,165.576,-9.818,5.976,Pitch
0.085,0.928,-0.046,155.155,-18.069,5.250,Pitch
0.192,0.915,-0.057,143.666,-18.436,11.646,Pitch
0.142,0.978,-0.072,91.096,-1.435,8.024,Pitch
0.081,0.951,-0.109,66.264,3.316,-6.948,Pitch
0.066,0.906,-0.107,30.966,-3.281,-19.897,Pitch
0.141,0.950,-0.084,-22.312,-6.773,-21.114,Pitch
0.174,0.948,-0.007,-75.460,3.596,-11.034,Pitch
0.155,0.992,0.105,-135.310,27.501,-15.969,Pitch
0.150,1.137,0.206,-238.753,25.673,-10.859,Pitch
-0.003,1.040,0.164,-286.685,20.834,-0.595,Pitch
-0.032,0.972,0.229,-286.685,33.189,-25.042,Pitch
0.065,0.987,0.359,-286.685,-15.444,-9.380,Pitch
0.117,0.888,0.570,-286.685,-37.669,12.241,Pitch
0.082,0.753,0.709,-286.685,-25.909,5.285,Pitch
0.088,0.660,0.891,-286.685,1.689,-4.996,Pitch
0.140,0.539,0.791,-286.685,-8.890,5.425,Pitch
0.199,0.351,0.711,-286.685,-8.549,14.490,Pitch
0.091,0.212,0.913,-280.289,45.211,36.715,Pitch
0.093,0.049,1.037,-283.938,38.824,23.048,Pitch
0.038,0.026,1.049,-285.941,13.615,26.985,Pitch
0.043,-0.050,0.918,-270.427,9.310,10.036,Pitch
0.103,-0.277,0.945,-223.571,7.394,-6.256,Pitch
0.171,-0.397,0.977,-175.604,22.750,39.681,Pitch
0.123,-0.373,0.933,-128.625,-1.033,55.379,Pitch
-0.080,-0.458,0.890,-104.379,-2.275,39.436,Pitch
-0.036,-0.572,0.941,-71.636,14.324,19.854,Pitch
0.038,-0.543,0.952,-58.669,17.159,12.031,Pitch
-0.022,-0.505,0.904,-36.269,8.592,5.863,Pitch
0.043,-0.517,0.741,7.280,-9.091,0.411,Pitch
-0.016,-0.445,0.701,73.789,-15.190,-12.574,Pitch
-0.031,-0.488,0.948,169.137,-27.843,-26.731,Pitch
0.022,-0.457,1.005,217.805,-13.134,-33.416,Pitch
0.116,-0.246,0.732,235.253,-1.855,-17.894,Pitch
0.081,0.034,0.706,286.685,-28.971,-9.651,Pitch
-0.004,0.202,0.983,286.685,-52.894,-25.856,Pitch
-0.014,0.256,1.141,286.685,-31.097,-52.841,Pitch
0.134,0.418,0.994,286.685,-18.235,-54.836,Pitch
0.086,0.605,0.785,286.685,-11.252,-24.868,Pitch
0.056,0.827,0.866,286.685,21.945,-16.100,Pitch
0.052,0.801,0.764,286.685,49.761,-19.355,Pitch
0.086,0.980,0.698,286.685,37.450,-8.995,Pitch
0.156,0.960,0.407,270.130,26.198,13.781,Pitch
0.056,1.017,0.291,280.971,24.859,38.964,Pitch
0.035,1.010,0.295,225.260,11.664,46.681,Pitch
0.061,1.030,0.154,167.326,6.501,41.134,Pitch
0.095,1.002,-0.011,115.150,3.990,39.690,Pitch
0.063,0.977,-0.045,96.731,-7.997,32.638,Pitch
0.054,1.002,-0.148,79.214,-11.856,16.730,Pitch
0.093,0.926,-0.146,66.920,-11.979,4.751,Pitch
0.137,0.953,-0.122,41.484,-2.065,-13.790,Pitch
0.112,0.966,-0.088,-7.262,2.161,-15.916,Pitch
0.108,0.967,-0.115,-51.275,0.665,-12.749,Pitch
0.088,0.956,-0.054,-74.743,5.574,-15.155,Pitch
0.108,0.969,0.065,-131.731,13.711,-18.725,Pitch
0.071,1.092,0.177,-203.840,7.525,-18.007,Pitch
0.071,1.051,0.217,-267.514,4.419,-20.475,Pitch
0.043,0.962,0.249,-286.659,3.483,-23.905,Pitch
0.039,1.044,0.336,-286.685,-25.882,-16.249,Pitch
0.097,0.901,0.514,-286.492,-38.728,1.732,Pitch
0.085,0.845,0.598,-286.685,-2.039,3.246,Pitch
0.009,0.742,0.689,-286.685,11.734,-10.990,Pitch
0.126,0.677,0.820,-286.685,-38.404,-3.946,Pitch
0.107,0.532,0.766,-286.685,8.304,2.739,Pitch
0.062,0.424,0.811,-285.574,50.374,-1.715,Pitch
0.068,0.303,0.972,-278.416,53.016,-0.070,Pitch
0.126,0.176,0.967,-273.805,31.150,-4.384,Pitch
0.033,-0.040,0.842,-263.305,25.743,6.948,Pitch
-0.033,-0.003,1.053,-261.818,49.674,23.651,Pitch
0.001,-0.062,1.077,-257.031,31.981,17.045,Pitch
0.079,-0.242,0.856,-201.521,1.995,14.481,Pitch
-0.114,-0.391,0.913,-140.490,-1.969,32.673,Pitch
-0.125,-0.467,0.969,-115.412,3.237,10.727,Pitch
-0.058,-0.493,0.912,-91.814,6.484,0.936,Pitch
-0.018,-0.500,0.902,-50.584,2.135,1.663,Pitch
-0.075,-0.532,0.864,11.690,-9.415,-2.441,Pitch
-0.062,-0.440,0.739,72.809,-11.445,-15.549,Pitch
0.014,-0.415,0.936,133.009,-35.472,-11.042,Pitch
-0.003,-0.331,0.829,184.284,-49.928,-7.682,Pitch
0.013,-0.146,0.842,234.273,-18.314,-17.999,Pitch
-0.003,-0.027,1.032,274.636,-22.050,-23.021,Pitch
0.036,0.085,1.019,286.685,-15.321,-26.862,Pitch
0.083,0.215,0.990,286.685,-15.286,-31.614,Pitch
-0.016,0.343,0.970,286.685,-24.763,-38.386,Pitch
-0.034,0.436,1.036,286.685,-8.102,-47.731,Pitch
0.084,0.487,0.965,286.685,10.771,-34.160,Pitch
0.089,0.633,0.797,286.685,2.039,10.106,Pitch
0.014,0.751,0.643,286.685,2.214,32.375,Pitch
0.020,0.899,0.602,286.685,-4.261,17.246,Pitch
0.069,0.966,0.563,269.736,-8.934,14.262,Pitch
0.095,0.930,0.371,190.006,-23.949,23.135,Pitch
0.067,0.932,0.238,182.919,-10.474,19.259,Pitch
0.123,1.009,0.266,179.979,-7.613,31.552,Pitch
0.106,0.981,0.183,152.635,0.709,30.782,Pitch
0.045,1.057,0.044,118.545,3.098,19.994,Pitch
0.110,1.029,0.011,101.185,-5.276,4.778,Pitch
0.077,1.009,0.014,89.994,0.551,1.304,Pitch
0.048,0.981,-0.010,67.690,1.645,-2.126,Pitch
0.081,0.946,-0.082,10.894,-2.152,-11.926,Pitch
0.127,1.010,-0.060,-26.189,-5.477,-15.164,Pitch
0.078,1.000,0.055,-52.474,-0.271,-12.670,Pitch
0.054,0.953,0.038,-86.030,-1.383,-12.381,Pitch
0.061,0.964,0.065,-138.268,0.788,-18.576,Pitch
0.028,1.007,0.333,-241.036,-15.102,-22.347,Pitch
0.071,1.107,0.313,-286.685,-33.434,-21.263,Pitch
0.076,0.948,0.373,-286.685,-32.987,-14.227,Pitch
0.036,0.880,0.555,-286.685,-28.429,-2.047,Pitch
0.044,0.732,0.555,-286.685,-57.076,9.266,Pitch
0.074,0.611,0.701,-286.685,-43.286,13.256,Pitch
0.087,0.566,0.884,-286.685,-35.228,15.549,Pitch
0.198,0.477,0.813,-286.685,-21.875,17.474,Pitch
0.130,0.263,0.784,-286.685,-12.224,19.924,Pitch
0.153,0.076,0.885,-286.685,8.741,30.853,Pitch
0.165,-0.051,1.008,-286.073,20.554,38.500,Pitch
0.082,-0.108,0.922,-286.668,10.797,34.851,Pitch
0.155,-0.307,0.775,-230.423,-6.265,22.942,Pitch
0.110,-0.325,0.917,-148.592,12.740,42.849,Pitch
0.059,-0.402,1.071,-114.993,27.825,30.651,Pitch
0.020,-0.486,1.026,-108.990,27.983,3.509,Pitch
0.102,-0.573,0.859,-80.684,16.371,-5.889,Pitch
0.072,-0.516,0.928,-30.179,6.790,-7.000,Pitch
0.082,-0.557,0.960,-16.791,3.832,-5.863,Pitch
0.084,-0.584,0.826,12.696,5.075,-0.341,Pitch
0.068,-0.515,0.848,74.743,3.010,-2.371,Pitch
0.037,-0.401,0.886,158.314,3.596,-4.926,Pitch
0.108,-0.328,0.928,192.798,-21.175,0.096,Pitch
0.183,-0.201,0.805,220.307,-36.181,16.284,Pitch
0.082,-0.141,0.818,285.171,-34.326,31.220,Pitch
0.026,0.053,1.032,286.685,-39.270,5.434,Pitch
0.122,0.186,0.967,286.685,-33.653,-7.236,Pitch
0.185,0.326,0.903,286.685,-25.279,-2.511,Pitch
0.095,0.550,0.998,286.685,-25.218,11.104,Pitch
0.116,0.727,0.952,286.685,-34.737,2.599,Pitch
0.188,0.815,0.853,286.685,-19.609,-11.358,Pitch
0.172,0.701,0.672,286.466,0.499,-7.770,Pitch
0.162,0.838,0.542,241.307,2.590,1.024,Pitch
0.165,0.957,0.448,238.044,-3.832,10.780,Pitch
0.112,0.904,0.306,240.450,-6.151,9.161,Pitch
0.160,0.892,0.218,235.611,-15.715,5.451,Pitch
0.166,1.046,0.139,214.734,-20.983,10.377,Pitch
0.152,1.044,0.126,214.462,-6.711,2.826,Pitch
0.160,1.030,0.003,180.259,-11.498,3.631,Pitch
0.157,0.951,-0.103,148.864,-6.939,-3.754,Pitch
0.163,1.000,-0.163,108.141,-0.910,-6.247,Pitch
0.189,0.920,-0.265,94.168,7.420,-9.301,Pitch
0.162,0.868,-0.215,87.132,16.266,-9.319,Pitch
0.163,0.946,-0.269,35.079,12.040,-2.503,Pitch
0.129,0.879,-0.255,-18.288,1.750,-0.192,Pitch
0.160,0.825,-0.176,-72.643,-6.414,-9.144,Pitch
0.167,0.927,-0.131,-114.126,-8.216,-4.489,Pitch
0.174,0.988,-0.014,-193.900,-6.633,-1.619,Pitch
0.170,1.031,0.108,-278.267,12.381,-5.889,Pitch
0.114,0.982,0.109,-286.685,42.682,-19.985,Pitch
0.113,1.016,0.213,-286.685,42.665,-25.104,Pitch
0.155,0.947,0.374,-286.685,6.449,-15.846,Pitch
0.077,0.873,0.524,-286.685,23.669,-14.849,Pitch
0.023,0.743,0.615,-286.685,34.562,-29.505,Pitch
0.143,0.713,0.761,-286.685,6.807,-32.305,Pitch
0.115,0.545,0.785,-286.685,22.802,-21.612,Pitch
0.097,0.423,0.802,-286.685,32.979,-11.401,Pitch
0.123,0.293,1.065,-286.685,-21.936,-11.375,Pitch
0.098,0.193,1.005,-286.685,-45.115,0.403,Pitch
0.058,0.053,0.999,-286.685,-22.339,23.004,Pitch
-0.067,-0.114,0.934,-225.111,11.235,4.366,Pitch
0.226,-0.148,0.851,-185.824,7.499,8.925,Pitch
0.077,-0.368,0.963,-143.491,11.139,19.285,Pitch
-0.008,-0.529,1.018,-120.391,22.146,17.202,Pitch
0.043,-0.519,1.012,-100.266,25.804,1.470,Pitch
0.001,-0.449,1.075,-94.929,21.455,-4.314,Pitch
0.075,-0.421,0.903,-77.543,19.495,-11.349,Pitch
0.045,-0.527,0.909,-16.327,13.493,-4.952,Pitch
0.081,-0.490,0.771,74.419,-4.410,-3.789,Pitch
0.065,-0.481,0.966,196.542,-24.386,10.894,Pitch
0.051,-0.327,0.952,228.559,-39.086,13.029,Pitch
0.030,-0.187,0.795,222.845,-31.386,6.615,Pitch
0.013,0.081,0.802,281.776,-22.260,-7.306,Pitch
0.067,0.341,1.028,286.685,-42.936,-29.164,Pitch
0.067,0.385,1.075,286.685,-47.443,-40.084,Pitch
0.076,0.381,1.010,286.685,-7.875,-46.996,Pitch
0.141,0.571,1.003,286.685,-16.765,-24.929,Pitch
0.166,0.767,0.766,286.685,-17.062,-4.235,Pitch
0.154,0.798,0.663,286.685,15.190,2.039,Pitch
0.077,0.912,0.616,286.685,11.865,19.766,Pitch
0.047,0.931,0.418,286.685,-14.481,21.796,Pitch
0.160,0.963,0.232,286.685,15.916,5.784,Pitch
0.148,1.003,0.255,285.871,22.951,13.589,Pitch
0.086,0.943,0.036,231.227,9.275,28.577,Pitch
0.073,0.940,-0.192,195.326,-15.129,31.885,Pitch
0.091,1.111,-0.167,200.655,-20.212,34.134,Pitch
0.114,1.082,-0.272,201.434,-19.425,14.438,Pitch
0.057,0.916,-0.267,172.664,-18.585,-19.259,Pitch
0.131,0.916,-0.310,86.677,-14.420,-29.689,Pitch
0.100,0.857,-0.432,23.817,-9.266,-26.994,Pitch
0.142,0.877,-0.394,3.080,-6.799,-27.326,Pitch
0.109,0.895,-0.350,-38.754,10.780,-12.119,Pitch
0.046,0.866,-0.346,-73.281,12.871,-12.845,Pitch
0.135,0.899,-0.108,-108.579,-1.619,-13.422,Pitch
0.107,0.973,-0.084,-184.852,0.875,-9.004,Pitch
-0.002,1.004,-0.006,-286.353,22.479,-29.593,Pitch
-0.018,1.034,0.057,-286.685,33.057,-61.722,Pitch
-0.055,1.189,0.197,-286.685,-17.062,-46.471,Pitch
-0.043,1.049,0.299,-286.685,-50.505,-45.728,Pitch
0.017,0.821,0.267,-286.685,-31.859,-39.664,Pitch
-0.041,0.709,0.609,-286.685,5.582,-55.667,Pitch
0.020,0.755,1.010,-286.685,-14.280,-56.560,Pitch
0.108,0.605,0.878,-286.685,-27.519,-47.486,Pitch
0.134,0.290,0.771,-286.685,-22.024,-18.340,Pitch
0.024,0.207,1.028,-286.685,-30.739,18.804,Pitch
0.037,0.060,0.943,-274.155,-36.724,44.459,Pitch
0.005,0.020,1.049,-215.425,-34.982,48.956,Pitch
-0.018,-0.237,0.747,-165.008,-0.446,25.392,Pitch
0.009,-0.243,1.110,-94.675,14.403,29.146,Pitch
0.009,-0.242,0.978,-51.135,14.359,30.179,Pitch
-0.008,-0.272,1.015,-38.290,23.397,26.933,Pitch
-0.056,-0.339,1.024,-19.110,18.226,12.924,Pitch
0.029,-0.317,1.023,28.630,-1.881,-0.403,Pitch
0.010,-0.237,0.867,88.226,-6.510,10.955,Pitch
0.011,-0.160,0.953,152.180,-18.095,12.302,Pitch
0.012,-0.016,0.987,243.337,-3.106,30.459,Pitch
-0.036,0.039,0.921,286.685,-4.952,35.210,Pitch
-0.013,0.221,1.019,285.574,-4.069,22.890,Pitch
0.027,0.319,0.951,267.802,-3.001,26.224,Pitch
0.012,0.443,0.824,285.521,-18.410,42.849,Pitch
0.018,0.527,0.912,278.469,2.651,51.004,Pitch
-0.034,0.641,0.852,211.505,1.102,47.530,Pitch
-0.031,0.687,0.741,208.758,-26.626,50.260,Pitch
0.082,0.755,0.458,262.754,-74.436,53.428,Pitch
0.121,0.862,0.627,286.580,-50.225,41.528,Pitch
0.135,0.914,0.603,205.336,-42.245,37.319,Pitch
0.185,0.917,0.447,146.318,-37.450,33.294,Pitch
0.174,0.929,0.291,128.467,-30.021,31.614,Pitch
0.196,1.008,0.201,129.238,-39.034,28.709,Pitch
0.155,1.007,0.238,125.562,-41.204,12.898,Pitch
0.198,0.971,0.231,101.342,-35.665,3.946,Pitch
0.222,1.000,0.241,48.667,-22.995,-2.678,Pitch
0.231,1.020,0.275,-16.310,-23.765,-8.925,Pitch
0.198,0.995,0.270,-109.174,-18.051,-12.967,Pitch
0.224,0.953,0.241,-132.335,-5.915,-18.340,Pitch
0.151,0.956,0.304,-207.979,7.682,-27.571,Pitch
0.165,1.030,0.589,-275.686,23.056,-37.616,Pitch
0.147,0.952,0.599,-286.685,34.475,-39.655,Pitch
0.115,0.806,0.480,-286.685,39.786,-36.050,Pitch
0.020,0.640,0.450,-286.685,51.931,-35.193,Pitch
0.044,0.546,0.720,-286.685,46.795,-45.019,Pitch
0.113,0.467,1.109,-286.685,13.116,-31.806,Pitch
0.163,0.346,0.937,-286.685,-14.866,-7.892,Pitch
0.038,0.132,0.770,-273.201,-12.661,14.140,Pitch
-0.098,0.096,0.921,-230.300,38.623,24.868,Pitch
-0.088,-0.083,1.001,-200.786,71.348,1.636,Pitch
-0.040,-0.212,1.099,-181.020,61.294,-15.855,Pitch
0.074,-0.103,0.944,-120.225,15.759,-3.701,Pitch
0.018,-0.256,0.956,-69.860,16.397,-0.429,Pitch
-0.082,-0.256,1.059,-34.221,-2.888,2.975,Pitch
-0.074,-0.271,1.063,-12.477,-9.292,-22.584,Pitch
-0.001,-0.214,1.134,19.591,-27.011,-15.698,Pitch
0.085,-0.200,1.052,52.806,-51.511,11.681,Pitch
0.092,-0.187,0.941,104.939,-69.370,43.662,Pitch
-0.007,-0.147,0.910,141.768,-63.542,50.103,Pitch
0.028,-0.164,0.905,188.720,-51.214,23.599,Pitch
0.151,-0.037,0.924,227.561,-41.528,-6.300,Pitch
0.100,0.247,1.037,220.902,-30.485,-7.884,Pitch
0.100,0.282,1.016,211.601,-40.443,-10.526,Pitch
0.112,0.274,0.901,223.729,-34.737,-9.712,Pitch
0.124,0.387,0.919,247.651,-23.817,-5.512,Pitch
0.151,0.605,0.884,239.689,-25.751,-1.759,Pitch
0.161,0.647,0.821,232.155,-30.669,9.047,Pitch
0.140,0.649,0.768,227.981,-11.392,6.580,Pitch
0.195,0.752,0.620,203.455,-8.356,11.865,Pitch
0.196,0.858,0.580,196.691,-11.261,13.212,Pitch
0.215,0.894,0.569,184.949,6.633,14.184,Pitch
0.156,0.831,0.449,151.812,19.915,10.719,Pitch
0.123,0.922,0.419,134.033,8.671,9.389,Pitch
0.174,0.989,0.411,104.571,-10.719,3.316,Pitch
0.206,0.926,0.346,65.940,-14.945,10.045,Pitch
0.210,0.986,0.282,53.419,-11.716,11.778,Pitch
0.188,0.950,0.263,59.605,-9.712,1.803,Pitch
0.171,0.949,0.311,49.219,-8.050,1.365,Pitch
0.195,0.941,0.299,22.155,-8.908,1.251,Pitch
0.194,0.957,0.346,-37.432,-6.764,-2.852,Pitch
0.167,1.001,0.363,-123.988,-12.801,-10.176,Pitch
0.183,0.907,0.415,-204.155,-13.414,-29.155,Pitch
0.208,0.851,0.391,-212.144,10.999,-18.576,Pitch
0.152,0.853,0.521,-213.824,18.629,-16.126,Pitch
0.151,0.830,0.644,-247.056,5.057,-17.596,Pitch
0.149,0.726,0.686,-271.784,3.561,-10.483,Pitch
0.137,0.615,0.653,-259.560,9.818,-7.262,Pitch
0.166,0.529,0.729,-233.800,20.624,-12.626,Pitch
0.158,0.481,0.944,-216.160,28.989,-16.118,Pitch
0.155,0.352,1.047,-259.411,28.647,-15.356,Pitch
0.115,0.238,0.867,-259.621,45.106,-10.859,Pitch
0.099,0.091,0.862,-193.261,29.855,2.319,Pitch
0.064,-0.038,1.071,-160.221,33.976,-0.157,Pitch
0.047,0.006,1.068,-158.830,28.560,-8.592,Pitch
0.038,-0.052,0.978,-131.232,12.390,2.013,Pitch
0.034,-0.109,0.942,-91.647,6.379,10.316,Pitch
0.027,-0.091,1.059,-60.445,9.520,-0.621,Pitch
0.037,-0.119,1.039,-50.654,-2.800,-14.613,Pitch
0.048,-0.223,1.041,-35.341,-0.989,-3.465,Pitch
0.078,-0.223,0.983,-21.394,8.453,-13.816,Pitch
0.024,-0.188,1.063,-9.363,-0.892,-0.403,Pitch
0.032,-0.222,1.020,12.705,-6.720,-0.998,Pitch
0.053,-0.193,0.931,58.853,-15.741,-6.878,Pitch
0.062,-0.149,0.942,97.869,-20.939,-9.608,Pitch
0.060,-0.058,0.982,144.655,-15.767,1.479,Pitch
0.093,0.012,1.040,137.384,-17.780,28.639,Pitch
0.033,0.050,0.990,147.158,-10.010,36.794,Pitch
0.072,0.091,0.960,178.535,-1.321,34.615,Pitch
0.042,0.109,0.861,214.620,-11.471,27.247,Pitch
0.070,0.287,1.014,223.449,-2.940,21.026,Pitch
0.096,0.427,1.013,199.273,-11.988,26.871,Pitch
0.071,0.482,0.868,190.015,-10.972,30.564,Pitch
0.049,0.509,0.761,204.015,-8.943,30.538,Pitch
0.090,0.675,0.726,213.421,-20.116,22.724,Pitch
0.138,0.817,0.716,241.622,-30.634,21.709,Pitch
0.073,0.764,0.672,238.954,-30.503,18.506,Pitch
0.162,0.826,0.614,205.712,-33.915,3.614,Pitch
0.130,0.870,0.512,174.965,-16.791,2.432,Pitch
0.168,0.922,0.437,158.970,-14.717,4.944,Pitch
0.132,0.970,0.453,141.488,-13.020,3.141,Pitch
0.137,0.921,0.433,95.095,-13.729,-6.597,Pitch
0.196,0.925,0.294,82.189,-6.562,-2.257,Pitch
0.176,0.978,0.233,59.500,-3.876,0.446,Pitch
0.176,0.932,0.288,39.016,-6.265,2.520,Pitch
0.151,0.956,0.307,-11.156,-13.545,1.383,Pitch
0.170,0.941,0.264,-40.757,-13.921,-0.298,Pitch
0.150,0.963,0.326,-49.464,-4.218,0.551,Pitch
0.147,1.011,0.440,-85.654,0.464,-10.413,Pitch
0.124,0.874,0.467,-190.435,4.821,-23.905,Pitch
0.150,0.941,0.460,-249.602,2.293,-28.017,Pitch
0.116,0.946,0.552,-266.481,-12.408,-19.442,Pitch
0.149,0.717,0.539,-254.783,-12.740,-4.646,Pitch
0.084,0.669,0.693,-247.074,6.370,-10.229,Pitch
0.145,0.680,0.794,-260.277,23.931,-15.129,Pitch
0.097,0.557,0.934,-277.725,27.011,-13.134,Pitch
0.094,0.484,0.856,-273.971,26.302,-14.691,Pitch
0.087,0.247,0.931,-253.155,30.319,-5.154,Pitch
0.082,0.122,0.938,-261.135,40.416,-1.785,Pitch
0.014,0.105,0.947,-217.928,37.310,-7.341,Pitch
0.067,-0.037,0.959,-187.854,12.154,-5.075,Pitch
0.024,-0.067,0.857,-109.183,19.005,11.821,Pitch
-0.033,-0.183,1.056,-55.090,0.324,18.620,Pitch
-0.020,-0.125,1.029,-56.761,1.846,-2.730,Pitch
0.043,-0.145,0.987,-48.072,-0.035,-10.885,Pitch
0.040,-0.220,1.059,-29.190,-12.127,-3.797,Pitch
0.032,-0.228,0.984,-7.770,-15.453,3.938,Pitch
0.009,-0.126,1.092,30.958,-27.326,-2.240,Pitch
0.034,-0.117,1.005,43.636,-23.739,1.234,Pitch
0.068,-0.096,1.029,28.490,-10.990,31.684,Pitch
0.089,-0.137,0.912,91.411,-22.654,50.452,Pitch
-0.041,-0.167,0.815,196.682,-16.809,34.335,Pitch
0.024,-0.080,0.953,235.113,-30.520,-2.520,Pitch
0.145,0.055,1.003,226.564,-18.156,-7.403,Pitch
0.122,0.311,1.029,198.301,-3.789,10.517,Pitch
0.093,0.357,0.969,165.095,-5.836,25.576,Pitch
0.079,0.391,0.918,140.577,-8.347,25.638,Pitch
0.092,0.438,0.881,162.321,-18.559,24.946,Pitch
0.056,0.506,0.898,187.337,-14.114,18.200,Pitch
0.094,0.573,0.878,164.964,-18.961,15.225,Pitch
0.091,0.624,0.876,134.601,-21.866,10.946,Pitch
0.166,0.660,0.642,113.540,-34.956,15.295,Pitch
0.139,0.743,0.678,150.080,-27.493,1.347,Pitch
0.130,0.768,0.726,131.696,-26.136,-4.602,Pitch
0.137,0.760,0.712,97.851,-36.085,-3.553,Pitch
0.151,0.856,0.598,59.684,-38.728,-3.054,Pitch
0.181,0.772,0.599,54.775,-36.855,-27.029,Pitch
0.207,0.809,0.561,52.019,-14.735,-27.160,Pitch
0.151,0.866,0.581,53.279,-1.242,-17.062,Pitch
0.161,0.845,0.565,14.604,-1.295,-21.201,Pitch
0.126,0.817,0.585,-23.993,0.420,-17.132,Pitch
0.089,0.865,0.584,-55.011,-2.354,-27.038,Pitch
0.087,0.852,0.597,-84.989,-10.693,-37.678,Pitch
0.091,0.793,0.570,-101.736,-17.028,-42.306,Pitch
0.082,0.763,0.727,-135.030,-0.814,-62.729,Pitch
0.105,0.731,0.781,-191.896,-1.855,-63.945,Pitch
0.125,0.608,0.792,-216.239,0.096,-47.679,Pitch
0.089,0.502,0.846,-231.919,11.419,-30.240,Pitch
0.025,0.518,0.872,-233.021,20.003,-27.300,Pitch
0.074,0.437,0.941,-220.789,5.451,-14.105,Pitch
0.021,0.375,0.976,-223.143,5.040,-6.711,Pitch
-0.043,0.266,0.873,-232.715,-2.993,-10.745,Pitch
0.038,0.084,0.991,-203.481,4.200,-20.685,Pitch
0.019,-0.055,0.948,-163.546,7.595,-14.621,Pitch
0.026,-0.095,0.926,-124.618,10.658,-11.926,Pitch
-0.013,-0.110,1.021,-82.521,8.654,-16.634,Pitch
0.055,-0.103,1.051,-39.585,11.909,-25.795,Pitch
0.004,-0.206,1.062,-26.276,14.919,-6.633,Pitch
-0.004,-0.129,1.045,-20.291,14.236,-3.614,Pitch
0.016,-0.040,0.961,1.628,7.744,-7.245,Pitch
-0.005,-0.162,0.961,60.305,-10.194,6.492,Pitch
-0.046,-0.060,0.968,128.100,5.355,13.860,Pitch
-0.039,-0.012,1.043,155.960,4.043,11.611,Pitch
0.001,0.056,0.944,150.500,4.961,14.770,Pitch
-0.027,0.142,0.894,165.454,9.721,19.556,Pitch
-0.032,0.302,0.981,196.691,2.686,25.708,Pitch
-0.046,0.294,1.010,206.482,2.179,25.104,Pitch
-0.017,0.359,0.971,180.163,-4.541,19.381,Pitch
-0.030,0.432,0.944,147.980,-3.342,26.442,Pitch
-0.008,0.535,0.883,142.310,-7.429,36.671,Pitch
0.002,0.550,0.870,136.106,-8.488,37.249,Pitch
0.004,0.626,0.841,121.765,-1.855,37.205,Pitch
0.029,0.649,0.785,112.429,-8.190,35.420,Pitch
0.051,0.691,0.778,97.746,-8.540,44.914,Pitch
0.034,0.721,0.724,93.100,-3.036,46.463,Pitch
0.014,0.719,0.692,82.408,-5.390,32.856,Pitch
0.067,0.766,0.638,76.475,-3.080,20.597,Pitch
0.029,0.779,0.614,67.603,-2.511,7.779,Pitch
0.069,0.776,0.609,64.470,-8.601,3.920,Pitch
0.069,0.782,0.646,54.224,-3.929,1.759,Pitch
0.064,0.809,0.639,24.579,0.131,-3.325,Pitch
0.069,0.818,0.575,13.081,-4.900,1.383,Pitch
0.055,0.843,0.605,6.851,-9.511,0.586,Pitch
0.053,0.823,0.664,-28.070,-16.984,-4.174,Pitch
0.080,0.790,0.699,-100.205,-12.828,-18.340,Pitch
0.052,0.764,0.660,-138.950,4.174,-22.208,Pitch
0.020,0.708,0.705,-152.390,16.336,-34.370,Pitch
0.045,0.684,0.795,-170.004,19.346,-52.439,Pitch
0.041,0.625,0.795,-168.936,21.796,-45.447,Pitch
-0.052,0.576,0.838,-158.760,26.329,-42.787,Pitch
-0.047,0.496,0.829,-160.423,28.560,-45.351,Pitch
-0.059,0.427,0.918,-165.716,26.714,-54.486,Pitch
-0.042,0.364,0.932,-174.589,17.369,-48.790,Pitch
-0.070,0.223,0.938,-150.176,11.559,-53.191,Pitch
-0.068,0.230,0.943,-135.564,4.769,-44.389,Pitch
-0.065,0.168,0.998,-119.201,-11.034,-30.730,Pitch
-0.050,0.094,1.015,-118.615,-30.669,-15.934,Pitch
-0.074,0.074,1.012,-101.859,-29.094,-8.172,Pitch
-0.089,0.056,1.012,-93.607,-36.846,-6.239,Pitch
-0.009,-0.077,1.031,-93.249,-37.126,-8.741,Pitch
-0.027,-0.011,1.012,-70.298,-23.817,2.529,Pitch
0.000,-0.083,0.957,-25.760,-14.481,9.975,Pitch
-0.008,-0.122,0.972,5.443,-7.166,15.260,Pitch
-0.045,-0.031,0.934,64.085,2.118,17.622,Pitch
-0.050,0.045,1.004,122.544,-4.847,10.386,Pitch
0.001,0.085,0.975,151.629,-6.807,6.160,Pitch
0.012,0.093,1.020,162.155,4.113,8.190,Pitch
-0.002,0.140,1.051,151.629,11.891,20.055,Pitch
-0.035,0.249,0.931,147.805,7.438,27.641,Pitch
0.000,0.353,0.903,188.055,21.324,34.326,Pitch
0.003,0.382,0.869,216.492,25.349,37.739,Pitch
-0.051,0.516,0.933,205.336,-9.599,55.720,Pitch
-0.005,0.659,0.856,197.277,-13.624,55.265,Pitch
-0.011,0.688,0.726,215.941,-11.069,54.232,Pitch
0.036,0.692,0.672,216.099,-18.681,54.626,Pitch
0.022,0.794,0.714,198.354,-18.314,54.565,Pitch
0.028,0.836,0.669,150.841,-18.734,41.169,Pitch
0.050,0.895,0.570,110.276,-34.318,31.439,Pitch
0.095,0.833,0.544,90.956,-28.228,20.484,Pitch
0.129,0.837,0.466,68.696,-11.060,17.062,Pitch
0.103,0.921,0.420,61.285,-6.702,13.545,Pitch
0.122,0.928,0.437,32.147,-16.546,-0.928,Pitch
0.141,0.866,0.477,5.758,-13.536,-4.681,Pitch
0.121,0.884,0.415,-29.146,-3.027,-4.707,Pitch
0.125,0.922,0.433,-41.877,-10.281,-7.577,Pitch
0.115,0.846,0.482,-50.050,-3.404,-11.296,Pitch
0.078,0.859,0.553,-70.884,2.511,-16.774,Pitch
0.098,0.863,0.653,-139.318,-2.362,-29.881,Pitch
0.106,0.792,0.666,-206.929,0.665,-30.468,Pitch
0.080,0.757,0.642,-238.000,3.132,-29.531,Pitch
0.077,0.703,0.706,-233.144,5.241,-27.764,Pitch
0.067,0.604,0.798,-243.390,15.689,-33.136,Pitch
0.038,0.551,0.865,-249.515,18.690,-29.269,Pitch
0.033,0.436,0.884,-239.837,7.656,-28.788,Pitch
0.039,0.379,0.925,-220.421,9.783,-30.870,Pitch
-0.002,0.208,0.969,-214.130,16.205,-28.359,Pitch
-0.028,0.105,0.947,-181.536,16.704,-27.064,Pitch
0.025,0.056,0.971,-127.645,8.575,-28.114,Pitch
0.039,0.058,0.861,-100.406,2.284,-25.769,Pitch
0.011,-0.013,1.005,-48.528,-1.759,-22.339,Pitch
-0.005,-0.027,1.020,-15.977,-3.946,-11.611,Pitch
0.012,-0.031,1.044,9.450,-16.013,-9.669,Pitch
-0.033,-0.055,1.081,11.953,-7.420,-9.966,Pitch
-0.044,0.031,1.029,24.605,-11.296,-24.141,Pitch
0.019,0.065,1.082,37.415,-2.774,-17.981,Pitch
0.145,0.037,0.940,66.255,2.056,0.306,Pitch
0.126,0.070,0.993,105.805,-2.432,31.815,Pitch
-0.055,0.065,1.045,141.732,-23.853,25.244,Pitch
0.084,0.232,1.024,104.790,-31.316,20.396,Pitch
-0.018,0.216,0.966,104.020,7.560,40.040,Pitch
0.018,0.258,0.942,119.814,19.084,31.220,Pitch
0.018,0.189,0.879,120.400,12.425,31.246,Pitch
0.024,0.332,1.034,112.079,7.280,3.316,Pitch
-0.007,0.347,0.714,111.772,6.965,-0.157,Pitch
0.147,0.460,0.754,137.182,2.406,10.281,Pitch
-0.074,0.568,0.870,171.745,13.151,13.318,Pitch
-0.017,0.562,0.943,138.128,-4.419,4.366,Pitch
-0.016,0.596,0.856,46.471,-6.860,12.329,Pitch
-0.011,0.625,0.708,51.459,8.102,-0.166,Pitch
0.041,0.694,0.714,73.211,-1.496,2.109,Pitch
-0.002,0.743,0.726,96.241,-22.628,18.795,Pitch
0.058,0.707,0.740,83.694,-20.650,13.991,Pitch
0.051,0.745,0.747,57.496,-16.196,15.129,Pitch
0.060,0.790,0.751,22.138,-15.129,13.764,Pitch
0.055,0.711,0.687,-24.509,-4.497,5.206,Pitch
0.030,0.681,0.616,-19.810,14.175,-10.377,Pitch
0.079,0.730,0.740,-30.415,15.741,-16.345,Pitch
0.055,0.723,0.832,-50.173,4.121,-8.461,Pitch
0.041,0.679,0.897,-128.371,-7.980,-15.286,Pitch
0.005,0.672,0.864,-212.039,20.458,-21.700,Pitch
-0.004,0.569,0.756,-194.898,26.968,-18.384,Pitch
-0.013,0.403,0.835,-168.359,32.016,-17.824,Pitch
-0.001,0.439,0.975,-155.566,29.549,-21.656,Pitch
-0.023,0.438,0.927,-167.160,20.895,-15.234,Pitch
-0.082,0.341,0.912,-151.988,13.029,-28.753,Pitch
-0.050,0.242,0.898,-139.598,5.714,-35.341,Pitch
0.019,0.182,0.946,-109.506,2.319,-32.104,Pitch
0.021,0.075,1.023,-93.363,-6.615,-20.142,Pitch
0.030,0.052,1.025,-81.952,-17.876,-2.616,Pitch
-0.030,0.026,1.026,-61.731,-19.198,0.709,Pitch
-0.016,0.064,0.930,-23.853,-25.270,7.796,Pitch
-0.010,0.077,1.008,16.520,-15.496,6.431,Pitch
-0.054,0.064,1.114,-2.503,-19.696,2.774,Pitch
-0.031,0.022,1.080,-9.538,-19.198,5.171,Pitch
-0.013,0.049,0.996,7.044,-9.214,13.318,Pitch
-0.039,0.058,1.010,35.009,9.056,8.190,Pitch
-0.026,0.069,1.021,55.632,-4.287,-1.138,Pitch
-0.006,0.092,0.980,67.690,-11.734,-4.296,Pitch
0.001,0.096,1.026,73.798,-7.726,-1.960,Pitch
0.029,0.141,1.026,78.846,0.464,-2.188,Pitch
0.003,0.191,0.906,127.488,1.531,-11.944,Pitch
-0.006,0.276,0.924,158.165,-8.068,-6.834,Pitch
0.052,0.356,0.952,157.701,-13.335,0.971,Pitch
0.042,0.357,0.916,148.295,-12.040,15.698,Pitch
-0.016,0.413,0.838,160.589,-1.645,17.474,Pitch
0.016,0.523,0.883,177.660,4.392,16.415,Pitch
0.012,0.581,0.804,193.708,21.236,26.880,Pitch
-0.000,0.663,0.669,202.107,10.509,27.405,Pitch
-0.009,0.793,0.731,185.010,12.661,21.577,Pitch
-0.045,0.807,0.716,148.155,-4.051,16.923,Pitch
0.037,0.841,0.612,112.569,-23.450,13.930,Pitch
0.042,0.738,0.561,118.309,-21.263,20.632,Pitch
0.037,0.843,0.565,90.326,-18.926,20.317,Pitch
0.039,0.884,0.546,47.565,-27.151,17.089,Pitch
0.078,0.909,0.495,15.382,-23.651,12.591,Pitch
0.105,0.858,0.501,1.820,-2.879,3.290,Pitch
0.076,0.858,0.483,-10.745,10.159,-0.026,Pitch
0.052,0.899,0.518,-31.325,14.700,-6.318,Pitch
0.044,0.875,0.565,-82.162,12.565,-20.895,Pitch
0.041,0.808,0.654,-160.055,11.471,-34.151,Pitch
0.054,0.743,0.649,-196.919,1.636,-27.641,Pitch
0.024,0.751,0.693,-185.859,-3.973,-20.423,Pitch
-0.013,0.667,0.792,-171.238,1.741,-18.856,Pitch
-0.005,0.595,0.860,-183.549,13.930,-21.499,Pitch
-0.006,0.538,0.878,-206.150,16.485,-22.435,Pitch
0.028,0.508,0.885,-208.688,13.781,-19.827,Pitch
0.037,0.312,0.898,-212.783,7.061,-7.787,Pitch
-0.024,0.363,0.874,-166.311,18.174,-7.280,Pitch
-0.030,0.272,0.971,-124.346,13.729,-4.200,Pitch
0.000,0.188,1.045,-114.844,-5.049,-8.190,Pitch
0.014,0.088,1.015,-116.349,-7.070,-0.350,Pitch
-0.062,0.145,1.028,-106.698,-16.074,12.337,Pitch
-0.042,0.004,0.993,-66.264,-16.756,2.398,Pitch
-0.047,0.092,0.963,-49.770,-15.592,-0.219,Pitch
-0.031,-0.026,1.079,-39.104,-4.471,-4.673,Pitch
0.059,-0.056,1.007,-29.593,-1.225,2.459,Pitch
-0.057,-0.004,0.951,-1.803,0.481,2.424,Pitch
-0.004,-0.015,1.016,10.342,-8.426,-0.534,Pitch
0.036,0.007,0.929,27.808,-3.885,-0.858,Pitch
-0.025,0.018,0.991,63.315,3.237,5.110,Pitch
-0.032,0.069,0.959,80.386,1.741,3.771,Pitch
-0.033,0.090,1.048,89.652,-0.070,2.118,Pitch
0.014,0.143,1.038,107.030,-3.071,0.306,Pitch
0.010,0.204,0.981,143.876,8.767,5.661,Pitch
-0.003,0.258,0.837,147.298,2.844,9.835,Pitch
-0.030,0.384,0.946,157.938,0.779,13.020,Pitch
-0.072,0.469,0.995,166.600,-1.383,9.153,Pitch
-0.068,0.388,0.933,163.712,-1.295,0.525,Pitch
0.017,0.526,0.820,154.262,-0.770,-0.096,Pitch
0.009,0.575,0.829,158.681,3.378,13.011,Pitch
-0.031,0.597,0.722,173.801,13.799,26.688,Pitch
-0.002,0.722,0.722,175.262,-7.543,17.378,Pitch
-0.041,0.746,0.710,172.419,-12.276,25.646,Pitch
-0.050,0.746,0.716,151.288,-15.566,30.441,Pitch
0.042,0.852,0.620,131.696,-13.659,37.415,Pitch
0.008,0.844,0.519,132.895,-7.831,34.816,Pitch
0.018,0.811,0.609,97.921,-28.919,15.619,Pitch
0.046,0.937,0.511,60.086,-27.204,11.156,Pitch
0.066,0.926,0.446,10.658,-16.222,1.452,Pitch
0.075,0.869,0.438,-16.704,-1.242,-4.086,Pitch
0.064,0.900,0.430,-5.250,1.426,-1.155,Pitch
0.040,0.916,0.485,-11.095,0.525,-2.152,Pitch
0.056,0.873,0.523,-65.817,-1.803,-14.403,Pitch
0.014,0.921,0.647,-170.083,-6.475,-29.216,Pitch
0.029,0.803,0.699,-261.914,-2.529,-35.840,Pitch
0.051,0.767,0.707,-283.614,-6.492,-29.593,Pitch
0.001,0.598,0.730,-264.644,-4.944,-15.102,Pitch
0.026,0.527,0.775,-227.238,4.568,-10.710,Pitch
0.003,0.501,0.883,-223.449,19.521,-2.555,Pitch
0.041,0.449,0.898,-228.042,26.294,-17.745,Pitch
0.045,0.364,1.023,-225.794,-2.791,-10.448,Pitch
0.036,0.055,0.842,-188.676,-10.981,-4.734,Pitch
-0.038,0.138,0.919,-104.230,4.559,10.159,Pitch
0.030,0.171,0.985,-77.298,13.545,6.177,Pitch
0.009,0.068,1.123,-72.415,4.270,-11.734,Pitch
-0.010,0.004,1.005,-68.749,-14.009,-5.679,Pitch
-0.022,-0.015,1.017,-45.649,-13.379,-6.475,Pitch
-0.042,0.019,1.023,-32.830,-7.682,-13.064,Pitch
0.001,-0.020,1.050,-19.259,-6.641,-8.321,Pitch
0.024,-0.006,1.061,-13.921,2.223,0.464,Pitch
-0.013,-0.040,0.960,13.667,-6.528,2.354,Pitch
-0.013,-0.016,1.002,56.123,-13.974,-2.984,Pitch
0.038,0.034,1.015,101.176,-20.781,-4.751,Pitch
0.082,0.086,0.898,126.289,-20.003,6.921,Pitch
0.044,0.190,0.926,155.986,2.161,12.294,Pitch
0.004,0.286,0.889,186.393,6.562,5.128,Pitch
0.018,0.348,0.958,225.496,30.914,1.216,Pitch
-0.029,0.419,0.950,235.646,20.011,5.469,Pitch
-0.043,0.471,0.879,208.652,4.559,12.040,Pitch
-0.018,0.593,0.828,203.184,-4.742,12.023,Pitch
-0.034,0.805,0.798,197.242,-15.111,2.704,Pitch
0.007,0.656,0.731,189.682,-14.254,3.500,Pitch
0.034,0.777,0.664,176.776,-4.524,17.649,Pitch
-0.010,0.778,0.598,167.878,4.454,28.446,Pitch
0.020,0.951,0.515,160.265,3.185,16.013,Pitch
0.077,0.751,0.440,158.760,-2.056,34.650,Pitch
0.062,0.938,0.449,164.421,8.094,31.211,Pitch
0.006,1.022,0.412,136.719,3.264,27.282,Pitch
0.063,0.966,0.352,93.074,1.356,12.469,Pitch
0.063,0.962,0.279,58.240,1.977,11.559,Pitch
0.047,0.977,0.289,15.706,-7.429,8.225,Pitch
0.057,0.930,0.268,-13.554,-16.905,8.269,Pitch
0.083,0.958,0.265,-17.237,-10.806,2.686,Pitch
0.056,0.911,0.301,-45.850,-9.590,-2.118,Pitch
0.060,0.962,0.388,-86.634,-13.991,-7.718,Pitch
0.071,0.991,0.526,-144.086,-17.596,-13.396,Pitch
0.067,0.989,0.620,-282.450,-17.308,-25.200,Pitch
0.054,0.864,0.613,-286.685,-10.395,-24.386,Pitch
0.082,0.692,0.632,-286.668,-17.019,-10.920,Pitch
0.103,0.561,0.691,-258.221,-6.843,0.131,Pitch
0.058,0.532,0.822,-225.557,26.626,3.631,Pitch
0.033,0.465,0.939,-232.645,32.226,1.724,Pitch
0.027,0.389,1.046,-263.410,8.426,-1.164,Pitch
0.037,0.292,0.850,-280.569,-9.196,-7.691,Pitch
0.081,-0.014,0.734,-190.417,-0.061,-13.458,Pitch
0.080,0.136,0.916,-102.900,15.715,-8.855,Pitch
0.031,0.146,1.004,-66.325,7.735,9.161,Pitch
0.038,0.032,1.036,-47.329,14.770,-6.239,Pitch
-0.007,-0.069,1.151,-44.765,9.966,-3.255,Pitch
0.018,-0.072,1.100,-50.566,-0.420,-10.885,Pitch
0.008,-0.007,0.977,-61.976,-1.330,-11.498,Pitch
-0.007,-0.076,1.019,-39.751,6.597,-4.191,Pitch
0.028,-0.076,1.032,-18.139,10.500,-7.131,Pitch
-0.016,-0.069,1.023,15.619,-3.701,-4.454,Pitch
0.044,-0.062,0.946,57.295,-16.004,-4.699,Pitch
0.027,-0.020,0.941,87.806,-13.659,1.750,Pitch
0.027,0.012,0.977,126.114,0.656,8.225,Pitch
0.026,0.095,1.040,147.385,8.689,8.916,Pitch
-0.030,0.193,0.958,181.860,21.753,4.926,Pitch
-0.003,0.218,0.898,195.554,27.939,3.071,Pitch
-0.005,0.309,0.882,184.258,3.395,0.788,Pitch
-0.006,0.402,0.920,203.096,-4.200,10.474,Pitch
0.017,0.520,0.844,232.085,4.611,11.699,Pitch
-0.053,0.622,0.790,237.799,-2.170,23.459,Pitch
0.011,0.606,0.724,231.175,-20.265,20.790,Pitch
0.037,0.735,0.623,214.209,-16.205,29.593,Pitch
-0.009,0.851,0.547,228.952,-2.721,30.888,Pitch
0.012,0.943,0.548,238.061,6.370,28.691,Pitch
0.097,0.806,0.503,213.255,9.581,50.689,Pitch
0.053,0.977,0.430,185.211,5.302,56.263,Pitch
0.025,0.825,0.323,178.981,-11.025,32.007,Pitch
0.118,1.055,0.249,155.636,-9.599,18.847,Pitch
0.066,1.070,0.154,161.744,1.531,35.621,Pitch
0.128,1.012,0.077,123.716,-0.910,13.921,Pitch
0.111,1.092,0.117,81.848,-14.542,14.096,Pitch
0.132,0.993,0.029,46.261,-10.999,-3.089,Pitch
0.129,0.988,0.075,6.020,-10.693,-2.774,Pitch
0.129,0.975,0.081,-55.912,-12.609,-7.726,Pitch
0.124,0.988,0.200,-125.423,-9.450,-13.458,Pitch
0.129,1.035,0.283,-185.929,-12.941,-15.059,Pitch
0.126,0.967,0.291,-231.613,-9.677,-5.128,Pitch
0.107,0.974,0.335,-228.401,-8.741,-2.590,Pitch
0.107,1.001,0.521,-248.990,-4.585,-6.807,Pitch
0.102,0.945,0.551,-279.694,5.906,-2.651,Pitch
0.111,0.808,0.651,-286.685,20.379,-1.409,Pitch
0.121,0.726,0.724,-286.685,32.576,10.456,Pitch
0.033,0.570,0.720,-276.649,42.079,11.751,Pitch
0.030,0.507,0.744,-241.019,39.699,8.960,Pitch
0.077,0.438,0.849,-210.464,41.029,5.224,Pitch
0.091,0.268,0.780,-215.792,50.934,0.044,Pitch
-0.038,0.227,0.959,-204.015,54.092,-23.109,Pitch
-0.042,0.182,1.066,-221.366,50.592,-38.938,Pitch
-0.041,0.026,1.073,-239.190,51.931,-43.111,Pitch
-0.002,-0.127,0.900,-133.131,19.845,-37.590,Pitch
-0.028,-0.085,1.004,-66.124,12.206,-25.410,Pitch
-0.008,-0.147,1.079,-53.830,-3.062,-12.504,Pitch
-0.017,-0.183,1.062,-44.354,-3.911,-18.419,Pitch
-0.077,-0.210,0.987,-47.941,-5.206,0.079,Pitch
-0.071,-0.194,0.996,-14.665,1.934,-7.385,Pitch
-0.055,-0.139,0.974,-0.175,3.964,-6.221,Pitch
-0.023,-0.175,0.938,44.643,-6.860,-5.171,Pitch
-0.034,-0.127,0.908,97.554,-20.956,-3.062,Pitch
-0.068,-0.017,0.955,147.402,-13.011,-2.993,Pitch
-0.051,0.065,0.935,172.270,-8.715,-6.020,Pitch
0.051,0.109,0.932,209.807,-16.853,2.362,Pitch
-0.058,0.201,1.008,218.461,-2.161,11.602,Pitch
-0.123,0.279,1.034,201.906,-1.505,-11.471,Pitch
-0.080,0.335,0.962,195.370,-8.689,-28.009,Pitch
0.004,0.415,0.914,189.586,-5.679,-27.650,Pitch
-0.011,0.494,0.873,164.841,-18.095,-13.983,Pitch
0.021,0.547,0.806,153.580,-23.415,-8.199,Pitch
0.017,0.667,0.768,181.562,-15.312,5.495,Pitch
0.005,0.698,0.759,211.697,-10.999,16.931,Pitch
-0.000,0.731,0.711,190.242,-11.926,20.475,Pitch
0.003,0.838,0.723,152.031,-10.894,24.001,Pitch
0.018,0.860,0.560,132.711,0.910,12.373,Pitch
-0.023,0.854,0.514,135.695,13.965,4.690,Pitch
0.003,0.902,0.489,134.208,15.129,9.809,Pitch
-0.038,0.874,0.472,92.776,6.274,-1.811,Pitch
0.018,0.896,0.420,58.336,-2.625,-1.663,Pitch
-0.026,0.964,0.433,31.763,-8.916,-1.514,Pitch
0.003,0.912,0.361,-19.897,-27.589,-3.658,Pitch
0.034,0.905,0.403,-20.860,-16.048,-0.149,Pitch
0.020,0.948,0.498,-78.076,-9.363,4.961,Pitch
-0.019,0.985,0.617,-151.874,-10.727,3.132,Pitch
0.037,0.855,0.557,-238.289,-16.450,5.084,Pitch
-0.027,0.787,0.674,-257.049,-8.391,2.774,Pitch
-0.010,0.785,0.780,-275.765,6.370,-6.309,Pitch
0.006,0.679,0.848,-286.685,-3.474,-0.971,Pitch
0.033,0.544,0.895,-286.685,-2.546,-0.945,Pitch
0.048,0.405,0.810,-286.685,2.870,3.255,Pitch
0.003,0.298,0.772,-243.171,9.940,-0.770,Pitch
0.066,0.175,0.840,-213.526,17.859,4.182,Pitch
0.040,0.025,0.946,-166.723,34.729,13.134,Pitch
0.058,0.025,1.007,-139.641,18.812,19.994,Pitch
0.010,-0.003,0.953,-95.287,15.733,20.134,Pitch
-0.074,-0.056,0.929,-72.747,20.886,18.497,Pitch
-0.047,-0.138,1.081,-44.004,17.675,0.752,Pitch
-0.018,-0.153,1.036,-35.787,4.349,-4.996,Pitch
-0.058,-0.130,1.014,-11.200,-8.698,-0.525,Pitch
-0.066,-0.142,1.129,-8.995,-13.991,0.656,Pitch
-0.019,-0.153,1.006,-13.493,-11.550,1.768,Pitch
-0.059,-0.154,1.010,24.062,-7.026,7.525,Pitch
-0.072,-0.098,0.954,92.829,-8.724,5.215,Pitch
-0.028,0.013,0.895,137.148,-23.126,-1.015,Pitch
0.034,0.099,0.862,178.211,-16.249,1.435,Pitch
0.010,0.230,0.998,225.855,0.884,13.108,Pitch
-0.020,0.258,1.024,223.676,15.033,-0.481,Pitch
-0.033,0.217,0.854,229.906,-3.456,3.124,Pitch
-0.039,0.384,0.990,252.997,-2.441,17.999,Pitch
-0.036,0.568,0.927,230.046,-0.123,17.728,Pitch
0.046,0.594,0.837,206.955,-12.311,24.001,Pitch
0.044,0.606,0.661,216.527,-15.925,42.901,Pitch
-0.076,0.796,0.757,222.189,4.935,46.900,Pitch
0.030,0.853,0.671,183.803,9.818,37.214,Pitch
0.014,0.862,0.642,152.136,12.119,34.318,Pitch
-0.003,0.874,0.509,115.509,5.477,36.724,Pitch
0.083,0.816,0.465,101.176,7.446,25.296,Pitch
0.057,0.933,0.471,100.223,7.516,25.786,Pitch
0.021,0.976,0.447,68.434,0.455,22.190,Pitch
0.040,0.963,0.414,42.875,2.572,27.020,Pitch
0.105,0.891,0.362,19.399,-3.299,3.412,Pitch
0.093,0.896,0.359,11.436,-5.836,4.375,Pitch
0.069,0.963,0.421,-12.583,-2.861,-2.047,Pitch
0.077,0.964,0.428,-49.796,-12.014,-9.179,Pitch
0.085,0.925,0.524,-94.115,-16.686,-12.661,Pitch
0.061,0.882,0.570,-162.514,-10.290,-17.369,Pitch
0.082,0.823,0.536,-196.928,-2.310,-14.070,Pitch
0.046,0.867,0.614,-201.066,-7.298,-10.579,Pitch
0.071,0.864,0.850,-223.676,-19.679,-18.620,Pitch
0.066,0.656,0.792,-276.491,-6.702,-17.141,Pitch
0.053,0.612,0.790,-286.492,6.545,-19.206,Pitch
0.077,0.504,0.808,-272.003,14.604,-23.564,Pitch
0.071,0.389,0.854,-233.712,1.304,-22.698,Pitch
0.074,0.232,0.828,-204.033,14.297,-23.441,Pitch
0.052,0.197,0.818,-163.914,34.842,-21.901,Pitch
0.056,0.046,0.917,-138.801,47.967,-12.154,Pitch
0.018,-0.045,1.024,-102.480,52.474,7.464,Pitch
-0.047,0.073,0.990,-51.923,12.591,23.021,Pitch
-0.001,0.068,1.068,-43.190,7.017,-2.730,Pitch
-0.055,0.047,1.017,-57.785,8.164,-18.900,Pitch
-0.043,-0.006,1.005,-40.180,7.508,-17.509,Pitch
-0.077,-0.047,1.087,-26.110,10.929,-13.379,Pitch
-0.051,-0.048,1.074,-10.474,-3.132,-11.148,Pitch
-0.042,-0.062,0.999,7.543,-5.871,-10.474,Pitch
-0.029,-0.025,0.977,64.942,-16.415,-6.764,Pitch
-0.022,0.101,0.963,143.098,-24.430,-0.752,Pitch
-0.031,0.160,0.871,199.159,-28.070,8.575,Pitch
0.090,0.255,0.943,203.184,-47.338,-0.788,Pitch
-0.022,0.270,0.967,207.401,-40.556,7.858,Pitch
-0.034,0.379,0.909,229.425,-22.234,-1.768,Pitch
-0.013,0.447,0.952,241.351,-6.895,-14.630,Pitch
0.135,0.547,1.065,219.835,-8.846,-9.056,Pitch
0.126,0.584,0.687,212.354,-9.398,11.410,Pitch
0.016,0.720,0.613,232.610,-18.532,24.325,Pitch
0.123,0.780,0.540,240.800,-16.651,30.275,Pitch
0.117,0.856,0.541,248.789,-5.836,40.906,Pitch
0.042,0.966,0.523,244.842,-6.037,39.821,Pitch
0.068,0.992,0.426,201.066,-17.868,29.225,Pitch
0.148,0.950,0.396,163.896,-16.634,17.990,Pitch
0.103,1.006,0.216,135.258,-20.650,29.531,Pitch
0.072,0.947,0.152,133.928,-7.954,29.505,Pitch
0.157,0.925,0.176,137.428,-1.129,7.726,Pitch
0.157,1.031,0.094,93.310,-0.717,6.851,Pitch
0.164,0.936,0.177,62.939,3.588,5.976,Pitch
0.117,1.019,0.055,21.989,0.359,0.420,Pitch
0.125,0.981,0.044,-9.310,-8.102,-5.066,Pitch
0.122,0.994,0.130,-40.486,-7.157,-9.581,Pitch
0.123,1.009,0.221,-92.418,-11.874,-10.701,Pitch
0.077,1.037,0.373,-215.163,-24.833,-8.251,Pitch
0.138,1.078,0.346,-274.846,-32.821,-8.444,Pitch
0.131,0.964,0.387,-285.031,-23.765,-7.157,Pitch
0.107,0.912,0.424,-286.624,-26.434,-6.484,Pitch
0.244,0.871,0.599,-286.685,-19.460,0.998,Pitch
0.243,0.775,0.679,-286.685,-12.757,20.606,Pitch
0.106,0.633,0.660,-282.739,8.321,18.086,Pitch
0.106,0.546,0.646,-276.509,21.770,10.316,Pitch
0.169,0.446,0.821,-254.179,35.980,5.574,Pitch
0.209,0.301,0.989,-250.924,24.176,16.222,Pitch
0.098,0.185,0.815,-249.445,49.525,24.500,Pitch
-0.002,0.151,0.821,-229.469,68.285,3.027,Pitch
-0.022,0.006,1.028,-169.697,67.410,-28.271,Pitch
0.077,-0.074,1.144,-150.194,30.135,-42.403,Pitch
0.118,-0.173,0.890,-106.137,1.409,-20.151,Pitch
0.038,-0.078,0.968,-70.849,9.730,-14.193,Pitch
0.011,-0.186,0.989,-29.452,16.966,-7.630,Pitch
0.007,-0.152,0.964,14.735,9.826,2.205,Pitch
0.010,-0.133,1.001,34.562,-13.562,-7.315,Pitch
0.039,-0.096,0.918,59.658,-17.745,-13.020,Pitch
0.001,-0.073,0.987,139.178,-4.646,-6.274,Pitch
0.014,0.025,0.954,202.283,17.710,3.850,Pitch
0.055,0.206,0.941,196.901,1.418,-10.203,Pitch
0.054,0.252,0.934,198.949,-15.417,-13.589,Pitch
0.061,0.330,0.813,276.237,-13.816,23.616,Pitch
-0.014,0.503,0.989,286.685,1.444,15.899,Pitch
0.032,0.571,0.878,286.685,6.449,9.153,Pitch
0.022,0.756,0.766,286.685,-4.900,9.800,Pitch
0.045,0.805,0.600,286.685,-23.958,19.294,Pitch
0.089,0.886,0.521,286.685,-29.487,22.829,Pitch
0.121,1.080,0.475,286.545,-29.356,42.333,Pitch
0.043,1.072,0.323,283.806,-13.571,34.807,Pitch
0.089,0.932,0.346,246.085,20.886,17.062,Pitch
0.136,1.064,0.240,188.667,13.466,4.664,Pitch
0.066,1.066,0.036,100.704,6.562,19.819,Pitch
0.119,0.957,0.004,80.728,23.546,5.451,Pitch
0.036,0.948,0.059,36.330,17.264,3.483,Pitch
0.070,0.908,-0.033,-7.000,2.572,-9.975,Pitch
0.049,1.015,0.041,-29.164,-1.584,-15.829,Pitch
0.062,1.018,0.074,-58.109,-7.954,-22.907,Pitch
0.108,0.965,0.079,-87.491,-2.266,-26.574,Pitch
0.078,0.971,0.043,-95.559,7.700,-23.616,Pitch
0.016,1.021,0.191,-107.957,-5.819,-18.891,Pitch
0.042,1.024,0.438,-150.185,-21.709,-18.550,Pitch
0.061,1.001,0.521,-279.799,-31.798,-5.740,Pitch
0.071,0.997,0.445,-286.685,-34.195,11.130,Pitch
0.124,0.836,0.375,-286.685,-10.789,10.045,Pitch
0.092,0.772,0.531,-286.177,12.871,9.398,Pitch
0.090,0.685,0.799,-286.685,16.109,8.461,Pitch
0.123,0.656,0.914,-286.685,-1.400,6.764,Pitch
0.168,0.434,0.826,-286.685,16.564,14.962,Pitch
0.113,0.295,0.772,-286.598,25.104,26.346,Pitch
0.083,0.110,0.995,-256.497,34.877,28.105,Pitch
-0.028,0.056,1.062,-229.539,58.931,20.274,Pitch
-0.020,-0.046,0.894,-191.555,53.235,1.549,Pitch
-0.005,-0.122,0.879,-133.849,37.424,2.301,Pitch
0.006,-0.141,0.871,-58.450,24.010,3.929,Pitch
-0.090,-0.139,1.005,12.198,5.688,-0.472,Pitch
-0.073,-0.195,1.084,31.456,-7.201,-16.485,Pitch
-0.023,-0.142,1.078,24.509,-8.339,-17.106,Pitch
-0.054,-0.110,0.993,34.449,-20.291,-18.139,Pitch
-0.002,-0.013,0.990,70.927,-29.374,-28.753,Pitch
0.050,0.011,0.983,111.895,-32.795,-29.225,Pitch
0.019,0.096,0.967,132.965,-31.605,-28.044,Pitch
0.113,0.115,0.938,178.176,-38.080,-36.312,Pitch
0.011,0.157,1.145,237.169,-1.689,-21.630,Pitch
0.062,0.076,1.093,231.289,18.226,6.886,Pitch
0.081,0.336,0.980,222.084,21.149,34.046,Pitch
0.046,0.471,0.704,246.628,39.961,39.725,Pitch
-0.022,0.580,0.581,286.685,32.244,41.090,Pitch
0.011,0.713,0.672,286.685,13.177,32.296,Pitch
0.009,0.857,0.657,286.685,5.530,37.371,Pitch
-0.028,0.953,0.502,286.685,-32.042,46.576,Pitch
0.083,0.982,0.352,286.685,-40.259,52.929,Pitch
0.071,1.063,0.247,280.429,-34.895,42.341,Pitch
0.095,1.076,0.174,259.744,-27.659,29.969,Pitch
0.142,1.026,0.085,219.389,-16.677,30.844,Pitch
0.124,0.963,-0.028,172.830,-5.084,29.452,Pitch
0.113,0.964,-0.145,128.476,-20.405,40.486,Pitch
0.092,0.925,-0.207,118.851,-14.962,32.498,Pitch
0.127,0.947,-0.202,91.044,-10.089,5.731,Pitch
0.156,0.947,-0.200,48.221,-12.311,-14.823,Pitch
0.144,0.934,-0.199,5.416,-11.821,-27.667,Pitch
0.174,0.922,-0.244,-10.649,-12.504,-25.847,Pitch
0.125,0.926,-0.213,-14.910,-1.715,-20.379,Pitch
0.140,0.944,-0.156,-51.704,-3.325,-15.549,Pitch
0.103,0.977,-0.100,-114.196,-3.605,-11.786,Pitch
0.179,0.998,-0.164,-146.694,-0.245,-11.541,Pitch
0.155,1.007,0.008,-145.950,10.465,0.201,Pitch
0.088,1.011,0.113,-179.489,10.054,7.061,Pitch
0.027,0.978,0.232,-254.887,2.441,2.039,Pitch
0.042,0.940,0.219,-286.685,-3.342,-2.091,Pitch
-0.042,0.937,0.544,-286.685,-16.214,14.306,Pitch
0.161,1.072,0.571,-286.685,-39.839,4.174,Pitch
0.175,0.857,0.548,-286.685,6.991,1.146,Pitch
0.124,0.644,0.591,-286.685,55.939,-6.702,Pitch
0.099,0.580,0.929,-286.685,48.536,-13.195,Pitch
0.233,0.512,1.041,-286.685,28.385,-18.340,Pitch
0.170,0.217,0.841,-286.685,79.957,-4.769,Pitch
0.030,0.154,0.898,-280.228,115.762,3.027,Pitch
-0.108,-0.022,0.931,-244.291,77.971,-11.471,Pitch
-0.020,-0.146,0.858,-129.307,35.411,-8.829,Pitch
-0.056,-0.150,0.770,-40.539,34.624,-1.768,Pitch
-0.085,-0.147,0.967,11.672,19.329,-2.555,Pitch
-0.113,-0.165,1.142,18.270,4.769,-10.999,Pitch
-0.088,-0.178,0.971,5.145,-6.825,-13.335,Pitch
-0.075,-0.127,0.971,28.333,-13.624,-13.554,Pitch
-0.035,-0.117,0.931,52.491,-17.657,-9.625,Pitch
-0.063,-0.053,1.053,83.073,-18.462,-1.146,Pitch
-0.108,0.035,1.032,77.402,-33.285,-1.225,Pitch
-0.089,-0.002,0.993,79.319,-25.384,-4.445,Pitch
-0.074,0.097,1.052,104.073,-15.365,-4.506,Pitch
0.052,0.164,1.070,169.120,-4.095,5.968,Pitch
0.109,0.153,0.860,228.095,-19.827,14.350,Pitch
0.121,0.262,0.893,269.229,-44.275,27.886,Pitch
0.111,0.501,0.842,286.685,-49.901,45.097,Pitch
0.122,0.706,0.688,286.685,-43.908,61.740,Pitch
0.025,0.747,0.750,286.685,-46.568,68.022,Pitch
-0.030,0.825,0.635,286.685,-31.211,56.088,Pitch
0.093,0.959,0.580,286.685,-42.315,49.053,Pitch
0.134,1.026,0.421,286.685,-66.168,52.509,Pitch
0.146,0.975,0.269,264.128,-46.996,36.741,Pitch
0.151,1.073,0.167,233.529,-22.802,26.635,Pitch
0.234,0.995,0.063,198.599,-17.316,28.114,Pitch
0.200,1.020,0.000,156.424,-7.604,28.989,Pitch
0.203,1.001,-0.082,110.512,-17.202,21.472,Pitch
0.216,0.931,-0.145,63.481,-14.569,10.019,Pitch
0.229,0.912,-0.200,47.565,-4.996,3.010,Pitch
0.189,0.867,-0.230,47.714,-5.162,-2.432,Pitch
0.185,0.876,-0.212,31.255,-3.491,-19.626,Pitch
0.218,0.951,-0.214,4.043,-5.162,-31.281,Pitch
0.231,0.929,-0.229,0.411,-1.076,-31.062,Pitch
0.202,0.866,-0.206,-18.392,0.254,-26.075,Pitch
0.173,0.881,-0.122,-55.431,4.935,-18.375,Pitch
0.148,0.896,-0.065,-130.104,4.594,-24.246,Pitch
0.158,1.007,-0.016,-166.863,-5.932,-20.886,Pitch
0.184,1.013,0.004,-222.320,-29.339,-9.345,Pitch
0.136,0.943,0.079,-286.265,15.164,-5.766,Pitch
0.133,1.016,0.350,-286.685,8.706,-2.441,Pitch
0.143,1.098,0.466,-286.685,-15.575,4.812,Pitch
0.256,1.011,0.587,-286.685,-22.015,15.899,Pitch
0.157,0.719,0.575,-286.685,45.640,22.164,Pitch
0.115,0.606,0.724,-286.685,71.330,15.881,Pitch
0.213,0.626,0.945,-286.685,47.075,12.906,Pitch
0.230,0.453,0.977,-286.676,39.147,20.029,Pitch
0.048,0.295,0.788,-286.685,76.580,10.097,Pitch
0.014,0.155,0.991,-255.981,111.825,4.008,Pitch
0.013,0.050,1.115,-247.371,92.435,-5.477,Pitch
-0.021,-0.050,0.982,-223.816,34.632,-5.049,Pitch
-0.011,-0.092,0.838,-147.271,32.812,-13.169,Pitch
-0.043,-0.207,1.015,-83.353,31.281,-8.610,Pitch
-0.051,-0.264,0.958,-66.981,28.149,-12.845,Pitch
-0.017,-0.198,0.935,-9.870,14.796,-9.301,Pitch
-0.061,-0.275,0.999,33.565,-5.766,-9.012,Pitch
-0.037,-0.273,1.029,67.707,-26.189,-6.510,Pitch
0.000,-0.261,0.906,77.805,-24.194,3.307,Pitch
0.022,-0.129,0.866,125.177,-15.006,6.650,Pitch
0.072,0.082,0.899,189.175,-11.226,19.653,Pitch
0.004,0.153,0.901,281.286,4.961,42.499,Pitch
-0.002,0.296,1.014,286.685,13.746,34.204,Pitch
-0.062,0.358,1.085,268.695,-2.572,24.640,Pitch
-0.052,0.471,0.903,273.726,-54.941,18.532,Pitch
0.020,0.607,0.878,286.685,-48.641,18.288,Pitch
0.080,0.648,0.765,286.685,-53.060,38.981,Pitch
0.026,0.757,0.731,286.685,-42.551,38.474,Pitch
0.038,0.922,0.633,278.504,-44.222,30.275,Pitch
0.195,0.907,0.446,271.810,-35.831,29.969,Pitch
0.180,0.959,0.357,286.274,-23.485,50.461,Pitch
0.105,0.998,0.230,286.545,-11.541,59.281,Pitch
0.155,1.033,0.151,274.260,-25.095,60.865,Pitch
0.192,1.032,0.056,236.565,-33.635,60.778,Pitch
0.191,1.058,-0.039,212.327,-32.454,50.409,Pitch
0.222,1.004,-0.141,172.891,-34.353,29.278,Pitch
0.234,0.930,-0.218,133.446,-22.304,9.931,Pitch
0.239,0.867,-0.233,92.067,-15.382,-1.514,Pitch
0.210,0.867,-0.266,59.561,-8.059,-10.684,Pitch
0.222,0.884,-0.364,34.221,-8.890,-11.174,Pitch
0.198,0.868,-0.274,4.996,-4.637,-23.476,Pitch
0.218,0.929,-0.196,-56.359,-12.364,-28.735,Pitch
0.210,0.906,-0.179,-96.058,-9.642,-27.370,Pitch
0.194,0.884,-0.016,-177.529,-3.447,-34.606,Pitch
0.212,1.070,0.051,-277.139,-1.006,-38.474,Pitch
0.187,1.177,0.081,-286.685,-10.859,-28.980,Pitch
0.146,1.072,0.067,-286.685,-6.466,-17.920,Pitch
0.160,0.916,0.160,-286.685,21.892,-11.629,Pitch
0.155,0.926,0.400,-286.685,38.894,2.380,Pitch
0.130,0.925,0.694,-286.685,20.702,17.194,Pitch
0.131,0.834,0.679,-286.685,18.882,20.641,Pitch
0.095,0.606,0.632,-286.685,42.770,8.873,Pitch
0.148,0.580,0.805,-286.685,82.836,-0.140,Pitch
0.159,0.513,0.977,-276.850,23.511,12.031,Pitch
0.131,0.357,1.015,-284.629,19.924,12.976,Pitch
0.002,0.186,0.938,-286.510,34.947,6.519,Pitch
-0.116,0.016,0.842,-231.035,77.656,-8.347,Pitch
0.036,-0.064,1.049,-142.205,62.151,-13.440,Pitch
0.077,-0.089,1.065,-138.346,51.266,-11.069,Pitch
-0.084,-0.279,0.985,-142.467,56.770,-2.625,Pitch
-0.147,-0.367,0.985,-119.192,54.941,-4.340,Pitch
-0.137,-0.313,0.949,-85.435,57.645,-19.154,Pitch
-0.056,-0.301,0.998,-56.166,29.540,-21.823,Pitch
-0.069,-0.396,0.876,6.213,16.975,-10.448,Pitch
-0.119,-0.320,0.961,68.084,-8.164,4.349,Pitch
-0.043,-0.253,0.862,132.554,-23.555,17.885,Pitch
-0.064,-0.176,0.859,195.449,-24.972,37.660,Pitch
-0.127,0.035,0.898,258.913,-30.844,33.311,Pitch
-0.070,0.242,0.958,286.685,-35.586,15.698,Pitch
-0.038,0.387,1.092,286.685,-32.436,1.347,Pitch
0.033,0.355,1.148,286.685,-38.518,7.910,Pitch
0.047,0.368,0.992,286.685,-46.016,45.404,Pitch
-0.043,0.725,0.830,286.685,-28.691,55.676,Pitch
-0.024,0.864,0.704,286.685,-24.789,47.757,Pitch
0.007,0.831,0.581,286.685,-17.570,34.160,Pitch
0.055,0.920,0.479,286.685,-12.530,43.584,Pitch
0.072,1.035,0.418,279.379,-0.525,41.029,Pitch
0.048,0.977,0.255,251.571,-10.938,45.596,Pitch
0.055,1.035,0.220,220.631,-20.921,32.524,Pitch
0.184,0.939,0.051,185.264,-19.696,33.994,Pitch
0.105,0.928,-0.040,168.560,-9.153,29.461,Pitch
0.172,0.959,0.020,147.534,-10.159,21.438,Pitch
0.115,0.953,-0.149,121.853,-9.818,19.556,Pitch
0.092,1.026,-0.191,115.666,-12.311,5.399,Pitch
0.127,0.902,-0.161,76.204,-16.905,-15.251,Pitch
0.142,0.969,0.036,-6.046,-19.355,-27.528,Pitch
0.136,1.048,0.115,-170.188,-4.191,-37.966,Pitch
0.089,1.123,-0.073,-236.932,-0.665,-42.201,Pitch
0.088,0.947,-0.119,-233.476,-6.326,-41.318,Pitch
0.081,0.959,0.162,-223.816,-1.872,-32.077,Pitch
0.053,1.006,0.368,-286.589,6.055,-36.890,Pitch
0.012,1.037,0.420,-286.685,1.374,-37.310,Pitch
0.111,0.994,0.421,-286.685,13.177,-23.949,Pitch
0.120,0.848,0.608,-286.685,-19.609,18.209,Pitch
0.087,0.654,0.568,-286.685,-14.639,35.245,Pitch
0.050,0.516,0.649,-286.685,3.404,26.478,Pitch
0.137,0.392,0.947,-286.685,31.220,25.156,Pitch
0.025,0.332,1.098,-286.685,59.990,31.876,Pitch
0.053,0.239,0.958,-286.685,46.664,39.611,Pitch
-0.035,0.104,0.785,-278.994,61.810,25.830,Pitch
-0.085,-0.086,0.866,-200.410,87.071,25.506,Pitch
-0.062,-0.141,1.046,-138.092,80.754,32.095,Pitch
-0.110,-0.138,0.917,-104.046,42.998,22.899,Pitch
-0.227,-0.217,0.925,-62.143,35.770,9.502,Pitch
-0.219,-0.150,1.073,-32.104,36.846,-7.805,Pitch
-0.150,-0.185,0.979,-22.356,37.266,-12.504,Pitch
-0.180,-0.235,1.050,-7.227,21.385,-1.724,Pitch
-0.218,-0.263,1.067,1.435,0.840,-4.576,Pitch
-0.225,-0.330,1.007,7.884,-27.142,-14.114,Pitch
-0.137,-0.371,0.884,62.440,-36.978,-26.583,Pitch
-0.043,-0.340,0.865,144.673,-24.587,-25.524,Pitch
-0.019,-0.175,0.902,176.645,-11.191,-12.416,Pitch
-0.075,-0.046,0.903,252.473,-10.579,4.952,Pitch
-0.149,0.194,1.077,273.989,-21.306,3.325,Pitch
-0.135,0.232,1.197,240.503,-40.066,-9.485,Pitch
-0.066,0.177,1.110,229.469,-34.869,9.091,Pitch
-0.051,0.319,0.695,255.491,-36.138,30.966,Pitch
-0.004,0.498,0.749,286.685,-55.431,49.236,Pitch
-0.072,0.691,0.742,286.685,-65.240,46.112,Pitch
-0.040,0.716,0.780,268.144,-67.349,33.591,Pitch
0.051,0.808,0.657,233.179,-66.666,26.862,Pitch
0.127,0.887,0.478,225.286,-69.842,37.686,Pitch
0.130,0.867,0.419,230.151,-55.694,47.425,Pitch
0.117,0.940,0.419,211.400,-38.456,44.896,Pitch
0.160,1.007,0.312,179.042,-36.768,47.862,Pitch
0.161,1.029,0.167,183.689,-39.384,58.695,Pitch
0.157,1.012,0.168,177.275,-17.386,35.131,Pitch
0.130,0.994,0.096,149.109,-15.986,19.504,Pitch
0.170,0.947,0.023,115.246,-23.712,1.855,Pitch
0.203,0.914,-0.038,93.756,-17.640,-9.214,Pitch
0.155,0.947,-0.048,61.084,-18.734,-19.171,Pitch
0.243,0.997,-0.018,27.904,-13.475,-27.090,Pitch
0.199,0.964,-0.072,-1.969,-10.780,-21.954,Pitch
0.167,0.955,-0.049,-23.573,-2.441,-18.987,Pitch
0.159,0.967,-0.014,-65.590,-1.750,-20.851,Pitch
0.152,0.993,0.038,-96.460,4.261,-23.721,Pitch
0.122,0.994,0.178,-167.659,7.044,-23.958,Pitch
0.137,1.049,0.319,-264.819,11.314,-23.774,Pitch
0.107,0.984,0.257,-286.685,17.981,-22.365,Pitch
0.144,0.987,0.326,-286.685,21.683,-25.200,Pitch
0.130,0.891,0.511,-286.685,2.721,-1.033,Pitch
0.122,0.773,0.594,-286.685,-13.597,4.296,Pitch
0.141,0.684,0.659,-286.685,-0.026,9.940,Pitch
0.142,0.563,0.752,-286.685,25.296,6.282,Pitch
0.127,0.415,0.976,-286.685,10.693,8.330,Pitch
0.063,0.256,0.993,-286.685,7.227,-8.951,Pitch
0.044,0.297,0.755,-278.469,26.792,-29.846,Pitch
0.081,0.111,0.729,-246.181,49.481,-26.014,Pitch
-0.006,-0.094,0.894,-156.450,92.986,-11.445,Pitch
-0.101,-0.185,1.132,-114.826,106.969,-21.989,Pitch
-0.112,-0.185,1.044,-102.314,83.790,-36.934,Pitch
-0.079,-0.217,1.120,-92.015,76.974,-35.595,Pitch
-0.065,-0.124,1.167,-93.739,46.130,-24.036,Pitch
-0.140,-0.217,0.974,-86.030,17.701,-24.290,Pitch
-0.084,-0.244,0.951,-48.405,-3.027,-15.243,Pitch
-0.092,-0.281,0.953,-8.943,-17.649,1.374,Pitch
0.013,-0.302,0.885,43.409,-41.466,23.310,Pitch
-0.021,-0.205,0.906,115.456,-45.946,55.764,Pitch
-0.173,-0.092,0.912,215.294,-15.864,47.871,Pitch
-0.153,0.026,0.979,249.357,-5.810,25.497,Pitch
-0.095,0.072,1.078,237.151,-16.704,6.597,Pitch
-0.011,0.007,0.996,285.215,-61.635,14.201,Pitch
0.020,0.198,0.894,286.685,-51.896,42.131,Pitch
-0.040,0.369,0.901,286.685,-22.540,52.220,Pitch
-0.061,0.729,0.859,286.685,-30.319,44.424,Pitch
-0.015,0.762,0.717,286.685,-24.736,25.795,Pitch
0.026,0.803,0.545,286.685,-17.526,16.266,Pitch
0.036,0.911,0.534,286.685,-22.111,25.051,Pitch
0.143,0.995,0.383,286.151,-17.692,33.460,Pitch
0.121,0.981,0.267,245.936,-4.480,53.279,Pitch
0.078,1.055,0.131,230.921,-16.319,67.463,Pitch
0.081,1.040,0.062,227.666,-23.485,54.766,Pitch
0.166,0.938,-0.031,182.936,-27.554,50.960,Pitch
0.127,0.913,-0.071,159.416,-17.054,31.491,Pitch
0.158,0.931,-0.085,111.143,-18.051,13.038,Pitch
0.196,0.920,-0.099,77.026,-14.962,-6.423,Pitch
0.207,1.001,-0.147,40.469,-12.136,-14.945,Pitch
0.182,0.960,-0.170,4.174,-2.039,-11.672,Pitch
0.158,0.953,-0.145,-28.551,-2.039,-14.551,Pitch
0.093,0.892,-0.146,-57.085,0.228,-20.702,Pitch
0.145,0.982,-0.016,-124.967,0.779,-32.900,Pitch
0.140,1.049,0.133,-214.366,5.477,-31.868,Pitch
0.103,1.115,0.177,-286.685,-1.452,-30.888,Pitch
0.114,1.087,0.232,-286.685,-3.159,-24.876,Pitch
0.090,0.945,0.269,-286.685,1.540,-13.248,Pitch
0.059,0.980,0.341,-286.685,-2.047,-3.281,Pitch
0.160,0.850,0.461,-273.578,-9.599,-1.890,Pitch
0.190,0.742,0.643,-249.681,1.951,7.411,Pitch
0.055,0.643,0.651,-263.830,14.210,17.194,Pitch
0.033,0.537,0.795,-258.694,16.879,2.266,Pitch
0.149,0.466,0.923,-260.522,25.305,-6.624,Pitch
0.150,0.382,0.928,-246.610,43.829,0.928,Pitch
0.023,0.260,0.921,-228.008,57.986,13.948,Pitch
0.003,0.077,0.983,-211.006,60.664,-10.570,Pitch
0.092,0.036,1.088,-171.106,42.184,-14.245,Pitch
0.048,-0.026,1.036,-145.950,28.884,-5.959,Pitch
-0.076,0.049,1.000,-111.965,13.011,3.054,Pitch
-0.108,0.081,1.069,-70.779,3.841,-2.642,Pitch
0.009,-0.083,0.958,-30.441,-7.105,-3.911,Pitch
0.017,-0.143,0.979,3.815,-4.778,8.024,Pitch
-0.059,-0.136,1.056,39.077,0.175,25.244,Pitch
-0.141,-0.081,1.009,57.120,-19.504,11.060,Pitch
-0.051,-0.095,0.936,137.961,-30.257,-8.426,Pitch
0.049,-0.018,0.882,234.351,-37.756,-1.015,Pitch
0.054,0.083,1.066,284.585,-15.829,6.046,Pitch
-0.029,0.251,0.985,243.583,2.537,19.337,Pitch
0.033,0.551,0.951,256.935,-51.476,26.915,Pitch
0.102,0.583,0.836,285.276,-66.675,32.471,Pitch
0.039,0.650,0.865,286.685,-58.494,27.108,Pitch
0.167,0.711,0.734,281.024,-40.609,20.536,Pitch
0.128,0.901,0.647,232.706,-39.165,35.735,Pitch
0.112,0.899,0.557,221.349,-34.606,33.495,Pitch
0.164,0.907,0.444,209.895,-28.709,29.531,Pitch
0.174,0.948,0.388,193.200,-20.344,26.250,Pitch
0.175,0.946,0.296,168.744,-12.976,24.824,Pitch
0.172,0.931,0.255,139.178,-13.921,30.450,Pitch
0.218,0.873,0.102,111.361,-12.425,21.175,Pitch
0.166,0.873,0.058,96.162,-7.298,14.831,Pitch
0.214,0.908,-0.014,91.210,-16.083,6.475,Pitch
0.163,0.989,0.077,94.526,-19.661,3.544,Pitch
0.191,0.917,0.138,36.706,-23.581,-3.526,Pitch
0.215,0.942,0.066,-25.585,-7.403,-15.461,Pitch
0.222,0.994,0.065,-56.018,3.596,-21.927,Pitch
0.207,0.982,0.101,-75.294,9.573,-19.101,Pitch
0.169,0.988,0.253,-145.268,13.729,-19.075,Pitch
0.128,0.991,0.347,-247.826,20.090,-26.985,Pitch
0.147,0.933,0.274,-286.685,26.626,-38.780,Pitch
0.128,0.909,0.367,-286.685,23.608,-41.860,Pitch
0.160,0.826,0.641,-286.685,10.185,-34.029,Pitch
0.150,0.777,0.740,-286.685,16.441,-11.926,Pitch
0.165,0.537,0.585,-286.685,55.458,5.854,Pitch
0.074,0.452,0.653,-286.685,71.636,4.602,Pitch
0.103,0.380,0.869,-267.225,36.339,6.387,Pitch
0.154,0.346,0.877,-286.685,-18.007,20.510,Pitch
0.050,0.118,0.874,-275.004,6.300,17.964,Pitch
0.034,0.037,0.985,-222.128,27.729,0.333,Pitch
0.047,-0.121,1.088,-163.660,40.005,2.791,Pitch
0.031,-0.182,0.975,-96.014,41.921,12.110,Pitch
-0.059,-0.128,1.016,-39.121,38.535,12.057,Pitch
-0.068,-0.096,1.110,-30.188,16.074,-3.281,Pitch
-0.050,-0.169,1.060,-15.365,5.836,-9.590,Pitch
-0.047,-0.241,1.080,5.854,-0.630,-13.851,Pitch
-0.025,-0.152,1.046,22.417,-8.969,-17.272,Pitch
0.056,-0.158,1.052,65.861,-9.984,-9.257,Pitch
-0.019,-0.140,0.972,171.027,-29.522,4.611,Pitch
0.050,0.018,1.120,248.990,-28.149,4.839,Pitch
-0.011,0.237,1.058,245.577,12.014,-11.751,Pitch
-0.065,0.290,0.886,222.565,-27.414,-35.831,Pitch
0.044,0.388,0.906,244.352,-55.641,-36.522,Pitch
0.033,0.174,0.904,282.853,-27.423,-3.693,Pitch
0.002,0.589,0.879,286.064,-8.426,18.576,Pitch
-0.011,0.762,0.819,277.121,-28.718,13.738,Pitch
0.053,0.758,0.658,259.831,-37.144,5.215,Pitch
0.084,0.784,0.672,238.385,-36.286,-0.070,Pitch
0.101,0.962,0.619,216.816,-34.807,8.811,Pitch
0.127,0.989,0.453,214.113,-10.972,17.334,Pitch
0.097,0.861,0.279,233.459,3.981,19.906,Pitch
0.068,0.963,0.186,238.805,9.800,11.576,Pitch
0.064,0.948,0.053,210.595,-6.282,15.199,Pitch
0.070,0.958,-0.005,204.969,-7.534,7.403,Pitch
0.089,0.968,-0.030,201.145,-10.526,10.413,Pitch
0.139,0.948,-0.051,148.383,-15.426,13.352,Pitch
0.132,0.972,-0.137,103.915,-23.616,15.400,Pitch
0.133,0.950,-0.119,78.234,-22.129,12.057,Pitch
0.175,0.950,-0.221,36.592,-12.915,9.879,Pitch
0.134,0.958,-0.253,31.045,5.731,8.846,Pitch
0.120,0.954,-0.208,12.915,8.120,-4.839,Pitch
0.105,0.931,-0.180,-37.879,7.429,-15.409,Pitch
0.145,0.957,-0.074,-83.764,4.611,-13.930,Pitch
0.102,0.977,-0.006,-167.545,8.190,-23.266,Pitch
0.003,0.971,0.017,-248.622,-10.036,-21.420,Pitch
0.131,0.964,0.037,-286.353,3.255,-29.969,Pitch
0.146,1.000,0.269,-286.685,0.971,-26.478,Pitch
0.089,1.037,0.421,-286.685,-12.469,-11.279,Pitch
0.136,0.941,0.395,-286.685,-10.833,-2.599,Pitch
0.126,0.822,0.320,-286.685,7.464,11.051,Pitch
0.092,0.668,0.583,-286.685,0.262,7.656,Pitch
0.208,0.717,0.962,-286.685,-16.450,18.874,Pitch
0.140,0.454,0.864,-286.685,14.779,25.830,Pitch
0.074,0.294,0.702,-286.685,40.504,35.787,Pitch
0.119,0.227,0.936,-255.911,54.679,45.658,Pitch
0.074,0.159,1.043,-208.871,48.571,50.216,Pitch
-0.050,0.059,0.970,-166.057,49.954,32.970,Pitch
-0.139,-0.017,0.931,-91.543,57.951,7.892,Pitch
-0.054,-0.125,1.067,-33.757,47.679,-3.649,Pitch
-0.030,-0.136,1.056,16.739,17.325,-4.253,Pitch
-0.051,-0.038,1.029,64.164,1.138,0.770,Pitch
-0.060,-0.003,1.033,105.490,-5.565,-5.784,Pitch
0.002,0.071,0.977,151.681,-3.955,-7.114,Pitch
-0.081,0.152,1.008,209.492,5.110,-7.901,Pitch
0.059,0.273,0.906,255.736,-35.341,-0.096,Pitch
0.066,0.378,0.868,286.685,-67.944,19.407,Pitch
0.044,0.485,0.819,286.685,-76.799,19.355,Pitch
0.109,0.711,0.952,286.685,-86.581,30.013,Pitch
0.166,0.715,0.766,286.685,-78.234,49.577,Pitch
0.155,0.790,0.612,286.685,-62.746,49.717,Pitch
0.147,0.951,0.481,286.606,-62.877,62.650,Pitch
0.195,0.905,0.334,281.304,-49.910,56.429,Pitch
0.201,0.909,0.245,246.505,-33.705,49.193,Pitch
0.220,0.977,0.228,187.197,-31.421,37.004,Pitch
0.310,0.975,0.129,158.725,-29.741,30.704,Pitch
0.242,0.873,0.017,124.819,-10.868,19.757,Pitch
0.249,0.954,-0.123,107.643,-13.309,19.959,Pitch
0.271,0.913,-0.107,107.914,-22.024,17.045,Pitch
0.256,0.949,-0.061,89.268,-21.683,7.604,Pitch
0.287,0.923,-0.069,18.532,-18.891,-14.604,Pitch
0.245,0.919,-0.095,-22.085,-3.141,-36.846,Pitch
0.227,0.928,-0.088,-53.743,1.890,-57.610,Pitch
0.266,0.963,-0.061,-73.981,-5.530,-41.965,Pitch
0.208,0.915,0.086,-102.393,-0.455,-29.951,Pitch
0.186,0.999,0.216,-197.846,5.110,-44.879,Pitch
0.214,1.070,0.338,-286.685,17.439,-55.877,Pitch
0.255,1.113,0.367,-286.685,34.143,-43.549,Pitch
0.136,0.971,0.316,-286.685,49.516,-25.987,Pitch
0.155,0.793,0.471,-281.339,59.701,-17.229,Pitch
0.174,0.777,0.607,-286.685,37.222,-9.205,Pitch
0.160,0.738,0.727,-286.685,33.670,3.404,Pitch
0.091,0.603,0.855,-286.685,50.006,5.486,Pitch
0.041,0.473,0.827,-286.685,62.956,0.149,Pitch
0.008,0.332,0.849,-277.174,48.195,-13.064,Pitch
0.079,0.277,1.062,-254.730,34.361,-5.749,Pitch
0.033,0.114,1.010,-233.083,41.353,10.246,Pitch
-0.074,-0.053,0.876,-180.005,44.826,17.614,Pitch
-0.114,-0.088,0.981,-104.116,49.709,5.443,Pitch
-0.067,-0.161,1.058,-79.984,50.251,-10.299,Pitch
-0.057,-0.055,1.079,-55.107,22.855,-9.712,Pitch
-0.086,-0.098,1.013,-20.405,2.065,-1.199,Pitch
-0.091,-0.114,0.984,12.224,-23.625,11.839,Pitch
-0.063,-0.114,0.990,34.895,-33.792,25.734,Pitch
-0.033,-0.209,0.815,73.570,-31.999,31.299,Pitch
-0.062,-0.178,0.874,136.150,-6.781,12.381,Pitch
-0.057,0.046,1.061,196.735,-9.852,1.636,Pitch
-0.072,0.136,0.997,232.102,6.711,10.483,Pitch
0.041,0.230,0.954,272.195,-34.571,16.642,Pitch
-0.039,0.319,0.942,275.984,-37.616,13.667,Pitch
-0.001,0.513,0.892,286.388,-61.110,22.470,Pitch
0.003,0.661,0.845,286.685,-60.760,24.491,Pitch
0.133,0.762,0.765,286.685,-69.668,39.104,Pitch
0.070,0.814,0.650,285.906,-65.467,44.853,Pitch
0.117,0.873,0.660,273.761,-64.732,44.161,Pitch
0.151,0.965,0.553,249.182,-46.016,44.791,Pitch
0.176,0.919,0.496,201.023,-23.546,40.757,Pitch
0.178,0.974,0.294,159.005,-14.210,41.020,Pitch
0.222,0.948,0.181,153.134,-20.974,44.949,Pitch
0.214,0.968,0.152,164.815,-23.144,49.105,Pitch
0.231,1.010,0.142,162.960,-24.999,42.472,Pitch
0.229,1.017,0.053,124.626,-29.663,39.751,Pitch
0.250,0.877,-0.034,93.188,-28.455,24.999,Pitch
0.246,0.907,-0.100,81.935,-29.540,8.365,Pitch
0.245,0.875,-0.131,67.865,-24.220,-14.779,Pitch
0.295,0.958,-0.098,52.185,-20.449,-35.516,Pitch
0.269,0.936,-0.106,30.083,-14.368,-30.835,Pitch
0.259,0.934,-0.057,8.908,-10.990,-27.484,Pitch
0.264,0.963,-0.007,-67.305,-3.920,-15.050,Pitch
0.229,0.919,-0.006,-104.317,13.361,-8.785,Pitch
0.228,1.052,0.039,-141.330,14.551,-10.141,Pitch
0.189,1.006,0.203,-174.965,16.835,-17.622,Pitch
0.185,1.024,0.389,-280.158,38.132,-42.315,Pitch
0.241,0.993,0.267,-286.685,49.499,-50.173,Pitch
0.183,0.950,0.352,-286.685,29.382,-26.128,Pitch
0.145,0.945,0.531,-286.685,16.433,-13.930,Pitch
0.230,0.825,0.678,-286.685,15.820,-8.724,Pitch
0.152,0.662,0.774,-286.685,45.054,9.984,Pitch
0.064,0.530,0.809,-286.685,58.765,3.640,Pitch
0.123,0.420,0.655,-286.685,77.052,-11.182,Pitch
0.025,0.183,0.810,-242.375,94.106,0.621,Pitch
-0.017,0.149,1.097,-202.458,68.189,-11.078,Pitch
-0.085,-0.016,1.066,-188.527,54.346,-28.884,Pitch
-0.010,-0.101,0.929,-150.080,35.796,-30.782,Pitch
0.024,-0.137,0.860,-59.089,21.910,3.693,Pitch
-0.095,-0.080,1.095,-7.044,2.747,10.115,Pitch
-0.104,0.015,1.111,9.502,-4.305,-2.494,Pitch
-0.070,-0.093,1.080,31.264,-8.260,-8.286,Pitch
-0.090,-0.050,0.998,58.118,-11.917,-0.114,Pitch
-0.032,-0.068,0.860,101.509,-3.745,-2.336,Pitch
-0.034,0.090,0.925,167.431,-18.559,6.116,Pitch
-0.020,0.189,0.951,186.856,-29.312,10.299,Pitch
0.011,0.210,0.831,223.676,-43.155,15.785,Pitch
0.052,0.390,0.809,286.685,-62.283,34.318,Pitch
0.084,0.606,0.897,286.685,-73.290,30.835,Pitch
0.126,0.696,0.957,286.685,-90.904,34.055,Pitch
0.134,0.810,0.829,285.189,-95.095,46.917,Pitch
0.091,0.907,0.672,269.421,-55.781,32.585,Pitch
0.112,0.905,0.568,247.310,-42.604,7.858,Pitch
0.207,0.954,0.522,229.469,-46.139,0.070,Pitch
0.192,0.891,0.434,186.226,-36.680,-6.256,Pitch
0.249,1.045,0.295,174.475,-31.771,-0.350,Pitch
0.230,1.012,0.237,165.716,-21.017,9.966,Pitch
0.151,0.916,0.150,151.401,-13.580,7.945,Pitch
0.157,0.939,0.040,134.908,-13.387,3.929,Pitch
0.219,0.970,-0.003,113.269,-16.844,-5.171,Pitch
0.162,0.902,-0.023,97.186,-8.234,-11.611,Pitch
0.166,0.890,-0.029,76.790,-6.396,-17.115,Pitch
0.178,0.908,-0.108,51.730,-9.616,-18.760,Pitch
0.195,0.958,-0.109,46.839,-7.971,-7.630,Pitch
0.186,0.970,-0.007,21.201,-9.476,1.304,Pitch
0.186,0.973,0.023,-23.791,-10.360,4.235,Pitch
0.167,0.956,0.081,-91.140,3.780,1.706,Pitch
0.179,1.035,0.106,-163.214,20.755,-8.400,Pitch
0.179,1.052,0.230,-238.621,30.634,-20.580,Pitch
0.137,1.060,0.223,-282.275,26.101,-23.441,Pitch
0.113,1.065,0.348,-286.685,-2.345,-21.481,Pitch
0.160,0.890,0.385,-286.685,-15.899,-8.356,Pitch
0.099,0.873,0.692,-286.685,-16.144,3.868,Pitch
0.178,0.889,0.710,-286.685,-12.863,2.537,Pitch
0.173,0.649,0.641,-286.685,-4.629,16.450,Pitch
0.152,0.466,0.649,-286.685,28.499,9.800,Pitch
0.201,0.347,0.841,-267.592,45.054,16.065,Pitch
0.142,0.287,1.050,-253.076,57.671,19.985,Pitch
0.105,0.222,1.085,-272.466,59.071,23.292,Pitch
0.024,-0.038,0.933,-241.334,70.656,18.681,Pitch
-0.001,-0.186,0.839,-169.566,47.810,-9.170,Pitch
0.040,-0.162,0.912,-113.339,25.996,-12.626,Pitch
0.036,-0.188,1.002,-62.318,12.828,-9.196,Pitch
-0.038,-0.214,1.031,-27.737,10.483,-10.640,Pitch
0.041,-0.309,0.989,-10.535,-0.989,-16.695,Pitch
0.066,-0.297,0.953,19.504,-3.666,-4.226,Pitch
-0.033,-0.154,1.006,65.826,-6.510,3.902,Pitch
-0.012,-0.187,0.942,102.926,-4.454,-9.424,Pitch
-0.005,0.007,1.034,160.685,13.510,-11.121,Pitch
-0.062,0.127,1.062,161.210,15.216,-27.230,Pitch
0.020,0.085,0.867,170.931,2.879,-44.546,Pitch
0.079,0.032,0.943,254.065,-9.284,5.819,Pitch
-0.010,0.334,0.983,285.346,-36.750,35.341,Pitch
0.048,0.391,1.063,286.466,-23.301,31.806,Pitch
0.006,0.588,0.993,267.759,-0.551,30.100,Pitch
-0.024,0.678,0.936,239.872,2.284,14.831,Pitch
0.063,0.726,0.667,234.867,-6.037,11.847,Pitch
0.082,0.716,0.588,259.866,6.108,13.396,Pitch
0.043,0.818,0.559,272.466,7.936,18.349,Pitch
0.082,1.004,0.532,249.777,-7.770,17.465,Pitch
0.029,0.912,0.391,222.241,-5.740,17.290,Pitch
0.007,0.924,0.296,201.057,-8.531,13.676,Pitch
0.074,1.013,0.211,192.841,-15.488,12.469,Pitch
0.101,0.993,0.189,179.209,-0.429,3.027,Pitch
0.101,1.000,0.148,130.681,-7.665,9.634,Pitch
0.070,0.994,0.106,95.287,-10.509,12.749,Pitch
0.035,0.962,-0.047,69.615,-14.604,9.511,Pitch
0.083,0.952,-0.004,64.881,-6.142,-4.104,Pitch
0.110,0.977,0.003,22.907,-4.235,0.175,Pitch
0.082,0.976,-0.055,-0.577,-8.260,4.795,Pitch
0.074,0.932,-0.057,-13.632,-5.119,-0.656,Pitch
0.105,0.964,0.017,-41.912,-3.159,-0.245,Pitch
0.071,0.987,0.154,-100.914,0.131,2.931,Pitch
0.050,1.018,0.282,-158.874,2.345,-4.165,Pitch
0.016,1.082,0.374,-276.780,9.065,-16.389,Pitch
0.023,1.054,0.296,-286.685,-6.816,-17.351,Pitch
0.095,1.008,0.384,-286.685,-26.897,-5.093,Pitch
0.108,0.987,0.567,-286.685,-45.491,3.701,Pitch
0.074,0.776,0.646,-286.685,-34.947,2.240,Pitch
0.059,0.633,0.733,-286.685,-8.689,-12.714,Pitch
0.210,0.508,0.752,-286.685,-1.636,-6.641,Pitch
0.206,0.427,0.766,-286.685,-15.400,22.514,Pitch
0.154,0.238,0.815,-285.617,-5.504,32.900,Pitch
0.076,0.036,0.973,-250.443,40.127,32.244,Pitch
-0.068,-0.014,1.052,-200.436,47.145,12.399,Pitch
0.041,-0.112,0.995,-171.430,36.881,1.864,Pitch
0.072,-0.111,0.967,-100.310,27.641,2.389,Pitch
0.001,-0.146,0.979,-53.025,22.872,5.793,Pitch
0.071,-0.208,1.041,-15.715,22.540,3.115,Pitch
0.034,-0.201,1.046,0.236,22.794,21.052,Pitch
0.006,-0.185,1.010,51.888,0.551,31.202,Pitch
-0.085,-0.193,0.958,122.220,-29.138,25.392,Pitch
0.021,-0.137,0.997,180.784,-19.460,3.640,Pitch
0.042,-0.012,0.871,212.117,-12.959,-6.230,Pitch
0.043,0.186,0.851,265.046,-25.358,-7.639,Pitch
0.079,0.374,1.043,286.685,-58.144,-6.256,Pitch
0.108,0.487,1.026,276.290,-75.180,10.071,Pitch
0.110,0.482,0.903,279.895,-60.664,12.031,Pitch
0.099,0.544,0.849,284.664,-32.611,8.811,Pitch
0.121,0.785,0.794,259.691,-36.759,12.696,Pitch
0.198,0.860,0.678,253.995,-39.812,17.395,Pitch
0.225,0.809,0.570,254.135,-21.052,22.181,Pitch
0.139,0.975,0.543,226.975,-17.955,15.453,Pitch
0.180,0.889,0.437,193.471,-19.478,17.036,Pitch
0.161,0.951,0.308,173.617,-10.351,5.994,Pitch
0.172,0.970,0.242,160.702,-9.958,-2.152,Pitch
0.193,0.975,0.172,136.413,-14.717,-6.177,Pitch
0.202,0.929,0.109,113.409,-20.108,-2.039,Pitch
0.168,0.975,0.100,103.128,-9.476,-5.285,Pitch
0.172,0.938,0.060,87.561,-15.802,-11.743,Pitch
0.141,0.909,0.021,64.925,-10.762,-16.896,Pitch
0.141,0.967,0.092,26.653,-9.721,-20.449,Pitch
0.155,0.990,0.154,-41.213,-14.604,-19.548,Pitch
0.138,1.026,0.182,-103.521,-19.775,-18.778,Pitch
0.219,0.994,0.175,-168.945,-3.412,-19.128,Pitch
0.169,0.966,0.196,-189.315,27.930,-14.227,Pitch
0.074,0.975,0.389,-239.164,27.878,-16.135,Pitch
0.081,0.944,0.453,-284.734,24.185,-25.340,Pitch
0.082,1.006,0.386,-286.685,11.900,-20.554,Pitch
0.146,0.873,0.532,-286.685,-18.778,-14.472,Pitch
0.102,0.656,0.711,-286.685,-31.351,-1.339,Pitch
0.116,0.636,0.830,-286.685,-25.401,5.119,Pitch
0.095,0.527,0.816,-286.685,0.315,2.546,Pitch
0.215,0.330,0.828,-283.500,20.396,6.186,Pitch
0.169,0.245,0.946,-245.831,16.319,23.835,Pitch
0.167,0.051,0.908,-233.572,36.610,17.938,Pitch
0.112,0.051,0.884,-182.018,51.896,24.876,Pitch
-0.056,0.029,1.097,-137.042,50.417,30.844,Pitch
-0.047,-0.103,1.043,-123.086,41.746,6.755,Pitch
0.041,-0.125,0.941,-88.270,13.431,-7.280,Pitch
-0.028,-0.092,0.951,-47.197,-3.517,0.123,Pitch
-0.003,-0.097,1.070,1.479,-7.096,-7.700,Pitch
0.077,-0.096,0.947,7.682,-10.413,8.829,Pitch
0.100,-0.124,1.025,55.597,-16.310,42.499,Pitch
0.067,-0.143,0.982,87.771,-20.081,48.283,Pitch
0.042,-0.107,1.064,129.614,-5.128,36.592,Pitch
-0.053,-0.180,0.875,176.803,-33.355,44.721,Pitch
0.075,0.097,0.861,274.006,-58.713,24.929,Pitch
0.107,0.336,0.979,286.685,-60.463,22.496,Pitch
0.099,0.393,1.048,286.685,-66.465,10.360,Pitch
0.158,0.471,0.932,267.890,-83.746,18.209,Pitch
0.168,0.607,0.847,259.245,-92.199,31.666,Pitch
0.228,0.766,0.785,272.370,-83.475,18.856,Pitch
0.248,0.722,0.668,264.661,-57.566,18.839,Pitch
0.221,0.782,0.566,238.053,-50.076,16.835,Pitch
0.219,0.794,0.473,199.027,-55.790,26.749,Pitch
0.288,0.950,0.395,183.059,-51.432,21.429,Pitch
0.315,0.968,0.363,158.716,-43.487,6.020,Pitch
0.300,0.914,0.305,130.034,-34.265,-10.981,Pitch
0.288,0.876,0.215,105.009,-42.000,-4.095,Pitch
0.308,0.928,0.135,106.802,-37.118,-0.280,Pitch
0.298,0.946,0.113,104.317,-34.046,-1.732,Pitch
0.282,0.901,0.085,81.952,-20.212,-19.749,Pitch
0.270,0.905,0.033,50.260,-10.824,-33.836,Pitch
0.246,0.896,0.071,30.503,-6.256,-37.870,Pitch
0.290,0.931,0.103,-17.351,-4.585,-36.111,Pitch
0.264,0.991,0.245,-79.643,9.450,-34.869,Pitch
0.236,1.001,0.205,-162.251,32.594,-37.931,Pitch
0.201,0.973,0.418,-216.667,49.831,-39.463,Pitch
0.213,1.020,0.253,-286.685,52.850,-36.846,Pitch
0.157,0.938,0.428,-265.169,25.847,-27.702,Pitch
0.112,0.925,0.527,-268.914,10.859,-34.029,Pitch
0.146,0.818,0.604,-286.598,11.288,-37.188,Pitch
0.222,0.768,0.775,-286.685,29.575,-24.500,Pitch
0.243,0.643,0.816,-286.685,17.115,4.366,Pitch
0.198,0.478,0.689,-286.466,12.075,30.109,Pitch
0.150,0.341,0.578,-244.641,34.930,25.314,Pitch
0.078,0.311,0.852,-208.959,61.915,30.704,Pitch
0.140,0.142,1.119,-209.291,52.439,16.214,Pitch
0.116,0.017,1.078,-185.386,14.026,29.487,Pitch
0.040,-0.059,0.931,-159.110,-1.251,30.083,Pitch
0.020,-0.126,0.937,-125.912,9.818,20.317,Pitch
-0.062,-0.116,1.135,-97.475,17.605,16.747,Pitch
-0.039,-0.147,1.086,-79.030,7.709,-5.443,Pitch
-0.003,-0.218,0.932,-70.341,0.866,-13.370,Pitch
0.004,-0.199,1.018,-38.439,0.770,-25.935,Pitch
0.053,-0.265,1.031,-6.011,18.331,-15.969,Pitch
0.023,-0.254,0.982,25.786,17.202,-7.140,Pitch
0.027,-0.251,1.003,41.799,16.065,-0.788,Pitch
0.028,-0.165,1.001,56.595,10.474,7.910,Pitch
0.001,-0.071,0.919,98.709,-9.266,16.774,Pitch
-0.020,-0.002,0.977,160.624,-23.966,18.174,Pitch
-0.086,0.049,0.930,199.902,-23.153,-2.188,Pitch
0.102,0.150,0.856,262.614,-35.350,-39.077,Pitch
0.128,0.290,0.819,286.685,-39.121,-19.180,Pitch
0.124,0.404,0.865,286.685,-43.838,5.128,Pitch
0.086,0.687,1.008,286.685,-43.374,19.722,Pitch
0.046,0.782,0.840,286.685,-20.781,9.476,Pitch
0.115,0.911,0.780,286.685,-4.113,1.033,Pitch
0.101,1.008,0.634,286.685,5.898,15.172,Pitch
0.120,0.965,0.453,286.685,11.121,18.795,Pitch
0.096,0.980,0.332,255.500,7.035,26.163,Pitch
0.064,1.024,0.249,195.834,0.254,28.490,Pitch
0.096,1.038,0.192,160.939,-1.426,13.116,Pitch
0.088,0.971,0.127,142.240,-1.444,0.639,Pitch
0.113,0.998,0.046,108.561,-11.016,1.085,Pitch
0.134,1.045,-0.002,78.872,-16.861,-3.054,Pitch
0.071,0.957,-0.111,68.609,-7.184,-23.546,Pitch
0.060,0.941,-0.124,71.260,-2.371,-45.579,Pitch
0.069,0.900,-0.150,71.671,4.384,-56.289,Pitch
0.073,0.901,-0.117,36.943,20.659,-60.069,Pitch
0.057,0.900,-0.177,-6.423,-1.111,-39.051,Pitch
0.033,0.946,-0.084,-34.982,-6.108,-32.436,Pitch
-0.011,1.011,0.112,-104.948,-6.633,-16.389,Pitch
-0.039,0.979,0.136,-210.193,-13.597,-14.796,Pitch
-0.035,1.026,0.217,-281.978,-27.755,-23.520,Pitch
0.006,1.085,0.216,-286.685,-42.009,-25.952,Pitch
-0.015,0.998,0.212,-286.685,-39.874,-9.529,Pitch
-0.031,0.915,0.471,-286.685,-42.131,-5.276,Pitch
0.032,0.874,0.700,-286.685,-36.452,3.885,Pitch
-0.070,0.813,0.693,-286.685,-31.859,-3.684,Pitch
0.046,0.641,0.735,-286.685,-7.989,-18.856,Pitch
0.119,0.491,0.765,-286.685,8.855,-6.738,Pitch
0.136,0.427,0.803,-286.685,-11.436,17.491,Pitch
0.099,0.185,0.870,-286.685,-13.405,31.290,Pitch
0.036,-0.067,0.981,-261.284,11.401,35.420,Pitch
-0.029,-0.106,1.005,-187.906,7.079,39.926,Pitch
-0.010,-0.138,0.959,-141.846,-3.255,32.112,Pitch
-0.054,-0.187,0.960,-105.866,-0.175,30.468,Pitch
-0.041,-0.250,0.972,-39.182,-8.059,13.834,Pitch
-0.013,-0.254,0.970,25.638,-13.020,10.316,Pitch
-0.001,-0.226,1.005,57.374,-24.246,17.990,Pitch
0.065,-0.158,1.018,75.714,-28.122,26.311,Pitch
0.043,-0.124,0.996,106.181,-33.959,40.057,Pitch
0.061,-0.097,0.991,143.622,-33.364,32.349,Pitch
0.000,-0.043,1.040,169.137,-27.913,11.200,Pitch
-0.051,0.004,0.937,196.945,-28.901,-9.415,Pitch
0.120,0.256,0.945,256.226,-45.045,-18.410,Pitch
0.237,0.403,0.917,286.449,-59.771,-8.934,Pitch
0.197,0.526,0.879,286.685,-68.784,13.965,Pitch
0.135,0.618,0.936,286.685,-65.389,11.664,Pitch
0.145,0.803,0.984,286.685,-60.760,9.502,Pitch
0.173,0.818,0.722,286.685,-47.994,16.993,Pitch
0.176,0.829,0.481,268.082,-22.619,10.439,Pitch
0.259,0.908,0.418,263.874,-16.573,15.557,Pitch
0.178,0.980,0.348,243.871,-12.871,26.372,Pitch
0.173,0.981,0.232,206.054,-17.754,9.205,Pitch
0.243,0.968,0.160,162.199,-20.265,-5.224,Pitch
0.265,0.920,0.153,143.098,-12.696,-1.085,Pitch
0.238,1.000,0.004,100.249,-10.684,9.511,Pitch
0.205,0.944,-0.070,83.405,-18.497,5.653,Pitch
0.198,0.913,-0.064,82.600,-24.526,-4.821,Pitch
0.206,0.919,-0.054,68.731,-20.834,-23.608,Pitch
0.216,0.933,-0.056,35.131,-7.735,-30.835,Pitch
0.192,0.942,-0.064,-11.007,-4.664,-32.629,Pitch
0.172,0.982,-0.022,-68.355,-9.844,-39.314,Pitch
0.205,1.004,-0.015,-103.355,-2.485,-38.255,Pitch
0.193,0.871,0.037,-133.499,16.642,-24.421,Pitch
0.123,0.950,0.131,-192.509,29.802,-18.261,Pitch
0.106,1.018,0.284,-275.756,13.283,-20.493,Pitch
0.111,0.999,0.338,-286.685,4.979,-15.102,Pitch
0.050,0.943,0.438,-286.685,-9.931,-9.642,Pitch
0.085,0.869,0.613,-286.685,1.312,-25.147,Pitch
0.196,0.735,0.609,-286.685,6.291,-13.125,Pitch
0.237,0.653,0.707,-286.685,4.086,2.581,Pitch
0.167,0.485,0.798,-286.685,14.044,25.550,Pitch
0.091,0.385,0.914,-286.685,31.264,22.759,Pitch
0.124,0.199,0.892,-285.355,55.020,-1.374,Pitch
0.107,0.097,1.013,-273.289,61.688,-8.033,Pitch
0.030,-0.026,0.958,-225.050,63.114,-7.166,Pitch
0.005,-0.041,0.955,-174.913,39.585,-6.921,Pitch
0.062,-0.199,0.948,-143.098,0.490,-11.865,Pitch
0.010,-0.319,0.957,-117.241,5.670,-9.214,Pitch
-0.077,-0.227,1.038,-69.440,1.925,-20.449,Pitch
0.076,-0.272,0.968,-51.713,-26.486,-25.349,Pitch
0.101,-0.363,1.019,5.880,-33.574,-0.359,Pitch
0.096,-0.344,1.026,37.643,-23.835,15.925,Pitch
-0.017,-0.281,1.040,68.652,-8.137,28.455,Pitch
0.068,-0.235,0.922,97.143,-21.569,25.314,Pitch
0.014,-0.119,0.961,146.204,-8.785,22.059,Pitch
0.089,-0.062,0.915,163.765,-12.530,16.704,Pitch
0.030,0.038,1.070,190.120,-2.485,21.079,Pitch
-0.027,0.097,0.972,204.864,-1.024,2.039,Pitch
0.089,0.285,0.875,256.629,-27.353,-10.841,Pitch
0.160,0.355,0.814,286.685,-38.430,-2.922,Pitch
0.083,0.513,0.795,286.685,-59.658,13.834,Pitch
0.067,0.711,0.814,286.685,-69.440,14.061,Pitch
0.147,0.891,0.869,286.685,-62.720,8.208,Pitch
0.142,0.913,0.706,286.685,-50.934,7.411,Pitch
0.142,0.915,0.497,286.685,-33.862,-0.735,Pitch
0.180,0.832,0.400,285.014,-7.096,-10.570,Pitch
0.150,0.996,0.304,233.538,-10.946,-3.588,Pitch
0.157,0.993,0.264,199.798,-12.276,-2.511,Pitch
0.207,1.067,0.168,154.577,-14.919,-0.577,Pitch
0.178,1.056,0.058,127.190,-8.566,-2.931,Pitch
0.153,0.970,-0.016,95.952,-12.224,-2.783,Pitch
0.129,0.945,-0.026,81.952,-16.292,-0.026,Pitch
0.166,0.914,-0.076,56.140,-7.963,-1.654,Pitch
0.127,0.941,-0.044,15.680,4.060,-7.726,Pitch
0.114,0.962,-0.086,-20.108,7.052,-16.021,Pitch
0.117,0.980,-0.025,-38.666,5.110,-23.529,Pitch
0.147,0.965,0.050,-86.896,8.278,-24.334,Pitch
0.080,0.927,0.242,-157.150,12.092,-23.433,Pitch
0.065,0.980,0.390,-286.160,6.851,-29.794,Pitch
0.140,1.181,0.398,-286.685,-8.531,-25.121,Pitch
0.177,1.065,0.252,-286.685,-37.721,15.426,Pitch
0.147,0.818,0.435,-286.685,-16.450,34.641,Pitch
0.057,0.653,0.551,-286.685,21.814,21.228,Pitch
0.042,0.699,0.771,-286.685,18.638,13.090,Pitch
0.254,0.610,1.002,-286.685,-32.305,16.774,Pitch
0.356,0.424,0.803,-286.685,-12.259,51.896,Pitch
0.151,0.215,0.750,-277.060,44.441,67.734,Pitch
0.026,0.147,0.906,-216.825,64.243,63.621,Pitch
-0.024,-0.003,0.980,-146.099,53.471,23.397,Pitch
0.149,-0.009,0.966,-79.126,14.070,5.889,Pitch
0.097,-0.122,0.956,-1.628,12.355,7.726,Pitch
0.068,-0.132,0.953,30.555,18.961,6.414,Pitch
0.004,-0.043,1.073,69.668,11.620,-3.150,Pitch
0.046,0.077,1.111,88.244,2.739,-12.530,Pitch
0.049,0.178,0.995,125.020,-28.131,-13.300,Pitch
0.089,0.133,0.920,164.946,-39.839,-17.010,Pitch
0.127,0.196,0.881,233.048,-38.509,-21.166,Pitch
0.151,0.451,1.037,269.710,-56.700,-23.074,Pitch
0.228,0.486,0.837,286.650,-71.698,-8.234,Pitch
0.191,0.609,0.744,286.685,-58.196,1.444,Pitch
0.188,0.800,0.855,286.685,-42.079,4.366,Pitch
0.201,0.917,0.731,286.685,-56.717,12.163,Pitch
0.179,0.878,0.514,286.545,-44.993,4.926,Pitch
0.250,0.810,0.384,284.436,-33.320,4.856,Pitch
0.185,1.012,0.279,260.671,-27.212,3.045,Pitch
0.198,0.989,0.154,220.211,-35.787,-9.432,Pitch
0.217,0.903,0.087,185.535,-20.781,-6.904,Pitch
0.226,0.890,0.079,161.919,-8.881,-7.892,Pitch
0.224,1.040,-0.037,126.639,-8.050,6.685,Pitch
0.201,0.918,-0.063,99.715,-10.789,0.621,Pitch
0.190,0.899,-0.142,72.406,-5.863,-6.440,Pitch
0.194,0.882,-0.174,58.476,-1.374,-15.776,Pitch
0.211,0.865,-0.184,33.486,4.104,-20.974,Pitch
0.158,0.922,-0.124,3.456,5.932,-21.166,Pitch
0.186,0.958,-0.103,-37.669,-0.333,-12.233,Pitch
0.182,0.958,-0.051,-74.585,-4.358,-6.204,Pitch
0.206,0.954,-0.005,-145.119,3.421,-3.850,Pitch
0.267,1.020,0.191,-214.191,20.309,-1.426,Pitch
0.217,1.116,0.350,-286.633,28.490,10.465,Pitch
0.164,1.109,0.242,-286.685,30.975,14.210,Pitch
0.089,1.003,0.172,-286.685,30.100,4.847,Pitch
0.183,0.843,0.446,-286.685,43.234,-14.770,Pitch
0.179,0.843,0.741,-286.685,22.619,-5.162,Pitch
0.162,0.813,0.926,-286.685,11.121,5.040,Pitch
0.218,0.604,0.704,-286.685,26.241,11.498,Pitch
0.164,0.395,0.542,-286.685,48.947,12.600,Pitch
0.144,0.256,0.860,-276.587,54.521,12.836,Pitch
0.158,0.149,0.970,-246.995,53.156,21.735,Pitch
0.040,0.043,0.963,-190.242,61.215,20.177,Pitch
0.043,-0.028,1.030,-121.940,44.371,8.689,Pitch
0.084,-0.076,0.991,-51.371,16.747,18.156,Pitch
0.051,-0.139,0.996,-13.484,3.999,16.039,Pitch
0.006,-0.089,1.050,37.109,3.806,6.904,Pitch
-0.017,-0.006,0.982,92.838,-9.993,0.070,Pitch
0.024,0.085,0.963,165.366,-23.739,-7.586,Pitch
0.068,0.167,1.013,193.699,-34.597,-5.460,Pitch
0.055,0.285,0.965,217.324,-55.554,-7.420,Pitch
0.123,0.420,0.818,281.242,-75.723,-4.454,Pitch
0.164,0.545,0.866,286.685,-69.746,-3.640,Pitch
0.169,0.688,0.945,286.685,-59.412,-6.116,Pitch
0.223,0.838,0.839,286.685,-51.730,5.749,Pitch
0.208,0.849,0.731,286.685,-45.500,24.185,Pitch
0.198,0.926,0.571,285.547,-15.374,24.815,Pitch
0.181,0.976,0.463,268.336,-16.677,24.474,Pitch
0.193,0.968,0.333,251.921,-31.824,35.000,Pitch
0.176,0.944,0.257,218.628,-28.052,29.041,Pitch
0.225,0.999,0.182,171.500,-25.200,8.715,Pitch
0.262,0.918,0.064,132.405,-22.032,5.407,Pitch
0.281,0.942,-0.008,104.851,-18.366,7.000,Pitch
0.204,0.878,-0.042,84.332,-11.148,1.881,Pitch
0.233,0.889,-0.124,69.309,-4.594,-1.461,Pitch
0.239,0.961,-0.114,63.717,-8.374,-0.157,Pitch
0.218,0.978,-0.130,54.232,-8.820,-6.983,Pitch
0.201,0.891,-0.137,35.236,-2.634,-24.544,Pitch
0.226,0.883,-0.123,-0.280,-1.383,-35.018,Pitch
0.244,0.948,-0.119,-26.407,-3.386,-28.157,Pitch
0.254,0.937,-0.094,-59.290,-11.856,-12.311,Pitch
0.212,0.967,0.093,-101.841,-1.697,-8.610,Pitch
0.141,1.038,0.292,-221.288,5.040,-16.397,Pitch
0.169,1.089,0.248,-286.073,0.254,-22.164,Pitch
0.187,1.044,0.134,-286.685,13.632,-13.230,Pitch
0.220,0.895,0.255,-284.603,11.891,-4.847,Pitch
0.241,0.915,0.479,-282.424,29.269,2.135,Pitch
0.179,0.912,0.705,-286.685,33.705,6.090,Pitch
0.148,0.814,0.758,-286.685,38.745,5.758,Pitch
0.179,0.668,0.636,-286.685,43.286,7.481,Pitch
0.118,0.513,0.695,-286.685,49.752,1.452,Pitch
0.167,0.420,0.861,-286.598,38.421,-2.660,Pitch
0.192,0.266,0.856,-275.642,26.889,3.658,Pitch
0.107,0.098,0.881,-258.396,45.028,13.667,Pitch
-0.011,-0.012,1.016,-203.866,56.700,13.352,Pitch
-0.071,-0.062,0.984,-166.224,29.680,2.704,Pitch
0.113,-0.158,0.990,-108.491,-13.134,-12.731,Pitch
0.084,-0.207,0.900,-79.870,2.082,-6.589,Pitch
0.033,-0.236,1.008,-29.890,0.630,0.341,Pitch
0.049,-0.227,1.060,6.195,-17.614,-1.286,Pitch
0.080,-0.232,0.980,41.169,-24.675,2.511,Pitch
0.074,-0.169,0.888,89.863,-36.138,10.885,Pitch
0.145,-0.050,0.958,149.923,-31.202,13.239,Pitch
0.132,0.023,0.957,174.458,-11.602,18.778,Pitch
0.098,0.117,0.986,219.179,-8.391,20.528,Pitch
0.030,0.256,0.933,256.839,-9.292,4.043,Pitch
0.114,0.368,0.838,286.685,-38.185,-11.462,Pitch
0.203,0.481,0.795,286.685,-54.565,-4.585,Pitch
0.156,0.717,0.875,286.685,-62.440,17.281,Pitch
0.171,0.914,0.837,286.685,-67.655,21.122,Pitch
0.185,0.958,0.756,286.685,-54.486,13.475,Pitch
0.181,0.914,0.527,286.685,-49.604,13.396,Pitch
0.293,0.900,0.347,284.839,-32.743,12.618,Pitch
0.183,1.004,0.206,281.794,-22.339,21.210,Pitch
0.217,0.992,0.170,241.421,-20.020,13.142,Pitch
0.245,1.011,0.181,194.583,-17.631,11.620,Pitch
0.249,0.986,0.089,113.269,-12.757,8.321,Pitch
0.260,0.927,-0.038,67.821,-4.182,-6.108,Pitch
0.225,0.878,-0.108,44.958,-4.025,-8.610,Pitch
0.213,0.901,-0.122,29.610,-2.669,-9.354,Pitch
0.168,0.916,-0.130,6.011,-1.094,-23.879,Pitch
0.210,0.929,-0.101,-15.689,-5.810,-33.215,Pitch
0.190,0.958,-0.034,-43.208,-4.454,-30.397,Pitch
0.181,0.957,-0.014,-77.271,-5.416,-31.719,Pitch
0.157,0.956,0.152,-155.584,-4.051,-48.405,Pitch
0.142,1.018,0.261,-257.530,-7.516,-39.900,Pitch
0.263,1.045,0.386,-286.685,8.321,-23.310,Pitch
0.191,0.991,0.329,-286.685,7.271,1.470,Pitch
0.092,0.913,0.330,-286.685,16.126,8.820,Pitch
0.143,0.829,0.572,-286.685,12.259,1.837,Pitch
0.220,0.785,0.805,-286.685,-8.759,20.466,Pitch
0.241,0.647,0.799,-286.685,2.634,31.237,Pitch
0.187,0.462,0.773,-286.685,28.289,42.884,Pitch
0.108,0.305,0.890,-283.045,54.862,36.785,Pitch
0.080,0.233,1.071,-228.970,40.644,28.201,Pitch
0.127,0.067,0.904,-209.589,38.675,17.132,Pitch
0.076,-0.054,0.952,-154.665,32.996,19.294,Pitch
-0.041,-0.078,0.976,-79.179,39.778,9.739,Pitch
0.064,-0.062,1.021,-18.646,27.239,-4.891,Pitch
0.034,-0.086,1.049,11.602,24.771,-4.069,Pitch
0.041,-0.063,0.989,38.964,9.056,-5.311,Pitch
0.100,0.016,0.990,75.399,-7.254,8.435,Pitch
0.030,0.028,0.977,130.471,-20.081,13.142,Pitch
0.002,0.049,1.077,138.565,-36.592,12.023,Pitch
0.031,0.075,0.958,155.986,-46.471,-6.878,Pitch
0.158,0.253,0.908,232.330,-57.829,-11.139,Pitch
0.182,0.415,0.852,286.685,-61.425,7.411,Pitch
0.145,0.549,0.932,286.685,-58.984,8.767,Pitch
0.138,0.692,0.939,286.685,-60.296,3.360,Pitch
0.185,0.792,0.927,286.414,-77.551,11.760,Pitch
0.208,0.875,0.679,257.731,-66.369,6.921,Pitch
0.260,0.770,0.511,257.285,-51.310,7.989,Pitch
0.300,0.932,0.446,270.524,-33.924,3.360,Pitch
0.285,0.836,0.376,248.491,-34.982,23.608,Pitch
0.215,0.952,0.270,182.131,-24.491,18.340,Pitch
0.289,0.825,0.210,146.361,-15.592,15.155,Pitch
0.283,0.905,0.056,121.713,-11.392,17.316,Pitch
0.247,0.918,0.020,105.324,-18.427,17.028,Pitch
0.263,0.874,0.012,78.995,-15.627,6.256,Pitch
0.255,0.895,0.000,55.904,-9.091,2.949,Pitch
0.231,0.907,-0.040,20.729,-6.510,-3.859,Pitch
0.261,0.928,-0.073,8.417,-15.654,-4.375,Pitch
0.281,0.923,-0.053,5.845,-7.989,-13.939,Pitch
0.283,0.937,0.002,-6.930,0.052,-17.229,Pitch
0.277,0.945,0.031,-51.931,3.789,-11.121,Pitch
0.259,0.931,0.075,-93.966,15.059,-8.689,Pitch
0.289,1.038,0.294,-152.031,25.856,-8.304,Pitch
0.266,1.030,0.292,-218.059,27.606,-9.039,Pitch
0.210,0.978,0.325,-279.108,41.160,-16.266,Pitch
0.224,0.894,0.367,-286.685,56.070,-27.458,Pitch
0.314,0.848,0.508,-286.685,48.904,-11.681,Pitch
0.276,0.823,0.644,-286.685,29.820,13.983,Pitch
0.195,0.756,0.729,-286.685,23.292,21.464,Pitch
0.202,0.588,0.638,-286.685,52.360,13.597,Pitch
0.161,0.343,0.658,-286.685,79.993,7.910,Pitch
0.161,0.268,0.914,-286.685,75.285,2.704,Pitch
0.160,0.176,0.945,-274.111,61.119,-3.229,Pitch
0.037,0.012,0.912,-249.935,68.469,-0.892,Pitch
0.053,-0.115,0.943,-166.346,57.846,-1.374,Pitch
0.109,-0.195,0.961,-120.942,54.285,4.375,Pitch
-0.051,-0.270,0.987,-46.594,63.770,4.541,Pitch
-0.053,-0.187,1.156,-11.594,44.669,6.755,Pitch
-0.072,-0.218,1.129,-7.245,21.858,-1.435,Pitch
-0.046,-0.233,1.061,3.036,8.837,-1.942,Pitch
-0.034,-0.222,0.972,34.580,5.023,-3.351,Pitch
0.025,-0.193,1.002,70.875,-19.425,7.840,Pitch
-0.018,-0.097,1.002,87.281,-33.591,21.700,Pitch
-0.005,-0.052,0.955,116.139,-32.952,15.304,Pitch
-0.025,0.017,0.982,160.720,-24.150,10.089,Pitch
0.023,0.104,0.915,190.846,-44.765,2.424,Pitch
0.085,0.347,0.834,252.210,-60.252,1.295,Pitch
0.030,0.507,0.832,286.685,-54.653,-15.295,Pitch
0.090,0.504,0.868,286.685,-64.304,-4.226,Pitch
0.013,0.702,0.899,286.685,-66.815,2.257,Pitch
0.102,0.912,0.915,286.685,-57.129,-2.572,Pitch
0.122,0.904,0.656,286.685,-46.401,7.088,Pitch
0.155,0.936,0.416,286.685,-35.814,1.759,Pitch
0.198,0.981,0.252,286.685,-28.105,7.796,Pitch
0.119,1.113,0.096,286.685,-24.448,31.824,Pitch
0.156,1.008,0.117,286.318,-23.240,22.549,Pitch
0.170,1.054,0.035,220.001,-37.021,31.491,Pitch
0.214,0.949,-0.067,157.815,-25.900,10.535,Pitch
0.205,0.817,-0.177,108.850,-4.585,10.150,Pitch
0.177,0.844,-0.239,93.056,11.917,13.589,Pitch
0.153,0.845,-0.300,78.505,12.057,8.216,Pitch
0.126,0.838,-0.348,51.257,9.861,-11.296,Pitch
0.144,0.914,-0.297,30.608,-2.634,-26.994,Pitch
0.188,0.940,-0.158,-4.926,7.464,-32.611,Pitch
0.171,0.977,-0.060,-104.746,9.625,-34.650,Pitch
0.094,1.017,0.104,-240.406,10.019,-45.981,Pitch
0.159,1.147,0.048,-286.685,-1.024,-43.689,Pitch
0.217,1.149,0.040,-286.685,-13.528,-0.280,Pitch
0.199,1.044,0.141,-286.685,-1.846,15.356,Pitch
0.093,0.966,0.273,-286.685,12.495,25.174,Pitch
0.078,0.925,0.485,-286.685,24.920,10.141,Pitch
0.146,0.897,0.627,-286.685,10.185,11.961,Pitch
0.147,0.760,0.781,-286.685,0.761,13.090,Pitch
0.135,0.528,0.593,-286.685,35.394,5.635,Pitch
0.186,0.379,0.733,-286.685,61.513,11.988,Pitch
0.156,0.299,1.011,-286.685,42.516,24.587,Pitch
0.109,0.111,0.908,-279.125,28.114,24.036,Pitch
0.004,-0.028,0.718,-246.102,76.668,15.654,Pitch
-0.103,-0.128,0.859,-139.239,66.351,1.409,Pitch
0.046,-0.150,1.032,-91.717,25.760,-14.280,Pitch
0.051,-0.207,0.986,-66.019,9.004,-4.218,Pitch
-0.056,-0.197,1.122,-27.317,4.340,-1.339,Pitch
-0.040,-0.247,1.057,-19.906,3.036,-3.036,Pitch
-0.004,-0.222,0.959,11.323,1.540,-0.945,Pitch
-0.016,-0.201,1.037,62.291,-10.605,1.890,Pitch
-0.006,-0.136,0.956,98.787,-20.589,8.479,Pitch
0.004,-0.031,0.947,163.292,-29.225,12.005,Pitch
0.027,0.067,0.856,201.241,-31.596,13.816,Pitch
0.017,0.334,0.778,272.580,-48.842,0.691,Pitch
0.079,0.526,0.885,286.685,-83.571,-17.745,Pitch
0.080,0.597,0.932,286.685,-85.400,-42.735,Pitch
0.149,0.532,0.969,286.685,-35.420,-21.052,Pitch
0.076,0.804,1.056,286.685,-26.827,-7.639,Pitch
0.135,0.906,0.625,286.685,-56.044,7.744,Pitch
0.144,0.860,0.328,286.685,-39.419,5.512,Pitch
0.150,0.837,0.298,286.685,-9.004,14.280,Pitch
0.182,1.192,0.344,286.685,-10.587,20.405,Pitch
0.190,1.062,0.230,244.729,-17.281,25.209,Pitch
0.140,0.982,0.010,188.939,-13.440,18.471,Pitch
0.231,1.031,-0.036,175.586,-18.436,17.806,Pitch
0.198,0.937,-0.155,160.536,-21.665,39.847,Pitch
0.178,0.918,-0.166,147.140,-13.186,35.438,Pitch
0.183,0.887,-0.203,101.762,-13.545,26.031,Pitch
0.208,0.868,-0.197,47.871,-12.495,11.882,Pitch
0.203,0.858,-0.297,18.305,-4.218,3.054,Pitch
0.186,0.890,-0.282,-11.629,1.566,-10.623,Pitch
0.182,0.918,-0.134,-67.244,-2.179,-20.414,Pitch
0.147,0.944,-0.008,-178.920,-10.054,-34.641,Pitch
0.226,0.961,0.018,-255.194,6.685,-34.772,Pitch
0.189,1.041,0.026,-286.685,18.550,-29.689,Pitch
0.158,1.074,0.163,-286.685,15.129,-12.154,Pitch
0.130,1.118,0.313,-286.685,14.070,-12.688,Pitch
0.141,1.042,0.371,-286.685,17.561,-11.384,Pitch
0.086,0.971,0.453,-286.685,36.916,-18.629,Pitch
0.207,0.826,0.687,-286.685,9.642,-13.081,Pitch
0.164,0.750,0.717,-286.685,-17.264,5.154,Pitch
0.156,0.531,0.752,-286.685,5.399,4.611,Pitch
0.151,0.370,0.648,-286.685,58.765,8.435,Pitch
0.115,0.186,0.666,-284.156,68.985,15.137,Pitch
0.099,0.174,1.086,-237.527,22.522,15.330,Pitch
0.070,-0.009,0.991,-207.506,18.261,13.641,Pitch
0.009,-0.159,0.862,-177.992,23.126,8.076,Pitch
0.010,-0.225,1.036,-116.970,16.013,-4.174,Pitch
0.127,-0.282,1.074,-88.681,16.433,11.445,Pitch
0.022,-0.276,0.990,-81.471,7.149,1.278,Pitch
0.015,-0.252,0.950,-19.968,1.278,6.309,Pitch
0.012,-0.351,1.065,18.016,-2.170,3.237,Pitch
0.015,-0.325,0.999,37.993,-8.557,7.332,Pitch
0.055,-0.232,0.954,64.916,-9.922,11.847,Pitch
0.005,-0.170,0.773,136.902,-0.324,11.900,Pitch
0.045,0.010,0.862,230.352,-16.590,2.503,Pitch
0.049,0.175,0.954,253.461,-19.154,-12.854,Pitch
0.027,0.236,1.025,263.480,-16.791,-18.366,Pitch
0.064,0.320,1.052,286.685,-21.385,5.775,Pitch
0.026,0.457,0.765,286.685,-23.695,7.980,Pitch
0.112,0.611,0.732,286.685,-50.811,13.703,Pitch
0.110,0.816,0.751,286.685,-50.540,19.031,Pitch
0.094,1.005,0.718,286.685,-33.276,25.506,Pitch
0.144,1.074,0.602,286.685,-15.137,17.386,Pitch
0.103,0.982,0.431,286.685,3.019,10.045,Pitch
0.112,0.959,0.289,286.484,-0.892,15.006,Pitch
0.167,1.096,0.157,233.678,-18.060,21.534,Pitch
0.142,1.042,0.021,203.648,-28.140,25.515,Pitch
0.138,0.958,-0.055,185.255,-40.443,16.100,Pitch
0.168,0.975,-0.103,180.679,-34.116,11.821,Pitch
0.162,0.974,-0.129,143.167,-32.156,18.804,Pitch
0.169,0.889,-0.275,102.690,-22.890,6.834,Pitch
0.164,0.853,-0.309,81.497,-5.976,-7.490,Pitch
0.143,0.884,-0.248,52.561,2.118,-26.093,Pitch
0.157,0.842,-0.257,-11.891,5.722,-31.141,Pitch
0.159,0.918,-0.276,-65.100,6.615,-29.566,Pitch
0.160,0.920,-0.213,-104.309,21.796,-29.907,Pitch
0.084,0.920,-0.101,-146.204,20.230,-30.791,Pitch
0.109,1.013,0.024,-232.610,4.349,-28.980,Pitch
0.113,1.071,0.070,-286.668,-7.691,-13.414,Pitch
0.127,1.007,0.240,-286.685,2.118,-10.255,Pitch
0.118,1.052,0.302,-286.685,12.285,-19.302,Pitch
0.090,1.121,0.391,-286.685,-33.049,5.994,Pitch
0.151,0.836,0.470,-286.685,-53.926,41.029,Pitch
0.101,0.798,0.561,-286.685,11.637,43.925,Pitch
0.009,0.749,0.709,-286.685,33.495,24.841,Pitch
0.041,0.570,0.874,-286.685,48.283,-18.576,Pitch
0.175,0.412,0.856,-286.685,0.814,-19.434,Pitch
0.175,0.308,0.712,-249.804,0.569,-5.443,Pitch
0.048,0.175,0.894,-218.015,24.815,-3.920,Pitch
-0.001,0.067,0.926,-187.163,63.796,-23.485,Pitch
0.134,-0.085,1.156,-160.965,42.525,-14.017,Pitch
0.110,-0.092,1.009,-121.293,1.872,4.139,Pitch
0.067,-0.109,0.931,-98.262,7.429,5.241,Pitch
-0.004,-0.164,0.947,-42.639,12.880,6.834,Pitch
0.080,-0.184,1.138,15.601,-11.576,10.938,Pitch
0.041,-0.192,1.069,39.410,-7.438,21.052,Pitch
-0.063,-0.140,0.974,61.399,-12.547,13.291,Pitch
-0.026,-0.070,0.961,128.616,-7.849,-4.270,Pitch
0.025,0.064,0.927,183.260,-4.226,-14.017,Pitch
0.060,0.174,0.874,228.497,1.400,-12.215,Pitch
0.080,0.203,0.757,250.609,5.827,-5.574,Pitch
0.034,0.409,0.722,286.685,3.684,13.930,Pitch
-0.002,0.670,0.695,286.685,13.904,17.946,Pitch
0.049,0.886,0.724,286.685,-2.809,23.468,Pitch
0.101,0.996,0.795,286.685,1.470,32.699,Pitch
-0.020,0.930,0.732,286.685,20.956,48.562,Pitch
-0.064,1.013,0.513,282.397,-21.691,44.704,Pitch
0.060,1.065,0.311,244.125,-30.993,32.996,Pitch
0.109,1.072,0.186,232.811,-18.506,26.206,Pitch
0.074,1.086,0.180,224.394,-24.264,26.513,Pitch
0.062,1.031,0.094,185.229,-32.436,13.309,Pitch
0.139,0.994,0.036,144.786,-31.185,1.829,Pitch
0.207,1.005,-0.039,115.868,-18.069,5.355,Pitch
0.106,0.947,-0.112,89.162,-15.531,12.521,Pitch
0.084,0.951,-0.171,62.326,-2.301,1.094,Pitch
0.126,0.892,-0.238,46.384,3.824,-8.680,Pitch
0.108,0.923,-0.202,37.800,11.419,-14.569,Pitch
0.091,0.939,-0.169,5.906,10.080,-22.181,Pitch
0.098,0.919,-0.061,-66.465,-9.004,-15.190,Pitch
0.064,1.047,0.174,-191.826,-18.174,-10.938,Pitch
0.153,1.064,0.043,-276.378,-13.291,-9.887,Pitch
0.161,1.067,0.061,-286.676,-8.549,8.496,Pitch
0.096,1.056,0.389,-286.685,-4.279,16.257,Pitch
0.043,1.190,0.519,-286.685,8.592,-4.681,Pitch
0.154,1.125,0.434,-286.685,-1.041,-7.560,Pitch
0.151,0.961,0.449,-286.685,-8.715,13.554,Pitch
0.014,0.658,0.609,-286.685,-4.629,7.796,Pitch
0.030,0.635,0.780,-286.685,0.464,-2.634,Pitch
0.084,0.531,0.771,-286.685,14.394,-15.925,Pitch
0.144,0.360,0.907,-286.685,2.678,-15.417,Pitch
0.103,0.175,0.772,-261.161,16.319,-6.720,Pitch
0.059,0.131,0.760,-229.688,72.765,5.810,Pitch
-0.018,-0.042,0.971,-214.935,96.285,-4.830,Pitch
-0.032,-0.072,1.099,-164.115,53.357,-26.661,Pitch
0.105,-0.222,0.938,-154.849,15.549,-29.671,Pitch
0.011,-0.211,0.877,-110.801,20.729,10.342,Pitch
-0.095,-0.239,1.026,-60.952,8.435,-1.041,Pitch
-0.014,-0.295,1.085,-29.356,-9.686,-15.409,Pitch
0.024,-0.269,0.897,13.790,-13.151,3.246,Pitch
-0.044,-0.229,0.932,70.560,-24.045,11.007,Pitch
0.037,-0.212,1.001,109.690,-14.140,5.819,Pitch
-0.033,-0.100,0.948,132.816,2.223,20.011,Pitch
-0.046,-0.048,0.915,186.594,5.863,14.542,Pitch
-0.021,0.051,0.835,252.009,4.664,-10.377,Pitch
0.012,0.183,0.844,283.342,-4.944,-9.677,Pitch
0.025,0.384,0.871,286.685,1.601,4.218,Pitch
0.020,0.604,0.884,286.685,-24.990,17.798,Pitch
0.042,0.683,0.947,286.685,-14.403,14.735,Pitch
0.009,0.796,0.813,286.685,-8.505,26.399,Pitch
0.013,0.969,0.690,286.685,0.621,38.010,Pitch
0.033,0.948,0.545,286.685,2.888,53.603,Pitch
-0.006,0.908,0.447,286.685,3.246,36.978,Pitch
-0.002,1.052,0.323,262.885,-10.859,30.520,Pitch
0.067,1.025,0.190,205.179,-10.036,28.184,Pitch
0.038,1.078,0.076,188.046,-11.882,19.862,Pitch
0.059,1.042,0.009,162.531,-19.775,10.754,Pitch
0.094,1.021,-0.053,144.979,-19.014,-0.175,Pitch
0.092,0.946,-0.076,121.730,-14.735,-4.436,Pitch
0.110,0.970,-0.135,96.320,-11.821,-8.557,Pitch
0.124,0.929,-0.264,73.019,-2.993,-9.371,Pitch
0.091,0.915,-0.330,70.149,0.717,-9.975,Pitch
0.081,0.931,-0.235,71.120,6.457,-17.509,Pitch
0.058,0.881,-0.174,19.259,0.438,-14.411,Pitch
0.046,0.918,-0.246,-46.970,-9.424,-5.968,Pitch
0.056,0.992,-0.210,-77.997,-14.971,-2.861,Pitch
0.053,1.017,0.022,-151.891,-21.577,-8.566,Pitch
0.028,1.026,0.178,-274.111,-39.322,-5.530,Pitch
0.065,1.144,0.212,-286.685,-24.701,-12.408,Pitch
0.044,1.144,0.132,-286.685,-13.204,-6.956,Pitch
0.068,1.078,0.245,-286.685,-15.671,2.774,Pitch
0.079,0.899,0.453,-286.685,-21.481,16.686,Pitch
0.053,0.940,0.662,-286.685,-26.154,9.993,Pitch
0.109,0.795,0.596,-286.685,-6.624,1.260,Pitch
0.054,0.584,0.669,-286.685,26.005,3.474,Pitch
0.033,0.496,0.840,-283.386,12.512,-2.503,Pitch
0.134,0.342,0.792,-280.788,-17.097,-6.003,Pitch
0.095,0.298,0.659,-248.106,4.008,2.905,Pitch
-0.005,0.169,0.856,-204.417,42.018,3.815,Pitch
-0.008,0.017,1.096,-198.021,46.515,-17.771,Pitch
0.052,0.003,1.168,-187.250,0.105,-11.078,Pitch
-0.010,-0.006,1.121,-176.960,-8.619,-6.843,Pitch
0.006,-0.136,0.777,-143.281,-2.730,-7.367,Pitch
0.046,-0.209,0.993,-74.244,-6.729,8.321,Pitch
-0.013,-0.228,1.075,-42.053,-15.811,-1.706,Pitch
0.050,-0.272,0.982,-22.426,-13.983,-5.539,Pitch
0.059,-0.295,0.987,28.044,5.749,12.985,Pitch
-0.074,-0.234,0.932,67.848,4.847,13.720,Pitch
0.036,-0.040,0.813,147.070,1.067,16.065,Pitch
0.013,0.037,0.798,223.589,11.427,25.743,Pitch
-0.071,0.113,1.099,258.703,27.326,12.154,Pitch
-0.071,0.242,1.057,236.381,22.759,-27.676,Pitch
0.075,0.270,0.866,273.087,-15.137,-19.180,Pitch
-0.003,0.373,0.779,286.685,8.663,11.288,Pitch
0.046,0.566,0.801,286.685,22.006,11.996,Pitch
0.020,0.758,0.786,286.685,-6.746,29.899,Pitch
-0.081,0.909,0.660,286.685,-10.666,39.095,Pitch
0.026,0.900,0.637,286.685,0.385,25.550,Pitch
0.024,0.972,0.519,286.685,5.617,31.833,Pitch
-0.000,1.008,0.345,277.987,-3.622,34.982,Pitch
-0.045,0.969,0.235,228.646,-14.560,28.105,Pitch
-0.043,1.067,0.156,207.725,-9.030,6.764,Pitch
0.050,1.036,0.050,172.830,-17.570,-3.850,Pitch
0.038,1.114,-0.039,149.074,-9.328,4.602,Pitch
-0.008,1.047,-0.108,131.827,-4.865,7.945,Pitch
-0.002,0.946,-0.140,116.611,1.339,-3.719,Pitch
0.044,0.961,-0.184,97.974,-6.134,-7.000,Pitch
0.060,0.912,-0.275,78.173,-2.030,-6.081,Pitch
0.048,0.984,-0.211,49.193,-4.646,0.254,Pitch
0.057,0.946,-0.188,12.294,-3.421,2.345,Pitch
0.000,0.941,-0.144,-44.861,-2.931,3.911,Pitch
0.042,0.983,0.034,-127.706,-1.094,-13.186,Pitch
-0.008,1.075,0.011,-240.030,2.152,-15.934,Pitch
0.048,1.067,0.117,-279.046,-8.199,-11.751,Pitch
-0.080,1.073,0.211,-286.685,-47.346,2.030,Pitch
0.040,1.034,0.251,-286.685,-51.467,-8.750,Pitch
0.110,1.020,0.439,-286.685,-25.532,-6.064,Pitch
0.029,1.081,0.539,-286.685,-33.906,7.849,Pitch
-0.009,0.837,0.708,-286.685,-36.225,1.461,Pitch
0.086,0.623,0.599,-286.685,-10.719,-4.113,Pitch
0.087,0.455,0.617,-286.589,29.995,1.094,Pitch
0.056,0.391,0.811,-251.773,31.343,0.674,Pitch
0.050,0.238,0.992,-248.430,34.974,-11.839,Pitch
0.055,0.082,0.986,-255.876,44.748,-7.840,Pitch
0.002,-0.003,1.103,-216.484,38.658,10.167,Pitch
-0.020,0.034,1.042,-197.409,12.854,15.706,Pitch
-0.086,0.015,0.809,-138.512,-14.534,14.639,Pitch
-0.011,-0.159,0.959,-60.970,-32.541,-2.826,Pitch
0.029,-0.155,1.094,-11.340,-25.926,5.425,Pitch
0.031,-0.238,1.076,-4.331,-25.865,18.961,Pitch
0.009,-0.195,0.932,13.309,-8.059,24.369,Pitch
-0.001,-0.125,0.887,61.845,6.729,23.065,Pitch
-0.068,-0.047,0.962,124.827,6.711,19.460,Pitch
-0.045,-0.051,0.878,165.034,-4.489,6.431,Pitch
-0.087,0.161,0.918,234.596,21.945,-21.472,Pitch
-0.049,0.283,0.929,261.642,26.128,-46.077,Pitch
0.041,0.253,0.949,286.624,-4.287,-19.688,Pitch
-0.002,0.425,1.111,286.685,-1.321,5.276,Pitch
0.020,0.609,0.989,275.599,24.920,17.903,Pitch
0.026,0.646,0.739,283.474,18.296,29.951,Pitch
-0.061,0.772,0.639,286.685,3.815,43.321,Pitch
-0.090,0.843,0.637,284.147,4.883,34.169,Pitch
-0.035,0.921,0.612,257.145,-4.025,34.256,Pitch
-0.074,0.909,0.487,225.741,0.971,21.770,Pitch
-0.035,1.052,0.435,193.568,0.184,-0.796,Pitch
-0.040,1.035,0.378,162.033,-14.044,-9.109,Pitch
-0.008,1.026,0.233,125.317,-20.038,-13.344,Pitch
0.043,0.922,0.171,114.118,-11.795,-9.091,Pitch
-0.011,1.019,0.142,109.489,-5.880,-3.658,Pitch
0.026,1.063,0.163,95.393,4.436,-9.109,Pitch
0.004,0.970,0.055,65.721,10.491,-5.932,Pitch
-0.053,0.952,-0.022,63.044,16.048,-12.399,Pitch
-0.047,0.979,0.030,50.829,13.632,-22.216,Pitch
-0.000,0.957,-0.015,19.145,4.497,-16.441,Pitch
-0.002,0.976,-0.046,6.309,1.181,-5.740,Pitch
-0.042,0.960,0.029,-14.542,-0.184,-1.278,Pitch
-0.059,0.983,0.004,-39.095,-4.795,-1.671,Pitch
-0.038,0.975,0.140,-84.254,-6.335,-1.697,Pitch
-0.058,1.048,0.442,-181.221,-15.514,8.934,Pitch
-0.128,1.130,0.314,-286.685,-44.257,0.621,Pitch
-0.068,1.020,0.446,-286.685,-54.924,-9.275,Pitch
0.003,1.053,0.383,-286.685,-28.691,-19.189,Pitch
0.056,0.897,0.447,-286.685,-22.820,-4.375,Pitch
-0.022,0.769,0.760,-286.685,-25.917,12.023,Pitch
-0.063,0.638,0.775,-286.685,-32.699,13.073,Pitch
0.046,0.555,0.708,-286.685,-25.147,3.920,Pitch
0.066,0.374,0.815,-267.767,-4.961,8.785,Pitch
-0.015,0.286,0.961,-256.139,9.074,2.704,Pitch
-0.025,0.125,0.894,-264.294,15.304,-13.177,Pitch
0.011,-0.027,0.911,-196.420,29.881,-7.770,Pitch
0.016,-0.061,1.003,-174.029,37.704,-6.457,Pitch
0.001,0.017,1.086,-176.155,22.671,12.504,Pitch
-0.097,-0.093,0.827,-139.956,7.035,8.365,Pitch
0.091,-0.269,0.996,-111.536,-21.333,9.065,Pitch
-0.073,-0.289,0.972,-81.200,-16.468,29.776,Pitch
-0.045,-0.372,0.974,-42.542,-19.854,11.594,Pitch
-0.017,-0.351,1.051,-12.023,-18.629,10.658,Pitch
-0.033,-0.343,0.924,2.695,-8.645,16.362,Pitch
-0.049,-0.337,0.858,30.739,-15.575,10.141,Pitch
-0.029,-0.206,1.019,100.730,1.811,-20.528,Roll
-0.013,0.044,1.046,4.830,-1.768,-5.451,Roll
-0.018,0.025,1.012,4.795,-3.019,-1.015,Roll
-0.055,0.037,1.010,5.941,5.819,-1.881,Roll
-0.070,0.054,1.052,4.016,4.830,-1.199,Roll
-0.030,0.058,0.970,3.132,-2.441,3.316,Roll
-0.028,0.037,0.998,4.602,1.426,9.896,Roll
-0.013,-0.003,1.004,6.729,9.590,9.616,Roll
0.005,0.012,1.019,16.590,19.145,9.153,Roll
0.000,0.037,1.033,22.321,24.500,8.943,Roll
0.011,0.009,0.984,15.881,27.099,6.965,Roll
-0.063,0.044,1.047,14.840,37.616,-1.365,Roll
-0.063,0.082,1.037,20.212,33.014,-1.768,Roll
-0.056,0.105,0.956,35.910,29.391,11.323,Roll
-0.091,0.047,1.039,31.824,32.454,13.956,Roll
-0.133,0.026,1.070,16.240,13.641,1.365,Roll
-0.126,0.048,0.991,1.505,-5.574,-11.734,Roll
-0.157,0.216,1.220,1.785,-38.526,-24.413,Roll
-0.034,0.285,0.968,30.310,-41.178,-21.551,Roll
-0.030,0.210,1.123,45.001,-99.304,-21.560,Roll
0.040,0.105,0.968,7.289,-131.679,-38.972,Roll
0.084,0.137,0.913,-74.952,-141.986,-43.951,Roll
-0.030,0.104,1.219,-107.100,-216.361,-43.680,Roll
0.305,-0.008,1.007,-131.057,-286.344,-39.104,Roll
0.432,-0.136,0.833,-114.301,-286.562,-53.401,Roll
0.477,-0.137,0.823,-89.880,-286.685,-58.607,Roll
0.604,-0.014,0.792,-67.611,-277.629,-50.514,Roll
0.759,0.004,0.740,-71.067,-249.217,-19.513,Roll
0.845,0.009,0.674,-41.982,-214.462,-33.521,Roll
0.878,-0.044,0.631,-28.840,-164.229,11.629,Roll
0.809,-0.026,0.680,-2.529,-74.716,22.278,Roll
0.955,-0.054,0.648,15.671,0.551,44.144,Roll
0.851,-0.093,0.621,31.491,111.808,64.243,Roll
0.690,-0.084,0.753,39.830,199.526,64.094,Roll
0.507,-0.165,0.710,88.043,286.239,36.803,Roll
0.459,-0.122,0.853,110.530,286.685,25.034,Roll
0.395,-0.172,0.980,126.061,286.685,20.948,Roll
0.341,-0.128,1.006,126.158,286.685,1.829,Roll
0.185,-0.069,0.932,130.008,286.685,-12.740,Roll
-0.134,0.075,0.976,126.402,286.685,-19.066,Roll
-0.206,0.191,1.000,90.335,286.685,-17.001,Roll
-0.207,0.065,0.872,82.329,281.041,-0.140,Roll
-0.275,0.092,0.805,66.421,260.015,-1.435,Roll
-0.543,0.156,0.689,25.253,261.818,-6.160,Roll
-0.902,0.365,0.714,23.730,263.419,-1.890,Roll
-0.847,0.221,0.689,3.290,234.360,17.386,Roll
-0.859,0.312,0.452,-28.254,175.490,4.673,Roll
-0.787,0.273,0.435,-25.751,125.099,-15.400,Roll
-0.869,0.241,0.433,-11.182,77.035,-10.273,Roll
-1.008,0.240,0.556,-17.264,17.859,-30.249,Roll
-1.086,0.267,0.680,-13.038,-105.122,-32.445,Roll
-0.995,0.270,0.701,-3.124,-248.850,-38.876,Roll
-0.762,0.351,0.727,10.089,-286.685,-26.407,Roll
-0.528,0.164,0.855,6.309,-286.685,-7.770,Roll
-0.274,0.055,0.743,-19.241,-286.685,-24.439,Roll
-0.011,-0.037,0.783,-7.324,-286.685,-6.528,Roll
-0.089,0.040,1.025,-29.103,-286.685,21.534,Roll
0.094,0.101,0.853,-177.083,-286.659,6.746,Roll
0.123,0.069,0.857,-29.864,-286.685,-8.453,Roll
0.287,-0.043,0.680,-79.590,-286.685,-32.515,Roll
0.581,-0.118,0.832,-32.174,-286.685,-2.476,Roll
0.651,-0.005,0.890,-19.101,-286.685,-20.108,Roll
0.683,0.024,0.554,-38.211,-286.685,-13.064,Roll
0.886,-0.033,0.491,-63.551,-286.685,-34.099,Roll
1.007,0.198,0.209,63.026,227.990,-34.589,Roll
1.028,0.052,0.525,75.556,33.556,-40.189,Roll
0.665,-0.048,0.539,44.013,286.685,-3.710,Roll
0.458,0.113,0.756,58.809,286.685,-15.671,Roll
0.464,0.045,0.816,50.155,286.685,-18.830,Roll
0.353,0.146,0.849,112.849,286.685,13.799,Roll
0.005,0.252,0.913,70.271,286.685,16.424,Roll
-0.123,0.236,0.715,59.736,286.685,-14.280,Roll
-0.310,0.138,0.879,59.141,286.685,-47.162,Roll
-0.375,0.132,0.920,61.408,286.685,-75.897,Roll
-0.515,0.160,0.810,24.054,286.685,-101.141,Roll
-0.859,0.542,0.650,-24.526,286.685,-73.868,Roll
-0.845,0.337,0.300,-45.185,286.668,-41.283,Roll
-0.993,0.296,0.137,-7.787,236.906,-13.650,Roll
-1.170,0.347,0.279,14.175,105.656,-3.981,Roll
-0.988,0.241,0.262,9.748,12.810,18.655,Roll
-1.075,0.238,0.245,23.074,-66.010,46.979,Roll
-1.013,0.269,0.247,16.879,-118.414,43.304,Roll
-0.906,0.218,0.402,5.863,-192.605,39.970,Roll
-0.897,0.251,0.459,-0.140,-237.055,37.984,Roll
-0.820,0.240,0.500,3.255,-279.466,25.751,Roll
-0.613,0.283,0.582,0.438,-286.685,16.494,Roll
-0.488,0.250,0.756,-49.849,-286.685,26.434,Roll
-0.434,0.309,0.978,-81.751,-286.134,45.369,Roll
-0.584,0.336,0.985,-89.661,-286.685,33.670,Roll
-0.353,0.314,0.888,-87.246,-286.685,10.710,Roll
-0.148,0.100,0.778,-67.331,-286.685,16.712,Roll
0.072,0.163,0.753,-6.597,-286.685,-5.276,Roll
0.133,0.170,0.834,31.404,-283.649,-2.135,Roll
0.205,0.301,0.781,48.501,-286.685,-12.950,Roll
0.378,0.337,0.854,43.951,-286.685,-25.060,Roll
0.697,0.197,0.862,7.543,-216.991,-25.935,Roll
0.681,0.326,0.905,27.974,-166.967,-22.960,Roll
0.757,0.280,0.931,23.476,-146.125,-1.811,Roll
0.677,0.371,0.783,22.409,-55.807,21.026,Roll
0.675,0.433,0.676,-16.520,38.089,36.715,Roll
0.597,0.276,0.844,-91.787,124.512,0.639,Roll
0.652,0.334,0.800,-39.296,151.121,12.049,Roll
0.502,0.284,0.855,37.660,214.182,20.650,Roll
0.422,0.272,0.770,-15.208,286.388,5.504,Roll
0.250,0.194,0.688,-39.252,286.685,5.206,Roll
0.127,0.215,0.885,-2.511,286.685,-2.406,Roll
0.028,0.133,1.076,31.885,286.685,-7.403,Roll
-0.150,0.251,1.009,30.984,286.685,-15.557,Roll
-0.320,0.121,0.871,13.711,286.685,-35.569,Roll
-0.542,0.125,0.838,26.854,286.685,-71.312,Roll
-0.587,0.134,0.893,36.680,286.685,-80.404,Roll
-0.612,0.314,0.808,3.203,286.685,-83.151,Roll
-0.767,0.175,0.680,-18.778,281.724,-61.513,Roll
-0.826,0.195,0.502,-15.855,235.497,-27.948,Roll
-0.862,0.126,0.466,6.142,199.273,-14.297,Roll
-0.980,0.175,0.360,4.401,140.446,14.499,Roll
-1.094,0.206,0.263,0.980,63.053,21.569,Roll
-1.053,0.167,0.226,-0.761,-35.840,19.880,Roll
-0.939,0.197,0.346,3.500,-88.690,23.048,Roll
-0.863,0.202,0.409,17.675,-134.531,41.580,Roll
-0.892,0.244,0.482,15.278,-185.421,54.338,Roll
-0.800,0.261,0.506,19.845,-238.438,57.208,Roll
-0.837,0.297,0.618,24.404,-273.324,50.951,Roll
-0.796,0.339,0.721,16.660,-286.685,35.630,Roll
-0.522,0.321,0.760,6.562,-286.685,10.054,Roll
-0.329,0.416,0.891,5.031,-286.685,35.639,Roll
-0.329,0.215,1.028,24.430,-286.685,58.021,Roll
-0.180,0.277,0.968,3.815,-286.685,63.341,Roll
-0.040,0.295,0.794,-6.029,-286.685,70.350,Roll
0.092,0.272,0.769,6.738,-286.685,69.808,Roll
0.310,0.313,0.894,2.494,-286.685,60.340,Roll
0.451,0.289,0.889,-35.035,-276.290,62.099,Roll
0.518,0.268,0.739,-30.782,-240.607,58.467,Roll
0.559,0.345,0.705,-21.140,-186.174,43.041,Roll
0.639,0.341,0.748,-24.631,-140.621,37.923,Roll
0.756,0.323,0.721,-19.460,-70.385,33.731,Roll
0.740,0.279,0.664,-5.854,18.419,25.524,Roll
0.704,0.271,0.664,2.747,100.783,13.256,Roll
0.637,0.274,0.779,2.721,151.725,5.416,Roll
0.571,0.239,0.698,0.000,224.420,2.660,Roll
0.471,0.228,0.699,2.931,285.425,1.601,Roll
0.372,0.147,0.814,23.170,286.685,-1.750,Roll
0.197,0.179,0.829,61.967,286.685,-8.172,Roll
0.044,0.165,0.881,78.479,286.685,-28.770,Roll
-0.232,0.243,0.942,72.082,286.685,-71.365,Roll
-0.374,0.342,1.094,53.086,286.685,-103.311,Roll
-0.444,0.257,0.831,35.910,286.685,-106.199,Roll
-0.583,0.229,0.963,1.418,276.850,-120.050,Roll
-0.696,0.404,0.693,-8.899,222.591,-109.454,Roll
-0.637,0.216,0.635,-17.911,169.540,-78.662,Roll
-0.836,0.236,0.772,3.570,135.275,-73.325,Roll
-0.838,0.187,0.738,-16.266,107.993,-55.134,Roll
-0.744,0.134,0.527,-28.035,36.697,-34.440,Roll
-0.708,0.153,0.592,-34.755,12.512,-12.416,Roll
-0.852,0.203,0.645,-10.876,-16.249,3.334,Roll
-0.823,0.168,0.646,4.637,-82.049,16.546,Roll
-0.770,0.230,0.671,12.618,-146.834,21.884,Roll
-0.750,0.224,0.708,21.438,-201.565,35.849,Roll
-0.604,0.172,0.792,44.415,-233.266,39.882,Roll
-0.516,0.213,0.930,51.958,-266.788,27.843,Roll
-0.388,0.244,1.049,57.969,-286.151,44.555,Roll
-0.367,0.169,0.976,42.779,-286.685,54.740,Roll
-0.204,0.256,0.908,41.160,-286.685,66.124,Roll
0.006,0.236,0.991,26.635,-286.685,59.447,Roll
0.154,0.288,0.937,-43.015,-286.300,28.315,Roll
0.239,0.297,0.876,-75.320,-239.444,23.371,Roll
0.323,0.154,0.847,-62.991,-286.099,33.057,Roll
0.466,0.211,0.797,10.929,-286.685,46.139,Roll
0.583,0.356,0.920,-44.599,-286.685,57.601,Roll
0.737,0.382,0.701,-70.026,-277.288,83.125,Roll
0.754,0.179,0.515,-49.210,-219.887,95.795,Roll
0.811,0.107,0.551,-53.357,-124.390,70.105,Roll
0.847,0.100,0.341,-24.771,-19.653,38.220,Roll
0.913,0.062,0.525,30.048,77.683,21.761,Roll
0.833,0.091,0.640,46.970,116.707,24.132,Roll
0.786,0.073,0.686,33.443,185.273,5.241,Roll
0.741,0.093,0.692,23.712,269.386,9.292,Roll
0.693,0.086,0.769,34.912,286.685,15.146,Roll
0.610,0.029,0.855,110.880,286.685,22.243,Roll
0.337,0.062,0.867,163.844,286.685,11.305,Roll
0.228,0.172,0.896,131.723,286.685,-20.361,Roll
0.108,0.167,0.824,85.444,286.685,-39.322,Roll
-0.243,0.249,1.088,40.889,286.685,-44.109,Roll
-0.378,0.217,0.895,52.377,286.685,-61.574,Roll
-0.339,0.197,0.720,28.245,280.455,-83.387,Roll
-0.403,0.208,0.824,7.105,227.019,-87.316,Roll
-0.623,0.244,0.826,-23.529,205.152,-79.546,Roll
-0.788,0.247,0.739,-33.941,141.531,-57.934,Roll
-0.797,0.200,0.717,-15.111,92.356,-42.945,Roll
-0.768,0.221,0.621,-3.299,36.199,-12.845,Roll
-0.839,0.183,0.596,3.115,15.094,-2.494,Roll
-0.850,0.197,0.645,20.597,-2.599,1.129,Roll
-0.789,0.231,0.715,16.704,-47.836,12.198,Roll
-0.793,0.270,0.773,26.451,-103.994,12.696,Roll
-0.770,0.245,0.845,35.621,-155.024,11.847,Roll
-0.702,0.242,0.720,71.846,-233.555,8.094,Roll
-0.440,0.319,0.710,114.415,-286.685,27.038,Roll
-0.250,0.257,0.757,125.991,-286.685,47.714,Roll
-0.192,0.334,0.924,92.829,-286.685,50.671,Roll
-0.186,0.366,0.973,51.013,-286.685,59.246,Roll
-0.096,0.363,0.785,42.096,-286.685,55.842,Roll
0.188,0.341,0.784,45.596,-286.685,55.414,Roll
0.346,0.410,0.678,34.265,-286.685,54.871,Roll
0.431,0.338,0.678,31.868,-286.685,52.281,Roll
0.655,0.449,0.672,-2.957,-286.685,64.382,Roll
0.771,0.521,0.478,5.845,-278.731,59.281,Roll
0.770,0.381,0.493,-12.425,-238.997,66.264,Roll
0.876,0.471,0.533,-22.417,-163.870,60.191,Roll
0.934,0.440,0.440,-12.932,-84.945,49.271,Roll
0.907,0.450,0.435,-0.289,-6.274,33.136,Roll
0.903,0.498,0.411,3.876,53.121,11.917,Roll
0.847,0.402,0.417,2.739,123.366,-12.600,Roll
0.819,0.400,0.531,-14.578,180.530,-24.106,Roll
0.786,0.354,0.559,-33.469,229.119,-18.839,Roll
0.741,0.346,0.624,-37.853,273.621,-7.753,Roll
0.640,0.305,0.781,-53.419,286.685,13.842,Roll
0.539,0.199,0.901,-35.945,286.685,11.541,Roll
0.451,0.172,0.807,6.440,286.685,13.720,Roll
0.208,0.196,0.694,25.060,286.685,9.669,Roll
-0.126,0.188,0.899,17.272,286.685,-32.769,Roll
-0.387,0.219,0.971,-5.372,286.685,-62.580,Roll
-0.419,0.261,0.856,-4.804,286.685,-51.826,Roll
-0.378,0.289,0.830,9.721,286.405,-47.197,Roll
-0.614,0.266,0.782,-6.720,233.844,-41.877,Roll
-0.861,0.289,0.779,-8.951,194.495,-24.657,Roll
-0.848,0.259,0.617,-4.419,132.064,-5.477,Roll
-0.798,0.229,0.566,-5.066,80.692,0.744,Roll
-0.888,0.245,0.567,-14.394,29.330,-0.577,Roll
-0.870,0.255,0.622,-3.841,-18.086,1.094,Roll
-0.827,0.249,0.579,15.750,-70.350,10.413,Roll
-0.785,0.243,0.621,12.023,-89.670,10.500,Roll
-0.733,0.279,0.667,9.669,-114.870,13.265,Roll
-0.660,0.324,0.743,12.023,-146.151,15.960,Roll
-0.628,0.312,0.727,32.314,-200.935,19.495,Roll
-0.601,0.232,0.805,56.682,-248.894,20.737,Roll
-0.443,0.268,0.861,73.246,-286.685,22.304,Roll
-0.347,0.295,0.993,64.295,-286.685,39.156,Roll
-0.278,0.309,0.825,24.964,-286.685,34.274,Roll
-0.051,0.342,0.768,8.855,-286.685,27.160,Roll
0.094,0.386,0.913,22.374,-286.685,21.997,Roll
0.333,0.357,0.687,27.510,-286.685,28.779,Roll
0.440,0.350,0.666,19.075,-286.685,47.548,Roll
0.459,0.390,0.758,13.991,-286.685,54.854,Roll
0.589,0.368,0.579,-9.257,-286.685,61.049,Roll
0.778,0.393,0.575,-14.823,-285.600,78.601,Roll
0.814,0.312,0.537,-30.021,-246.137,98.341,Roll
0.933,0.300,0.572,-31.255,-193.209,87.071,Roll
0.932,0.323,0.535,-17.246,-107.415,54.049,Roll
0.981,0.275,0.401,-15.400,-54.031,45.019,Roll
0.916,0.322,0.383,-6.956,18.778,21.901,Roll
0.986,0.252,0.474,3.658,65.931,9.432,Roll
0.881,0.277,0.493,3.421,119.350,7.026,Roll
0.780,0.284,0.521,-21.875,173.967,3.946,Roll
0.785,0.242,0.497,-15.934,229.425,-1.190,Roll
0.787,0.204,0.591,-10.325,282.056,17.684,Roll
0.675,0.191,0.868,13.134,286.685,22.269,Roll
0.603,0.097,0.955,40.416,286.685,12.198,Roll
0.518,0.048,0.818,82.346,286.685,9.205,Roll
0.236,0.147,0.770,77.175,286.685,6.886,Roll
-0.092,0.237,0.872,53.524,286.685,-18.436,Roll
-0.405,0.330,0.972,41.379,286.685,-34.335,Roll
-0.511,0.258,0.816,62.982,286.685,-32.401,Roll
-0.521,0.222,0.791,64.855,286.685,-22.829,Roll
-0.470,0.333,0.635,49.149,256.043,-27.659,Roll
-0.766,0.376,0.623,17.465,219.476,-22.111,Roll
-0.892,0.303,0.554,5.609,191.739,-9.363,Roll
-0.897,0.343,0.451,-0.140,163.292,-12.154,Roll
-0.912,0.374,0.378,2.870,90.956,7.595,Roll
-0.917,0.327,0.422,-0.788,15.776,5.460,Roll
-0.972,0.403,0.452,9.301,-56.954,1.592,Roll
-0.916,0.342,0.450,10.745,-100.310,1.549,Roll
-0.876,0.343,0.497,5.215,-151.699,-5.416,Roll
-0.765,0.352,0.563,-7.070,-206.202,-14.026,Roll
-0.802,0.362,0.774,-12.495,-228.419,-14.744,Roll
-0.745,0.360,0.801,-9.275,-266.516,-11.708,Roll
-0.409,0.212,0.628,-8.715,-286.685,-9.642,Roll
-0.334,0.190,0.814,-0.586,-286.685,-21.525,Roll
-0.250,0.282,0.825,-3.719,-286.685,-21.009,Roll
-0.172,0.299,1.080,-8.837,-286.685,2.608,Roll
-0.043,0.272,0.983,-15.610,-286.685,31.351,Roll
0.159,0.163,0.820,-15.724,-286.685,12.329,Roll
0.289,0.193,0.872,-7.770,-286.685,7.858,Roll
0.470,0.287,0.782,-6.221,-286.685,16.118,Roll
0.520,0.192,0.611,0.472,-286.685,34.291,Roll
0.692,0.235,0.584,14.446,-286.685,49.070,Roll
0.818,0.319,0.912,15.505,-260.759,62.116,Roll
0.816,0.346,0.640,-29.181,-229.521,64.960,Roll
0.872,0.240,0.523,-24.141,-148.960,61.294,Roll
0.956,0.214,0.499,-11.130,-82.486,46.349,Roll
0.995,0.221,0.565,8.417,4.480,23.835,Roll
0.969,0.205,0.436,15.890,43.855,8.024,Roll
0.850,0.218,0.492,11.427,95.121,-5.915,Roll
0.839,0.247,0.590,0.910,133.525,-11.121,Roll
0.795,0.170,0.620,-15.951,175.359,-9.284,Roll
0.758,0.195,0.663,-16.021,206.553,-1.033,Roll
0.619,0.153,0.696,-15.759,286.475,11.681,Roll
0.528,0.088,0.836,9.660,286.685,17.106,Roll
0.523,0.069,1.162,21.446,286.685,15.557,Roll
0.392,0.032,1.071,32.130,286.685,31.517,Roll
0.025,0.058,0.782,16.257,286.685,39.480,Roll
-0.179,0.128,0.912,18.952,286.685,3.622,Roll
-0.410,0.052,0.816,17.771,286.685,-23.888,Roll
-0.488,0.163,0.874,27.466,284.375,-23.345,Roll
-0.727,0.145,0.754,-0.035,259.087,-30.809,Roll
-0.576,0.215,0.669,-33.232,221.436,-19.066,Roll
-0.564,0.167,0.534,-53.847,199.421,11.156,Roll
-0.902,0.124,0.602,-30.853,194.583,12.311,Roll
-1.053,0.098,0.492,-14.455,152.932,-7.884,Roll
-0.943,0.156,0.397,-29.715,58.485,-24.194,Roll
-0.930,0.104,0.504,-24.806,-8.969,-27.834,Roll
-0.908,0.146,0.499,-13.711,-55.842,-21.254,Roll
-0.829,0.149,0.533,14.096,-123.139,-18.550,Roll
-0.827,0.102,0.645,31.167,-184.940,-2.406,Roll
-0.752,0.116,0.781,29.487,-248.938,6.536,Roll
-0.642,0.076,0.758,33.329,-280.761,10.841,Roll
-0.585,0.103,0.885,72.074,-280.551,1.645,Roll
-0.544,0.162,0.941,56.963,-286.685,7.411,Roll
-0.462,0.073,0.978,36.409,-286.685,3.973,Roll
-0.303,0.137,0.957,10.780,-286.685,-5.530,Roll
0.016,0.095,0.800,-48.720,-286.685,-29.942,Roll
0.219,0.158,0.710,-48.370,-286.685,-42.438,Roll
0.378,0.158,0.893,9.476,-286.685,-32.235,Roll
0.500,0.035,0.787,16.345,-286.685,-12.040,Roll
0.561,0.214,0.817,-9.126,-286.685,3.902,Roll
0.584,0.193,0.657,-9.949,-277.585,21.674,Roll
0.732,0.138,0.531,18.384,-246.776,43.409,Roll
0.839,0.097,0.679,35.840,-224.429,61.696,Roll
0.895,0.241,0.632,41.388,-165.051,88.393,Roll
0.905,0.257,0.581,38.824,-69.860,80.850,Roll
0.972,0.077,0.592,20.388,4.926,74.305,Roll
0.953,0.002,0.568,18.987,54.425,48.379,Roll
0.922,0.087,0.634,29.312,134.321,10.876,Roll
0.805,0.112,0.718,12.854,214.812,10.859,Roll
0.732,0.111,0.761,-7.980,286.055,10.841,Roll
0.711,0.027,0.728,-6.282,286.685,14.184,Roll
0.550,-0.037,0.807,20.930,286.685,48.624,Roll
0.414,-0.066,0.825,58.888,286.685,56.035,Roll
0.257,-0.001,0.909,106.304,286.685,29.067,Roll
0.102,0.021,0.982,111.851,286.685,10.080,Roll
-0.143,0.092,0.882,103.793,286.685,-14.350,Roll
-0.389,0.094,0.810,106.470,286.685,-35.271,Roll
-0.528,0.294,0.809,97.177,286.685,-64.006,Roll
-0.715,0.221,0.777,58.432,286.685,-72.389,Roll
-0.723,0.146,0.805,1.794,283.430,-82.408,Roll
-0.786,0.254,0.686,-31.019,213.841,-49.053,Roll
-0.971,0.216,0.497,-4.646,130.331,-21.936,Roll
-0.914,0.195,0.493,-2.695,80.841,-17.946,Roll
-0.971,0.301,0.523,2.572,5.093,5.057,Roll
-0.868,0.192,0.475,25.725,-90.912,25.288,Roll
-0.805,0.225,0.551,38.981,-148.173,27.764,Roll
-0.799,0.219,0.639,47.985,-178.264,31.316,Roll
-0.683,0.209,0.711,48.160,-229.285,34.230,Roll
-0.675,0.230,0.824,35.551,-251.790,24.071,Roll
-0.547,0.236,0.843,32.716,-263.725,14.123,Roll
-0.439,0.258,0.816,23.476,-284.830,14.481,Roll
-0.439,0.272,1.037,-1.076,-286.685,12.653,Roll
-0.247,0.233,0.985,-51.861,-286.685,3.080,Roll
-0.109,0.223,0.829,-73.614,-286.685,-10.404,Roll
0.101,0.192,0.731,-41.037,-286.685,-25.007,Roll
0.220,0.237,0.958,17.001,-286.685,-14.324,Roll
0.393,0.258,0.804,26.014,-286.685,-1.487,Roll
0.586,0.285,0.709,-1.278,-286.685,23.301,Roll
0.555,0.255,0.780,-8.837,-286.685,63.893,Roll
0.674,0.246,0.541,-24.526,-278.801,44.940,Roll
0.788,0.021,0.310,10.850,-252.420,44.284,Roll
1.109,0.259,0.509,31.132,-192.745,75.092,Roll
1.008,0.197,0.513,22.951,-135.581,79.651,Roll
1.041,0.172,0.421,14.394,-83.624,71.024,Roll
0.994,0.191,0.394,12.443,-18.786,51.835,Roll
0.987,0.179,0.468,21.026,46.576,24.824,Roll
0.984,0.143,0.506,19.609,93.669,0.892,Roll
0.921,0.190,0.582,30.730,173.495,-30.861,Roll
0.849,0.209,0.544,21.052,247.966,-43.312,Roll
0.801,0.201,0.603,14.341,286.545,-49.061,Roll
0.710,0.180,0.670,22.050,286.685,-38.482,Roll
0.528,0.122,0.876,27.913,286.685,-19.180,Roll
0.369,0.069,0.849,40.784,286.685,-16.520,Roll
0.181,0.092,0.851,47.443,286.685,-30.004,Roll
0.069,0.109,0.943,58.319,286.685,-41.396,Roll
-0.191,0.165,0.813,89.198,286.685,-59.124,Roll
-0.529,0.326,0.663,95.253,286.685,-65.336,Roll
-0.530,0.237,0.780,54.005,286.685,-86.144,Roll
-0.574,0.262,0.748,12.373,286.685,-87.552,Roll
-0.828,0.275,0.854,10.587,286.265,-86.319,Roll
-0.802,0.172,0.568,-18.042,276.369,-46.498,Roll
-0.808,0.243,0.433,-31.465,220.080,-30.573,Roll
-0.980,0.292,0.337,-22.225,178.089,-15.540,Roll
-1.047,0.251,0.239,-14.096,114.879,11.882,Roll
-1.106,0.258,0.188,7.648,18.130,16.931,Roll
-0.994,0.275,0.225,18.760,-99.129,23.721,Roll
-0.948,0.285,0.281,22.645,-157.719,25.112,Roll
-0.906,0.293,0.422,24.990,-218.068,25.769,Roll
-0.823,0.287,0.585,37.844,-263.524,27.711,Roll
-0.754,0.280,0.707,40.600,-286.685,34.213,Roll
-0.732,0.273,0.738,21.753,-286.685,37.231,Roll
-0.569,0.299,0.761,-10.780,-286.685,5.863,Roll
-0.437,0.345,1.059,-39.034,-286.685,24.421,Roll
-0.426,0.316,1.020,-72.975,-286.685,24.299,Roll
-0.224,0.189,0.894,-81.646,-286.685,4.725,Roll
0.075,0.172,0.704,-53.760,-286.685,-21.263,Roll
0.399,0.193,0.801,-0.639,-286.685,4.296,Roll
0.559,0.107,0.850,57.654,-286.685,2.888,Roll
0.650,0.143,0.818,57.522,-286.685,-4.970,Roll
0.565,0.223,0.690,12.749,-286.685,21.516,Roll
0.516,0.276,0.506,8.006,-286.685,16.695,Roll
0.698,0.328,0.377,11.419,-277.016,16.118,Roll
0.905,0.407,0.371,12.434,-239.663,40.618,Roll
1.120,0.243,0.429,-4.235,-180.128,55.615,Roll
0.999,0.304,0.277,12.031,-124.521,66.106,Roll
0.973,0.329,0.249,20.247,-42.569,51.669,Roll
0.985,0.289,0.242,18.743,21.140,37.791,Roll
1.070,0.211,0.404,18.016,102.200,7.403,Roll
1.015,0.218,0.474,33.031,198.424,-14.954,Roll
0.901,0.203,0.512,22.566,286.038,-27.554,Roll
0.766,0.198,0.519,9.257,286.685,-23.520,Roll
0.760,0.273,0.550,13.099,286.685,-25.305,Roll
0.570,0.225,0.855,59.185,286.685,-35.018,Roll
0.373,0.229,0.832,68.320,286.685,-42.586,Roll
0.210,0.159,0.817,53.060,286.685,-52.421,Roll
-0.010,0.162,0.702,48.676,286.685,-68.994,Roll
-0.176,0.333,0.964,80.526,286.685,-107.625,Roll
-0.350,0.273,0.849,65.581,286.685,-113.636,Roll
-0.638,0.252,0.895,37.993,286.685,-126.516,Roll
-0.797,0.269,0.525,-19.495,286.685,-121.074,Roll
-0.773,0.252,0.735,-27.353,286.685,-138.399,Roll
-0.811,0.159,0.451,-69.457,286.685,-117.574,Roll
-0.932,0.114,0.331,-57.654,284.795,-78.330,Roll
-1.055,0.191,0.061,-45.710,236.311,-20.379,Roll
-1.143,0.137,-0.007,-18.489,152.294,-5.565,Roll
-1.154,0.117,-0.009,-2.809,37.695,6.501,Roll
-1.127,0.126,-0.033,5.057,-47.381,18.471,Roll
-1.084,0.222,0.100,24.701,-193.952,35.884,Roll
-0.961,0.212,0.258,53.007,-285.574,39.690,Roll
-0.846,0.250,0.422,71.619,-286.685,45.763,Roll
-0.740,0.221,0.492,69.624,-286.685,51.301,Roll
-0.647,0.231,0.762,59.010,-286.685,72.817,Roll
-0.600,0.242,0.915,23.179,-286.685,87.062,Roll
-0.554,0.205,0.995,-19.434,-286.685,71.225,Roll
-0.429,0.190,1.064,-41.011,-286.685,57.514,Roll
-0.053,0.280,0.765,-38.911,-286.685,28.656,Roll
0.219,0.296,0.665,23.660,-286.685,16.695,Roll
0.251,0.303,0.854,57.557,-286.685,55.991,Roll
0.405,0.183,0.845,48.974,-286.685,40.635,Roll
0.631,0.314,0.536,37.975,-286.685,45.194,Roll
0.689,0.247,0.618,34.947,-286.685,74.681,Roll
0.681,0.358,0.364,-12.600,-286.685,71.120,Roll
0.731,0.232,0.305,4.226,-273.814,70.035,Roll
0.973,0.316,0.398,43.199,-234.622,68.469,Roll
1.108,0.360,0.365,38.334,-158.550,59.701,Roll
1.117,0.312,0.138,25.769,-63.875,34.921,Roll
1.089,0.300,0.193,27.169,-4.191,21.394,Roll
1.020,0.305,0.225,28.542,87.990,-3.868,Roll
1.072,0.289,0.377,13.597,198.284,-25.506,Roll
1.030,0.274,0.465,-20.624,286.221,-28.122,Roll
0.967,0.195,0.514,-29.312,286.685,-22.671,Roll
0.808,0.213,0.500,4.366,286.685,-10.316,Roll
0.476,0.229,0.676,48.939,286.685,-14.726,Roll
0.311,0.269,1.027,87.946,286.685,-61.224,Roll
0.329,0.204,0.920,89.224,286.685,-79.170,Roll
0.155,0.247,0.752,86.809,286.685,-82.819,Roll
-0.202,0.364,1.228,80.920,286.685,-100.441,Roll
-0.234,0.262,0.660,-5.285,286.685,-87.570,Roll
-0.558,0.253,0.664,11.804,286.685,-85.899,Roll
-0.832,0.368,0.521,48.562,286.685,-97.598,Roll
-0.892,0.242,0.390,37.161,286.685,-125.457,Roll
-0.749,0.127,0.412,-1.575,286.685,-116.174,Roll
-0.864,0.160,0.290,-12.749,286.685,-109.419,Roll
-1.040,0.298,0.116,28.280,286.685,-71.820,Roll
-1.048,0.243,-0.318,-13.475,219.581,-1.400,Roll
-1.114,0.306,-0.301,-2.993,86.739,-4.235,Roll
-1.114,0.318,-0.323,11.533,1.881,34.291,Roll
-1.018,0.230,-0.302,8.540,-132.702,44.485,Roll
-1.051,0.266,-0.196,-1.269,-241.211,51.310,Roll
-1.012,0.349,0.071,13.142,-286.685,55.186,Roll
-0.913,0.312,0.227,26.924,-286.685,59.307,Roll
-0.822,0.280,0.403,32.847,-286.685,62.248,Roll
-0.700,0.266,0.513,21.945,-286.685,62.116,Roll
-0.582,0.315,0.777,6.151,-286.685,77.394,Roll
-0.592,0.284,0.890,-19.915,-286.685,79.214,Roll
-0.446,0.328,1.031,-37.695,-286.685,64.505,Roll
-0.303,0.274,0.784,-35.061,-286.685,53.296,Roll
0.106,0.475,0.708,6.685,-286.685,64.435,Roll
0.315,0.336,0.815,7.061,-286.685,102.200,Roll
0.280,0.276,0.833,31.325,-286.685,103.294,Roll
0.385,0.334,0.856,-6.300,-286.685,87.299,Roll
0.512,0.209,0.614,-42.053,-286.685,72.485,Roll
0.711,0.311,0.532,-22.243,-286.685,50.286,Roll
0.828,0.348,0.619,-5.749,-269.071,51.826,Roll
0.839,0.274,0.389,-10.273,-226.214,64.444,Roll
0.902,0.243,0.352,-28.333,-213.465,81.375,Roll
0.963,0.200,0.331,-18.156,-170.450,78.689,Roll
1.026,0.253,0.252,15.706,-129.938,79.240,Roll
1.101,0.215,0.222,13.965,-44.607,56.639,Roll
1.095,0.184,0.241,15.995,29.522,14.709,Roll
1.075,0.240,0.310,28.210,137.235,-12.119,Roll
1.011,0.220,0.374,27.256,228.410,-37.188,Roll
0.888,0.138,0.549,22.750,286.685,-66.010,Roll
0.842,0.220,0.542,33.644,286.685,-60.716,Roll
0.714,0.197,0.626,46.847,286.685,-49.201,Roll
0.430,0.255,0.724,43.304,286.685,-57.890,Roll
0.261,0.271,1.045,67.900,286.685,-96.478,Roll
0.099,0.126,0.812,64.199,286.685,-108.412,Roll
-0.066,0.160,0.767,105.192,286.685,-101.325,Roll
-0.226,0.353,0.834,23.214,286.685,-96.259,Roll
-0.459,0.306,0.774,-2.406,286.685,-107.021,Roll
-0.582,0.229,0.541,13.904,286.685,-112.770,Roll
-0.680,0.269,0.619,41.982,286.685,-129.071,Roll
-0.795,0.284,0.628,15.811,286.685,-134.610,Roll
-0.851,0.182,0.387,-61.486,286.685,-101.570,Roll
-0.974,0.177,0.318,-3.561,286.589,-55.029,Roll
-1.012,0.239,0.164,-20.388,243.976,-4.883,Roll
-1.064,0.278,-0.083,-18.585,172.655,7.796,Roll
-1.154,0.212,-0.143,-6.396,41.545,18.541,Roll
-1.090,0.214,-0.051,4.707,-84.114,30.406,Roll
-1.174,0.274,-0.017,11.226,-196.796,38.964,Roll
-1.064,0.294,0.134,28.945,-275.616,44.809,Roll
-0.881,0.293,0.372,46.909,-286.685,52.666,Roll
-0.875,0.231,0.535,27.808,-286.685,83.904,Roll
-0.772,0.235,0.549,23.826,-286.685,88.874,Roll
-0.541,0.330,0.688,19.084,-286.685,75.600,Roll
-0.484,0.346,0.980,-18.183,-286.685,81.191,Roll
-0.363,0.240,1.090,-65.030,-286.685,102.086,Roll
-0.283,0.215,0.851,-77.971,-286.685,63.359,Roll
-0.021,0.242,0.559,-50.024,-286.685,17.614,Roll
0.416,0.229,0.734,12.784,-286.685,37.984,Roll
0.410,0.332,0.859,49.770,-286.676,55.580,Roll
0.350,0.373,0.703,15.733,-286.685,45.518,Roll
0.630,0.282,0.708,-4.148,-286.685,57.943,Roll
0.696,0.281,0.654,-14.087,-282.371,54.810,Roll
0.850,0.261,0.580,0.621,-264.784,32.174,Roll
0.930,0.195,0.609,-3.596,-247.004,43.400,Roll
0.965,0.352,0.541,-4.568,-203.577,58.485,Roll
0.994,0.258,0.321,2.004,-129.001,57.155,Roll
0.933,0.260,0.254,-2.004,-57.024,43.671,Roll
0.936,0.216,0.253,5.976,3.938,17.360,Roll
1.078,0.277,0.419,18.681,59.211,10.544,Roll
1.032,0.281,0.460,36.627,150.824,-9.319,Roll
0.899,0.275,0.328,34.982,251.239,-23.634,Roll
0.755,0.337,0.523,24.684,286.685,-31.290,Roll
0.689,0.237,0.623,32.147,286.685,-48.528,Roll
0.533,0.307,0.817,66.299,286.685,-60.104,Roll
0.482,0.264,1.074,75.329,286.685,-77.350,Roll
0.400,0.192,1.043,39.121,286.685,-63.096,Roll
0.065,0.126,0.598,55.965,286.685,-49.446,Roll
-0.201,0.326,0.747,54.224,286.685,-44.013,Roll
-0.445,0.436,0.662,19.521,286.685,-67.471,Roll
-0.614,0.330,0.740,-12.731,286.685,-89.644,Roll
-0.673,0.400,0.640,-16.905,286.685,-75.582,Roll
-0.648,0.316,0.356,15.172,286.685,-42.131,Roll
-0.888,0.180,0.374,30.030,286.685,-55.020,Roll
-1.065,0.216,0.258,1.794,286.606,-62.475,Roll
-0.955,0.218,0.225,-19.871,282.161,-55.501,Roll
-0.994,0.324,-0.035,-21.901,211.514,-24.509,Roll
-1.174,0.351,-0.118,-35.752,72.739,-22.601,Roll
-1.169,0.327,-0.144,-1.899,-57.566,-4.576,Roll
-1.131,0.308,0.021,13.842,-139.580,11.007,Roll
-1.024,0.332,0.133,35.805,-247.599,45.491,Roll
-0.863,0.254,0.254,71.033,-286.685,75.154,Roll
-0.805,0.204,0.337,93.949,-286.685,83.003,Roll
-0.772,0.319,0.569,83.580,-286.685,90.361,Roll
-0.678,0.341,0.708,52.719,-286.685,103.915,Roll
-0.510,0.394,0.813,-5.154,-286.685,97.694,Roll
-0.514,0.357,0.933,-52.579,-286.685,103.635,Roll
-0.389,0.390,0.944,-69.423,-286.685,103.478,Roll
-0.189,0.325,0.765,-70.429,-286.685,96.618,Roll
0.086,0.410,0.655,-57.347,-286.685,64.540,Roll
0.183,0.482,0.693,-30.109,-286.685,76.860,Roll
0.538,0.436,0.713,-30.712,-286.685,64.234,Roll
0.507,0.304,0.653,-27.440,-286.685,34.186,Roll
0.586,0.235,0.494,-28.403,-286.685,23.940,Roll
0.771,0.261,0.351,-28.962,-274.050,47.591,Roll
0.954,0.237,0.440,-12.959,-244.186,62.860,Roll
1.124,0.363,0.606,-0.245,-208.416,69.283,Roll
1.121,0.445,0.363,-6.300,-83.213,44.765,Roll
1.030,0.385,0.389,-13.099,43.960,6.668,Roll
1.014,0.351,0.379,0.630,113.435,-16.642,Roll
0.948,0.283,0.425,9.502,212.590,-40.897,Roll
0.821,0.294,0.634,3.797,285.880,-58.126,Roll
0.718,0.320,0.632,10.920,286.685,-56.534,Roll
0.577,0.274,0.647,10.167,286.685,-45.745,Roll
0.523,0.324,0.806,-1.706,286.685,-43.820,Roll
0.292,0.231,0.832,32.217,286.685,-62.116,Roll
0.056,0.169,0.848,63.919,286.685,-65.817,Roll
-0.176,0.273,0.857,66.719,286.685,-69.265,Roll
-0.333,0.244,0.649,50.068,286.685,-79.240,Roll
-0.570,0.322,0.656,52.255,286.685,-107.503,Roll
-0.772,0.300,0.650,44.861,286.685,-142.660,Roll
-0.831,0.185,0.620,42.822,286.685,-157.334,Roll
-0.851,0.231,0.414,18.042,286.685,-178.027,Roll
-0.971,0.274,0.284,-41.702,286.003,-156.835,Roll
-0.962,0.197,0.169,-24.763,242.568,-123.681,Roll
-1.164,0.081,-0.006,-41.501,207.646,-83.440,Roll
-1.048,0.097,-0.159,-25.366,134.908,-46.541,Roll
-1.059,0.038,-0.223,-5.924,29.689,-1.015,Roll
-1.144,0.090,-0.207,16.511,-74.253,21.079,Roll
-1.137,0.059,-0.141,20.808,-155.619,45.045,Roll
-1.109,0.128,0.100,20.029,-241.622,67.384,Roll
-0.940,0.181,0.164,58.870,-285.486,87.404,Roll
-0.885,0.245,0.383,82.582,-286.685,92.680,Roll
-0.777,0.225,0.440,76.624,-286.685,108.780,Roll
-0.699,0.279,0.689,66.789,-286.685,113.575,Roll
-0.735,0.369,0.886,31.622,-286.685,99.426,Roll
-0.596,0.186,0.817,34.729,-286.685,83.974,Roll
-0.224,0.212,0.762,27.029,-286.685,68.425,Roll
0.007,0.279,0.696,-7.026,-286.685,51.660,Roll
0.266,0.416,0.741,21.079,-286.685,48.221,Roll
0.239,0.295,0.696,54.022,-286.685,59.071,Roll
0.458,0.349,0.554,37.214,-286.685,50.881,Roll
0.599,0.371,0.565,16.083,-286.685,72.074,Roll
0.863,0.415,0.591,28.612,-286.685,92.050,Roll
0.895,0.425,0.589,29.164,-248.316,105.385,Roll
0.965,0.390,0.566,26.031,-214.034,108.386,Roll
0.944,0.393,0.451,28.394,-148.680,91.709,Roll
1.007,0.362,0.407,16.538,-81.856,77.481,Roll
1.054,0.373,0.445,10.421,11.454,43.085,Roll
1.073,0.362,0.437,11.366,72.354,16.896,Roll
1.015,0.362,0.428,14.542,163.459,-14.945,Roll
0.776,0.334,0.527,-17.666,269.229,-34.020,Roll
0.691,0.301,0.649,-49.901,286.685,-58.616,Roll
0.622,0.322,0.613,-25.699,286.685,-63.324,Roll
0.503,0.268,0.729,33.880,286.685,-56.779,Roll
0.357,0.133,0.924,20.930,286.685,-73.666,Roll
0.205,0.130,1.078,31.692,286.685,-84.070,Roll
0.020,0.230,0.850,34.335,286.685,-72.170,Roll
-0.231,0.338,0.613,27.003,286.685,-27.090,Roll
-0.440,0.249,0.597,40.591,286.685,-34.667,Roll
-0.595,0.250,0.490,49.271,286.685,-79.196,Roll
-0.857,0.280,0.579,37.249,286.685,-93.546,Roll
-0.952,0.216,0.342,-6.055,286.685,-98.324,Roll
-1.024,0.103,0.323,-0.779,286.685,-66.544,Roll
-0.956,0.210,0.084,0.779,279.720,-43.838,Roll
-1.116,0.305,-0.188,-2.993,222.976,-43.103,Roll
-1.178,0.264,-0.114,-12.574,103.215,-33.399,Roll
-1.125,0.275,-0.203,-8.453,-7.551,1.890,Roll
-1.080,0.354,-0.170,16.555,-150.596,17.185,Roll
-1.076,0.299,-0.003,23.590,-242.139,30.179,Roll
-0.973,0.258,0.219,37.572,-286.685,46.760,Roll
-0.870,0.228,0.402,53.559,-286.685,63.586,Roll
-0.801,0.251,0.599,17.745,-286.685,88.611,Roll
-0.723,0.230,0.681,15.111,-286.685,84.385,Roll
-0.658,0.375,0.799,-18.611,-286.685,71.488,Roll
-0.451,0.284,0.843,-38.649,-286.685,41.886,Roll
-0.183,0.245,0.938,-34.064,-286.685,39.156,Roll
-0.045,0.333,0.746,-9.153,-286.685,58.100,Roll
0.150,0.180,0.721,-14.035,-286.685,67.559,Roll
0.450,0.194,0.558,-11.200,-286.685,53.296,Roll
0.590,0.201,0.573,28.936,-286.685,51.284,Roll
0.663,0.273,0.612,51.748,-286.685,37.074,Roll
0.744,0.323,0.500,47.757,-286.685,75.372,Roll
0.849,0.338,0.473,25.567,-272.038,78.794,Roll
0.960,0.250,0.445,31.439,-212.170,64.024,Roll
1.050,0.383,0.456,29.024,-183.365,65.896,Roll
1.218,0.337,0.268,-14.998,-113.356,53.060,Roll
1.038,0.202,0.191,-10.981,-13.300,37.826,Roll
0.985,0.239,0.155,13.344,67.567,0.779,Roll
0.960,0.236,0.263,18.025,116.533,-7.858,Roll
1.001,0.247,0.430,19.276,168.122,-21.516,Roll
0.988,0.344,0.574,5.871,214.848,-30.923,Roll
0.816,0.292,0.527,-16.257,277.358,-30.494,Roll
0.699,0.274,0.501,-14.744,286.685,-30.030,Roll
0.587,0.214,0.790,7.516,286.685,-21.656,Roll
0.513,0.139,0.960,22.960,286.685,-29.899,Roll
0.347,0.169,0.854,45.439,286.685,-24.806,Roll
0.140,0.078,0.782,68.469,286.685,-26.626,Roll
-0.171,0.243,0.842,45.071,286.685,-20.423,Roll
-0.303,0.317,0.852,32.498,286.685,-17.299,Roll
-0.419,0.291,0.602,21.315,286.685,-17.325,Roll
-0.495,0.361,0.550,40.679,286.685,-8.050,Roll
-0.693,0.296,0.490,71.540,286.685,-13.422,Roll
-0.760,0.133,0.504,62.055,286.685,-22.321,Roll
-0.961,0.228,0.303,31.474,286.685,-31.237,Roll
-1.088,0.349,0.111,17.054,286.685,-34.335,Roll
-1.085,0.436,0.062,23.100,259.105,-20.939,Roll
-0.976,0.377,-0.125,8.750,180.408,-4.323,Roll
-1.057,0.397,-0.232,8.435,84.543,-8.969,Roll
-1.089,0.345,-0.281,5.145,12.469,-5.827,Roll
-1.115,0.375,-0.211,13.055,-96.311,-1.776,Roll
-1.153,0.427,-0.042,4.034,-204.190,3.570,Roll
-1.016,0.388,0.129,22.067,-280.044,30.179,Roll
-0.908,0.388,0.206,44.065,-286.685,42.385,Roll
-0.877,0.344,0.354,49.569,-286.685,77.376,Roll
-0.841,0.336,0.486,45.780,-286.685,71.277,Roll
-0.667,0.338,0.700,16.555,-286.685,71.759,Roll
-0.662,0.363,0.812,-25.961,-286.685,55.440,Roll
-0.552,0.314,0.643,-80.824,-286.685,14.621,Roll
-0.237,0.216,0.786,-80.211,-286.685,17.526,Roll
0.002,0.336,0.853,-27.379,-286.685,14.315,Roll
0.071,0.400,0.676,8.969,-286.685,34.291,Roll
0.290,0.298,0.620,24.369,-286.685,50.759,Roll
0.523,0.208,0.587,23.056,-286.685,86.310,Roll
0.498,0.272,0.497,14.490,-286.685,83.125,Roll
0.745,0.276,0.465,6.668,-286.685,88.804,Roll
0.962,0.402,0.502,6.930,-286.685,108.894,Roll
1.002,0.396,0.381,9.319,-281.636,103.460,Roll
1.094,0.318,0.227,19.933,-212.354,101.719,Roll
1.090,0.258,0.250,14.586,-159.600,97.755,Roll
1.112,0.218,0.035,3.535,-74.629,74.988,Roll
1.072,0.139,0.062,6.948,16.581,32.506,Roll
1.086,0.237,0.135,13.204,98.026,-3.474,Roll
1.121,0.258,0.177,19.976,159.355,-24.955,Roll
0.970,0.288,0.253,49.140,272.720,-55.676,Roll
0.747,0.296,0.460,51.354,286.685,-75.784,Roll
0.699,0.310,0.612,20.204,286.685,-98.814,Roll
0.633,0.301,0.768,21.507,286.685,-112.936,Roll
0.588,0.230,1.059,29.837,286.685,-110.390,Roll
0.421,0.108,0.965,23.940,286.685,-93.826,Roll
0.072,0.157,0.652,66.465,286.685,-59.885,Roll
-0.146,0.350,0.628,95.926,286.685,-47.924,Roll
-0.289,0.388,0.570,97.134,286.685,-60.952,Roll
-0.585,0.390,0.515,112.018,286.685,-76.772,Roll
-0.959,0.387,0.514,79.826,286.685,-131.644,Roll
-1.011,0.362,0.492,70.919,286.685,-146.186,Roll
-0.897,0.242,0.276,59.465,286.685,-156.117,Roll
-0.873,0.243,0.071,27.597,286.685,-168.919,Roll
-0.988,0.230,0.053,35.035,286.685,-126.438,Roll
-1.012,0.194,-0.251,-0.604,280.604,-75.915,Roll
-1.074,0.060,-0.428,-6.055,216.029,-56.577,Roll
-1.025,0.214,-0.476,3.841,115.386,-45.754,Roll
-1.004,0.084,-0.614,4.358,-4.174,-6.414,Roll
-1.050,0.119,-0.587,-8.890,-92.496,8.426,Roll
-1.073,0.268,-0.449,-12.722,-226.669,46.699,Roll
-0.992,0.219,-0.230,-24.019,-286.685,67.769,Roll
-0.857,0.213,0.028,0.822,-286.685,66.692,Roll
-0.894,0.167,0.161,43.750,-286.685,55.344,Roll
-0.877,0.256,0.281,73.500,-286.685,60.051,Roll
-0.713,0.288,0.508,46.760,-286.685,105.884,Roll
-0.631,0.313,0.821,4.480,-286.685,126.026,Roll
-0.645,0.425,0.902,-29.978,-286.685,135.432,Roll
-0.541,0.243,0.927,-76.825,-286.685,105.429,Roll
-0.336,0.229,0.877,-95.244,-286.685,94.404,Roll
-0.062,0.246,0.721,-64.365,-286.685,77.700,Roll
0.307,0.311,0.874,-16.669,-286.685,99.452,Roll
0.444,0.207,0.852,-21.989,-286.685,141.549,Roll
0.470,0.102,0.712,-31.710,-286.685,151.489,Roll
0.537,0.292,0.637,-55.405,-286.685,120.601,Roll
0.716,0.224,0.575,-60.077,-286.685,99.619,Roll
0.828,0.163,0.332,-21.157,-241.666,67.209,Roll
0.944,0.040,0.278,-12.066,-237.886,92.304,Roll
1.168,0.015,0.398,-16.949,-217.184,142.564,Roll
1.134,0.122,0.325,-44.572,-177.984,136.124,Roll
0.971,-0.076,0.154,-45.150,-114.695,120.768,Roll
1.018,-0.158,0.109,-24.404,-43.601,89.338,Roll
1.206,-0.150,0.092,19.180,41.790,51.966,Roll
1.155,-0.178,0.001,41.501,114.257,25.016,Roll
0.958,-0.109,0.187,61.854,225.995,-2.065,Roll
0.883,-0.169,0.441,56.184,276.456,-21.245,Roll
0.732,-0.092,0.452,95.655,285.189,-27.239,Roll
0.768,-0.131,0.527,131.889,286.685,-33.478,Roll
0.800,-0.131,0.785,147.158,286.685,-38.605,Roll
0.669,-0.080,1.033,157.202,286.685,-40.136,Roll
0.383,-0.099,0.923,146.151,286.685,-33.460,Roll
0.237,-0.063,0.940,133.490,286.685,-33.276,Roll
0.057,0.048,0.902,123.244,286.685,-33.661,Roll
-0.305,0.158,0.610,167.825,286.685,-19.757,Roll
-0.542,0.516,0.830,193.471,286.685,-7.936,Roll
-0.631,0.382,0.785,159.775,286.685,-35.595,Roll
-0.730,0.415,0.563,115.526,286.685,-87.369,Roll
-0.849,0.268,0.540,97.764,286.685,-115.194,Roll
-0.922,0.163,0.551,89.565,285.801,-110.521,Roll
-0.884,0.352,0.466,63.420,275.424,-100.336,Roll
-0.964,0.421,0.201,29.208,234.395,-71.768,Roll
-0.814,0.400,0.075,18.323,157.054,-32.086,Roll
-0.969,0.186,-0.072,20.379,121.643,-21.779,Roll
-1.048,0.322,0.018,21.919,78.015,-19.285,Roll
-1.135,0.297,-0.022,5.898,-10.859,7.227,Roll
-1.093,0.350,0.008,-5.504,-114.231,19.364,Roll
-1.025,0.404,0.148,5.661,-238.656,40.924,Roll
-1.018,0.329,0.241,30.494,-282.957,60.235,Roll
-0.932,0.173,0.371,68.145,-286.685,70.184,Roll
-0.737,0.299,0.423,56.455,-286.685,49.805,Roll
-0.681,0.366,0.510,18.156,-286.685,36.330,Roll
-0.700,0.393,0.647,-22.671,-286.685,27.484,Roll
-0.666,0.386,0.788,-65.056,-286.685,11.279,Roll
-0.386,0.294,0.894,-59.763,-286.685,-2.231,Roll
-0.242,0.100,0.977,-53.594,-286.685,-15.969,Roll
-0.152,0.210,0.920,-144.419,-286.685,-36.838,Roll
0.030,0.287,0.829,-138.329,-286.685,-7.236,Roll
0.222,0.079,0.834,-50.286,-286.685,8.488,Roll
0.317,0.162,0.821,-2.879,-286.685,10.561,Roll
0.541,0.244,0.670,-7.560,-286.685,22.925,Roll
0.636,0.151,0.630,-28.333,-286.685,32.847,Roll
0.845,0.209,0.511,-90.781,-286.685,23.292,Roll
1.200,0.250,0.361,-66.465,-276.045,42.709,Roll
1.037,0.196,0.383,-13.895,-138.924,57.181,Roll
1.056,0.123,0.349,20.186,-74.734,58.494,Roll
1.104,0.073,0.322,23.940,22.024,64.111,Roll
1.021,0.077,0.442,14.962,127.715,54.521,Roll
1.071,0.023,0.510,38.045,241.999,50.855,Roll
0.998,-0.034,0.570,51.826,286.624,40.478,Roll
0.844,-0.014,0.624,71.558,286.685,38.754,Roll
0.673,-0.046,0.666,75.548,286.685,55.650,Roll
0.571,-0.024,0.670,94.299,286.685,74.139,Roll
0.455,0.016,0.802,97.746,286.685,76.090,Roll
0.242,-0.028,0.960,97.317,286.685,53.480,Roll
-0.074,0.085,1.024,114.800,286.685,15.208,Roll
-0.147,0.054,0.883,123.585,286.685,-10.649,Roll
-0.120,0.097,0.816,122.386,286.685,-18.025,Roll
-0.329,0.319,0.607,51.695,286.685,-19.714,Roll
-0.724,0.264,0.585,34.107,286.685,-48.597,Roll
-0.832,0.146,0.616,32.182,286.685,-74.007,Roll
-0.872,0.090,0.533,40.950,286.685,-96.626,Roll
-0.794,0.110,0.483,-65.161,286.685,-80.859,Roll
-0.973,-0.070,0.431,-58.713,284.821,-75.644,Roll
-1.064,0.115,0.103,-11.296,286.370,-53.550,Roll
-1.178,0.009,0.137,2.730,256.559,-26.845,Roll
-1.080,0.040,-0.023,2.537,186.200,-0.928,Roll
-1.000,-0.003,-0.213,5.338,126.647,19.442,Roll
-1.079,0.040,-0.359,-2.371,44.170,8.995,Roll
-1.209,0.137,-0.286,3.850,-44.896,13.773,Roll
-1.066,0.102,-0.254,23.354,-164.841,11.725,Roll
-1.073,0.048,-0.010,18.139,-247.905,-3.334,Roll
-1.022,0.057,0.174,4.340,-247.406,0.455,Roll
-0.967,0.122,0.161,6.213,-255.010,1.347,Roll
-0.800,0.097,0.259,7.761,-286.685,1.426,Roll
-0.772,0.076,0.546,5.679,-286.685,-4.629,Roll
-0.759,0.060,0.738,19.688,-286.685,1.339,Roll
-0.673,-0.013,0.918,29.566,-286.685,10.727,Roll
-0.810,-0.039,0.999,2.678,-286.685,5.381,Roll
-0.417,0.089,0.773,-30.826,-286.685,-25.567,Roll
-0.165,0.151,0.821,-29.103,-286.685,0.096,Roll
-0.008,-0.037,0.924,-22.689,-286.685,5.233,Roll
0.236,-0.036,0.833,-37.354,-286.685,-2.030,Roll
0.332,0.066,0.857,-63.026,-286.685,13.851,Roll
0.401,0.102,0.681,-25.865,-286.685,-8.033,Roll
0.815,0.046,0.688,-6.352,-286.685,11.760,Roll
0.802,-0.064,0.632,-25.944,-286.685,33.792,Roll
0.874,0.004,0.448,-28.140,-257.574,29.374,Roll
0.895,-0.021,0.418,-58.380,-204.417,37.266,Roll
0.992,-0.054,0.455,-56.621,-167.816,48.956,Roll
1.079,0.013,0.309,-43.540,-104.519,38.649,Roll
1.023,-0.107,0.138,-12.031,-21.577,45.815,Roll
0.988,-0.111,0.260,-12.486,35.280,32.287,Roll
1.028,-0.115,0.382,-7.744,88.769,21.551,Roll
1.047,-0.037,0.417,48.020,206.369,14.849,Roll
0.883,-0.013,0.474,110.880,286.685,45.124,Roll
0.770,-0.075,0.593,125.624,286.685,41.904,Roll
0.639,-0.166,0.711,158.165,286.685,40.722,Roll
0.486,-0.126,0.923,187.311,286.685,23.459,Roll
0.350,-0.077,0.915,168.516,286.685,-0.726,Roll
0.184,-0.072,0.988,174.825,286.685,-17.587,Roll
-0.101,0.153,0.843,173.075,286.685,-25.183,Roll
-0.345,0.207,0.530,174.038,286.685,-22.479,Roll
-0.662,0.291,0.608,177.004,286.685,-64.067,Roll
-0.661,0.256,0.735,92.400,286.685,-111.143,Roll
-0.774,0.181,0.585,44.380,286.685,-121.730,Roll
-1.028,0.104,0.399,10.307,286.685,-109.427,Roll
-0.967,0.159,0.305,-21.665,286.685,-88.497,Roll
-0.994,0.109,0.114,-1.846,286.685,-84.787,Roll
-1.093,0.263,-0.023,12.583,284.769,-73.360,Roll
-1.052,0.150,-0.255,-16.660,198.818,-16.039,Roll
-1.041,0.100,-0.393,-37.686,71.636,12.285,Roll
-1.123,0.154,-0.309,-0.271,-30.214,24.544,Roll
-1.123,0.259,-0.316,11.716,-113.243,35.831,Roll
-1.224,0.222,-0.145,25.786,-232.321,44.643,Roll
-1.033,0.177,0.009,63.026,-286.685,43.417,Roll
-0.951,0.220,0.227,88.541,-286.685,62.055,Roll
-0.772,0.208,0.234,71.269,-286.685,71.418,Roll
-0.783,0.266,0.549,46.270,-286.685,86.363,Roll
-0.926,0.251,0.891,-1.864,-286.685,101.220,Roll
-0.953,0.231,0.857,-45.719,-286.685,73.071,Roll
-0.736,0.208,0.790,-51.310,-286.685,43.417,Roll
-0.328,0.143,0.652,-72.581,-286.685,-10.824,Roll
-0.014,0.443,0.889,-74.637,-286.685,-22.391,Roll
0.047,0.313,0.778,-35.928,-286.685,20.843,Roll
0.167,0.176,0.685,-26.740,-286.685,-2.730,Roll
0.369,0.301,0.749,-19.206,-286.685,-6.878,Roll
0.604,0.150,0.551,-39.393,-286.685,44.861,Roll
0.770,0.313,0.549,-40.653,-286.685,57.768,Roll
0.864,0.195,0.425,-39.708,-286.685,69.283,Roll
0.885,0.225,0.353,-31.097,-282.984,62.720,Roll
0.956,0.206,0.329,7.122,-213.360,70.079,Roll
0.982,-0.014,0.105,-8.724,-150.955,69.037,Roll
1.136,0.212,0.155,-0.359,-98.149,61.014,Roll
1.199,-0.038,0.119,4.865,2.126,32.016,Roll
1.083,0.075,0.153,15.566,93.887,25.917,Roll
1.083,0.073,0.271,45.981,196.499,15.102,Roll
0.983,0.144,0.278,50.706,257.985,2.354,Roll
0.800,0.136,0.386,57.689,286.685,-11.568,Roll
0.773,-0.023,0.508,75.740,286.685,-18.384,Roll
0.698,0.029,0.703,119.201,286.685,0.735,Roll
0.453,0.051,0.731,151.550,286.685,-4.891,Roll
0.142,0.076,0.702,149.371,286.685,-19.346,Roll
0.058,0.127,0.880,113.522,286.685,-59.325,Roll
-0.083,0.290,0.853,85.050,286.685,-80.299,Roll
-0.355,0.269,0.825,82.128,286.685,-57.234,Roll
-0.635,0.241,0.612,66.054,286.685,-60.778,Roll
-0.934,0.261,0.808,37.004,286.685,-94.964,Roll
-0.865,0.326,0.564,13.536,286.685,-119.035,Roll
-0.833,0.164,0.563,14.648,286.685,-100.896,Roll
-0.836,0.287,0.293,-28.919,286.685,-66.911,Roll
-1.070,0.335,0.040,6.484,286.685,-45.535,Roll
-1.056,0.230,-0.024,13.073,268.747,-18.427,Roll
-1.093,0.142,-0.302,-8.505,207.716,1.803,Roll
-1.193,0.110,-0.355,-17.885,78.601,-11.252,Roll
-1.160,0.239,-0.336,19.329,-79.791,-0.560,Roll
-1.139,0.217,-0.173,36.610,-224.525,3.701,Roll
-1.034,0.248,-0.008,29.330,-284.358,7.341,Roll
-0.905,0.200,0.221,48.755,-286.685,16.153,Roll
-0.936,0.160,0.358,69.230,-286.685,45.001,Roll
-0.808,0.200,0.513,64.908,-286.685,98.306,Roll
-0.662,0.188,0.648,58.424,-286.685,116.174,Roll
-0.584,0.266,0.997,75.863,-286.685,113.671,Roll
-0.602,0.174,1.017,7.438,-286.685,79.109,Roll
-0.503,0.280,1.030,-12.635,-286.685,119.805,Roll
-0.353,0.108,0.813,-93.126,-286.685,67.594,Roll
0.060,0.506,0.426,-192.141,-285.941,-29.032,Roll
0.176,0.969,1.126,8.094,-286.685,37.529,Roll
0.241,0.004,0.799,103.854,-286.685,89.915,Roll
0.198,0.213,0.873,85.864,-286.685,99.059,Roll
0.471,0.426,0.653,-6.230,-286.685,100.319,Roll
0.655,0.242,0.567,-37.791,-286.685,109.305,Roll
1.003,0.391,0.584,-35.403,-256.401,76.904,Roll
0.961,0.447,0.789,-75.180,-199.089,70.639,Roll
1.060,0.174,-0.175,-112.595,-168.831,107.511,Roll
0.889,0.061,0.286,-79.118,-80.955,113.698,Roll
1.007,-0.112,0.095,8.733,-38.237,66.264,Roll
1.079,-0.052,0.173,23.135,18.471,56.219,Roll
0.950,-0.061,0.222,6.423,86.607,36.312,Roll
1.014,-0.008,0.303,66.404,149.747,9.791,Roll
0.907,0.020,0.506,103.110,221.113,-12.950,Roll
0.834,0.058,0.552,108.255,270.533,-19.233,Roll
0.699,0.091,0.639,76.457,286.685,-23.686,Roll
0.645,0.042,0.585,88.918,286.685,-19.399,Roll
0.459,0.039,0.915,120.496,286.685,-21.122,Roll
0.253,0.045,0.979,98.324,286.685,-15.715,Roll
0.101,0.160,0.846,70.026,286.685,-7.341,Roll
-0.128,0.224,0.486,99.067,286.685,-24.841,Roll
-0.372,0.245,0.774,146.633,286.685,-45.736,Roll
-0.691,0.306,0.767,157.211,286.685,-85.260,Roll
-0.923,0.216,0.887,101.272,286.685,-175.184,Roll
-0.483,0.163,1.032,7.114,286.685,-160.720,Roll
-0.735,0.235,0.630,-89.635,286.685,-126.525,Roll
-0.920,0.207,0.521,-87.955,286.685,-103.180,Roll
-1.063,0.319,0.344,-48.720,272.842,-87.640,Roll
-0.812,0.153,0.053,-34.939,226.371,-50.461,Roll
-1.085,0.087,0.075,12.337,153.781,-6.405,Roll
-1.198,0.114,0.124,24.684,83.107,-1.487,Roll
-1.135,0.019,0.056,34.624,-3.045,2.485,Roll
-1.248,0.008,0.080,18.261,-107.424,30.826,Roll
-1.071,0.148,0.202,43.024,-189.997,55.755,Roll
-1.004,0.135,0.276,68.338,-228.200,72.896,Roll
-0.949,0.134,0.410,73.780,-263.716,83.125,Roll
-0.979,0.252,0.473,80.439,-286.685,98.927,Roll
-0.838,0.294,0.689,87.185,-286.685,102.427,Roll
-0.748,0.333,0.872,70.044,-286.685,69.781,Roll
-0.692,0.396,0.998,-37.074,-286.685,59.544,Roll
-0.656,0.162,0.724,-79.625,-286.685,37.336,Roll
-0.307,0.011,0.902,-95.349,-286.685,9.616,Roll
-0.023,0.181,0.777,-81.086,-286.685,-12.644,Roll
0.171,0.231,0.740,5.031,-286.685,10.255,Roll
0.300,0.341,0.754,41.851,-286.685,20.090,Roll
0.312,0.403,0.783,9.669,-286.676,28.192,Roll
0.342,0.346,0.513,-7.201,-273.884,15.444,Roll
0.582,0.265,0.512,-7.105,-273.411,24.587,Roll
0.736,0.242,0.436,-18.340,-274.234,39.979,Roll
0.812,0.323,0.374,-48.370,-223.326,52.089,Roll
0.908,0.241,0.375,-50.103,-208.128,53.970,Roll
0.960,0.332,0.206,-24.938,-170.100,51.607,Roll
1.098,0.180,0.302,5.101,-75.031,40.591,Roll
1.161,0.110,0.334,5.696,-3.596,41.370,Roll
1.118,0.102,0.284,-6.370,34.562,13.860,Roll
1.031,0.125,0.290,-25.996,92.488,4.550,Roll
1.027,0.154,0.365,-3.596,153.431,-1.855,Roll
0.973,0.065,0.572,34.388,210.140,-4.244,Roll
0.893,0.133,0.657,54.565,282.826,-16.091,Roll
0.801,0.199,0.571,64.776,286.685,-8.916,Roll
0.668,0.155,0.774,63.849,286.685,-19.390,Roll
0.535,0.203,0.755,87.999,286.685,-1.339,Roll
0.299,0.230,0.780,118.230,286.685,6.755,Roll
0.055,0.167,0.798,118.624,286.685,-19.058,Roll
-0.042,0.342,0.697,124.224,286.685,-67.559,Roll
-0.217,0.358,0.543,86.511,286.685,-92.076,Roll
-0.552,0.309,0.475,56.149,286.685,-101.141,Roll
-0.909,0.182,0.431,49.359,286.685,-128.555,Roll
-0.952,0.269,0.494,36.619,286.685,-159.696,Roll
-0.855,0.269,0.353,6.108,286.685,-135.861,Roll
-0.792,0.248,0.141,-26.548,286.685,-85.916,Roll
-1.015,0.037,0.057,-33.548,277.594,-98.507,Roll
-1.737,0.074,-0.128,-48.974,254.083,-63.376,Roll
-1.196,0.156,-0.328,-42.936,156.572,-34.405,Roll
-1.120,0.160,-0.410,-27.991,26.302,7.787,Roll
-1.182,0.010,-0.340,7.280,-47.443,6.370,Roll
-1.222,0.085,-0.312,18.874,-156.660,-4.095,Roll
-1.102,0.090,-0.054,36.068,-255.570,12.285,Roll
-0.952,0.163,0.064,34.755,-286.624,29.514,Roll
-0.923,0.134,0.054,51.222,-286.466,35.761,Roll
-0.894,0.136,0.224,81.340,-286.685,38.351,Roll
-0.898,0.071,0.621,122.973,-286.685,65.704,Roll
-0.863,0.172,0.791,124.101,-286.685,77.980,Roll
-0.728,0.384,0.817,128.852,-286.685,91.857,Roll
-0.375,0.399,0.793,107.433,-286.685,123.629,Roll
-0.199,0.243,0.714,62.842,-286.685,163.599,Roll
-0.095,0.409,0.670,68.976,-286.685,175.245,Roll
0.287,0.390,0.749,81.664,-286.685,203.648,Roll
0.178,0.210,0.689,14.149,-286.685,175.744,Roll
0.268,0.308,0.576,-92.120,-286.685,67.480,Roll
0.178,0.699,1.510,-251.545,-281.794,52.150,Roll
0.485,0.683,0.874,-76.685,-286.685,136.115,Roll
0.629,0.322,0.487,-19.653,-283.990,102.104,Roll
0.669,0.366,0.571,-2.765,-227.894,52.763,Roll
0.758,0.381,0.536,-57.024,-199.789,42.472,Roll
0.796,0.324,0.417,-85.628,-176.969,51.222,Roll
0.977,0.115,0.235,-88.357,-142.747,43.068,Roll
1.200,0.101,0.162,-58.415,-65.144,27.781,Roll
1.106,0.115,0.251,-10.833,24.448,22.811,Roll
1.088,0.198,0.362,-3.797,76.965,30.765,Roll
1.054,0.117,0.443,-11.751,172.865,59.246,Roll
0.981,0.166,0.468,11.812,282.511,55.746,Roll
0.826,0.239,0.487,57.041,286.685,76.475,Roll
0.672,0.184,0.674,75.075,286.685,62.825,Roll
0.459,0.051,0.741,96.372,286.685,37.083,Roll
0.312,0.049,0.897,97.781,286.685,24.334,Roll
0.047,0.078,0.912,87.369,286.685,10.001,Roll
-0.116,0.126,0.866,102.673,286.685,-3.701,Roll
-0.148,0.195,0.859,138.128,286.685,-32.629,Roll
-0.357,0.196,0.634,127.732,286.685,-58.231,Roll
-0.588,0.245,0.484,69.808,286.685,-82.451,Roll
-0.899,0.346,0.548,66.238,286.685,-95.366,Roll
-0.905,0.286,0.483,55.361,286.685,-91.901,Roll
-0.914,0.212,0.448,46.638,286.685,-79.555,Roll
-0.970,0.197,0.464,7.332,286.685,-70.114,Roll
-1.121,0.194,0.058,8.873,269.010,-47.136,Roll
-1.183,0.154,-0.069,26.845,192.456,-58.748,Roll
-1.092,0.130,-0.103,0.044,120.304,-29.076,Roll
-1.155,0.072,-0.147,-9.494,8.767,5.180,Roll
-1.122,0.158,-0.174,-12.224,-58.721,22.680,Roll
-1.124,0.164,-0.092,-6.379,-138.171,42.560,Roll
-1.122,0.219,-0.068,15.330,-206.159,43.881,Roll
-1.069,0.173,0.082,32.620,-272.816,40.014,Roll
-1.009,0.349,0.186,35.534,-286.685,44.362,Roll
-0.992,0.117,0.338,16.415,-284.279,59.272,Roll
-0.916,0.219,0.524,27.667,-286.685,39.104,Roll
-0.902,0.253,0.676,18.708,-286.685,58.441,Roll
-0.765,0.151,0.778,-0.551,-286.685,62.186,Roll
-0.620,0.402,0.802,19.259,-286.685,43.610,Roll
-0.380,0.302,0.746,7.849,-286.685,47.110,Roll
-0.301,0.331,0.783,-21.166,-286.685,54.110,Roll
-0.166,0.409,1.073,-122.080,-286.685,82.250,Roll
0.090,0.057,0.680,-48.807,-286.685,34.020,Roll
0.209,0.340,0.692,-20.038,-286.685,17.019,Roll
0.237,0.373,0.658,-31.552,-286.685,60.156,Roll
0.481,0.343,0.609,-44.958,-286.685,74.909,Roll
0.519,0.305,0.502,-47.084,-286.685,95.384,Roll
0.647,0.278,0.386,-100.100,-286.685,104.247,Roll
0.729,0.188,0.251,-97.291,-286.160,119.971,Roll
0.828,0.118,0.331,-103.390,-242.095,128.240,Roll
1.120,-0.031,0.060,-98.254,-198.056,123.707,Roll
1.228,-0.173,0.078,-32.077,-114.791,108.456,Roll
1.226,-0.084,0.092,-13.326,-12.163,69.650,Roll
1.128,-0.254,0.079,11.611,55.921,58.362,Roll
1.084,-0.314,0.201,22.837,169.094,22.496,Roll
1.049,-0.291,0.394,55.466,215.145,-21.796,Roll
0.987,-0.172,0.463,106.164,257.880,-54.722,Roll
0.903,-0.089,0.553,144.804,286.186,-63.700,Roll
0.795,-0.085,0.655,114.012,286.685,-85.881,Roll
0.727,0.020,0.807,96.933,286.685,-71.356,Roll
0.645,0.084,0.811,88.034,286.685,-64.251,Roll
0.337,-0.003,0.800,75.049,286.685,-57.645,Roll
0.017,0.039,0.739,79.354,286.685,-67.147,Roll
-0.039,-0.008,0.816,-78.111,286.685,21.971,Roll
-0.130,0.036,0.963,-25.786,286.685,27.046,Roll
-0.438,0.366,0.768,93.459,286.685,7.875,Roll
-0.565,0.182,0.521,39.401,286.685,47.941,Roll
-0.914,0.217,0.557,16.555,271.049,-20.930,Roll
-1.092,0.056,0.521,13.554,257.399,9.205,Roll
-0.866,-0.032,0.542,8.356,283.649,37.266,Roll
-0.976,0.083,0.257,35.779,274.225,34.484,Roll
-0.947,0.249,0.188,37.581,211.890,19.154,Roll
-1.055,0.192,0.068,14.892,169.426,14.735,Roll
-1.196,0.252,0.044,-1.610,122.150,9.730,Roll
-1.169,0.255,-0.152,13.212,38.447,2.450,Roll
-1.125,0.232,-0.014,12.556,-72.993,-17.745,Roll
-1.189,0.312,0.113,-7.088,-176.724,-19.696,Roll
-1.220,0.236,0.174,14.796,-266.420,-14.499,Roll
-0.975,0.146,0.280,86.450,-286.685,12.644,Roll
-0.733,0.193,0.407,90.099,-286.685,51.310,Roll
-0.626,0.259,0.532,88.882,-286.685,75.189,Roll
-0.363,0.360,0.846,91.849,-286.685,65.118,Roll
-0.644,0.150,0.826,40.057,-286.685,46.349,Roll
-0.437,0.290,0.920,-11.498,-286.685,32.559,Roll
-0.284,0.193,0.744,16.336,-286.685,35.166,Roll
-0.088,0.423,0.878,19.399,-286.685,46.279,Roll
0.098,0.329,0.723,23.581,-286.685,64.671,Roll
0.454,0.418,0.890,-138.898,-262.710,59.290,Roll
0.488,0.364,0.460,-149.310,-286.685,32.778,Roll
0.513,0.298,0.470,-54.101,-286.685,11.349,Roll
0.685,0.321,0.442,-16.257,-286.685,17.903,Roll
0.846,0.260,0.361,-23.704,-272.370,27.711,Roll
0.905,0.274,0.265,-55.755,-227.850,37.853,Roll
1.038,0.282,0.300,-79.415,-195.571,32.681,Roll
1.105,-0.041,0.184,-76.632,-157.622,52.588,Roll
1.154,0.084,0.093,-36.111,-94.588,39.568,Roll
1.200,0.087,0.030,-6.694,-48.536,55.825,Roll
1.231,0.086,0.138,1.925,-21.429,62.615,Roll
1.174,0.053,0.253,6.895,53.585,46.165,Roll
1.144,0.071,0.240,30.677,160.414,6.387,Roll
1.131,0.131,0.226,68.320,249.874,-6.939,Roll
0.976,0.154,0.366,79.039,286.615,-11.891,Roll
0.788,0.128,0.645,47.241,286.685,-19.854,Roll
0.804,0.062,0.781,50.943,286.685,-13.536,Roll
0.762,0.025,0.605,64.269,286.685,21.604,Roll
0.520,0.085,0.512,99.855,286.685,36.129,Roll
0.180,0.179,0.804,148.488,286.685,-4.742,Roll
0.023,0.263,0.929,35.963,286.685,-41.037,Roll
-0.176,0.136,0.768,-56.849,286.685,-45.518,Roll
-0.529,0.278,0.523,5.486,286.685,-20.186,Roll
-0.604,0.193,0.514,82.644,286.685,-19.136,Roll
-0.661,0.252,0.427,116.069,286.685,-56.910,Roll
-0.692,0.182,0.267,44.756,286.685,-84.849,Roll
-0.937,0.035,0.260,-32.322,286.685,-73.649,Roll
-0.788,0.208,0.146,-47.845,284.935,-85.418,Roll
-1.018,0.246,-0.061,9.196,244.781,-28.429,Roll
-1.067,0.253,-0.122,72.861,124.329,-2.432,Roll
-1.105,0.129,-0.125,59.605,49.018,17.710,Roll
-1.188,-0.053,-0.178,39.533,-29.032,27.667,Roll
-1.285,0.097,-0.213,8.767,-97.457,22.356,Roll
-1.200,0.060,-0.137,-18.288,-178.386,15.855,Roll
-1.055,0.065,-0.005,-33.696,-216.667,12.364,Roll
-0.908,0.199,0.227,-22.330,-249.725,28.569,Roll
-1.026,0.192,0.338,15.846,-271.355,46.261,Roll
-1.054,0.330,0.406,20.615,-286.685,40.932,Roll
-0.882,0.190,0.527,24.465,-286.685,53.498,Roll
-0.713,0.139,0.620,40.539,-286.685,29.032,Roll
-0.455,0.286,0.691,34.423,-286.685,12.399,Roll
-0.383,0.270,0.794,65.415,-286.685,26.731,Roll
-0.239,0.318,0.821,84.105,-286.685,40.311,Roll
-0.095,0.306,0.894,99.522,-286.685,70.630,Roll
0.111,0.342,0.807,110.338,-286.685,69.064,Roll
0.369,0.462,0.678,66.885,-286.685,93.923,Roll
0.456,0.462,0.723,43.662,-286.685,117.425,Roll
0.470,0.425,0.542,20.991,-286.685,125.466,Roll
0.725,0.400,0.538,19.364,-286.685,126.158,Roll
0.846,0.397,0.382,-4.471,-286.685,130.042,Roll
0.986,0.275,0.380,-9.949,-286.685,133.840,Roll
1.024,0.310,0.232,2.537,-271.740,123.646,Roll
1.047,0.163,0.112,-6.169,-201.372,83.536,Roll
1.114,0.206,0.108,-4.489,-119.271,69.545,Roll
1.077,0.186,0.008,-1.969,-55.143,38.491,Roll
1.071,0.169,-0.035,-9.538,40.443,-14.472,Roll
1.157,0.190,0.046,6.816,127.846,-23.468,Roll
1.061,0.217,0.150,15.488,194.749,-29.846,Roll
1.010,0.254,0.255,22.409,238.726,-43.934,Roll
0.895,0.280,0.296,16.625,285.661,-59.001,Roll
0.827,0.279,0.370,22.558,286.685,-55.615,Roll
0.872,0.268,0.697,54.338,286.685,-45.299,Roll
0.759,0.250,0.772,63.044,286.685,-41.589,Roll
0.563,0.259,0.690,56.744,286.685,-24.736,Roll
0.246,0.228,0.634,60.900,286.685,-15.050,Roll
0.033,0.342,0.586,84.332,286.685,-29.794,Roll
-0.141,0.344,0.807,73.710,286.685,-46.174,Roll
-0.350,0.337,0.707,84.210,286.685,-73.264,Roll
-0.669,0.380,0.483,148.663,286.685,-93.975,Roll
-0.556,0.349,0.543,117.897,286.685,-119.158,Roll
-0.631,0.281,0.439,53.270,286.685,-109.261,Roll
-0.783,0.415,0.228,3.185,286.685,-108.045,Roll
-0.991,0.219,0.179,23.599,286.685,-99.855,Roll
-1.085,0.406,0.000,-0.420,286.685,-78.601,Roll
-1.140,0.385,-0.195,-2.467,267.628,-77.009,Roll
-1.201,0.309,-0.346,3.351,176.496,-79.459,Roll
-1.115,0.233,-0.306,-7.061,65.695,-83.396,Roll
-1.230,0.265,-0.346,-20.554,-44.660,-30.450,Roll
-1.287,0.309,-0.331,-12.390,-134.943,-12.967,Roll
-1.117,0.310,-0.181,13.002,-276.867,4.226,Roll
-0.906,0.289,0.084,48.816,-286.685,30.564,Roll
-0.879,0.222,0.184,64.601,-286.685,54.583,Roll
-0.859,0.098,0.092,64.207,-286.685,70.516,Roll
-0.778,0.276,0.465,68.906,-286.685,68.793,Roll
-0.681,0.356,0.733,52.255,-286.685,68.434,Roll
-0.716,0.368,0.739,30.546,-286.685,68.232,Roll
-0.628,0.331,0.719,14.542,-286.685,72.695,Roll
-0.426,0.285,0.743,-32.322,-286.685,84.901,Roll
-0.076,0.360,0.646,12.399,-286.685,67.349,Roll
0.251,0.421,0.985,55.484,-286.685,86.783,Roll
0.345,0.419,0.982,44.310,-286.685,99.785,Roll
0.312,0.283,0.698,23.782,-286.685,84.044,Roll
0.477,0.389,0.594,71.461,-286.685,109.751,Roll
0.681,0.390,0.535,62.729,-286.685,148.557,Roll
0.589,0.519,0.623,30.275,-286.685,156.564,Roll
0.874,0.526,0.607,-8.199,-275.328,121.100,Roll
0.924,0.341,0.333,21.359,-176.671,53.322,Roll
0.968,0.399,0.258,-8.514,-126.262,25.034,Roll
1.037,0.425,0.319,-7.009,-35.849,6.484,Roll
0.981,0.355,0.233,3.500,8.479,-6.536,Roll
0.914,0.404,0.170,3.832,65.152,-25.611,Roll
0.928,0.399,0.221,-1.671,131.460,-35.726,Roll
0.881,0.421,0.325,2.266,241.185,-45.141,Roll
0.704,0.418,0.517,-1.636,286.668,-45.272,Roll
0.617,0.423,0.641,-18.244,286.685,-47.434,Roll
0.621,0.379,0.802,-23.065,286.685,-39.051,Roll
0.563,0.350,0.921,27.694,286.685,-32.506,Roll
0.504,0.119,0.889,66.561,286.685,-31.579,Roll
0.048,0.317,0.537,69.291,286.685,-21.849,Roll
-0.286,0.434,0.618,46.191,286.685,-49.472,Roll
-0.523,0.415,0.701,16.861,286.685,-92.085,Roll
-0.664,0.300,0.727,42.875,286.685,-99.750,Roll
-0.594,0.444,0.421,39.524,286.685,-88.244,Roll
-0.721,0.347,0.195,86.503,286.685,-93.993,Roll
-0.819,0.363,0.190,92.522,286.685,-141.837,Roll
-0.972,0.256,0.163,74.349,286.685,-148.208,Roll
-1.031,0.334,-0.073,27.116,286.685,-105.647,Roll
-1.068,0.105,-0.353,48.440,270.821,-91.105,Roll
-1.076,0.183,-0.410,25.174,178.071,-47.057,Roll
-1.075,0.140,-0.508,11.847,100.791,-22.960,Roll
-1.191,0.051,-0.545,8.015,-19.792,-8.680,Roll
-1.139,0.103,-0.511,-7.753,-150.141,-0.289,Roll
-1.183,0.150,-0.391,-15.540,-262.736,25.909,Roll
-1.160,0.244,-0.194,-13.834,-286.685,45.360,Roll
-0.972,0.163,-0.046,-1.741,-286.685,56.936,Roll
-0.937,0.106,-0.018,6.099,-286.685,38.605,Roll
-0.926,0.159,0.249,-7.403,-286.685,31.885,Roll
-0.839,0.195,0.564,-9.625,-286.685,38.876,Roll
-0.659,0.221,0.661,1.724,-286.685,26.539,Roll
-0.660,0.237,0.783,1.654,-286.685,10.789,Roll
-0.604,0.238,0.672,20.510,-286.685,4.830,Roll
-0.292,0.264,0.628,52.666,-286.685,17.430,Roll
-0.054,0.244,0.690,62.230,-286.685,46.244,Roll
0.071,0.322,0.767,65.949,-286.685,61.390,Roll
0.391,0.318,0.835,64.085,-286.685,100.756,Roll
0.463,0.356,0.729,29.715,-286.685,116.830,Roll
0.594,0.347,0.607,-8.216,-286.685,130.541,Roll
0.623,0.340,0.710,-51.686,-286.685,130.200,Roll
0.880,0.253,0.574,-50.243,-286.685,115.596,Roll
1.021,0.239,0.452,-29.960,-285.565,126.018,Roll
1.000,0.184,0.451,10.850,-206.010,124.478,Roll
1.093,0.046,0.303,28.114,-141.557,84.744,Roll
1.153,0.106,0.201,16.520,-84.368,43.820,Roll
1.086,0.062,0.276,-8.592,-34.072,10.885,Roll
1.045,0.101,0.180,6.108,38.570,-29.094,Roll
1.055,0.136,0.176,25.261,113.908,-44.161,Roll
1.052,0.154,0.314,33.399,196.271,-57.505,Roll
0.991,0.177,0.481,40.854,255.587,-59.421,Roll
0.899,0.122,0.464,34.055,286.685,-49.245,Roll
0.900,0.222,0.580,58.529,286.685,-39.690,Roll
0.796,0.232,0.702,112.665,286.685,-34.318,Roll
0.643,0.268,0.821,128.363,286.685,-38.246,Roll
0.350,0.160,0.768,102.419,286.685,-50.890,Roll
0.052,0.310,0.708,52.868,286.685,-46.786,Roll
-0.156,0.402,0.696,67.051,286.685,-56.333,Roll
-0.414,0.228,0.699,72.485,286.685,-51.870,Roll
-0.588,0.192,0.574,64.444,286.685,-85.628,Roll
-0.635,0.431,0.291,50.269,286.685,-99.260,Roll
-0.722,0.290,0.289,18.532,286.685,-138.827,Roll
-0.744,0.185,0.147,7.061,286.685,-137.471,Roll
-0.887,0.119,0.105,29.391,286.685,-102.200,Roll
-0.959,0.277,-0.488,-16.039,286.685,-63.700,Roll
-1.033,0.192,-0.437,-43.409,285.206,-56.114,Roll
-1.196,0.272,-0.671,-39.147,209.265,-52.342,Roll
-1.074,0.166,-0.836,-19.215,47.749,-20.204,Roll
-1.055,0.207,-0.739,43.190,-107.363,-24.272,Roll
-1.033,0.171,-0.569,60.576,-267.584,-1.383,Roll
-1.052,0.082,-0.457,59.745,-286.685,5.722,Roll
-1.045,0.080,-0.075,49.403,-286.685,8.216,Roll
-0.961,0.093,0.071,47.136,-286.685,12.828,Roll
-1.010,0.102,0.230,35.936,-286.685,9.502,Roll
-0.830,0.013,0.273,29.444,-286.685,1.470,Roll
-0.616,0.178,0.576,38.080,-286.685,-10.684,Roll
-0.423,0.091,0.822,43.549,-286.685,34.807,Roll
-0.349,0.107,0.904,78.776,-286.685,30.774,Roll
-0.228,0.169,0.848,63.394,-286.685,35.735,Roll
-0.082,0.222,0.810,60.734,-286.685,72.065,Roll
0.051,0.370,0.741,63.857,-286.685,65.327,Roll
0.262,0.310,0.614,64.750,-286.685,51.118,Roll
0.687,0.297,0.749,70.306,-286.685,72.966,Roll
0.727,0.250,0.767,51.835,-286.685,108.832,Roll
0.742,0.485,0.535,21.823,-286.685,100.091,Roll
0.899,0.261,0.557,27.659,-286.370,105.700,Roll
1.076,0.181,0.545,18.305,-261.879,117.775,Roll
0.984,0.178,0.496,3.360,-203.744,94.430,Roll
1.038,0.299,0.251,0.805,-144.428,69.510,Roll
1.139,0.244,0.322,-4.113,-51.118,27.624,Roll
1.188,0.201,0.349,15.619,10.220,7.088,Roll
1.068,0.244,0.287,24.448,116.349,-36.636,Roll
0.915,0.163,0.364,9.931,192.938,-61.486,Roll
0.925,0.246,0.491,-27.772,224.464,-79.048,Roll
0.887,0.247,0.528,-35.429,256.288,-78.566,Roll
0.821,0.195,0.550,-34.458,286.685,-65.345,Roll
0.667,0.247,0.814,-13.160,286.685,-43.873,Roll
0.601,0.238,0.973,-42.044,286.685,-45.500,Roll
0.478,0.198,0.789,-59.115,286.685,-31.526,Roll
0.170,0.117,0.527,16.450,286.685,-18.532,Roll
-0.070,0.152,0.692,106.864,286.685,-33.092,Roll
-0.403,0.181,0.871,63.516,286.685,-72.887,Roll
-0.617,0.171,0.706,37.879,286.685,-93.844,Roll
-0.690,0.371,0.625,-22.907,286.685,-114.817,Roll
-0.623,0.230,0.480,-58.354,286.685,-94.456,Roll
-0.794,0.120,0.436,-68.889,286.685,-98.105,Roll
-0.930,0.087,0.408,-86.004,286.685,-86.861,Roll
-0.819,0.010,0.206,-74.576,286.685,-42.796,Roll
-1.090,0.078,-0.041,-71.846,286.685,-28.823,Roll
-1.227,0.051,-0.082,-59.447,218.076,-28.061,Roll
-1.134,-0.027,-0.238,-65.231,158.235,-16.800,Roll
-1.148,0.070,-0.396,-30.231,57.575,-11.392,Roll
-1.175,0.039,-0.339,13.983,-66.290,-8.216,Roll
-1.232,0.060,-0.149,53.235,-190.601,-5.119,Roll
-1.137,0.053,-0.030,65.450,-268.152,4.970,Roll
-0.968,0.025,0.099,84.315,-286.685,19.276,Roll
-0.838,0.091,0.227,100.284,-286.685,32.357,Roll
-0.760,0.113,0.421,103.897,-286.685,41.659,Roll
-0.765,0.053,0.626,98.131,-286.685,60.226,Roll
-0.750,0.151,0.791,85.418,-286.685,49.464,Roll
-0.664,0.232,0.816,43.199,-286.685,34.116,Roll
-0.409,0.231,0.854,-0.665,-286.685,40.618,Roll
-0.006,-0.086,0.837,-20.247,-286.685,45.500,Roll
0.205,0.097,0.708,6.738,-286.685,38.299,Roll
0.282,0.129,0.772,57.978,-286.685,50.759,Roll
0.393,0.238,0.843,82.574,-286.685,56.822,Roll
0.476,0.267,0.670,55.405,-286.685,61.504,Roll
0.637,0.267,0.453,51.861,-286.685,46.279,Roll
0.883,0.298,0.538,41.169,-286.685,62.221,Roll
1.148,0.173,0.351,39.393,-284.279,63.385,Roll
1.184,0.228,0.489,50.409,-259.761,61.950,Roll
1.187,0.272,0.173,40.801,-240.354,63.403,Roll
1.095,0.317,0.235,22.111,-120.137,77.525,Roll
1.108,0.261,0.148,10.946,-3.447,66.036,Roll
1.121,0.224,0.210,15.741,74.480,18.786,Roll
1.114,0.282,0.216,23.835,190.304,-14.131,Roll
1.064,0.166,0.437,17.509,280.122,-37.572,Roll
1.047,0.252,0.461,-0.814,286.685,-35.595,Roll
0.929,0.183,0.483,16.888,286.685,-28.910,Roll
0.677,0.245,0.637,10.264,286.685,-23.004,Roll
0.439,0.208,0.763,-16.424,286.685,-28.779,Roll
0.276,0.087,0.700,11.839,286.685,-20.650,Roll
0.139,-0.028,0.753,70.262,286.685,-17.552,Roll
-0.078,-0.010,0.739,110.775,286.685,-25.121,Roll
-0.434,0.186,0.666,108.692,286.685,-52.036,Roll
-0.705,0.346,0.593,53.681,286.685,-74.550,Roll
-0.839,0.237,0.703,49.333,286.685,-113.461,Roll
-0.754,0.169,0.717,-21.315,286.685,-130.384,Roll
-0.778,0.145,0.569,-63.630,286.685,-122.684,Roll
-0.883,0.144,0.287,-99.374,286.685,-60.182,Roll
-0.986,0.158,0.014,-86.599,286.685,-18.401,Roll
-1.257,0.039,-0.032,-32.699,274.724,-26.224,Roll
-1.191,0.102,-0.235,-36.269,171.789,-32.821,Roll
-1.076,0.197,-0.259,-0.788,23.966,-15.776,Roll
-1.072,0.188,-0.226,27.361,-131.320,15.453,Roll
-1.101,0.202,0.028,35.429,-223.921,38.771,Roll
-0.999,0.162,0.236,16.704,-286.685,67.524,Roll
-0.871,0.114,0.324,65.397,-286.685,78.811,Roll
-0.819,0.139,0.360,75.810,-286.685,82.162,Roll
-0.832,0.223,0.610,68.364,-286.685,74.156,Roll
-0.632,0.240,0.885,65.161,-286.685,70.210,Roll
-0.562,0.253,1.100,47.075,-286.685,76.519,Roll
-0.568,0.218,1.075,-28.647,-286.685,44.791,Roll
-0.386,0.168,0.793,-66.334,-286.685,21.184,Roll
0.053,0.209,0.498,-39.865,-286.685,-8.295,Roll
0.465,0.272,0.543,80.675,-286.685,30.205,Roll
0.520,0.211,0.849,74.025,-286.685,56.350,Roll
0.474,0.312,0.545,18.655,-286.685,60.900,Roll
0.835,0.342,0.353,7.464,-286.685,29.776,Roll
0.903,0.308,0.477,5.399,-285.460,57.426,Roll
1.025,0.390,0.556,20.099,-190.523,61.932,Roll
1.068,0.396,0.427,25.786,-129.973,50.960,Roll
1.014,0.394,0.306,15.260,-39.611,36.365,Roll
0.944,0.395,0.334,-6.492,46.121,-0.779,Roll
0.940,0.434,0.438,8.059,137.830,-39.463,Roll
0.990,0.419,0.532,19.819,200.821,-59.614,Roll
0.801,0.386,0.493,-3.220,274.269,-66.692,Roll
0.615,0.375,0.589,-19.486,286.685,-74.156,Roll
0.647,0.393,0.670,3.404,286.685,-63.490,Roll
0.499,0.313,0.795,13.606,286.685,-67.839,Roll
0.434,0.250,0.874,18.961,286.685,-85.566,Roll
0.133,0.228,0.854,26.128,286.685,-92.662,Roll
-0.014,0.195,0.808,-3.894,286.685,-81.314,Roll
-0.327,0.316,0.765,5.049,286.685,-91.761,Roll
-0.673,0.274,0.678,16.800,286.685,-107.039,Roll
-0.663,0.302,0.579,39.655,286.685,-138.609,Roll
-0.633,0.237,0.496,21.796,286.685,-159.574,Roll
-0.636,0.142,0.507,2.678,286.685,-167.055,Roll
-0.761,0.062,0.362,-82.775,286.685,-141.461,Roll
-1.010,0.151,-0.055,-82.189,286.685,-85.838,Roll
-1.191,0.114,-0.453,-50.689,286.125,-67.296,Roll
-1.298,0.281,-0.500,-57.339,205.546,-38.806,Roll
-1.131,0.160,-0.586,-13.344,39.445,-31.229,Roll
-1.112,0.174,-0.518,32.891,-125.624,-5.653,Roll
-1.095,0.146,-0.396,49.656,-282.826,43.759,Roll
-1.022,0.124,-0.185,59.465,-286.685,63.709,Roll
-0.891,0.104,0.133,88.830,-286.685,79.774,Roll
-0.764,0.178,0.339,131.688,-286.685,93.520,Roll
-0.679,0.196,0.614,107.503,-286.685,115.036,Roll
-0.602,0.241,0.696,80.570,-286.685,119.674,Roll
-0.482,0.276,0.829,52.500,-286.685,126.446,Roll
-0.369,0.356,1.053,29.199,-286.685,137.156,Roll
-0.345,0.403,0.873,-6.720,-286.685,110.338,Roll
-0.099,0.321,0.815,-41.186,-286.685,87.456,Roll
0.209,0.303,0.614,-46.463,-286.685,86.441,Roll
0.559,0.246,0.617,1.794,-286.685,113.164,Roll
0.541,0.319,0.581,11.821,-286.685,111.948,Roll
0.663,0.180,0.475,16.660,-286.685,110.574,Roll
0.920,0.260,0.558,24.421,-286.685,128.923,Roll
1.031,0.291,0.510,30.083,-286.685,137.506,Roll
1.075,0.280,0.431,43.951,-248.299,123.944,Roll
1.068,0.190,0.345,63.787,-227.605,116.594,Roll
1.005,0.223,0.157,50.496,-143.719,105.070,Roll
1.187,0.177,0.122,16.730,-55.169,73.754,Roll
1.210,0.246,0.043,11.637,41.781,26.968,Roll
1.148,0.168,0.098,19.574,108.824,-12.408,Roll
1.056,0.143,0.156,9.581,209.738,-62.720,Roll
0.927,0.187,0.339,5.705,276.728,-91.569,Roll
0.848,0.257,0.605,-4.270,286.685,-112.569,Roll
0.834,0.291,0.708,-9.345,286.685,-120.321,Roll
0.761,0.164,0.761,-4.235,286.685,-116.314,Roll
0.537,0.170,0.889,42.796,286.685,-120.067,Roll
0.340,0.182,0.901,63.306,286.685,-118.291,Roll
0.094,0.210,0.815,100.188,286.685,-115.990,Roll
-0.178,0.354,1.216,124.355,286.685,-109.454,Roll
-0.360,0.168,0.665,43.496,286.685,-135.223,Roll
-0.557,0.347,0.564,37.354,286.685,-150.342,Roll
-0.666,0.346,0.508,31.229,286.685,-139.886,Roll
-0.658,0.291,0.437,6.536,286.685,-143.229,Roll
-0.748,0.265,0.274,-17.649,286.685,-148.925,Roll
-0.865,0.078,0.134,-68.268,286.685,-138.740,Roll
-0.808,0.109,0.043,-61.985,286.685,-104.414,Roll
-0.971,0.152,-0.310,-59.255,286.633,-63.787,Roll
-1.029,0.208,-0.553,-46.865,207.235,-38.684,Roll
-0.990,0.011,-0.641,-1.356,112.963,-32.550,Roll
-1.052,0.031,-0.733,14.858,33.880,-25.183,Roll
-1.113,0.115,-0.743,28.542,-127.488,-0.717,Roll
-1.163,0.158,-0.484,42.910,-284.130,27.204,Roll
-1.030,0.125,-0.086,72.327,-286.685,77.963,Roll
-0.862,0.050,0.067,85.164,-286.685,108.316,Roll
-0.793,0.086,0.321,118.781,-286.685,112.096,Roll
-0.727,0.181,0.475,130.139,-286.685,105.893,Roll
-0.609,0.315,0.713,110.040,-286.685,121.441,Roll
-0.557,0.362,0.818,67.786,-286.685,135.572,Roll
-0.533,0.402,0.910,20.702,-286.685,124.740,Roll
-0.267,0.354,0.744,18.874,-286.685,127.129,Roll
-0.011,0.321,0.543,53.638,-286.685,123.716,Roll
0.191,0.360,0.605,73.378,-286.685,120.234,Roll
0.309,0.313,0.817,44.345,-286.685,163.144,Roll
0.548,0.317,0.425,5.784,-286.685,169.575,Roll
0.849,0.354,0.492,39.673,-286.685,201.512,Roll
0.897,0.376,0.681,35.193,-286.685,230.038,Roll
1.010,0.318,0.511,-10.299,-286.685,229.346,Roll
1.006,0.184,0.301,8.417,-284.261,236.346,Roll
1.052,0.262,0.208,40.670,-195.387,193.646,Roll
1.148,0.115,0.154,16.625,-133.175,148.837,Roll
1.348,0.084,0.020,6.729,-17.141,76.396,Roll
1.186,-0.002,0.068,17.404,119.770,-11.882,Roll
1.095,-0.051,0.120,15.365,230.571,-59.097,Roll
1.031,0.172,0.315,31.378,280.341,-94.894,Roll
0.903,0.144,0.496,17.745,286.685,-148.872,Roll
0.879,0.160,0.752,26.714,286.685,-174.221,Roll
0.852,0.151,0.705,16.327,286.685,-163.730,Roll
0.750,0.210,0.755,31.036,286.685,-160.090,Roll
0.423,0.125,0.632,56.105,286.685,-124.679,Roll
-0.110,0.140,0.836,149.538,286.685,-133.875,Roll
-0.258,0.287,0.850,116.655,286.685,-140.788,Roll
-0.399,0.319,0.781,97.466,286.685,-149.975,Roll
-0.515,0.346,0.588,60.917,286.685,-161.411,Roll
-0.672,0.286,0.551,17.141,286.685,-178.421,Roll
-0.805,0.352,0.437,-20.353,286.685,-169.566,Roll
-0.830,0.257,0.210,-25.218,286.685,-146.020,Roll
-0.950,0.033,0.283,-33.521,286.685,-142.083,Roll
-0.945,0.175,0.062,-7.919,286.685,-123.585,Roll
-0.863,0.047,-0.382,-46.007,286.501,-75.591,Roll
-1.019,0.057,-0.525,-39.734,230.624,-66.448,Roll
-1.138,0.196,-0.530,3.771,116.323,-64.601,Roll
-1.124,0.084,-0.609,41.912,-22.610,-12.092,Roll
-1.197,0.059,-0.513,24.894,-205.616,32.629,Roll
-1.115,0.089,-0.312,19.653,-286.195,64.050,Roll
-0.951,0.066,0.041,45.089,-286.685,106.855,Roll
-0.877,0.073,0.222,78.925,-286.685,119.980,Roll
-0.860,0.089,0.397,80.255,-286.685,108.588,Roll
-0.787,0.108,0.462,64.951,-286.685,98.446,Roll
-0.666,0.229,0.573,43.006,-286.685,78.759,Roll
-0.573,0.280,0.770,26.451,-286.685,64.645,Roll
-0.180,0.060,0.915,27.414,-286.685,54.653,Roll
-0.163,0.115,0.830,18.743,-286.685,55.265,Roll
-0.047,0.223,0.792,40.757,-286.685,67.034,Roll
0.366,0.336,0.612,63.359,-286.685,79.380,Roll
0.622,0.379,0.693,87.106,-286.685,122.946,Roll
0.581,0.431,0.747,81.393,-286.685,146.125,Roll
0.554,0.333,0.610,51.502,-286.685,128.905,Roll
0.810,0.336,0.600,23.774,-286.685,134.006,Roll
0.989,0.272,0.441,28.201,-286.685,125.116,Roll
1.071,0.226,0.336,54.530,-286.685,117.941,Roll
1.010,0.351,0.387,72.713,-278.241,135.765,Roll
1.206,0.443,0.056,38.981,-198.616,78.505,Roll
1.187,0.317,-0.153,34.956,-65.161,56.656,Roll
1.220,0.253,0.019,7.963,-1.146,30.118,Roll
1.158,0.230,0.028,-3.553,109.856,-16.695,Roll
1.048,0.314,0.035,1.461,230.484,-57.557,Roll
0.953,0.253,0.261,3.351,286.685,-91.455,Roll
0.882,0.265,0.473,-1.820,286.685,-101.185,Roll
0.842,0.274,0.690,-44.389,286.685,-96.714,Roll
0.781,0.314,0.724,-46.646,286.685,-79.161,Roll
0.564,0.162,0.695,8.006,286.685,-71.978,Roll
0.382,0.090,0.686,43.321,286.685,-52.885,Roll
0.030,0.129,0.711,102.655,286.685,-57.269,Roll
-0.280,0.330,0.873,96.933,286.685,-92.662,Roll
-0.406,0.305,0.772,70.534,286.685,-106.479,Roll
-0.543,0.265,0.619,46.042,286.685,-109.944,Roll
-0.776,0.292,0.373,54.661,286.685,-118.247,Roll
-0.780,0.221,0.371,58.537,286.685,-164.202,Roll
-0.916,0.208,0.416,7.621,286.685,-177.275,Roll
-0.859,0.216,0.381,-15.330,286.685,-145.224,Roll
-0.914,0.159,-0.111,-43.864,286.685,-87.570,Roll
-1.040,0.082,-0.469,-19.346,278.819,-81.060,Roll
-1.104,0.142,-0.514,-9.091,165.594,-80.684,Roll
-1.122,0.064,-0.668,-17.850,76.668,-56.796,Roll
-1.089,0.078,-0.628,17.596,-70.569,-31.675,Roll
-1.153,0.077,-0.459,34.072,-249.673,23.905,Roll
-0.994,0.130,-0.168,23.905,-286.685,79.555,Roll
-0.891,0.092,0.059,43.557,-286.685,91.446,Roll
-0.756,0.093,0.425,74.261,-286.685,82.180,Roll
-0.732,0.140,0.514,52.675,-286.685,67.069,Roll
-0.596,0.178,0.668,20.510,-286.685,85.531,Roll
-0.509,0.162,0.858,30.958,-286.685,102.777,Roll
-0.566,0.257,1.164,29.794,-286.685,111.431,Roll
-0.238,0.204,1.057,20.029,-286.685,117.189,Roll
0.005,0.162,0.633,-9.669,-286.685,113.137,Roll
0.119,0.330,0.606,0.656,-286.685,115.124,Roll
0.611,0.209,0.607,49.709,-286.685,119.647,Roll
0.760,0.273,0.741,46.489,-286.685,179.331,Roll
0.660,0.188,0.700,6.746,-286.685,196.254,Roll
0.699,0.231,0.733,-25.961,-286.685,215.504,Roll
0.867,0.112,0.643,-32.340,-286.685,212.712,Roll
1.057,0.075,0.465,18.235,-279.186,211.628,Roll
1.136,0.053,0.414,14.306,-174.283,193.226,Roll
1.123,-0.063,0.295,-3.176,-86.170,149.100,Roll
0.963,-0.045,0.190,7.455,-0.052,72.537,Roll
1.030,-0.056,0.230,22.724,91.140,2.284,Roll
0.953,-0.118,0.348,45.229,194.128,-61.757,Roll
0.956,-0.053,0.514,52.535,254.240,-103.679,Roll
0.975,-0.098,0.600,82.302,286.685,-130.139,Roll
0.863,-0.009,0.689,106.470,286.685,-115.631,Roll
0.618,0.097,0.726,136.736,286.685,-111.046,Roll
0.407,0.051,0.730,189.053,286.685,-110.539,Roll
0.183,0.145,0.650,262.159,286.685,-110.757,Roll
-0.066,0.320,0.810,284.550,286.685,-122.141,Roll
-0.445,0.425,0.971,243.723,286.685,-141.908,Roll
-0.554,0.411,0.752,189.350,286.685,-137.182,Roll
-0.495,0.427,0.539,135.179,286.685,-169.085,Roll
-0.645,0.414,0.433,104.326,286.685,-178.876,Roll
-0.817,0.411,0.338,34.991,286.685,-168.053,Roll
-0.769,0.422,0.250,18.209,286.685,-120.654,Roll
-0.923,0.383,0.078,18.699,285.145,-112.639,Roll
-1.045,0.394,-0.160,1.487,251.904,-134.864,Roll
-1.074,0.348,-0.207,-24.763,170.310,-132.475,Roll
-0.982,0.294,-0.230,-40.259,92.872,-80.929,Roll
-1.105,0.274,-0.293,-9.756,42.420,-39.498,Roll
-1.187,0.273,-0.332,-1.234,-69.160,11.953,Roll
-1.095,0.324,-0.182,-3.789,-187.644,39.524,Roll
-1.046,0.330,0.062,2.441,-281.103,71.006,Roll
-0.977,0.278,0.133,4.970,-286.685,82.364,Roll
-0.925,0.268,0.272,21.997,-286.685,104.466,Roll
-0.827,0.287,0.373,4.585,-286.685,92.234,Roll
-0.757,0.253,0.549,1.916,-286.685,60.673,Roll
-0.669,0.420,0.684,15.715,-286.685,68.145,Roll
-0.679,0.528,0.940,-3.596,-286.685,89.749,Roll
-0.419,0.308,0.888,-53.821,-286.685,87.876,Roll
-0.225,0.375,0.695,-53.156,-286.685,67.576,Roll
-0.115,0.224,0.661,-31.010,-286.685,46.882,Roll
0.219,0.198,0.826,-109.918,-286.685,30.529,Roll
0.373,0.309,0.756,-257.451,-286.685,50.208,Roll
0.415,0.227,0.602,-85.076,-286.685,43.794,Roll
0.604,0.214,0.568,-1.426,-286.685,20.834,Roll
0.826,-0.003,0.864,-22.794,-286.685,46.594,Roll
0.965,0.144,0.422,-35.919,-286.685,64.671,Roll
0.948,0.264,0.205,-31.378,-286.108,61.626,Roll
1.040,-0.082,0.338,-10.307,-255.902,63.123,Roll
1.084,0.109,0.068,1.015,-191.503,52.281,Roll
1.069,0.134,-0.011,38.850,-78.024,56.674,Roll
1.088,0.122,-0.019,42.551,54.241,31.920,Roll
1.157,0.068,0.089,37.607,137.716,12.092,Roll
1.159,0.062,0.295,24.798,265.300,-19.478,Roll
0.907,0.175,0.351,26.792,286.685,-36.129,Roll
0.764,0.083,0.495,68.478,286.685,-45.631,Roll
0.730,0.068,0.593,68.434,286.685,-41.379,Roll
0.679,0.078,0.889,67.673,286.685,-50.636,Roll
0.460,0.062,1.007,48.702,286.685,-57.365,Roll
0.289,0.011,0.830,69.387,286.685,-45.290,Roll
0.137,0.125,0.749,101.920,286.685,-20.694,Roll
-0.233,0.216,0.743,129.167,286.685,-21.718,Roll
-0.410,0.245,0.656,110.959,286.685,-39.576,Roll
-0.568,0.315,0.512,87.955,286.685,-48.134,Roll
-0.701,0.390,0.382,81.375,286.685,-61.994,Roll
-0.844,0.323,0.558,63.875,286.685,-100.511,Roll
-0.954,0.067,0.363,51.774,286.685,-93.555,Roll
-0.867,0.139,0.307,-9.021,286.685,-79.520,Roll
-0.990,0.291,-0.009,-12.775,286.685,-75.250,Roll
-1.062,0.361,-0.108,6.983,280.910,-59.981,Roll
-1.035,0.200,-0.373,26.250,193.970,-36.103,Roll
-1.060,0.206,-0.467,-5.154,95.410,-23.415,Roll
-1.059,0.337,-0.492,-11.909,2.503,-16.170,Roll
-1.155,0.267,-0.390,2.354,-152.845,0.376,Roll
-1.088,0.226,-0.229,-6.221,-269.920,15.925,Roll
-1.004,0.266,-0.021,20.125,-286.685,46.445,Roll
-0.956,0.201,0.116,39.375,-286.685,60.699,Roll
-1.003,0.124,0.237,30.030,-286.685,58.791,Roll
-0.597,0.264,0.549,39.034,-286.685,66.605,Roll
-0.598,0.325,0.731,43.382,-286.685,71.566,Roll
-0.603,0.305,0.919,34.116,-286.685,85.960,Roll
-0.873,0.324,0.979,-16.065,-286.685,89.399,Roll
-0.542,0.165,0.932,-80.325,-286.685,80.132,Roll
-0.115,0.150,0.589,-128.354,-286.685,19.128,Roll
0.252,0.260,0.565,-104.668,-286.685,-0.446,Roll
0.320,0.330,0.793,5.119,-286.685,31.946,Roll
0.346,0.193,0.786,23.660,-286.685,60.182,Roll
0.655,0.129,0.729,-41.143,-286.685,84.228,Roll
0.786,0.061,0.627,-51.835,-286.685,106.216,Roll
0.854,0.146,0.419,-77.438,-286.685,81.603,Roll
1.005,0.178,0.368,-50.505,-286.685,90.738,Roll
1.053,0.097,0.234,-17.089,-285.206,83.939,Roll
1.082,0.153,0.110,7.945,-249.568,79.389,Roll
1.211,0.063,-0.068,46.139,-183.190,73.474,Roll
1.128,0.041,-0.144,33.609,-63.193,46.541,Roll
1.194,-0.079,-0.189,29.628,36.864,8.409,Roll
1.197,0.003,-0.188,20.335,105.936,-10.596,Roll
1.136,0.048,0.045,12.101,222.679,-28.814,Roll
1.040,-0.006,0.204,17.272,286.685,-54.460,Roll
0.951,0.018,0.268,59.010,286.685,-61.644,Roll
0.881,-0.013,0.375,78.391,286.685,-49.936,Roll
0.813,0.099,0.676,62.064,286.685,-33.136,Roll
0.627,0.065,0.779,80.334,286.685,-31.430,Roll
0.351,0.045,0.690,116.918,286.685,-26.591,Roll
0.188,0.002,0.670,139.169,286.685,-30.958,Roll
0.032,0.100,0.738,114.074,286.685,-34.064,Roll
-0.204,0.267,0.872,76.379,286.685,-37.441,Roll
-0.481,0.308,0.569,63.542,286.685,-20.353,Roll
-0.509,0.422,0.498,49.315,286.685,-40.197,Roll
-0.663,0.155,0.444,87.885,286.685,-79.406,Roll
-0.653,0.268,0.539,66.430,286.685,-91.420,Roll
-0.853,0.285,0.247,54.618,286.685,-71.934,Roll
-1.001,0.357,0.185,37.686,286.685,-62.904,Roll
-1.015,0.297,0.009,-0.525,286.685,-58.879,Roll
-1.040,0.294,-0.235,21.997,229.932,-38.439,Roll
-1.107,0.165,-0.369,1.872,112.963,-48.335,Roll
-1.147,0.132,-0.273,-6.134,38.491,-53.970,Roll
-1.169,0.232,-0.315,6.169,-80.640,-17.946,Roll
-1.150,0.313,-0.184,6.720,-249.086,6.904,Roll
-1.040,0.223,0.117,12.644,-286.685,31.395,Roll
-0.976,0.143,0.232,23.634,-286.685,40.862,Roll
-0.927,0.125,0.425,66.736,-286.685,44.406,Roll
-0.895,0.219,0.569,102.524,-286.685,62.230,Roll
-0.739,0.286,0.805,126.122,-286.685,59.439,Roll
-0.593,0.354,1.041,115.036,-286.685,68.784,Roll
-0.522,0.385,0.999,51.940,-286.685,84.271,Roll
-0.362,0.285,0.756,12.871,-286.685,46.708,Roll
-0.019,0.196,0.664,76.317,-286.685,50.645,Roll
0.098,0.274,0.612,103.399,-286.685,64.496,Roll
0.426,0.415,0.579,104.055,-286.685,84.577,Roll
0.551,0.503,0.400,66.098,-286.685,105.656,Roll
0.639,0.423,0.307,32.270,-286.685,135.021,Roll
0.662,0.327,0.241,41.405,-286.685,134.663,Roll
0.932,0.405,0.495,54.731,-286.685,132.764,Roll
1.229,0.463,0.150,45.089,-260.802,124.294,Roll
1.180,0.446,0.122,32.664,-172.375,121.161,Roll
1.025,0.419,0.098,20.029,-99.540,98.613,Roll
1.036,0.314,-0.104,23.196,26.976,33.539,Roll
1.044,0.310,-0.012,21.122,170.783,-21.849,Roll
1.006,0.367,0.239,-9.538,270.883,-65.730,Roll
0.915,0.346,0.343,-23.949,286.685,-73.342,Roll
0.750,0.313,0.379,-28.009,286.685,-67.795,Roll
0.717,0.272,0.473,-9.030,286.685,-59.255,Roll
0.717,0.352,0.709,-7.919,286.685,-59.220,Roll
0.550,0.267,0.804,-17.448,286.685,-73.482,Roll
0.260,0.231,0.851,-21.700,286.685,-57.260,Roll
-0.068,0.262,0.868,-14.560,286.685,-42.035,Roll
-0.072,0.169,0.667,5.941,286.685,-59.938,Roll
-0.201,0.146,0.458,34.256,286.685,-28.621,Roll
-0.502,0.356,0.494,73.168,286.685,-23.835,Roll
-0.732,0.376,0.446,97.151,286.685,-35.910,Roll
-0.899,0.254,0.406,61.871,286.685,-91.849,Roll
-0.979,0.164,0.315,35.359,286.685,-104.073,Roll
-1.064,0.219,0.207,13.694,286.685,-86.257,Roll
-1.146,0.366,-0.026,-0.341,286.685,-94.596,Roll
-1.117,0.183,-0.198,-13.248,285.530,-104.702,Roll
-1.133,0.187,-0.431,-10.255,232.680,-80.027,Roll
-1.126,0.157,-0.513,-4.541,173.057,-61.688,Roll
-1.167,0.168,-0.620,8.724,49.612,-45.281,Roll
-1.104,0.128,-0.504,22.295,-84.289,-30.310,Roll
-1.092,0.146,-0.329,1.487,-218.759,-3.640,Roll
-1.017,0.211,-0.239,1.155,-285.661,13.081,Roll
-0.987,0.107,-0.075,33.259,-286.685,37.144,Roll
-0.909,0.071,0.106,70.018,-286.685,44.748,Roll
-0.954,0.089,0.485,57.592,-286.685,34.877,Roll
-0.927,0.105,0.581,27.274,-286.685,33.460,Roll
-0.826,0.099,0.573,-3.281,-286.685,58.004,Roll
-0.685,0.211,0.697,12.591,-286.685,63.061,Roll
-0.570,0.217,0.741,21.009,-286.685,24.701,Roll
-0.441,0.273,0.839,58.222,-286.685,5.591,Roll
-0.084,0.256,0.800,95.296,-286.685,1.391,Roll
0.098,0.248,0.634,102.550,-286.685,17.833,Roll
0.225,0.333,0.577,100.809,-286.685,23.853,Roll
0.425,0.402,0.510,77.753,-286.685,42.210,Roll
0.598,0.313,0.575,58.179,-286.685,95.366,Roll
0.820,0.305,0.781,32.812,-286.685,120.872,Roll
0.892,0.349,0.636,38.903,-286.685,136.325,Roll
0.938,0.413,0.446,49.420,-286.685,136.027,Roll
0.860,0.390,0.380,49.158,-252.262,130.436,Roll
1.030,0.243,0.245,20.519,-184.117,96.031,Roll
1.035,0.296,0.104,23.485,-106.592,66.001,Roll
1.156,0.276,0.057,20.046,-40.994,27.536,Roll
1.059,0.241,0.076,0.438,70.656,-5.040,Roll
0.936,0.282,0.152,-0.928,177.144,-35.630,Roll
0.883,0.280,0.317,-6.475,263.331,-57.706,Roll
0.886,0.303,0.428,-14.368,286.571,-55.965,Roll
0.845,0.303,0.564,-47.880,286.685,-39.716,Roll
0.764,0.271,0.638,-36.645,286.685,-33.434,Roll
0.603,0.226,0.717,19.985,286.685,-31.036,Roll
0.203,0.137,0.656,53.331,286.685,-31.343,Roll
-0.280,0.145,0.650,139.702,286.685,-46.900,Roll
-0.257,0.353,0.936,153.484,286.685,-111.107,Roll
-0.460,0.242,0.568,56.333,286.685,-115.491,Roll
-0.589,0.356,0.443,38.955,286.685,-123.594,Roll
-0.837,0.245,0.375,36.540,286.685,-158.445,Roll
-0.896,0.247,0.461,26.792,286.685,-157.211,Roll
-0.918,0.121,0.183,19.460,286.685,-133.026,Roll
-1.227,0.142,0.152,7.472,286.685,-141.951,Roll
-1.192,0.084,-0.137,-36.636,283.448,-152.661,Roll
-1.056,0.011,-0.255,-22.006,232.986,-118.186,Roll
-0.960,0.009,-0.288,-20.361,178.010,-57.199,Roll
-1.025,0.059,-0.539,-29.505,63.403,3.553,Roll
-1.082,0.066,-0.592,-6.177,-25.130,18.392,Roll
-1.133,0.169,-0.535,3.710,-148.636,29.426,Roll
-0.994,0.136,-0.409,32.944,-265.291,39.541,Roll
-0.960,0.060,-0.280,71.916,-286.685,38.684,Roll
-0.982,0.028,0.013,101.027,-286.685,29.146,Roll
-0.998,0.001,0.260,127.671,-286.685,57.969,Roll
-1.044,0.089,0.501,126.884,-286.685,82.801,Roll
-0.952,0.169,0.676,120.137,-286.685,116.305,Roll
-0.729,0.225,0.702,106.277,-286.685,143.447,Roll
-0.527,0.301,0.601,74.629,-286.685,158.533,Roll
-0.320,0.233,0.767,37.555,-286.685,125.729,Roll
-0.221,0.310,0.847,-6.965,-286.685,119.140,Roll
-0.239,0.409,0.794,6.676,-285.688,110.084,Roll
-0.113,0.285,0.640,31.710,-257.154,93.923,Roll
0.089,0.437,0.942,-7.341,-247.432,87.806,Roll
0.227,0.452,0.937,-33.381,-228.506,76.781,Roll
0.103,0.331,0.760,-28.604,-240.660,69.632,Roll
0.254,0.438,1.352,-102.296,-286.685,21.438,Roll
0.716,0.384,0.556,-178.273,-279.755,50.899,Roll
0.622,0.200,0.666,-116.760,-237.291,70.149,Roll
0.695,0.201,0.842,-62.011,-198.905,51.809,Roll
0.856,0.293,0.881,-39.576,-129.010,41.676,Roll
0.914,0.239,0.828,-62.370,-81.874,35.674,Roll
0.854,0.192,0.794,-63.245,-19.206,17.132,Roll
0.877,0.111,0.598,-39.515,58.153,-2.861,Roll
0.866,0.099,0.705,1.146,155.479,7.945,Roll
0.797,0.167,0.855,58.249,224.928,32.559,Roll
0.701,0.199,0.934,105.122,281.557,56.595,Roll
0.483,0.185,0.914,144.716,286.685,55.580,Roll
0.185,0.135,0.825,151.235,286.685,27.816,Roll
-0.018,0.072,0.530,127.732,286.685,-17.334,Roll
-0.068,0.188,0.813,161.735,286.685,-56.928,Roll
-0.238,0.372,0.643,151.480,286.685,-60.331,Roll
-0.387,0.306,0.625,139.387,286.685,-43.243,Roll
-0.510,0.408,0.299,64.829,286.685,-66.885,Roll
-0.640,0.395,0.239,56.490,286.685,-96.784,Roll
-1.007,0.214,0.499,46.139,285.416,-124.451,Roll
-0.973,0.363,0.317,72.100,271.959,-107.853,Roll
-0.784,0.217,0.144,53.979,232.461,-91.857,Roll
-0.952,0.239,-0.124,57.103,176.409,-133.997,Roll
-1.028,0.294,-0.142,58.039,146.151,-108.299,Roll
-1.014,0.095,-0.093,21.122,101.132,-71.636,Roll
-1.177,0.165,-0.167,-8.278,35.805,-26.206,Roll
-1.248,0.075,-0.224,4.463,-26.836,8.785,Roll
-1.275,0.065,-0.193,1.242,-50.715,19.933,Roll
-1.227,0.170,-0.121,2.783,-113.584,52.019,Roll
-1.235,0.308,-0.051,40.810,-199.806,83.790,Roll
-1.155,0.202,0.056,55.002,-266.490,95.366,Roll
-1.006,0.118,0.054,39.629,-268.765,93.284,Roll
-0.962,0.213,0.172,44.686,-285.110,105.402,Roll
-0.793,0.328,0.428,53.410,-286.685,126.805,Roll
-0.718,0.437,0.577,23.083,-277.777,125.860,Roll
-0.683,0.526,0.582,6.484,-276.203,114.520,Roll
-0.627,0.354,0.574,5.486,-286.685,104.790,Roll
-0.454,0.361,0.584,-0.892,-286.685,104.921,Roll
-0.384,0.542,0.658,-19.504,-286.685,98.271,Roll
-0.157,0.454,0.681,-30.021,-286.685,88.567,Roll
0.064,0.421,0.761,-44.625,-286.685,88.856,Roll
0.284,0.389,0.632,-40.967,-286.685,88.410,Roll
0.355,0.511,0.661,-17.097,-286.685,79.966,Roll
0.439,0.460,0.686,-15.873,-286.685,78.006,Roll
0.690,0.553,0.714,-16.538,-255.027,64.496,Roll
0.719,0.429,0.579,13.326,-183.619,70.700,Roll
0.888,0.532,0.690,24.421,-82.810,46.471,Roll
0.870,0.546,0.741,21.735,-11.821,49.070,Roll
0.760,0.489,0.739,4.410,97.545,19.749,Roll
0.626,0.462,0.717,-13.773,176.496,-16.756,Roll
0.611,0.412,0.771,-28.901,226.030,-53.559,Roll
0.570,0.390,0.830,-43.732,255.631,-63.236,Roll
0.393,0.395,0.874,-45.001,265.501,-66.622,Roll
0.317,0.355,0.922,-27.064,284.707,-45.605,Roll
0.261,0.288,0.933,-9.222,286.685,-41.037,Roll
0.131,0.324,0.916,0.464,286.685,-25.795,Roll
-0.011,0.276,0.870,17.413,286.685,-18.664,Roll
-0.189,0.381,0.609,48.107,286.685,-13.597,Roll
-0.449,0.305,0.643,59.736,286.685,-42.280,Roll
-0.434,0.381,0.692,48.711,286.685,-52.325,Roll
-0.565,0.364,0.532,18.795,286.685,-50.391,Roll
-0.673,0.290,0.385,23.774,286.685,-54.889,Roll
-0.752,0.257,0.250,49.805,286.484,-67.655,Roll
-0.767,0.301,0.305,41.037,266.315,-68.661,Roll
-0.912,0.313,0.260,18.961,227.754,-64.671,Roll
-1.058,0.245,0.153,-3.938,214.629,-54.618,Roll
-1.131,0.422,0.030,-10.684,171.027,-60.743,Roll
-1.160,0.418,-0.033,-28.263,122.045,-48.939,Roll
-1.152,0.344,-0.124,-20.825,21.656,-39.025,Roll
-1.046,0.312,-0.032,4.165,-79.179,-21.700,Roll
-1.095,0.285,0.026,15.802,-164.413,12.574,Roll
-1.069,0.303,0.167,18.244,-210.857,32.007,Roll
-1.067,0.330,0.291,19.058,-268.616,55.772,Roll
-0.868,0.253,0.328,39.034,-286.685,70.893,Roll
-0.709,0.305,0.442,38.202,-286.685,76.466,Roll
-0.699,0.376,0.567,21.192,-286.685,70.639,Roll
-0.694,0.334,0.644,1.033,-286.685,72.599,Roll
-0.612,0.330,0.953,-12.171,-286.685,73.561,Roll
-0.369,0.292,0.853,-21.341,-286.685,77.516,Roll
-0.196,0.324,0.719,-28.175,-286.685,75.661,Roll
-0.019,0.307,0.838,-39.270,-286.685,64.522,Roll
0.203,0.367,0.911,-45.386,-286.685,58.949,Roll
0.364,0.244,0.741,-4.445,-286.685,62.370,Roll
0.519,0.332,0.774,12.101,-286.685,69.598,Roll
0.576,0.302,0.682,4.025,-286.685,82.478,Roll
0.686,0.238,0.701,5.574,-267.470,72.012,Roll
0.923,0.449,0.670,12.766,-208.994,63.298,Roll
0.924,0.420,0.635,3.841,-142.572,47.819,Roll
0.875,0.336,0.528,3.579,-78.339,51.502,Roll
0.886,0.328,0.549,0.131,-25.410,35.464,Roll
0.884,0.312,0.496,14.989,45.369,0.822,Roll
0.857,0.330,0.558,16.564,92.033,-16.056,Roll
0.789,0.318,0.605,-6.230,156.275,-31.211,Roll
0.702,0.333,0.659,-22.260,223.895,-29.706,Roll
0.617,0.247,0.670,-32.086,261.188,-23.065,Roll
0.610,0.215,0.714,-35.595,285.582,-20.073,Roll
0.539,0.276,0.967,-34.291,286.685,-25.454,Roll
0.369,0.175,1.018,-23.205,286.685,-14.026,Roll
0.077,0.050,0.861,-10.316,286.685,-1.803,Roll
-0.020,0.101,0.759,4.699,286.685,-8.208,Roll
-0.197,0.149,0.739,15.802,286.685,-30.896,Roll
-0.389,0.230,0.830,13.956,286.685,-17.220,Roll
-0.520,0.336,0.562,8.453,286.685,7.079,Roll
-0.550,0.308,0.603,7.131,279.169,6.930,Roll
-0.703,0.199,0.532,-5.898,264.451,0.595,Roll
-0.839,0.128,0.347,10.920,286.361,17.964,Roll
-0.879,0.200,0.350,33.504,285.670,10.903,Roll
-0.935,0.204,0.212,14.779,261.345,0.315,Roll
-1.070,0.237,0.282,2.398,217.577,-27.230,Roll
-1.122,0.351,0.039,-24.833,177.503,-24.097,Roll
-1.103,0.302,-0.053,-17.824,79.984,-25.156,Roll
-1.158,0.267,0.009,-8.689,24.115,-36.505,Roll
-1.124,0.222,0.057,7.332,-68.311,-12.749,Roll
-1.140,0.202,0.078,19.880,-133.656,4.174,Roll
-1.084,0.213,0.140,31.894,-182.630,21.656,Roll
-1.048,0.257,0.216,45.106,-215.959,32.585,Roll
-0.907,0.289,0.308,53.174,-263.611,43.382,Roll
-0.751,0.278,0.473,35.158,-284.165,48.904,Roll
-0.676,0.290,0.682,25.987,-286.685,24.552,Roll
-0.632,0.365,0.777,15.899,-286.685,33.775,Roll
-0.593,0.281,0.844,-10.448,-286.685,49.376,Roll
-0.543,0.202,0.902,-35.079,-286.685,47.618,Roll
-0.403,0.270,0.902,-76.598,-286.685,48.921,Roll
-0.130,0.237,0.833,-96.959,-286.685,31.972,Roll
0.167,0.193,0.774,-83.396,-286.685,21.306,Roll
0.292,0.159,0.829,-8.829,-286.685,11.471,Roll
0.466,0.169,0.740,8.015,-286.685,13.860,Roll
0.588,0.231,0.782,-3.019,-286.685,23.861,Roll
0.676,0.154,0.709,-1.837,-286.685,32.480,Roll
0.702,0.203,0.608,32.585,-263.690,46.296,Roll
0.831,0.258,0.625,27.711,-216.589,45.588,Roll
0.955,0.262,0.660,24.308,-169.216,46.524,Roll
1.046,0.303,0.552,3.902,-62.361,33.162,Roll
0.965,0.249,0.499,8.006,31.964,9.905,Roll
0.869,0.288,0.548,14.376,108.518,-19.372,Roll
0.810,0.287,0.646,17.194,158.042,-36.785,Roll
0.756,0.282,0.712,-4.559,236.512,-56.849,Roll
0.665,0.241,0.734,-10.220,283.552,-54.425,Roll
0.559,0.237,0.768,-6.457,286.685,-31.833,Roll
0.482,0.278,0.926,9.336,286.685,-36.461,Roll
0.384,0.142,0.797,21.376,286.685,-43.103,Roll
0.229,0.242,1.009,18.007,286.685,-19.591,Roll
-0.050,0.185,0.886,33.040,286.685,-20.177,Roll
-0.254,0.141,0.680,30.004,286.685,-21.376,Roll
-0.465,0.158,0.571,15.706,286.685,-14.796,Roll
-0.597,0.259,0.640,1.173,286.685,-47.548,Roll
-0.740,0.142,0.573,6.528,286.685,-80.316,Roll
-0.721,0.204,0.606,34.807,286.685,-68.897,Roll
-0.908,0.157,0.545,33.784,286.685,-80.728,Roll
-1.056,0.245,0.275,6.571,283.649,-80.412,Roll
-1.123,0.178,0.206,-24.272,236.679,-81.043,Roll
-1.077,0.179,0.202,-23.144,199.544,-81.401,Roll
-1.048,0.159,-0.033,-40.880,130.314,-55.562,Roll
-1.080,0.009,-0.160,-22.391,60.051,-27.431,Roll
-1.139,0.056,0.011,-10.797,-7.122,-6.309,Roll
-1.164,0.157,-0.008,6.046,-48.842,15.584,Roll
-1.081,0.127,-0.050,16.275,-126.359,34.816,Roll
-0.989,0.101,0.070,23.371,-187.408,36.881,Roll
-0.990,0.144,0.313,61.075,-239.820,55.886,Roll
-0.980,0.163,0.411,66.911,-263.559,81.637,Roll
-0.961,0.258,0.474,43.820,-284.191,110.880,Roll
-0.888,0.178,0.486,17.229,-286.685,100.161,Roll
-0.665,0.227,0.611,24.246,-286.685,92.190,Roll
-0.570,0.279,0.763,29.260,-286.685,103.311,Roll
-0.477,0.325,0.864,13.904,-286.685,105.717,Roll
-0.299,0.336,1.001,-27.930,-286.685,98.079,Roll
-0.189,0.237,0.891,-79.012,-286.685,93.188,Roll
-0.067,0.287,0.842,-104.808,-286.685,90.011,Roll
0.110,0.273,0.799,-115.824,-286.685,59.868,Roll
0.296,0.245,0.671,-85.715,-286.685,36.645,Roll
0.441,0.120,0.632,-40.906,-286.685,43.584,Roll
0.618,0.124,0.612,-48.851,-286.685,62.107,Roll
0.811,0.122,0.627,-33.740,-286.685,85.199,Roll
0.933,0.129,0.602,-35.752,-285.582,90.834,Roll
1.002,0.163,0.379,-2.879,-248.351,80.176,Roll
1.052,0.147,0.451,19.442,-191.503,81.226,Roll
1.126,0.094,0.367,11.804,-65.590,64.479,Roll
1.010,0.118,0.370,2.257,50.820,12.119,Roll
0.979,0.136,0.413,27.860,176.173,-35.411,Roll
0.959,0.060,0.484,17.054,245.420,-61.022,Roll
0.907,0.047,0.548,4.051,286.685,-61.022,Roll
0.772,0.073,0.609,27.589,286.685,-44.380,Roll
0.698,0.090,0.781,44.511,286.685,-29.356,Roll
0.624,0.042,0.845,61.591,286.685,-16.415,Roll
0.410,0.125,0.899,93.923,286.685,-23.529,Roll
0.144,0.136,0.814,112.385,286.685,-19.801,Roll
-0.024,0.158,0.853,114.765,286.685,-33.434,Roll
-0.167,0.153,0.766,117.189,286.685,-56.438,Roll
-0.444,0.310,0.672,104.939,286.685,-62.099,Roll
-0.650,0.199,0.687,71.260,286.685,-70.726,Roll
-0.796,0.247,0.688,48.974,286.685,-94.360,Roll
-0.786,0.215,0.509,32.506,286.685,-111.589,Roll
-0.805,0.282,0.496,25.795,286.685,-121.713,Roll
-0.913,0.151,0.261,8.698,286.685,-105.936,Roll
-1.015,0.205,0.189,11.804,280.726,-72.196,Roll
-1.072,0.273,-0.003,8.864,225.811,-45.071,Roll
-1.051,0.249,-0.162,-13.055,160.720,-25.594,Roll
-1.112,0.186,-0.235,6.169,48.632,-14.656,Roll
-1.248,0.234,-0.186,21.472,-71.103,3.220,Roll
-1.288,0.261,-0.093,32.926,-196.026,28.875,Roll
-1.207,0.238,0.081,39.436,-268.844,48.090,Roll
-0.956,0.238,0.263,50.864,-286.685,76.912,Roll
-0.866,0.195,0.163,53.384,-286.685,93.879,Roll
-0.757,0.222,0.296,71.321,-286.685,98.551,Roll
-0.660,0.299,0.678,39.200,-286.685,85.514,Roll
-0.565,0.381,0.872,-4.655,-286.685,92.715,Roll
-0.536,0.372,0.930,-45.526,-286.685,90.912,Roll
-0.466,0.246,0.889,-45.780,-286.685,74.086,Roll
-0.170,0.240,0.794,-63.341,-286.685,72.660,Roll
0.048,0.139,0.619,-55.571,-286.685,64.802,Roll
0.182,0.254,0.736,-12.294,-286.685,66.745,Roll
0.390,0.245,0.712,3.806,-286.685,77.228,Roll
0.704,0.102,0.663,5.215,-286.685,70.096,Roll
0.950,0.214,0.842,-4.830,-286.685,90.790,Roll
0.818,0.239,0.700,3.089,-285.889,97.685,Roll
0.944,0.337,0.547,30.266,-205.485,87.815,Roll
1.022,0.279,0.503,28.490,-136.762,54.775,Roll
1.017,0.282,0.378,-3.693,-49.901,13.948,Roll
0.985,0.336,0.366,-9.021,29.995,-15.033,Roll
0.945,0.264,0.384,-5.346,107.494,-23.564,Roll
0.896,0.255,0.421,-10.185,161.175,-25.760,Roll
0.796,0.250,0.513,-12.757,225.496,-30.573,Roll
0.676,0.241,0.551,1.374,264.478,-31.185,Roll
0.604,0.265,0.623,5.206,282.949,-31.570,Roll
0.529,0.269,0.801,10.299,286.685,-32.917,Roll
0.442,0.185,1.029,-10.045,286.685,-50.584,Roll
0.346,0.095,1.002,-48.274,286.685,-36.452,Roll
0.218,0.041,0.948,-30.669,286.685,9.432,Roll
-0.089,-0.028,0.701,31.255,286.685,3.938,Roll
-0.442,0.140,0.475,76.423,286.685,-12.600,Roll
-0.626,0.246,0.678,55.519,286.685,-39.882,Roll
-0.651,0.120,0.569,14.464,286.685,-81.944,Roll
-0.875,0.063,0.600,15.251,286.685,-107.345,Roll
-0.952,0.134,0.509,-28.796,286.685,-89.031,Roll
-0.871,0.029,0.313,-47.906,286.685,-14.044,Roll
-0.983,0.196,0.107,-14.840,280.184,20.904,Roll
-1.223,0.260,0.007,14.823,231.709,31.386,Roll
-1.243,0.210,-0.195,18.786,138.548,36.636,Roll
-1.056,0.242,-0.288,7.271,55.746,8.033,Roll
-1.022,0.254,-0.244,26.390,-37.161,-3.859,Roll
-0.955,0.196,-0.217,19.766,-88.664,-4.148,Roll
-1.098,0.220,-0.071,18.288,-159.460,-6.939,Roll
-1.161,0.260,0.145,29.461,-240.327,0.157,Roll
-1.034,0.264,0.275,41.125,-286.685,27.239,Roll
-0.937,0.212,0.379,45.990,-286.685,49.464,Roll
-0.744,0.195,0.435,60.585,-286.685,74.848,Roll
-0.517,0.188,0.575,51.327,-286.685,93.800,Roll
-0.505,0.239,0.971,50.750,-286.685,104.370,Roll
-0.437,0.352,1.037,14.262,-286.685,113.741,Roll
-0.472,0.288,1.023,-24.806,-286.685,111.527,Roll
-0.277,0.339,0.891,-50.654,-286.685,98.332,Roll
-0.033,0.293,0.801,-90.694,-286.685,74.314,Roll
0.223,0.169,0.636,-99.444,-286.685,69.160,Roll
0.372,0.097,0.692,-49.551,-286.685,87.614,Roll
0.620,0.118,0.733,-35.394,-286.685,108.824,Roll
0.677,0.164,0.650,-59.675,-286.685,131.661,Roll
0.959,0.211,0.503,-49.131,-286.685,116.183,Roll
1.255,0.119,0.421,-10.395,-286.580,71.925,Roll
1.007,0.004,0.263,-7.787,-220.614,62.318,Roll
0.992,0.139,0.130,-17.640,-86.599,47.101,Roll
1.074,0.138,0.129,0.822,-6.291,29.610,Roll
1.023,0.137,0.145,37.284,119.411,-2.223,Roll
0.955,0.180,0.231,57.295,238.639,-41.799,Roll
0.861,0.039,0.479,41.930,286.624,-83.221,Roll
0.900,0.066,0.505,19.460,286.685,-84.963,Roll
0.799,0.098,0.594,33.215,286.685,-77.814,Roll
0.643,0.187,0.718,69.589,286.685,-70.280,Roll
0.341,0.154,0.781,78.671,286.685,-94.491,Roll
0.218,0.197,0.942,74.804,286.685,-117.329,Roll
0.028,0.193,0.963,87.106,286.685,-128.065,Roll
-0.086,0.115,0.730,126.840,286.685,-96.539,Roll
-0.365,0.260,0.501,86.573,286.685,-84.875,Roll
-0.572,0.394,0.592,70.070,286.685,-89.311,Roll
-0.766,0.275,0.588,41.072,286.685,-127.382,Roll
-0.798,0.256,0.534,62.615,286.685,-135.835,Roll
-0.854,0.128,0.536,41.895,286.685,-130.235,Roll
-1.003,0.188,0.270,-2.152,286.685,-109.104,Roll
-1.122,0.320,-0.021,5.976,286.685,-46.410,Roll
-0.985,0.390,-0.218,33.259,276.159,-16.345,Roll
-1.075,0.227,-0.385,25.935,212.887,20.204,Roll
-1.046,0.194,-0.446,22.251,156.100,3.946,Roll
-1.149,0.205,-0.617,-0.359,53.436,-2.135,Roll
-1.066,0.245,-0.561,7.718,-75.198,0.805,Roll
-1.110,0.276,-0.473,11.462,-205.292,-7.648,Roll
-1.037,0.270,-0.282,5.766,-278.714,-6.773,Roll
-0.959,0.321,-0.030,13.773,-286.685,16.065,Roll
-0.945,0.234,0.107,53.357,-286.685,56.429,Roll
-0.864,0.231,0.372,76.300,-286.685,87.990,Roll
-0.756,0.232,0.551,71.173,-286.685,104.204,Roll
-0.703,0.298,0.715,28.735,-286.685,112.551,Roll
-0.593,0.297,0.796,-20.256,-286.685,106.277,Roll
-0.516,0.335,0.818,-47.635,-286.685,72.039,Roll
-0.375,0.287,0.773,-45.553,-286.685,50.768,Roll
-0.086,0.219,0.447,-12.661,-286.685,51.502,Roll
0.276,0.313,0.577,58.520,-286.685,76.326,Roll
0.482,0.397,0.854,25.795,-286.685,108.351,Roll
0.523,0.326,0.820,-2.747,-286.685,103.775,Roll
0.543,0.325,0.607,-17.771,-286.685,88.113,Roll
0.630,0.258,0.520,-8.033,-286.685,76.790,Roll
0.933,0.212,0.632,-8.698,-286.685,89.670,Roll
0.979,0.300,0.583,8.444,-286.685,77.761,Roll
0.921,0.220,0.269,21.376,-263.681,71.951,Roll
0.913,0.397,0.163,9.730,-165.856,75.206,Roll
1.170,0.275,0.160,17.176,-85.802,38.972,Roll
1.314,0.234,0.107,16.415,-30.179,22.103,Roll
1.220,0.239,0.153,-1.890,65.870,11.244,Roll
1.077,0.262,0.278,-22.234,148.986,-17.841,Roll
1.012,0.211,0.329,-7.761,198.214,-41.344,Roll
0.962,0.196,0.348,-8.636,233.643,-48.107,Roll
0.881,0.264,0.453,2.695,286.641,-47.731,Roll
0.783,0.310,0.617,6.379,286.685,-56.035,Roll
0.646,0.282,0.828,7.446,286.685,-66.229,Roll
0.557,0.237,0.854,-6.361,286.685,-66.010,Roll
0.412,0.212,0.787,-3.106,286.685,-39.436,Roll
0.194,0.134,0.437,20.886,286.685,-16.686,Roll
-0.261,0.028,0.500,101.710,286.685,-32.996,Roll
-0.496,0.227,0.981,97.099,286.685,-72.511,Roll
-0.716,0.379,0.834,-45.701,286.685,-103.521,Roll
-0.614,0.173,0.532,-67.900,286.685,-97.580,Roll
-0.708,0.107,0.477,-29.208,286.685,-80.518,Roll
-0.834,0.086,0.372,2.704,286.685,-59.596,Roll
-0.999,0.192,0.274,11.821,286.685,-52.211,Roll
-1.140,0.229,0.076,-13.248,286.685,-35.481,Roll
-1.266,0.259,-0.145,-17.911,233.292,-3.631,Roll
-1.122,0.104,-0.166,-0.586,176.916,13.589,Roll
-1.111,0.211,-0.389,-30.433,80.964,17.378,Roll
-1.156,0.210,-0.377,0.822,-51.616,1.925,Roll
-1.179,0.229,-0.241,42.053,-180.539,-2.188,Roll
-1.108,0.206,-0.118,41.982,-250.154,0.989,Roll
-0.984,0.254,0.052,31.535,-286.685,16.634,Roll
-0.835,0.293,0.102,22.628,-286.685,28.647,Roll
-0.758,0.138,0.442,51.905,-286.685,28.884,Roll
-0.745,0.206,0.698,58.520,-286.685,36.006,Roll
-0.617,0.229,0.882,60.419,-286.685,56.577,Roll
-0.576,0.337,1.044,31.028,-286.685,85.584,Roll
-0.335,0.091,0.908,-19.206,-286.685,77.901,Roll
-0.186,0.068,0.865,-50.068,-286.685,67.673,Roll
0.054,0.102,0.767,-46.147,-286.685,36.251,Roll
0.121,0.252,0.820,48.335,-286.685,14.971,Roll
0.438,0.279,0.607,104.195,-286.685,11.358,Roll
0.603,0.261,0.420,99.759,-286.685,30.319,Roll
0.726,0.220,0.380,52.605,-286.685,82.241,Roll
0.874,0.197,0.511,11.743,-286.685,126.210,Roll
1.025,0.318,0.480,-13.545,-286.685,123.147,Roll
1.171,0.369,0.192,31.868,-286.309,101.238,Roll
1.242,0.302,0.074,49.394,-185.194,88.121,Roll
1.178,0.282,0.024,33.688,-43.514,66.071,Roll
1.104,0.383,0.033,39.952,81.025,10.377,Roll
1.057,0.339,0.095,54.600,164.465,-26.206,Roll
1.066,0.169,0.170,35.175,255.955,-54.915,Roll
0.921,0.199,0.290,19.941,286.685,-64.330,Roll
0.762,0.211,0.443,-17.413,286.685,-65.266,Roll
0.715,0.234,0.595,-21.901,286.685,-78.260,Roll
0.586,0.184,0.834,-15.199,286.685,-73.876,Roll
0.559,0.402,1.003,19.583,286.685,-80.614,Roll
0.426,0.143,0.974,7.367,286.685,-92.645,Roll
0.184,-0.017,0.794,18.358,286.685,-97.177,Roll
-0.145,-0.066,0.533,74.147,286.685,-92.488,Roll
-0.429,0.438,0.660,27.388,286.685,-66.710,Roll
-0.715,0.323,0.488,10.413,286.685,-103.486,Roll
-0.811,0.191,0.383,10.780,286.685,-152.250,Roll
-0.717,0.143,0.659,9.188,286.685,-159.644,Roll
-0.700,0.049,0.441,-20.300,286.685,-130.883,Roll
-1.104,0.113,0.119,-12.189,286.685,-91.604,Roll
-1.175,0.202,0.023,4.279,286.685,-37.993,Roll
-1.162,0.169,-0.243,-17.981,248.342,-18.130,Roll
-1.111,0.161,-0.349,-1.356,144.235,0.376,Roll
-1.046,0.029,-0.427,16.039,39.366,10.474,Roll
-1.054,0.098,-0.471,12.031,-94.719,20.860,Roll
-1.116,0.124,-0.337,28.149,-180.827,30.660,Roll
-1.088,0.166,-0.098,28.586,-284.471,46.156,Roll
-0.938,0.209,0.083,54.171,-286.685,61.180,Roll
-0.877,0.200,0.195,83.169,-286.685,76.851,Roll
-0.748,0.203,0.449,77.350,-286.685,98.088,Roll
-0.735,0.289,0.572,55.239,-286.685,123.664,Roll
-0.752,0.262,0.703,39.979,-286.685,102.970,Roll
-0.638,0.253,0.886,30.835,-286.685,96.924,Roll
-0.419,0.430,1.097,-15.846,-286.685,119.875,Roll
-0.272,0.228,0.828,-36.278,-286.685,118.702,Roll
0.057,0.207,0.571,-19.906,-286.685,60.673,Roll
0.209,0.246,0.731,24.920,-286.685,64.391,Roll
0.377,0.213,0.752,40.714,-286.685,52.456,Roll
0.638,0.371,0.704,38.815,-286.685,63.884,Roll
0.776,0.309,0.562,30.923,-286.685,79.039,Roll
0.753,0.366,0.468,23.511,-286.685,83.825,Roll
1.007,0.178,0.581,12.688,-286.685,92.540,Roll
1.039,0.354,0.342,29.916,-261.599,92.951,Roll
0.983,0.388,0.132,33.434,-180.985,81.217,Roll
1.018,0.303,0.167,20.204,-73.369,80.168,Roll
1.096,0.334,0.074,2.713,-11.690,48.842,Roll
1.134,0.302,0.104,18.812,118.020,19.985,Roll
1.027,0.257,0.240,4.497,217.341,-4.786,Roll
0.990,0.254,0.358,-10.159,285.171,-28.306,Roll
0.754,0.284,0.479,-14.420,286.685,-43.741,Roll
0.631,0.201,0.591,-14.560,286.685,-87.544,Roll
0.669,0.230,0.864,-22.067,286.685,-119.026,Roll
0.665,0.202,1.024,-36.969,286.685,-133.516,Roll
0.467,0.205,1.058,-53.270,286.685,-128.196,Roll
0.086,0.020,0.797,-37.791,286.685,-111.685,Roll
-0.219,0.009,0.690,49.070,286.685,-118.755,Roll
-0.361,0.167,0.607,86.905,286.685,-149.704,Roll
-0.585,0.224,0.737,87.369,286.685,-188.256,Roll
-0.610,0.175,0.764,35.569,286.685,-236.425,Roll
-0.720,0.138,0.509,-8.759,286.685,-225.663,Roll
-0.842,0.105,0.455,-17.938,286.685,-153.965,Roll
-1.100,0.052,0.156,-71.951,275.406,-99.601,Roll
-1.187,-0.004,0.096,-61.408,182.700,-71.295,Roll
-1.269,-0.024,-0.028,-44.161,81.331,-48.493,Roll
-0.930,-0.008,-0.050,-24.185,-32.322,-3.938,Roll
-0.835,0.026,-0.058,-15.951,-94.281,12.871,Roll
-0.805,0.027,-0.028,6.895,-156.292,12.915,Roll
-0.946,0.076,0.172,40.574,-187.443,49.656,Roll
-1.013,0.063,0.492,77.192,-238.560,100.529,Roll
-1.035,0.067,0.632,90.729,-278.320,132.746,Roll
-0.854,0.175,0.751,91.814,-286.685,168.700,Roll
-0.611,0.270,0.931,73.876,-286.685,192.124,Roll
-0.511,0.294,0.975,19.206,-286.685,197.706,Roll
-0.369,0.183,1.027,-10.167,-286.685,188.860,Roll
-0.206,0.128,0.976,-42.945,-286.685,144.034,Roll
0.183,0.187,0.759,-14.438,-286.685,76.405,Roll
0.429,0.175,0.663,35.394,-286.685,84.438,Roll
0.477,0.167,0.686,70.481,-286.685,79.284,Roll
0.533,0.293,0.707,78.540,-286.685,106.496,Roll
0.724,0.373,0.506,63.000,-286.685,116.585,Roll
1.007,0.313,0.609,56.481,-281.855,96.171,Roll
1.015,0.239,0.437,60.051,-249.489,100.371,Roll
0.891,0.382,0.338,38.395,-184.844,56.551,Roll
1.000,0.273,0.193,27.396,-125.641,50.382,Roll
1.104,0.250,0.107,24.500,-53.935,71.706,Roll
1.083,0.168,0.167,22.540,-7.359,76.694,Roll
1.070,0.152,0.238,14.945,47.897,51.861,Roll
1.067,0.239,0.286,14.035,130.804,29.802,Roll
1.014,0.220,0.374,12.836,231.989,-3.378,Roll
1.000,0.213,0.462,2.362,285.985,-13.256,Roll
0.879,0.175,0.645,0.315,286.685,-24.570,Roll
0.773,0.154,0.703,20.790,286.685,-41.851,Roll
0.586,0.077,0.714,1.286,286.685,-30.721,Roll
0.394,0.044,0.730,-6.991,286.685,-6.370,Roll
0.107,0.027,0.797,-15.330,286.685,29.785,Roll
-0.219,-0.094,0.798,7.446,286.685,37.774,Roll
-0.314,0.020,0.901,56.411,286.685,41.711,Roll
-0.390,0.061,0.790,89.565,286.685,51.572,Roll
-0.559,0.169,0.501,129.133,286.685,55.877,Roll
-0.619,0.291,0.539,106.225,286.685,28.052,Roll
-0.701,0.353,0.414,64.978,286.685,13.064,Roll
-0.892,0.326,0.302,56.805,280.578,7.525,Roll
-1.103,0.300,0.278,35.963,245.473,-2.266,Roll
-1.069,0.322,0.183,18.917,205.004,8.216,Roll
-0.981,0.428,0.038,2.835,133.131,16.721,Roll
-1.062,0.386,-0.060,11.821,92.146,2.879,Roll
-1.125,0.458,0.040,14.166,-1.803,-20.746,Roll
-1.147,0.434,0.091,9.835,-103.110,-6.213,Roll
-1.082,0.380,0.192,4.279,-182.840,8.146,Roll
-1.050,0.384,0.270,0.140,-224.857,19.862,Roll
-0.997,0.331,0.314,14.376,-285.994,51.109,Roll
-0.907,0.407,0.472,20.353,-286.685,48.597,Roll
-0.685,0.370,0.554,1.846,-286.685,32.882,Roll
-0.565,0.286,0.569,-6.790,-286.685,27.151,Roll
-0.468,0.288,0.804,-26.267,-286.685,30.625,Roll
-0.404,0.338,1.022,-58.511,-286.685,38.019,Roll
-0.238,0.253,0.833,-117.574,-286.685,24.605,Roll
-0.046,0.182,0.824,-158.611,-286.685,5.224,Roll
0.149,0.211,0.779,-103.469,-286.685,-2.118,Roll
0.435,0.247,0.617,-9.047,-286.685,13.160,Roll
0.581,0.132,0.641,14.542,-286.685,32.016,Roll
0.688,0.197,0.602,-10.955,-286.685,60.384,Roll
0.844,0.177,0.452,-24.290,-286.685,97.685,Roll
1.042,0.203,0.502,-3.194,-251.711,85.251,Roll
1.069,0.136,0.356,32.104,-189.805,95.349,Roll
1.027,0.151,0.299,33.880,-135.126,94.850,Roll
1.071,0.125,0.284,23.503,-56.131,81.725,Roll
1.015,0.155,0.309,23.118,18.567,37.756,Roll
1.023,0.162,0.296,27.667,107.301,-16.966,Roll
0.972,0.170,0.380,28.087,163.030,-54.583,Roll
0.890,0.180,0.476,9.993,228.769,-103.381,Roll
0.829,0.193,0.644,-7.280,284.664,-134.102,Roll
0.750,0.186,0.733,-16.380,286.685,-148.400,Roll
0.650,0.237,0.714,-13.475,286.685,-145.075,Roll
0.396,0.136,0.885,14.648,286.685,-134.925,Roll
0.151,0.070,0.902,52.028,286.685,-124.215,Roll
-0.115,0.131,0.888,62.737,286.685,-125.825,Roll
-0.328,0.171,0.820,55.283,286.685,-133.411,Roll
-0.437,0.302,0.732,29.934,286.685,-135.292,Roll
-0.531,0.119,0.698,20.772,286.685,-149.109,Roll
-0.605,0.268,0.751,-24.657,286.685,-149.188,Roll
-0.740,0.205,0.544,-45.929,286.685,-104.046,Roll
-0.971,0.216,0.587,-58.923,286.685,-67.769,Roll
-0.978,0.076,0.257,-88.541,257.110,-11.226,Roll
-0.888,0.074,0.120,-52.666,232.899,2.590,Roll
-1.060,0.148,0.043,-44.205,193.795,-6.886,Roll
-1.258,0.281,-0.067,-44.362,132.344,-1.803,Roll
-1.220,0.118,-0.244,-30.021,20.431,11.025,Roll
-1.064,0.141,-0.079,16.336,-65.826,18.112,Roll
-1.016,0.178,0.021,16.923,-130.620,39.209,Roll
-1.016,0.172,0.143,28.464,-159.171,50.943,Roll
-1.096,0.235,0.334,48.974,-205.065,71.619,Roll
-0.970,0.186,0.296,59.019,-257.967,105.823,Roll
-0.780,0.275,0.336,45.728,-286.685,116.261,Roll
-0.698,0.323,0.441,30.914,-286.685,128.065,Roll
-0.675,0.330,0.740,1.732,-286.685,137.602,Roll
-0.572,0.432,0.765,-46.987,-286.685,135.975,Roll
-0.476,0.314,0.658,-67.533,-286.685,111.676,Roll
-0.366,0.370,0.809,-77.368,-286.685,97.904,Roll
-0.172,0.300,0.983,-108.159,-286.685,99.033,Roll
0.019,0.323,0.920,-111.580,-286.685,88.366,Roll
0.231,0.296,0.584,-57.295,-286.685,51.135,Roll
0.418,0.183,0.785,-0.936,-286.685,44.975,Roll
0.599,0.129,0.735,30.406,-286.685,72.940,Roll
0.826,0.211,0.636,17.343,-286.545,91.884,Roll
0.951,0.299,0.582,-11.804,-257.128,78.689,Roll
0.981,0.230,0.548,-21.577,-218.068,64.251,Roll
0.963,0.241,0.484,-28.166,-156.572,48.650,Roll
1.026,0.209,0.352,-13.212,-100.677,24.308,Roll
0.983,0.171,0.352,-21.087,-51.923,-3.010,Roll
0.992,0.185,0.308,-23.275,-19.845,-9.494,Roll
1.000,0.231,0.297,-6.291,24.929,-13.974,Roll
0.987,0.255,0.320,2.065,75.005,-25.401,Roll
0.974,0.346,0.379,7.017,142.564,-40.320,Roll
0.883,0.312,0.455,19.784,192.465,-52.859,Roll
0.786,0.324,0.557,38.938,276.176,-50.654,Roll
0.815,0.410,0.645,49.717,286.685,-55.335,Roll
0.604,0.322,0.732,41.965,286.685,-75.714,Roll
0.323,0.226,0.744,42.717,286.685,-89.302,Roll
-0.098,0.011,0.759,48.326,286.685,-87.605,Roll
-0.447,0.113,0.679,83.519,286.685,-87.981,Roll
-0.477,0.315,0.872,88.410,286.685,-115.622,Roll
-0.597,0.291,0.801,73.229,286.685,-132.405,Roll
-0.593,0.211,0.590,19.285,286.685,-146.869,Roll
-0.639,0.319,0.610,26.688,286.685,-134.164,Roll
-0.692,0.221,0.300,11.533,286.685,-86.677,Roll
-0.736,0.182,0.164,15.085,286.685,-62.090,Roll
-0.938,0.211,-0.144,17.640,286.685,-39.357,Roll
-1.071,0.202,-0.211,-14.000,286.685,-29.934,Roll
-1.216,0.158,-0.462,-32.830,235.506,-8.925,Roll
-1.065,0.304,-0.638,-40.338,168.367,-9.459,Roll
-1.116,0.289,-0.636,-1.164,47.889,-21.044,Roll
-1.126,0.327,-0.535,24.080,-86.012,-4.716,Roll
-1.100,0.293,-0.407,31.106,-222.372,7.858,Roll
-0.996,0.252,-0.259,31.517,-284.384,24.990,Roll
-0.922,0.238,-0.173,37.975,-286.685,48.965,Roll
-0.945,0.240,0.066,54.338,-286.685,70.420,Roll
-0.916,0.243,0.324,57.269,-286.685,82.740,Roll
-0.839,0.233,0.425,40.364,-286.685,90.370,Roll
-0.764,0.237,0.646,0.639,-286.685,92.689,Roll
-0.687,0.309,0.701,-32.235,-286.685,51.520,Roll
-0.406,0.226,0.936,-48.562,-286.685,17.675,Roll
-0.327,0.237,0.829,-48.458,-286.685,-0.683,Roll
-0.116,0.231,0.791,-0.796,-286.685,0.551,Roll
0.095,0.179,0.655,68.110,-286.685,24.964,Roll
0.245,0.287,0.649,140.289,-286.685,44.678,Roll
0.432,0.386,0.562,127.190,-286.685,66.220,Roll
0.702,0.557,0.381,76.912,-286.685,71.033,Roll
0.771,0.407,0.399,50.566,-286.685,52.176,Roll
0.859,0.223,0.357,41.309,-286.685,67.226,Roll
0.862,0.569,0.152,65.607,-286.685,74.147,Roll
1.111,0.482,-0.158,100.546,-286.676,49.945,Roll
1.139,0.309,-0.079,63.665,-200.077,88.646,Roll
1.068,0.398,-0.213,35.245,-87.815,96.408,Roll
0.981,0.317,-0.251,31.132,-9.424,82.198,Roll
1.053,0.316,-0.272,22.138,103.434,46.069,Roll
1.025,0.291,-0.134,-1.794,183.269,16.599,Roll
1.066,0.275,0.088,-26.521,219.004,-14.901,Roll
1.125,0.352,0.175,-19.714,223.125,-34.186,Roll
0.967,0.367,0.182,14.639,267.461,-52.859,Roll
0.833,0.317,0.353,17.894,286.685,-64.111,Roll
0.860,0.311,0.657,13.562,286.685,-65.074,Roll
0.906,0.359,0.719,8.444,286.685,-80.430,Roll
0.673,0.342,0.680,42.446,286.685,-97.414,Roll
0.418,0.272,0.763,37.931,286.685,-111.011,Roll
0.062,0.192,0.648,14.569,286.685,-110.259,Roll
-0.053,0.297,0.631,29.006,286.685,-98.569,Roll
-0.330,0.258,0.475,65.765,286.685,-86.853,Roll
-0.579,0.307,0.461,87.509,286.685,-114.520,Roll
-0.714,0.385,0.454,40.259,286.685,-162.890,Roll
-0.760,0.296,0.388,13.484,286.685,-175.674,Roll
-0.791,0.139,0.277,-23.389,286.685,-167.046,Roll
-1.037,0.249,0.033,-36.978,286.685,-150.658,Roll
-1.088,0.249,-0.301,-10.316,286.685,-109.270,Roll
-1.180,0.208,-0.199,-23.494,237.300,-90.379,Roll
-1.148,0.118,-0.517,-38.036,170.791,-50.584,Roll
-1.238,0.211,-0.601,-27.606,39.804,-33.880,Roll
-1.153,0.149,-0.613,12.556,-124.189,-11.760,Roll
-1.125,0.163,-0.508,49.779,-267.785,1.286,Roll
-0.993,0.180,-0.152,49.980,-286.685,27.755,Roll
-0.944,0.080,0.174,75.985,-286.685,67.935,Roll
-0.994,0.146,0.263,108.710,-286.685,106.960,Roll
-0.895,0.168,0.398,110.442,-286.685,123.533,Roll
-0.697,0.287,0.436,102.603,-286.685,134.277,Roll
-0.617,0.368,0.630,87.675,-286.685,149.599,Roll
-0.555,0.389,0.673,46.156,-286.685,143.561,Roll
-0.456,0.300,0.795,24.850,-286.685,118.335,Roll
-0.218,0.361,0.774,16.362,-286.685,117.618,Roll
0.010,0.358,0.680,41.274,-286.685,117.399,Roll
0.252,0.553,0.851,66.622,-286.685,131.932,Roll
0.360,0.429,0.791,8.321,-286.685,123.454,Roll
0.549,0.463,0.336,22.846,-286.685,113.514,Roll
0.914,0.422,0.255,17.141,-286.685,147.525,Roll
0.908,0.354,0.369,11.637,-286.685,160.379,Roll
1.065,0.391,0.422,40.670,-276.561,151.156,Roll
1.061,0.437,0.101,45.334,-232.409,114.905,Roll
1.096,0.296,-0.015,35.796,-99.540,80.535,Roll
1.099,0.285,-0.034,11.270,-8.374,64.251,Roll
1.110,0.282,-0.056,9.616,101.132,43.409,Roll
1.012,0.301,0.089,9.004,181.913,17.001,Roll
1.005,0.366,0.223,25.095,275.826,-34.781,Roll
0.860,0.238,0.348,36.374,286.685,-71.260,Roll
0.756,0.302,0.496,42.893,286.685,-76.702,Roll
0.589,0.322,0.669,41.939,286.685,-77.473,Roll
0.552,0.290,0.868,35.158,286.685,-121.765,Roll
0.352,0.142,0.744,23.459,286.685,-116.480,Roll
0.112,0.171,0.641,77.446,286.685,-102.183,Roll
-0.297,0.291,0.663,120.006,286.685,-102.743,Roll
-0.556,0.353,0.658,141.514,286.685,-140.542,Roll
-0.842,0.374,0.574,94.692,286.685,-192.054,Roll
-0.754,0.359,0.704,39.034,286.685,-222.154,Roll
-0.627,0.199,0.623,-7.280,286.685,-216.685,Roll
-0.877,0.298,0.387,-41.956,286.685,-151.454,Roll
-1.095,0.277,0.089,-17.798,286.685,-87.719,Roll
-1.187,0.362,-0.097,8.050,229.005,-55.842,Roll
-1.182,0.285,-0.139,14.403,152.311,-28.683,Roll
-1.056,0.101,-0.235,8.829,51.222,1.383,Roll
-1.150,0.194,-0.375,2.301,-65.467,17.430,Roll
-1.188,0.213,-0.245,25.725,-189.753,25.524,Roll
-1.053,0.216,0.015,45.255,-252.166,31.710,Roll
-0.884,0.229,0.219,54.215,-276.894,65.590,Roll
-0.938,0.256,0.241,37.345,-285.469,82.250,Roll
-0.937,0.277,0.373,25.331,-286.685,96.495,Roll
-0.952,0.277,0.385,23.503,-286.685,96.268,Roll
-0.669,0.286,0.571,43.111,-286.685,98.630,Roll
-0.545,0.379,0.852,51.170,-286.685,126.184,Roll
-0.520,0.496,0.964,35.184,-286.685,137.401,Roll
-0.464,0.403,0.916,-0.595,-286.685,124.705,Roll
-0.209,0.233,0.708,-26.224,-286.685,99.916,Roll
0.077,0.405,0.795,-19.950,-286.685,68.451,Roll
0.252,0.457,0.719,19.136,-286.685,60.366,Roll
0.374,0.381,0.582,53.856,-286.685,59.990,Roll
0.451,0.451,0.616,72.450,-286.685,79.747,Roll
0.545,0.426,0.411,47.451,-286.685,69.729,Roll
0.630,0.462,0.264,6.729,-286.090,71.348,Roll
0.783,0.382,0.271,2.424,-262.894,80.902,Roll
0.930,0.495,0.323,-5.635,-250.390,85.435,Roll
0.999,0.458,0.185,3.447,-188.913,84.910,Roll
1.087,0.392,0.120,-4.270,-113.356,73.938,Roll
1.012,0.372,0.088,-7.079,-72.923,63.893,Roll
1.052,0.345,0.052,-5.845,-9.345,36.076,Roll
1.124,0.414,0.140,-13.711,73.832,1.601,Roll
1.087,0.443,0.181,5.714,188.667,-48.869,Roll
0.963,0.360,0.353,13.396,251.151,-73.622,Roll
0.841,0.369,0.426,0.394,286.685,-90.247,Roll
0.723,0.520,0.565,-18.961,286.685,-111.668,Roll
0.781,0.402,0.745,-28.464,286.685,-115.281,Roll
0.623,0.344,0.924,-28.052,286.685,-108.518,Roll
0.574,0.394,0.981,-50.304,286.685,-127.260,Roll
0.228,0.239,0.732,-7.490,286.685,-97.274,Roll
-0.033,0.255,0.671,38.036,286.685,-83.186,Roll
-0.360,0.317,0.622,41.449,286.685,-88.777,Roll
-0.666,0.330,0.495,22.759,286.685,-103.801,Roll
-0.781,0.322,0.485,5.311,286.685,-119.525,Roll
-0.749,0.399,0.426,-36.138,286.685,-149.529,Roll
-0.548,0.243,0.293,-55.265,286.685,-148.925,Roll
-0.766,0.126,0.151,-61.329,286.685,-109.349,Roll
-0.938,0.296,-0.088,-51.940,274.426,-45.509,Roll
-1.034,0.103,-0.084,-27.510,227.553,-37.415,Roll
-1.227,0.203,-0.217,-47.162,192.098,-46.147,Roll
-1.189,0.218,-0.273,-24.080,103.582,-41.528,Roll
-1.028,0.063,-0.404,-6.764,44.607,-30.958,Roll
-1.135,0.110,-0.413,4.471,-54.854,-1.111,Roll
-1.180,0.132,-0.329,18.970,-144.664,18.016,Roll
-1.140,0.090,-0.078,33.513,-230.107,35.700,Roll
-0.904,0.188,0.018,38.631,-267.794,60.681,Roll
-0.932,0.199,0.182,55.860,-286.685,80.929,Roll
-0.933,0.300,0.264,46.296,-286.685,92.470,Roll
-0.815,0.253,0.422,39.314,-286.685,108.465,Roll
-0.745,0.260,0.613,48.099,-286.685,106.207,Roll
-0.740,0.367,0.797,38.369,-286.685,101.929,Roll
-0.633,0.306,0.758,27.641,-286.685,94.868,Roll
-0.503,0.308,0.696,5.040,-286.685,70.656,Roll
-0.074,0.413,0.758,17.054,-286.685,62.361,Roll
0.122,0.307,0.699,40.425,-286.685,91.271,Roll
0.332,0.362,0.755,63.542,-286.685,105.192,Roll
0.464,0.358,0.624,67.165,-286.685,100.406,Roll
0.558,0.367,0.443,80.106,-286.685,103.364,Roll
0.681,0.458,0.423,12.854,-286.685,132.221,Roll
0.818,0.455,0.379,-2.223,-286.685,112.823,Roll
1.033,0.389,0.271,13.458,-286.668,108.211,Roll
0.903,0.382,0.137,2.345,-215.163,90.046,Roll
1.129,0.376,-0.001,4.988,-121.599,64.024,Roll
1.199,0.201,-0.029,4.130,-72.695,55.081,Roll
1.184,0.316,-0.096,-2.380,3.220,28.017,Roll
1.075,0.293,-0.046,-1.339,98.586,9.984,Roll
1.013,0.349,0.111,-9.126,185.054,-6.685,Roll
0.994,0.326,0.261,-13.676,233.826,-21.542,Roll
0.899,0.285,0.412,0.420,284.375,-53.331,Roll
0.782,0.288,0.579,5.950,286.685,-86.914,Roll
0.869,0.329,0.697,-32.935,286.685,-105.823,Roll
0.807,0.362,0.890,-31.421,286.685,-90.353,Roll
0.659,0.349,0.922,-36.076,286.685,-93.503,Roll
0.338,0.111,0.728,-32.139,286.685,-73.176,Roll
0.053,0.192,0.678,20.353,286.685,-50.960,Roll
-0.112,0.253,0.877,42.298,286.685,-60.865,Roll
-0.314,0.348,0.736,-15.111,286.685,-68.967,Roll
-0.461,0.294,0.537,-26.696,286.685,-39.533,Roll
-0.699,0.188,0.442,4.637,286.685,-48.982,Roll
-0.683,0.236,0.353,-1.015,286.685,-84.910,Roll
-0.647,0.151,0.205,-28.009,286.685,-107.363,Roll
-0.906,0.053,0.260,-58.441,286.685,-99.418,Roll
-1.008,0.215,0.090,-71.321,286.685,-58.380,Roll
-1.220,0.246,-0.159,-63.849,282.266,-49.306,Roll
-1.264,0.122,-0.358,-11.891,188.335,-53.839,Roll
-1.289,0.044,-0.347,28.892,77.438,-38.509,Roll
-1.181,0.136,-0.368,25.349,-44.231,-4.358,Roll
-1.181,0.121,-0.309,27.046,-124.871,0.700,Roll
-1.109,0.121,-0.258,68.215,-248.386,20.790,Roll
-0.956,0.027,-0.003,87.185,-286.685,39.734,Roll
-1.008,0.036,0.226,96.863,-277.016,76.204,Roll
-0.899,0.131,0.300,104.396,-262.290,102.891,Roll
-0.847,0.269,0.529,84.735,-271.609,143.745,Roll
-0.893,0.273,0.468,63.910,-286.685,162.181,Roll
-0.740,0.349,0.545,63.376,-286.685,159.670,Roll
-0.647,0.393,0.542,48.807,-286.685,156.083,Roll
-0.468,0.345,0.809,14.271,-286.685,142.660,Roll
-0.331,0.460,0.931,-41.090,-286.685,117.652,Roll
-0.213,0.502,0.726,-82.338,-286.685,111.956,Roll
-0.082,0.482,0.683,-94.640,-286.685,87.684,Roll
0.117,0.290,0.855,-42.429,-286.685,100.634,Roll
0.409,0.227,0.650,2.109,-286.685,108.789,Roll
0.628,0.283,0.583,14.604,-286.685,148.365,Roll
0.575,0.367,0.605,-6.571,-286.685,149.275,Roll
0.690,0.356,0.394,-62.676,-286.685,114.257,Roll
1.087,0.206,0.312,-87.071,-286.685,74.856,Roll
1.101,0.279,0.123,-43.811,-267.943,84.438,Roll
1.030,0.313,0.027,-8.820,-182.210,82.679,Roll
1.038,0.245,0.059,12.766,-16.826,49.499,Roll
1.079,0.149,0.050,10.623,100.634,13.204,Roll
1.113,0.123,0.223,15.627,198.205,-14.551,Roll
1.028,0.147,0.379,23.450,244.799,-38.229,Roll
0.952,0.135,0.489,28.017,283.500,-70.376,Roll
0.843,0.236,0.573,23.599,286.685,-70.945,Roll
0.732,0.247,0.610,8.750,286.685,-61.836,Roll
0.635,0.262,0.634,1.724,286.685,-58.818,Roll
0.520,0.292,0.784,28.499,286.685,-61.591,Roll
0.411,0.223,0.895,47.399,286.685,-61.635,Roll
0.213,0.144,0.833,50.138,286.685,-35.709,Roll
0.024,0.176,0.805,39.865,286.685,-31.299,Roll
-0.220,0.116,0.866,36.969,286.685,-28.228,Roll
-0.456,0.254,0.578,50.129,286.685,7.193,Roll
-0.692,0.373,0.668,102.060,286.685,-0.796,Roll
-0.818,0.333,0.734,92.444,286.685,-34.667,Roll
-0.812,0.365,0.584,35.158,286.685,-67.086,Roll
-0.729,0.186,0.302,42.569,286.685,-23.564,Roll
-0.942,0.343,0.238,47.408,286.685,-9.958,Roll
-1.007,0.450,0.133,39.673,286.685,1.321,Roll
-1.111,0.549,-0.034,24.570,256.795,-7.394,Roll
-1.047,0.619,-0.223,4.725,118.895,-12.784,Roll
-1.004,0.432,-0.204,18.139,8.033,-12.154,Roll
-1.040,0.440,-0.182,16.791,-56.446,-12.163,Roll
-1.073,0.441,-0.088,4.008,-156.398,-7.639,Roll
-0.954,0.345,-0.043,0.683,-226.048,0.936,Roll
-0.945,0.369,0.109,6.528,-254.844,24.500,Roll
-1.007,0.429,0.235,10.229,-281.750,40.574,Roll
-0.940,0.444,0.474,3.710,-286.685,57.426,Roll
-0.848,0.366,0.480,2.310,-286.685,85.566,Roll
-0.775,0.420,0.529,-12.373,-286.685,68.434,Roll
-0.644,0.473,0.585,-32.664,-286.685,53.830,Roll
-0.449,0.434,0.855,-60.252,-286.685,45.255,Roll
-0.276,0.358,0.826,-87.789,-286.685,55.239,Roll
-0.187,0.320,0.880,-97.851,-286.685,52.474,Roll
-0.041,0.311,0.915,-93.817,-286.685,42.884,Roll
0.131,0.293,0.649,-67.567,-286.685,46.436,Roll
0.309,0.244,0.546,-17.386,-286.685,44.546,Roll
0.652,0.163,0.540,-7.236,-286.685,64.584,Roll
0.900,0.190,0.532,-23.581,-286.685,79.214,Roll
0.885,0.102,0.458,-39.384,-286.685,115.876,Roll
0.790,0.167,0.463,-26.792,-286.685,130.961,Roll
1.048,0.219,0.222,-14.971,-286.685,112.088,Roll
1.277,0.136,-0.014,-20.081,-274.995,95.559,Roll
1.277,0.129,-0.073,-2.975,-123.034,99.304,Roll
1.165,0.105,-0.090,24.771,18.147,57.995,Roll
1.079,0.065,-0.078,28.472,132.545,8.986,Roll
1.109,0.092,0.069,25.515,210.131,-16.301,Roll
0.975,0.115,0.310,30.205,286.685,-56.779,Roll
0.932,0.079,0.338,18.979,286.685,-104.387,Roll
0.808,0.104,0.524,13.711,286.685,-101.999,Roll
0.711,0.131,0.684,4.384,286.685,-89.897,Roll
0.664,0.202,0.907,17.141,286.685,-86.800,Roll
0.514,-0.066,0.874,24.972,286.685,-61.994,Roll
0.202,0.043,0.819,44.520,286.685,-39.086,Roll
-0.008,0.011,0.836,66.614,286.685,-39.646,Roll
-0.285,0.045,0.854,83.904,286.685,-46.865,Roll
-0.412,0.287,0.628,89.967,286.685,-35.534,Roll
-0.719,0.310,0.590,49.394,286.685,-57.969,Roll
-0.726,0.276,0.519,12.267,286.685,-80.544,Roll
-0.707,0.163,0.477,-16.538,286.685,-51.853,Roll
-0.663,0.165,0.215,-7.796,286.685,-3.701,Roll
-0.867,0.176,0.118,-15.347,286.685,7.910,Roll
-1.077,0.306,-0.076,-30.161,286.615,-2.695,Roll
-1.187,0.352,-0.261,-40.880,215.504,-2.905,Roll
-1.186,0.241,-0.359,17.701,123.305,4.769,Roll
-1.168,0.231,-0.304,16.406,25.349,-25.016,Roll
-1.167,0.277,-0.332,13.930,-105.884,-32.366,Roll
-1.209,0.241,-0.242,34.834,-181.449,-32.349,Roll
-0.966,0.173,-0.062,48.755,-269.535,0.411,Roll
-0.943,0.247,0.117,49.333,-286.685,27.895,Roll
-0.962,0.278,0.228,54.618,-286.685,47.206,Roll
-0.969,0.295,0.266,61.180,-286.685,54.486,Roll
-0.742,0.249,0.358,65.223,-286.685,57.592,Roll
-0.613,0.278,0.620,67.603,-286.685,68.714,Roll
-0.648,0.293,0.842,52.771,-286.685,86.048,Roll
-0.647,0.375,0.884,0.901,-286.685,74.550,Roll
-0.526,0.276,0.748,-36.435,-286.685,49.534,Roll
-0.296,0.294,0.820,-46.384,-286.685,36.820,Roll
-0.127,0.282,0.849,-60.629,-286.685,37.993,Roll
0.001,0.314,0.792,-75.154,-286.685,29.540,Roll
0.135,0.229,0.645,1.890,-286.685,17.010,Roll
0.369,0.258,0.616,65.293,-286.685,31.237,Roll
0.428,0.208,0.693,57.995,-286.685,56.919,Roll
0.695,0.295,0.643,4.410,-286.685,75.162,Roll
0.979,0.262,0.587,-14.490,-286.685,113.575,Roll
0.984,0.271,0.519,2.371,-286.685,133.796,Roll
0.884,0.203,0.492,9.292,-271.705,131.486,Roll
0.943,0.264,0.465,18.419,-208.635,113.864,Roll
1.213,0.236,0.258,17.272,-124.049,57.076,Roll
1.044,0.232,0.167,4.331,-24.202,3.955,Roll
1.130,0.234,0.255,6.186,43.041,-36.785,Roll
1.240,0.377,0.287,20.501,122.404,-57.312,Roll
1.049,0.237,0.313,29.208,218.636,-72.870,Roll
0.831,0.319,0.346,-8.488,281.978,-95.121,Roll
0.787,0.339,0.413,-39.646,286.685,-109.209,Roll
0.766,0.355,0.618,-39.340,286.685,-108.132,Roll
0.592,0.342,0.829,-38.395,286.685,-93.363,Roll
0.458,0.257,1.019,-29.636,286.685,-89.539,Roll
0.481,0.234,1.091,-24.692,286.685,-89.548,Roll
0.327,0.112,0.739,-7.131,286.685,-64.111,Roll
-0.093,0.186,0.554,74.926,286.685,-59.903,Roll
-0.488,0.083,0.714,60.629,286.685,-84.254,Roll
-0.683,0.126,0.643,-78.741,286.685,-103.469,Roll
-0.863,0.316,0.484,-146.186,286.396,-102.891,Roll
-0.790,0.192,0.355,-136.736,232.050,-113.522,Roll
-0.602,0.052,0.406,-81.261,273.665,-62.493,Roll
-0.811,0.069,0.155,-22.321,286.685,27.493,Roll
-0.946,0.126,0.019,-4.778,286.685,28.910,Roll
-0.957,0.053,-0.329,-14.936,286.353,10.203,Roll
-1.123,0.075,-0.286,-31.395,194.574,-22.181,Roll
-1.293,0.082,-0.358,-20.440,104.169,-16.354,Roll
-1.288,0.156,-0.445,-4.935,-32.611,-14.665,Roll
-1.189,0.104,-0.528,54.049,-141.348,-21.831,Roll
-1.102,0.110,-0.276,86.861,-277.883,-27.003,Roll
-1.023,0.076,0.172,114.030,-286.685,-10.990,Roll
-0.962,0.110,0.318,131.381,-286.685,52.876,Roll
-0.810,0.072,0.456,147.595,-286.685,105.674,Roll
-0.700,0.108,0.523,117.740,-286.685,156.004,Roll
-0.682,0.243,0.526,96.215,-286.685,159.495,Roll
-0.599,0.307,0.694,72.030,-286.685,153.904,Roll
-0.421,0.385,0.902,39.909,-286.685,142.660,Roll
-0.392,0.383,1.001,-38.159,-286.685,114.686,Roll
-0.289,0.449,0.849,-87.964,-286.685,87.421,Roll
-0.023,0.482,0.836,-87.999,-286.685,67.419,Roll
0.245,0.249,0.825,-16.292,-286.685,63.499,Roll
0.273,0.272,0.819,33.513,-286.685,62.361,Roll
0.214,0.337,0.468,34.921,-286.685,34.335,Roll
0.625,0.330,0.351,1.601,-286.685,78.488,Roll
0.881,0.272,0.694,-3.334,-286.685,131.775,Roll
0.968,0.264,0.515,-0.989,-286.685,126.866,Roll
1.074,0.219,0.405,40.994,-286.685,123.366,Roll
1.034,0.285,0.302,29.759,-219.739,135.441,Roll
1.173,0.300,0.243,16.319,-110.355,107.555,Roll
1.078,0.247,0.160,7.665,8.243,48.090,Roll
1.098,0.305,0.078,25.051,121.896,-2.783,Roll
1.079,0.251,0.199,38.658,239.540,-52.938,Roll
0.901,0.173,0.360,37.266,283.027,-75.302,Roll
0.713,0.193,0.570,10.850,286.685,-94.789,Roll
0.713,0.264,0.652,-26.145,286.685,-111.956,Roll
0.679,0.269,0.760,1.452,286.685,-111.624,Roll
0.507,0.234,0.928,11.760,286.685,-112.385,Roll
0.331,0.228,1.036,7.184,286.685,-109.244,Roll
0.129,0.118,0.889,8.951,286.685,-102.051,Roll
-0.017,0.148,0.781,51.319,286.685,-86.677,Roll
-0.379,0.182,0.889,68.206,286.685,-84.613,Roll
-0.570,0.300,0.700,-18.996,286.685,-85.785,Roll
-0.661,0.222,0.487,-49.796,286.685,-87.062,Roll
-0.645,0.198,0.413,-60.384,286.685,-111.956,Roll
-0.732,0.205,0.205,-77.595,286.685,-129.019,Roll
-0.821,0.046,0.161,-63.166,286.685,-106.173,Roll
-0.838,0.131,-0.068,-76.387,286.685,-71.724,Roll
-0.896,0.175,-0.285,-21.744,286.685,-27.667,Roll
-1.108,0.026,-0.444,-24.255,278.547,-22.487,Roll
-1.255,0.042,-0.583,-27.834,148.374,-27.265,Roll
-1.272,0.030,-0.747,5.548,-23.415,8.321,Roll
-1.233,0.008,-0.696,63.814,-209.055,21.096,Roll
-1.154,0.060,-0.456,84.236,-285.346,25.358,Roll
-0.975,0.022,-0.134,120.908,-286.685,49.088,Roll
-0.876,0.084,0.028,138.355,-286.685,79.327,Roll
-0.882,0.112,0.180,123.253,-286.685,108.229,Roll
-0.825,0.150,0.344,112.700,-286.685,122.045,Roll
-0.759,0.207,0.555,93.397,-286.685,141.785,Roll
-0.727,0.194,0.675,57.610,-286.685,124.574,Roll
-0.509,0.260,0.821,24.019,-286.685,109.533,Roll
-0.379,0.310,0.939,12.705,-286.685,108.290,Roll
-0.346,0.415,0.888,-4.480,-286.685,92.619,Roll
-0.107,0.315,0.808,-36.374,-286.685,60.515,Roll
0.163,0.246,0.612,24.868,-286.685,52.518,Roll
0.416,0.424,0.666,83.020,-286.685,63.998,Roll
0.562,0.323,0.541,122.509,-286.685,97.598,Roll
0.602,0.324,0.526,53.147,-286.685,144.410,Roll
0.731,0.373,0.485,-6.318,-286.685,155.277,Roll
0.944,0.326,0.450,-14.350,-286.685,135.441,Roll
1.170,0.323,0.170,4.139,-286.685,133.105,Roll
0.995,0.330,0.070,34.046,-227.281,138.355,Roll
0.982,0.321,0.044,24.237,-74.620,98.254,Roll
1.240,0.253,0.058,27.317,6.895,54.766,Roll
1.193,0.140,-0.057,22.216,94.465,1.610,Roll
1.071,0.145,-0.031,5.093,181.641,-20.466,Roll
0.994,0.161,0.203,-3.596,233.529,-30.126,Roll
0.976,0.201,0.272,17.395,256.576,-30.336,Roll
0.917,0.255,0.452,30.196,286.685,-31.255,Roll
0.912,0.270,0.615,24.517,286.685,-39.007,Roll
0.857,0.200,0.639,22.015,286.685,-53.314,Roll
0.516,0.115,0.706,14.805,286.685,-50.776,Roll
0.258,0.161,0.860,-4.480,286.685,-34.991,Roll
0.003,0.041,0.836,41.475,286.685,-19.241,Roll
-0.095,0.111,0.958,72.223,286.685,-2.651,Roll
-0.292,0.073,0.829,29.365,286.685,1.102,Roll
-0.526,0.119,0.617,23.179,286.685,1.129,Roll
-0.729,0.369,0.568,11.699,286.685,-20.466,Roll
-0.643,0.362,0.453,5.845,286.685,-15.146,Roll
-0.643,0.190,0.279,7.971,286.685,-2.660,Roll
-0.884,0.185,0.286,-32.909,286.685,1.505,Roll
-1.042,0.239,0.136,-15.802,286.685,25.882,Roll
-0.991,0.279,-0.220,20.510,286.685,32.410,Roll
-1.073,0.313,-0.271,33.320,286.519,8.076,Roll
-1.005,0.364,-0.306,4.865,202.011,-19.224,Roll
-1.222,0.373,-0.415,11.699,82.390,-23.424,Roll
-1.232,0.402,-0.401,17.281,-65.546,-20.204,Roll
-1.088,0.339,-0.404,16.135,-160.720,-12.828,Roll
-0.985,0.274,-0.265,19.058,-272.492,-9.179,Roll
-1.020,0.282,-0.060,17.071,-286.685,-8.995,Roll
-0.974,0.243,0.128,23.056,-286.685,-11.594,Roll
-0.893,0.267,0.184,26.775,-286.685,-2.713,Roll
-0.696,0.207,0.347,42.875,-286.685,9.686,Roll
-0.664,0.150,0.633,29.426,-286.685,16.774,Roll
-0.689,0.257,0.866,31.483,-286.685,41.764,Roll
-0.633,0.257,0.973,26.005,-286.685,64.776,Roll
-0.487,0.266,0.911,-17.955,-286.685,64.295,Roll
-0.206,0.216,0.796,-52.972,-286.685,45.518,Roll
0.044,0.132,0.780,-70.289,-286.685,33.250,Roll
0.218,0.164,0.829,-54.049,-286.685,46.270,Roll
0.457,0.158,0.789,-42.525,-286.685,61.854,Roll
0.607,0.158,0.717,-46.874,-286.685,85.339,Roll
0.666,0.106,0.546,-53.340,-286.685,95.086,Roll
0.837,0.089,0.525,-47.932,-286.685,97.799,Roll
1.032,0.112,0.340,-55.204,-286.685,120.636,Roll
1.042,0.080,0.248,-56.210,-227.115,108.859,Roll
1.152,0.065,0.177,-46.366,-120.855,66.894,Roll
1.245,0.062,0.115,-21.499,-35.140,38.185,Roll
1.134,0.064,0.155,22.417,92.234,5.005,Roll
1.052,0.005,0.235,54.303,188.107,-20.983,Roll
0.959,0.106,0.352,74.515,259.184,-46.349,Roll
0.931,0.056,0.455,76.694,286.685,-62.440,Roll
0.807,-0.037,0.556,72.704,286.685,-68.224,Roll
0.723,0.080,0.694,78.549,286.685,-57.146,Roll
0.508,0.070,0.914,75.827,286.685,-47.066,Roll
0.374,0.064,1.050,54.232,286.685,-43.584,Roll
0.121,-0.014,0.797,20.737,286.685,-22.444,Roll
-0.160,-0.009,0.736,49.936,286.685,4.935,Roll
-0.526,0.061,0.717,58.109,286.685,7.630,Roll
-0.670,0.206,0.833,65.957,286.685,-0.052,Roll
-0.703,0.223,0.697,37.844,286.685,-40.250,Roll
-0.665,0.216,0.545,-12.959,286.685,-77.674,Roll
-0.828,0.101,0.514,-33.162,286.685,-66.579,Roll
-0.828,0.167,0.299,-31.465,286.685,-26.163,Roll
-0.965,0.053,0.226,-13.667,286.685,3.544,Roll
-1.071,0.177,0.020,-25.996,252.315,2.984,Roll
-1.011,0.155,-0.101,-42.368,178.693,-5.793,Roll
-1.003,0.175,-0.198,-35.009,130.655,-1.102,Roll
-1.098,0.113,-0.220,-11.419,60.165,6.160,Roll
-1.209,0.132,-0.260,15.680,-9.774,10.929,Roll
-1.144,0.220,-0.230,31.815,-102.060,6.869,Roll
-1.119,0.210,-0.173,36.015,-164.885,14.201,Roll
-1.045,0.159,-0.008,58.380,-243.670,10.684,Roll
-0.984,0.176,0.158,69.878,-286.134,31.106,Roll
-0.987,0.198,0.406,60.139,-286.685,55.449,Roll
-0.851,0.220,0.477,52.369,-286.685,63.674,Roll
-0.662,0.199,0.484,84.411,-286.685,71.304,Roll
-0.520,0.238,0.674,99.155,-286.685,79.721,Roll
-0.470,0.312,0.877,50.864,-286.685,96.416,Roll
-0.425,0.388,0.983,-10.290,-286.685,97.501,Roll
-0.279,0.384,0.955,-75.259,-286.685,81.952,Roll
-0.105,0.204,0.848,-108.404,-286.685,48.037,Roll
0.312,0.182,0.776,-76.615,-286.685,46.944,Roll
0.464,0.201,0.679,-37.144,-286.685,43.855,Roll
0.598,0.282,0.594,-5.617,-286.685,46.401,Roll
0.738,0.080,0.514,-31.824,-286.685,62.554,Roll
0.875,0.132,0.375,-70.735,-286.685,102.664,Roll
0.994,0.140,0.203,-67.051,-286.685,130.725,Roll
1.050,0.142,0.139,-36.549,-275.310,135.170,Roll
1.113,0.159,0.062,-19.407,-182.884,123.340,Roll
1.095,0.108,-0.067,1.785,-83.370,73.920,Roll
1.158,0.047,-0.056,7.499,-15.741,39.952,Roll
1.087,-0.019,-0.069,9.100,86.433,14.193,Roll
1.138,0.001,0.081,15.251,178.281,-18.086,Roll
1.120,0.001,0.250,33.513,255.902,-54.049,Roll
1.111,0.033,0.410,53.891,286.449,-80.868,Roll
1.021,0.008,0.546,72.940,286.685,-112.341,Roll
0.912,0.118,0.495,71.356,286.685,-108.605,Roll
0.530,0.164,0.605,88.533,286.685,-102.637,Roll
0.405,0.196,0.895,84.341,286.685,-123.095,Roll
0.425,0.222,1.127,79.529,286.685,-140.096,Roll
0.160,0.135,0.922,60.401,286.685,-114.397,Roll
-0.216,0.076,0.714,56.376,286.685,-93.135,Roll
-0.369,0.153,0.788,57.129,286.685,-94.868,Roll
-0.401,0.260,0.719,39.156,286.685,-115.684,Roll
-0.498,0.214,0.498,23.214,286.685,-126.796,Roll
-0.717,0.216,0.388,5.609,286.685,-156.188,Roll
-0.873,0.191,0.369,-7.927,286.685,-177.844,Roll
-0.963,0.172,0.171,-56.026,286.685,-136.290,Roll
-0.945,0.190,-0.082,-58.266,285.644,-102.629,Roll
-1.139,0.066,-0.191,-39.034,209.125,-84.507,Roll
-1.084,0.139,-0.192,7.595,111.335,-49.394,Roll
-1.060,0.051,-0.338,14.971,44.214,-22.260,Roll
-1.212,-0.014,-0.239,21.210,-84.761,-1.558,Roll
-1.151,-0.003,-0.184,28.403,-192.587,35.131,Roll
-1.111,0.005,-0.128,52.972,-258.851,50.382,Roll
-1.077,0.040,0.111,71.173,-285.950,66.098,Roll
-0.963,0.116,0.277,99.120,-286.685,93.774,Roll
-0.821,0.109,0.403,87.876,-286.685,117.215,Roll
-0.810,0.145,0.477,62.615,-286.685,127.846,Roll
-0.666,0.215,0.703,66.027,-286.685,120.724,Roll
-0.537,0.289,0.870,57.662,-286.685,117.626,Roll
-0.344,0.305,0.908,29.855,-286.685,129.518,Roll
-0.257,0.268,0.911,-25.165,-286.685,141.444,Roll
-0.045,0.227,0.913,-63.315,-286.685,136.124,Roll
0.225,0.247,0.798,-45.789,-286.685,131.294,Roll
0.376,0.347,0.859,0.411,-286.685,138.740,Roll
0.468,0.276,0.752,13.248,-286.685,137.428,Roll
0.644,0.294,0.609,-4.725,-286.659,134.059,Roll
0.695,0.165,0.490,-24.684,-271.985,120.872,Roll
0.839,0.031,0.619,-36.943,-281.199,112.665,Roll
0.837,0.111,0.359,-37.091,-286.624,101.911,Roll
0.994,0.170,0.185,-25.970,-263.253,91.866,Roll
1.227,0.078,0.122,-20.493,-162.295,63.193,Roll
1.201,-0.040,0.150,-21.639,-41.064,45.868,Roll
1.101,0.034,0.080,3.579,54.784,31.299,Roll
1.077,0.103,0.108,22.549,115.089,-5.014,Roll
1.091,0.023,0.274,37.450,201.110,-39.121,Roll
1.020,0.004,0.370,45.798,267.960,-47.399,Roll
0.988,0.049,0.517,34.545,286.685,-57.356,Roll
0.877,0.218,0.538,31.780,286.685,-68.092,Roll
0.669,0.150,0.540,31.631,286.685,-87.631,Roll
0.567,0.056,0.783,60.734,286.685,-76.387,Roll
0.431,0.020,0.874,54.268,286.685,-47.845,Roll
0.130,0.080,0.870,55.877,286.685,-35.280,Roll
-0.077,0.122,0.734,80.159,286.685,-18.751,Roll
-0.400,0.129,0.805,121.730,286.685,-20.597,Roll
-0.423,0.265,0.719,107.879,286.685,-39.279,Roll
-0.488,0.297,0.609,71.838,286.685,-45.903,Roll
-0.722,0.270,0.506,39.909,286.685,-45.596,Roll
-0.853,0.289,0.397,32.156,286.685,-64.531,Roll
-0.823,0.177,0.266,11.462,286.685,-35.919,Roll
-0.901,0.201,0.106,14.411,286.685,-2.030,Roll
-1.123,0.302,-0.012,5.407,286.685,-8.680,Roll
-1.112,0.318,-0.248,-11.069,232.645,-24.657,Roll
-1.106,0.301,-0.281,0.534,143.745,-23.153,Roll
-1.184,0.348,-0.287,-1.619,74.436,-11.471,Roll
-1.129,0.374,-0.312,14.569,-61.110,-1.732,Roll
-1.101,0.295,-0.231,11.296,-168.691,-8.514,Roll
-1.112,0.293,-0.079,17.010,-237.396,-0.394,Roll
-1.050,0.266,0.030,39.121,-272.790,15.041,Roll
-0.922,0.315,0.134,46.821,-286.685,39.891,Roll
-0.789,0.323,0.323,31.500,-286.685,65.844,Roll
-0.729,0.332,0.521,19.460,-286.685,91.884,Roll
-0.738,0.276,0.574,1.846,-286.685,98.543,Roll
-0.589,0.409,0.791,24.675,-286.685,102.305,Roll
-0.512,0.360,0.830,23.940,-286.685,107.082,Roll
-0.274,0.376,0.843,-31.859,-286.685,105.831,Roll
-0.230,0.437,0.838,-75.486,-286.685,101.482,Roll
-0.140,0.383,0.967,-114.809,-286.685,74.804,Roll
0.086,0.380,0.793,-128.861,-286.685,54.749,Roll
0.401,0.135,0.647,-96.688,-286.685,49.481,Roll
0.446,0.156,0.682,-79.503,-286.685,53.935,Roll
0.704,0.149,0.771,-81.804,-286.685,68.092,Roll
0.766,0.052,0.511,-73.876,-286.685,93.415,Roll
0.706,0.168,0.432,-72.406,-286.685,114.993,Roll
0.866,0.131,0.401,-81.016,-286.685,112.411,Roll
1.251,0.122,0.081,-58.485,-244.624,91.857,Roll
1.196,0.071,-0.064,-32.086,-141.251,59.981,Roll
1.030,0.034,-0.066,-7.997,-25.366,31.815,Roll
0.974,0.038,-0.075,6.668,36.960,25.620,Roll
1.010,0.010,0.029,24.167,122.132,21.000,Roll
1.027,-0.047,0.203,31.395,182.044,23.853,Roll
0.952,0.052,0.287,60.952,221.314,-9.712,Roll
0.958,0.003,0.308,74.664,246.321,-34.641,Roll
1.007,0.066,0.486,62.020,278.967,-68.924,Roll
0.857,0.144,0.661,65.651,286.685,-89.145,Roll
0.674,0.176,0.786,65.511,286.685,-98.866,Roll
0.573,0.134,0.779,71.348,286.685,-99.995,Roll
0.299,0.058,0.968,79.354,286.685,-91.831,Roll
0.022,0.016,0.807,74.340,286.685,-73.465,Roll
-0.309,0.068,0.807,106.339,286.685,-64.706,Roll
-0.403,0.181,0.899,130.314,286.685,-62.895,Roll
-0.550,0.271,0.753,98.919,286.685,-76.808,Roll
-0.632,0.334,0.483,52.745,286.685,-89.714,Roll
-0.635,0.229,0.460,49.639,286.685,-103.591,Roll
-0.768,0.075,0.309,43.531,286.685,-115.211,Roll
-1.030,0.165,0.404,24.360,286.685,-93.363,Roll
-1.143,0.155,0.194,-20.930,286.685,-34.650,Roll
-1.181,0.385,-0.086,-13.318,275.319,-30.861,Roll
-1.071,0.349,-0.180,-23.958,224.595,-19.591,Roll
-0.999,0.303,-0.331,-23.861,111.886,-10.780,Roll
-0.982,0.186,-0.369,-9.389,-1.347,13.571,Roll
-1.054,0.255,-0.288,15.374,-109.664,31.036,Roll
-1.093,0.267,-0.184,21.630,-176.566,31.465,Roll
-1.117,0.236,-0.030,45.185,-251.764,40.416,Roll
-0.994,0.279,0.041,41.256,-286.571,61.338,Roll
-0.935,0.321,0.208,26.311,-286.685,73.832,Roll
-0.862,0.354,0.375,16.721,-286.685,80.308,Roll
-0.736,0.308,0.514,0.306,-286.685,101.868,Roll
-0.701,0.320,0.622,-23.424,-286.685,103.110,Roll
-0.550,0.353,0.801,-65.441,-286.685,76.685,Roll
-0.443,0.306,0.833,-94.089,-286.685,60.725,Roll
-0.286,0.287,0.964,-95.567,-286.685,52.824,Roll
-0.222,0.320,0.986,-80.649,-286.685,29.689,Roll
-0.013,0.179,0.807,-83.912,-286.685,6.562,Roll
0.236,0.206,0.658,-44.835,-286.685,11.358,Roll
0.473,0.107,0.720,-9.783,-286.685,34.046,Roll
0.632,0.176,0.628,-12.871,-286.685,67.515,Roll
0.811,0.143,0.516,-33.705,-286.685,127.137,Roll
0.865,0.172,0.543,-30.931,-286.685,140.385,Roll
0.849,0.137,0.558,-32.673,-286.685,135.126,Roll
1.112,0.057,0.112,-30.599,-285.408,114.389,Roll
1.228,0.043,-0.049,8.269,-182.700,114.887,Roll
1.165,0.046,-0.035,17.360,-103.705,99.015,Roll
1.082,-0.044,-0.103,30.721,5.574,64.365,Roll
1.003,-0.043,-0.143,49.866,106.094,35.053,Roll
1.116,-0.067,0.045,59.080,209.431,-0.052,Roll
1.037,-0.137,0.314,58.949,265.318,-16.327,Roll
0.880,-0.026,0.360,62.396,286.685,-33.338,Roll
0.846,0.073,0.581,82.679,286.685,-77.438,Roll
0.808,0.040,0.596,80.561,286.685,-115.885,Roll
0.742,0.028,0.666,101.999,286.685,-106.488,Roll
0.568,0.129,0.752,106.558,286.685,-95.909,Roll
0.286,0.143,0.813,118.746,286.685,-81.725,Roll
0.053,0.275,0.829,137.480,286.685,-82.014,Roll
-0.192,0.209,0.698,164.290,286.685,-89.512,Roll
-0.408,0.231,0.810,208.399,286.685,-119.438,Roll
-0.564,0.289,0.864,179.121,286.685,-168.070,Roll
-0.482,0.400,0.891,88.909,286.685,-181.256,Roll
-0.550,0.291,0.675,23.905,286.685,-158.734,Roll
-0.778,0.237,0.553,28.324,286.685,-130.996,Roll
-0.906,0.333,0.325,21.718,286.685,-105.936,Roll
-1.135,0.343,0.164,-11.252,286.685,-88.366,Roll
-1.186,0.455,0.121,-28.210,234.649,-54.696,Roll
-1.030,0.302,-0.172,-37.634,178.596,-46.217,Roll
-1.043,0.283,-0.239,-25.996,75.381,-31.351,Roll
-1.073,0.204,-0.139,15.566,-12.495,-25.244,Roll
-1.093,0.180,-0.146,12.932,-72.966,-21.184,Roll
-1.113,0.188,-0.077,-0.446,-111.860,-19.101,Roll
-1.076,0.211,-0.016,13.283,-174.676,-0.271,Roll
-0.998,0.282,0.109,38.229,-253.409,29.794,Roll
-0.935,0.331,0.274,47.810,-286.685,69.177,Roll
-0.804,0.280,0.395,26.399,-286.685,101.098,Roll
-0.773,0.222,0.495,21.298,-286.685,110.285,Roll
-0.795,0.340,0.740,10.071,-286.685,86.363,Roll
-0.661,0.380,0.836,-25.042,-286.685,80.509,Roll
-0.533,0.347,1.031,-44.686,-286.685,82.591,Roll
-0.366,0.442,0.998,-73.001,-286.685,52.894,Roll
0.013,0.106,0.661,-79.704,-286.685,34.484,Roll
0.261,0.135,0.553,-25.847,-286.685,31.080,Roll
0.498,0.181,0.705,30.782,-286.685,37.756,Roll
0.688,0.254,0.594,21.735,-286.685,57.671,Roll
0.738,0.143,0.588,11.427,-286.685,105.963,Roll
0.722,0.172,0.464,9.161,-286.685,142.485,Roll
0.772,0.187,0.473,23.310,-286.685,151.051,Roll
1.012,0.296,0.097,26.696,-286.685,142.398,Roll
1.090,0.242,-0.078,15.216,-239.750,87.071,Roll
1.091,0.160,-0.086,13.632,-116.375,64.916,Roll
1.080,0.061,-0.227,14.761,-43.540,47.661,Roll
1.079,0.087,-0.295,37.222,71.137,20.790,Roll
1.100,0.009,-0.123,32.261,172.182,-2.616,Roll
1.111,0.071,0.044,27.816,223.536,-26.635,Roll
1.046,0.046,0.315,36.216,271.119,-44.993,Roll
0.962,0.024,0.554,27.720,286.685,-50.829,Roll
0.996,0.070,0.554,19.880,286.685,-29.794,Roll
1.014,0.180,0.613,38.859,286.685,-47.320,Roll
0.631,0.191,0.705,52.307,286.685,-60.638,Roll
0.268,0.028,0.657,56.228,286.685,-31.474,Roll
-0.023,0.069,0.821,55.353,286.685,-17.684,Roll
-0.101,0.126,0.829,66.246,286.685,-8.855,Roll
-0.238,0.068,0.817,90.772,286.685,-10.544,Roll
-0.272,0.142,0.528,116.051,286.685,-5.346,Roll
-0.563,0.145,0.510,76.160,286.685,-35.166,Roll
-0.748,0.193,0.535,-19.959,286.685,-70.122,Roll
-0.947,0.223,0.455,-60.515,286.685,-65.966,Roll
-0.920,0.110,0.232,-106.461,286.685,-24.981,Roll
-0.962,0.271,0.084,-48.825,286.685,-5.863,Roll
-1.178,0.462,-0.137,-60.961,239.811,37.494,Roll
-1.152,0.334,-0.350,-38.614,165.550,23.634,Roll
-1.137,0.261,-0.352,-10.316,73.719,8.592,Roll
-1.064,0.259,-0.231,1.549,-34.842,21.542,Roll
-1.094,0.278,-0.191,4.646,-141.899,19.705,Roll
-1.117,0.286,-0.096,6.230,-199.351,7.140,Roll
-1.046,0.334,-0.054,23.013,-250.486,8.855,Roll
-1.092,0.302,0.253,37.153,-286.676,11.419,Roll
-1.111,0.289,0.500,41.344,-286.685,13.807,Roll
-0.910,0.210,0.467,42.875,-286.685,17.159,Roll
-0.676,0.222,0.449,47.967,-286.685,32.830,Roll
-0.515,0.290,0.670,43.671,-286.685,62.169,Roll
-0.469,0.285,0.985,11.296,-286.685,70.963,Roll
-0.431,0.315,1.028,-15.934,-286.685,61.967,Roll
-0.194,0.303,0.936,-84.569,-286.685,54.460,Roll
0.125,0.160,0.781,-130.515,-286.685,44.511,Roll
0.393,0.116,0.509,-107.651,-286.685,40.346,Roll
0.459,0.060,0.587,-57.120,-286.685,53.830,Roll
0.721,0.109,0.604,-54.408,-286.685,117.355,Roll
0.915,0.126,0.498,-57.286,-286.685,141.137,Roll
1.052,0.002,0.394,-25.664,-286.685,152.101,Roll
1.067,0.025,0.219,8.208,-284.104,153.458,Roll
1.069,-0.008,0.011,54.145,-205.432,148.400,Roll
1.084,-0.086,0.023,54.591,-111.939,136.106,Roll
1.062,-0.167,-0.096,25.882,2.450,98.997,Roll
1.095,-0.206,-0.061,21.569,72.537,74.069,Roll
1.077,-0.278,-0.020,23.468,165.926,44.021,Roll
0.932,-0.179,0.052,25.646,258.510,12.985,Roll
0.935,-0.088,0.153,35.096,286.685,-50.234,Roll
0.892,-0.094,0.340,85.286,286.685,-81.585,Roll
0.743,-0.061,0.586,124.469,286.685,-115.456,Roll
0.610,0.043,0.813,125.842,286.685,-143.255,Roll
0.350,0.069,0.859,121.835,286.685,-155.514,Roll
0.341,0.089,0.845,114.870,286.685,-152.031,Roll
0.060,-0.006,0.952,124.241,286.685,-113.986,Roll
-0.269,0.072,1.081,154.656,286.685,-118.991,Roll
-0.432,0.205,0.957,145.171,286.685,-118.711,Roll
-0.481,0.311,0.854,104.948,286.685,-127.033,Roll
-0.618,0.238,0.598,42.053,286.685,-128.747,Roll
-0.608,0.176,0.680,-7.131,286.685,-131.959,Roll
-0.753,0.176,0.594,-6.230,286.685,-106.514,Roll
-0.806,0.163,0.425,-33.548,286.685,-69.624,Roll
-0.923,0.113,0.206,-29.750,273.858,-11.699,Roll
-1.203,0.248,0.093,-26.556,215.521,9.669,Roll
-1.102,0.100,0.002,-25.279,136.290,13.414,Roll
-1.046,0.107,-0.067,-31.605,99.601,23.030,Roll
-1.108,0.242,-0.140,-25.427,20.702,29.601,Roll
-1.125,0.256,-0.005,13.046,-97.055,26.180,Roll
-1.282,0.233,0.092,28.744,-190.505,20.545,Roll
-1.147,0.194,0.158,42.376,-240.572,14.858,Roll
-0.923,0.200,0.186,57.094,-286.685,17.229,Roll
-0.870,0.267,0.403,71.321,-286.685,22.698,Roll
-0.735,0.341,0.542,71.312,-286.685,46.795,Roll
-0.665,0.304,0.659,67.235,-286.685,62.799,Roll
-0.539,0.304,0.682,55.099,-286.685,53.804,Roll
-0.306,0.241,0.935,44.100,-286.685,37.546,Roll
-0.317,0.416,0.962,6.676,-286.685,34.020,Roll
-0.192,0.315,0.869,-23.196,-286.685,15.172,Roll
0.072,0.264,0.634,6.475,-286.685,-3.876,Roll
0.461,0.243,0.494,16.362,-286.685,7.114,Roll
0.651,0.412,0.402,30.625,-286.685,28.096,Roll
0.843,0.336,0.410,24.028,-286.685,38.386,Roll
0.971,0.335,0.396,30.616,-286.685,67.183,Roll
0.949,0.403,0.351,42.070,-286.685,92.978,Roll
0.910,0.420,0.235,68.442,-281.566,89.215,Roll
1.124,0.479,-0.089,37.879,-191.896,59.307,Roll
1.163,0.344,-0.110,34.274,-81.016,53.322,Roll
1.003,0.435,-0.176,9.922,15.400,38.588,Roll
1.057,0.399,-0.127,11.016,116.777,1.120,Roll
1.134,0.203,0.008,4.401,190.934,-10.561,Roll
1.061,0.170,0.246,-18.200,281.864,10.999,Roll
0.902,0.428,0.407,-12.023,286.685,-21.184,Roll
0.813,0.327,0.530,4.865,286.685,-68.635,Roll
0.730,0.343,0.706,13.632,286.685,-85.820,Roll
0.646,0.318,0.880,-28.472,286.685,-108.342,Roll
0.336,0.179,0.680,-54.408,286.685,-73.281,Yaw
0.108,0.120,0.593,13.983,286.685,-48.029,Yaw
-0.033,0.094,1.025,4.287,-1.803,-5.285,Yaw
-0.048,0.081,1.033,4.900,-5.749,-0.184,Yaw
-0.055,0.077,1.020,7.306,-6.396,0.499,Yaw
-0.042,0.082,0.994,8.855,-4.594,-0.123,Yaw
-0.056,0.100,1.001,11.069,2.669,0.175,Yaw
-0.039,0.072,0.998,4.830,0.831,2.336,Yaw
-0.021,0.086,0.975,8.837,-3.036,-1.645,Yaw
0.014,0.083,0.964,11.331,0.796,-3.019,Yaw
0.015,0.082,0.982,8.321,8.024,0.245,Yaw
0.023,0.048,0.993,10.194,5.101,-0.884,Yaw
0.018,0.014,0.968,8.208,6.108,-8.453,Yaw
-0.028,0.016,0.998,6.816,16.581,-16.520,Yaw
-0.100,0.102,1.083,1.138,24.378,-29.776,Yaw
-0.041,0.061,0.996,-0.980,8.059,-21.823,Yaw
-0.068,0.035,0.972,24.124,-0.534,-14.569,Yaw
-0.130,0.149,1.329,41.116,-91.691,-29.312,Yaw
-0.050,0.222,0.930,17.456,-13.038,-43.505,Yaw
-0.106,0.272,0.946,22.409,54.145,-46.585,Yaw
-0.268,0.253,1.170,29.347,52.859,-94.745,Yaw
-0.337,0.121,0.991,11.323,57.724,-141.908,Yaw
-0.628,0.243,0.996,5.250,65.459,-267.811,Yaw
-0.301,0.094,0.935,18.323,31.430,-286.685,Yaw
-0.285,0.094,0.906,16.109,37.459,-286.685,Yaw
-0.122,0.280,0.946,-1.654,46.821,-286.685,Yaw
0.041,0.338,1.013,-12.565,23.144,-286.685,Yaw
-0.024,0.254,0.992,-2.721,15.496,-286.606,Yaw
-0.175,0.062,1.020,5.250,-9.564,-213.561,Yaw
-0.242,-0.089,1.001,43.190,-30.161,-173.154,Yaw
-0.064,-0.061,1.004,60.419,-40.950,-79.214,Yaw
-0.126,-0.019,0.969,48.344,-34.466,93.223,Yaw
-0.003,0.075,1.111,47.521,-52.596,259.079,Yaw
0.225,0.182,0.937,45.132,-56.717,286.685,Yaw
0.046,0.194,1.113,63.744,-40.792,286.685,Yaw
0.123,0.218,1.066,32.725,-41.239,286.685,Yaw
0.094,0.219,0.987,42.726,-23.546,286.685,Yaw
0.097,0.277,1.031,29.698,11.069,286.685,Yaw
-0.014,0.300,0.939,-0.770,-2.651,286.685,Yaw
-0.031,0.568,0.886,50.785,-11.375,286.685,Yaw
0.056,0.239,1.278,-3.727,-68.897,286.685,Yaw
-0.086,0.409,1.223,-13.676,-80.176,286.685,Yaw
-0.054,0.397,0.955,-15.610,-52.570,286.685,Yaw
0.132,0.222,0.990,-14.455,-22.689,286.685,Yaw
0.297,0.105,0.915,8.269,-17.220,235.795,Yaw
0.329,-0.046,0.902,14.026,-16.669,151.594,Yaw
0.425,0.025,0.914,24.159,-17.920,0.464,Yaw
0.354,0.076,0.941,49.035,16.118,-153.554,Yaw
0.190,0.196,1.043,53.891,74.559,-286.510,Yaw
0.137,0.409,1.079,21.254,74.471,-286.685,Yaw
0.034,0.337,0.864,49.998,85.986,-286.685,Yaw
-0.131,0.375,1.045,46.261,69.834,-286.685,Yaw
-0.124,0.272,1.068,64.120,86.380,-286.685,Yaw
-0.226,0.179,1.129,41.318,72.118,-286.685,Yaw
-0.190,0.197,1.171,3.316,43.645,-286.685,Yaw
-0.210,0.343,0.736,20.536,36.505,-286.685,Yaw
-0.287,0.345,1.106,109.611,0.779,-286.685,Yaw
-0.111,0.319,1.270,48.107,-13.571,-286.685,Yaw
-0.165,0.269,1.030,-55.982,-20.038,-286.685,Yaw
-0.178,0.078,0.731,-30.109,-3.089,-286.685,Yaw
-0.240,-0.032,0.895,13.300,38.588,-285.504,Yaw
-0.374,-0.196,0.760,44.607,45.763,-215.976,Yaw
-0.223,-0.175,0.846,35.700,20.632,-34.632,Yaw
-0.120,-0.163,0.953,43.470,8.925,93.056,Yaw
-0.156,0.136,0.991,51.354,-30.923,281.277,Yaw
-0.079,0.267,1.007,58.572,-46.042,286.685,Yaw
-0.042,0.405,1.110,54.775,-65.275,286.685,Yaw
-0.000,0.392,0.981,88.480,-46.069,286.685,Yaw
0.023,0.386,1.069,64.855,-10.815,286.685,Yaw
0.077,0.466,1.123,28.271,-27.956,286.685,Yaw
-0.007,0.432,1.078,-22.470,-75.512,286.685,Yaw
0.008,0.333,0.927,-26.731,-104.116,286.685,Yaw
0.042,0.454,0.786,40.224,-60.812,286.685,Yaw
0.237,0.561,1.220,83.213,-29.251,286.685,Yaw
0.277,0.433,0.970,4.594,-47.311,286.685,Yaw
0.252,0.246,0.757,-35.490,-35.254,286.685,Yaw
0.626,-0.071,0.883,-11.708,-63.394,264.337,Yaw
0.662,-0.095,0.796,18.734,-62.729,135.030,Yaw
0.528,-0.118,0.846,8.033,-28.263,-47.338,Yaw
0.450,-0.033,0.848,7.026,20.632,-213.413,Yaw
0.466,0.198,0.887,12.731,67.463,-286.685,Yaw
0.361,0.298,0.869,7.919,98.543,-286.685,Yaw
0.231,0.457,1.050,-1.837,107.511,-286.685,Yaw
0.063,0.342,0.984,-10.894,82.338,-286.685,Yaw
0.044,0.179,1.058,17.202,75.880,-286.685,Yaw
-0.072,0.305,1.034,15.006,72.669,-286.685,Yaw
-0.185,0.457,1.009,-10.780,56.691,-286.685,Yaw
-0.048,0.305,1.101,-42.691,47.941,-286.685,Yaw
0.008,0.307,0.956,5.845,71.671,-286.685,Yaw
-0.177,0.383,1.019,-7.105,76.755,-286.685,Yaw
-0.278,0.379,1.072,-24.036,38.955,-286.685,Yaw
-0.301,0.174,0.831,-16.222,27.729,-286.685,Yaw
-0.284,0.109,0.850,7.831,41.632,-286.685,Yaw
-0.692,0.102,0.806,96.714,20.274,-224.473,Yaw
-0.259,-0.221,0.919,49.901,-21.997,-87.465,Yaw
-0.153,-0.178,0.964,9.529,-35.420,32.629,Yaw
-0.239,-0.073,0.937,-8.794,-15.356,137.585,Yaw
-0.334,0.051,0.845,0.534,-21.122,252.262,Yaw
-0.190,0.239,1.084,33.434,-37.292,286.685,Yaw
-0.181,0.320,1.048,17.054,-45.290,286.685,Yaw
-0.053,0.450,0.961,50.304,-45.553,286.685,Yaw
0.078,0.521,1.045,49.000,-47.311,286.685,Yaw
0.114,0.447,1.020,14.796,-69.589,286.685,Yaw
0.017,0.395,1.064,-5.407,-93.424,286.685,Yaw
0.030,0.403,1.028,-19.460,-109.681,286.685,Yaw
0.130,0.360,0.937,0.096,-108.308,286.685,Yaw
0.138,0.289,0.832,48.930,-74.567,286.685,Yaw
0.240,0.407,1.034,77.035,-44.441,286.685,Yaw
0.362,0.302,0.960,3.701,-67.244,286.685,Yaw
0.512,0.285,0.859,-7.840,-68.049,286.685,Yaw
0.382,0.071,0.857,4.235,-45.623,261.205,Yaw
0.546,-0.132,0.893,17.045,-37.144,141.321,Yaw
0.517,-0.164,0.836,16.476,-2.686,-14.910,Yaw
0.375,-0.128,0.810,20.186,34.711,-105.971,Yaw
0.546,0.071,0.929,3.885,72.546,-270.664,Yaw
0.461,0.253,0.907,-3.211,117.618,-286.685,Yaw
0.192,0.369,1.061,21.831,131.408,-286.685,Yaw
0.123,0.404,1.046,-6.423,105.420,-286.685,Yaw
-0.001,0.340,1.072,21.228,86.240,-286.685,Yaw
0.058,0.166,1.025,25.042,75.880,-286.685,Yaw
-0.078,0.311,1.017,33.381,82.162,-286.685,Yaw
-0.328,0.404,1.089,8.312,65.389,-286.685,Yaw
-0.183,0.436,0.861,18.804,44.607,-286.685,Yaw
-0.056,0.381,1.126,-5.906,14.158,-286.685,Yaw
-0.050,0.444,0.981,-32.506,21.175,-286.685,Yaw
-0.290,0.473,0.992,-21.674,17.229,-286.685,Yaw
-0.289,0.154,0.719,-15.523,21.210,-286.685,Yaw
-0.574,0.344,1.038,117.897,-22.173,-207.226,Yaw
-0.225,-0.178,1.004,44.748,-54.775,-90.414,Yaw
-0.136,-0.186,1.092,7.753,-56.446,-14.245,Yaw
-0.112,-0.112,0.988,-3.220,-36.566,69.624,Yaw
-0.168,-0.062,0.910,-1.111,-2.039,196.997,Yaw
-0.096,0.068,1.046,29.558,-5.845,286.510,Yaw
-0.145,0.292,1.047,-1.059,-9.502,286.685,Yaw
-0.120,0.377,0.870,-9.887,-15.995,286.685,Yaw
0.137,0.543,1.161,6.169,-45.421,286.685,Yaw
0.088,0.457,1.085,-51.966,-81.541,286.685,Yaw
-0.046,0.296,1.087,-74.891,-116.445,286.685,Yaw
-0.126,0.235,1.152,-104.387,-131.049,286.685,Yaw
-0.003,0.204,0.948,-92.628,-100.380,286.685,Yaw
0.109,0.251,0.847,28.315,-66.238,286.685,Yaw
-0.064,0.293,1.080,83.702,5.399,286.685,Yaw
0.053,0.259,1.083,65.607,20.204,286.685,Yaw
0.150,0.145,0.908,5.827,13.834,229.827,Yaw
0.166,0.032,0.971,14.665,9.993,129.553,Yaw
0.216,0.070,0.959,36.444,15.750,16.074,Yaw
0.140,0.095,0.924,59.412,8.382,-72.380,Yaw
0.055,0.166,1.129,57.969,19.792,-205.485,Yaw
0.019,0.286,1.162,20.081,26.285,-286.685,Yaw
-0.001,0.368,1.125,-17.290,23.835,-286.685,Yaw
-0.095,0.323,1.020,-29.094,24.316,-286.685,Yaw
-0.105,0.284,0.951,-15.540,18.156,-286.685,Yaw
0.041,0.211,1.045,-18.060,22.286,-286.685,Yaw
0.260,0.096,1.029,-9.975,16.520,-286.685,Yaw
0.092,0.212,0.905,-17.728,22.225,-286.685,Yaw
0.055,0.282,1.064,0.665,36.033,-286.685,Yaw
-0.007,0.274,1.117,-32.261,7.884,-286.685,Yaw
-0.123,0.202,0.852,-22.916,-11.471,-286.685,Yaw
-0.024,0.030,1.070,-2.774,-25.690,-286.685,Yaw
-0.027,-0.007,0.983,-0.420,-51.564,-279.422,Yaw
-0.057,0.056,0.990,64.173,-46.331,-190.934,Yaw
0.018,-0.148,1.079,24.036,-13.720,-73.316,Yaw
0.031,-0.116,1.055,16.546,6.912,3.544,Yaw
0.015,-0.104,1.081,9.030,26.163,102.384,Yaw
0.012,0.071,1.106,14.919,37.188,252.577,Yaw
0.057,0.217,1.132,8.208,23.266,286.685,Yaw
0.057,0.335,1.055,4.856,12.941,286.685,Yaw
0.117,0.301,0.925,45.798,-17.500,286.685,Yaw
0.209,0.321,1.077,42.875,-11.244,286.685,Yaw
0.138,0.244,1.085,-29.733,-54.049,286.685,Yaw
0.044,0.214,0.965,-52.272,-103.705,286.685,Yaw
-0.024,0.215,0.968,-42.752,-111.116,286.685,Yaw
0.054,0.152,0.872,72.257,-67.174,286.685,Yaw
0.081,0.111,0.990,81.839,-59.404,286.685,Yaw
0.101,0.317,1.208,55.772,-40.040,286.685,Yaw
0.068,0.236,1.068,-12.040,-46.121,286.685,Yaw
0.234,-0.011,0.925,-9.861,-61.959,286.685,Yaw
0.230,-0.158,0.958,7.866,-75.512,268.590,Yaw
0.263,-0.024,0.918,14.613,-73.771,200.366,Yaw
0.457,-0.099,0.896,13.300,-48.650,66.456,Yaw
0.452,-0.090,0.910,24.097,-1.566,-89.635,Yaw
0.427,-0.017,0.876,41.834,63.472,-241.754,Yaw
0.283,0.048,1.039,25.594,88.874,-286.685,Yaw
0.174,0.164,1.035,8.575,97.554,-286.685,Yaw
0.023,0.220,1.017,31.657,107.354,-286.685,Yaw
-0.068,0.266,1.061,19.005,101.062,-286.685,Yaw
-0.168,0.221,1.107,2.030,103.180,-286.685,Yaw
-0.172,0.188,0.952,-37.511,90.764,-286.685,Yaw
-0.075,0.203,1.124,0.709,62.160,-286.685,Yaw
-0.075,0.308,0.933,10.483,42.166,-286.685,Yaw
-0.071,0.267,0.906,35.569,33.775,-286.685,Yaw
-0.086,0.347,1.142,-20.134,2.660,-286.685,Yaw
0.019,0.219,0.833,-34.326,18.970,-286.685,Yaw
0.010,0.099,1.089,-23.503,2.993,-286.685,Yaw
-0.310,-0.134,0.757,1.540,-9.625,-286.685,Yaw
0.092,-0.162,0.906,58.415,-43.164,-186.673,Yaw
0.030,-0.280,1.133,53.926,-61.932,-87.885,Yaw
-0.051,-0.196,1.058,20.370,-27.282,55.597,Yaw
0.071,-0.176,1.081,3.447,-10.491,139.204,Yaw
0.018,0.017,1.060,16.564,22.164,284.034,Yaw
0.103,0.249,1.065,38.237,35.612,286.685,Yaw
0.176,0.397,0.997,30.993,20.764,286.685,Yaw
0.101,0.412,0.864,50.557,1.575,286.685,Yaw
0.135,0.406,1.206,49.420,-17.587,286.685,Yaw
-0.157,0.415,1.148,-20.484,-68.215,286.685,Yaw
-0.173,0.345,1.071,-94.255,-77.394,286.685,Yaw
-0.144,0.171,0.851,-54.976,-64.146,286.685,Yaw
0.162,0.136,1.008,32.025,-59.439,286.685,Yaw
-0.003,0.197,1.128,76.808,-50.680,286.685,Yaw
-0.196,0.309,1.221,7.980,-29.593,286.685,Yaw
0.194,0.206,0.940,-22.802,-23.573,286.685,Yaw
0.209,0.034,0.901,5.880,-10.465,245.770,Yaw
0.267,-0.094,0.835,38.876,-11.104,139.527,Yaw
0.274,-0.100,0.909,17.001,-21.035,30.940,Yaw
0.268,-0.005,0.877,19.583,-5.609,-62.755,Yaw
0.253,0.109,1.034,34.746,38.701,-211.033,Yaw
0.163,0.187,1.119,19.101,58.651,-286.685,Yaw
0.086,0.266,1.090,4.778,65.669,-286.685,Yaw
-0.069,0.374,1.043,2.135,64.969,-286.685,Yaw
-0.094,0.286,1.026,-22.435,28.674,-286.685,Yaw
0.019,0.082,0.947,-37.371,32.025,-286.685,Yaw
0.001,0.090,0.944,-13.239,56.779,-286.685,Yaw
-0.103,0.174,1.049,-33.285,57.330,-286.685,Yaw
0.068,0.206,0.710,25.358,59.071,-286.685,Yaw
0.070,0.247,1.159,28.376,37.091,-286.685,Yaw
0.006,0.261,0.973,-25.524,9.467,-286.685,Yaw
-0.068,0.149,0.957,-18.270,0.420,-286.685,Yaw
-0.120,0.062,0.979,-33.022,-35.061,-286.685,Yaw
-0.216,-0.120,0.784,7.122,-42.201,-279.913,Yaw
-0.090,-0.053,1.038,51.135,-39.252,-110.906,Yaw
0.007,-0.111,1.067,39.340,-29.899,-31.106,Yaw
0.033,-0.170,1.074,34.396,-11.401,73.990,Yaw
0.075,-0.031,1.071,33.548,28.368,231.962,Yaw
0.120,0.078,1.062,35.219,27.064,286.685,Yaw
0.113,0.297,1.074,33.005,27.545,286.685,Yaw
0.074,0.378,0.890,25.471,13.904,286.685,Yaw
0.239,0.331,1.019,47.443,-9.748,286.685,Yaw
0.161,0.392,1.038,-10.150,-31.868,286.685,Yaw
-0.075,0.360,1.069,-50.015,-70.595,286.685,Yaw
-0.080,0.261,0.890,-44.765,-84.236,286.685,Yaw
-0.064,0.175,0.827,9.660,-64.488,286.685,Yaw
-0.109,0.332,1.141,72.152,-11.007,286.685,Yaw
-0.032,0.222,1.181,34.834,0.464,286.685,Yaw
0.015,0.093,0.910,-23.275,-7.709,286.685,Yaw
0.080,-0.011,0.986,-7.394,-37.695,254.336,Yaw
0.165,0.088,0.939,20.624,-43.881,157.762,Yaw
0.261,0.025,0.959,35.114,-44.301,65.266,Yaw
0.321,0.053,0.977,29.286,-13.921,-63.656,Yaw
0.301,0.154,1.162,35.245,52.036,-214.848,Yaw
0.244,0.172,1.170,6.633,62.825,-286.685,Yaw
-0.002,0.268,0.995,-1.190,61.197,-286.685,Yaw
-0.044,0.328,0.971,33.740,51.853,-286.685,Yaw
-0.104,0.286,0.963,14.621,15.050,-286.685,Yaw
-0.107,0.197,0.981,20.799,25.209,-286.685,Yaw
-0.086,0.217,0.946,10.141,15.435,-286.685,Yaw
-0.132,0.228,1.034,21.184,8.172,-286.685,Yaw
0.051,0.238,0.997,-3.553,13.186,-286.685,Yaw
0.080,0.305,0.949,-30.564,20.317,-286.685,Yaw
-0.053,0.331,1.001,-36.881,30.625,-286.685,Yaw
-0.131,0.236,1.052,-36.190,22.391,-286.685,Yaw
-0.394,-0.015,0.646,-10.789,4.165,-281.715,Yaw
-0.243,-0.037,0.841,54.119,-5.950,-148.566,Yaw
-0.130,-0.155,1.048,66.369,-31.237,-93.503,Yaw
-0.060,-0.063,1.073,26.915,-28.263,17.220,Yaw
-0.024,-0.147,1.091,16.354,-3.789,111.860,Yaw
0.022,0.035,1.105,32.200,11.611,248.019,Yaw
0.034,0.146,1.146,28.971,8.172,286.685,Yaw
0.026,0.306,0.974,12.154,5.469,286.685,Yaw
0.117,0.430,0.878,31.517,-12.618,286.685,Yaw
0.099,0.409,1.062,57.925,-27.282,286.685,Yaw
-0.006,0.432,1.097,28.927,-33.618,286.685,Yaw
-0.153,0.384,1.125,-51.809,-52.255,286.685,Yaw
-0.005,0.300,0.754,-47.880,-59.386,286.685,Yaw
0.071,0.168,0.768,0.621,-60.847,286.685,Yaw
0.052,0.098,0.985,56.796,-48.737,286.685,Yaw
0.089,-0.002,1.049,37.765,-57.417,286.685,Yaw
0.126,0.157,1.004,36.041,-66.080,286.685,Yaw
0.333,0.287,0.869,10.010,-63.411,236.574,Yaw
0.341,0.242,0.950,21.560,-69.965,159.854,Yaw
0.294,0.103,0.939,36.829,-53.366,67.016,Yaw
0.565,0.171,1.016,18.751,-4.602,-22.496,Yaw
0.383,0.197,0.961,2.441,36.908,-125.125,Yaw
0.337,0.160,0.941,3.124,47.311,-188.869,Yaw
0.298,0.224,1.011,2.783,60.725,-272.737,Yaw
0.233,0.275,0.970,-1.995,53.393,-286.685,Yaw
0.223,0.343,0.983,20.204,33.338,-286.685,Yaw
0.129,0.342,1.015,26.801,15.654,-286.685,Yaw
0.018,0.346,1.036,18.856,-2.984,-286.685,Yaw
0.138,0.243,0.872,-21.035,29.811,-286.685,Yaw
-0.022,0.313,1.035,-10.736,57.041,-286.685,Yaw
-0.126,0.274,1.042,-15.006,73.272,-286.685,Yaw
-0.047,0.213,0.843,-44.467,68.408,-286.685,Yaw
-0.121,0.305,0.924,-2.599,58.126,-286.685,Yaw
-0.202,0.423,0.981,-25.559,10.903,-286.685,Yaw
-0.237,0.368,0.999,-20.116,-19.294,-286.615,Yaw
-0.215,0.103,0.785,-56.814,-67.121,-226.030,Yaw
-0.169,0.011,1.019,14.971,-57.138,-200.244,Yaw
-0.150,0.010,1.047,13.869,-58.083,-106.951,Yaw
-0.130,-0.046,0.973,12.766,-33.784,-22.295,Yaw
-0.078,0.048,1.024,34.554,12.460,92.033,Yaw
-0.034,0.161,1.028,36.636,23.564,222.941,Yaw
-0.106,0.210,1.074,40.906,30.686,286.685,Yaw
-0.082,0.260,1.000,38.141,7.936,286.685,Yaw
-0.030,0.318,1.049,39.979,-6.029,286.685,Yaw
0.009,0.340,1.158,18.961,-6.046,286.685,Yaw
-0.030,0.371,1.083,-20.317,-37.721,286.685,Yaw
-0.042,0.374,1.089,-43.269,-63.184,286.685,Yaw
-0.049,0.257,0.887,-47.653,-78.059,286.685,Yaw
0.105,0.324,0.806,15.706,-39.830,286.685,Yaw
0.178,0.253,0.969,20.090,-23.870,286.685,Yaw
-0.148,0.293,0.988,21.840,-17.587,286.685,Yaw
-0.013,0.223,0.985,17.938,-48.081,242.830,Yaw
0.150,0.182,1.011,10.658,-30.712,166.652,Yaw
0.288,0.142,0.915,-4.340,-22.155,96.766,Yaw
0.374,0.195,0.885,8.592,-25.069,52.115,Yaw
0.396,0.305,0.943,23.196,-25.804,-27.073,Yaw
0.286,0.254,0.883,21.534,6.851,-97.790,Yaw
0.223,0.213,0.912,14.193,35.612,-173.495,Yaw
0.186,0.308,1.000,17.535,36.094,-222.565,Yaw
0.132,0.398,0.984,25.996,25.288,-286.527,Yaw
0.148,0.390,1.043,22.566,24.806,-286.685,Yaw
0.102,0.391,0.985,-9.196,9.642,-286.685,Yaw
0.082,0.350,0.976,-23.608,7.927,-286.685,Yaw
0.148,0.311,1.031,-39.174,-10.290,-286.685,Yaw
0.118,0.368,1.065,-54.504,-28.639,-286.685,Yaw
0.070,0.297,0.962,-69.939,-31.509,-285.635,Yaw
0.084,0.254,0.937,-71.269,-25.279,-258.142,Yaw
0.022,0.175,0.862,-45.763,-0.315,-214.839,Yaw
-0.092,0.136,0.982,-18.646,33.688,-226.258,Yaw
0.001,0.290,1.124,-9.231,-9.844,-182.376,Yaw
-0.037,0.202,0.892,-24.045,-26.031,-110.189,Yaw
-0.115,0.024,0.901,20.064,-0.989,-69.668,Yaw
0.003,0.186,1.115,17.413,4.856,-32.025,Yaw
0.020,0.173,0.996,9.030,2.467,65.826,Yaw
0.031,0.166,0.986,16.214,15.846,133.429,Yaw
-0.004,0.197,0.972,24.780,24.710,215.206,Yaw
-0.029,0.286,0.937,27.895,0.140,256.331,Yaw
0.051,0.295,0.972,34.423,0.595,285.460,Yaw
0.056,0.317,1.026,19.959,-11.401,286.685,Yaw
0.029,0.252,1.014,-8.120,-15.068,286.685,Yaw
-0.011,0.277,0.963,-21.079,-6.099,286.685,Yaw
0.086,0.278,0.811,11.804,15.724,286.685,Yaw
0.150,0.231,0.948,41.265,25.436,286.685,Yaw
0.035,0.262,1.029,21.534,6.694,286.685,Yaw
-0.000,0.317,1.108,-6.003,-3.027,286.685,Yaw
-0.025,0.319,0.910,-23.599,-14.079,250.189,Yaw
-0.009,0.318,0.968,-5.084,-0.306,191.056,Yaw
0.060,0.135,0.947,-4.209,-4.261,129.281,Yaw
0.075,0.117,1.008,11.165,-18.069,101.631,Yaw
0.295,0.207,1.006,6.773,-21.254,58.380,Yaw
0.312,0.286,0.951,3.544,-13.641,19.644,Yaw
0.262,0.248,0.985,11.471,-6.711,-41.571,Yaw
0.181,0.291,0.998,18.961,-6.939,-93.677,Yaw
0.195,0.267,0.967,18.856,-11.016,-147.508,Yaw
0.196,0.247,0.933,24.194,7.044,-175.569,Yaw
0.070,0.371,0.993,37.432,10.797,-221.655,Yaw
0.034,0.374,0.966,46.498,-0.394,-279.895,Yaw
0.023,0.402,0.911,35.201,-19.906,-286.685,Yaw
0.015,0.378,0.908,27.064,-32.436,-286.685,Yaw
0.040,0.426,0.961,23.966,-39.235,-286.685,Yaw
0.038,0.449,0.907,10.430,-41.781,-286.685,Yaw
-0.050,0.402,0.881,-7.954,-30.336,-286.685,Yaw
-0.102,0.385,0.939,-14.691,-24.876,-286.685,Yaw
-0.015,0.369,1.006,-37.914,-12.381,-286.685,Yaw
0.043,0.379,0.946,-45.535,3.325,-286.685,Yaw
-0.142,0.368,0.795,-47.626,-6.624,-264.731,Yaw
-0.122,0.353,0.943,1.347,-10.535,-237.982,Yaw
-0.005,0.366,1.019,-18.121,-25.620,-127.400,Yaw
-0.141,0.129,0.951,-17.062,-25.646,-28.403,Yaw
-0.181,0.128,0.966,2.476,-27.449,8.750,Yaw
-0.112,0.210,0.991,27.388,-18.358,36.234,Yaw
-0.031,0.248,1.043,20.974,-26.889,130.848,Yaw
-0.015,0.290,1.001,21.052,-7.700,220.509,Yaw
0.055,0.363,0.963,25.200,22.733,281.242,Yaw
0.081,0.363,0.992,32.393,50.636,286.685,Yaw
0.144,0.434,1.067,31.684,48.746,286.685,Yaw
0.096,0.412,1.059,-7.166,40.162,286.685,Yaw
-0.066,0.403,1.029,-42.901,-15.549,286.685,Yaw
-0.120,0.426,0.988,-61.924,-51.844,286.685,Yaw
0.027,0.346,0.847,-33.521,-33.985,286.685,Yaw
0.122,0.321,0.906,-11.349,-33.653,286.685,Yaw
-0.050,0.416,1.034,1.111,-20.064,265.886,Yaw
-0.240,0.439,0.926,-15.873,-13.650,202.694,Yaw
0.293,0.333,1.025,2.415,0.123,108.832,Yaw
0.224,0.376,0.950,12.740,-6.151,36.741,Yaw
0.205,0.311,0.926,11.900,-2.835,-29.636,Yaw
0.237,0.287,0.960,16.397,-2.310,-63.114,Yaw
0.191,0.383,0.921,25.244,-19.976,-122.710,Yaw
0.143,0.452,1.003,63.735,-42.438,-197.663,Yaw
0.081,0.460,1.004,57.111,-39.069,-265.939,Yaw
0.098,0.420,1.045,46.952,-27.125,-286.685,Yaw
0.133,0.437,0.812,28.945,-59.001,-286.685,Yaw
0.116,0.515,0.939,34.562,-58.809,-286.685,Yaw
0.162,0.516,0.968,25.130,-37.266,-286.685,Yaw
0.198,0.563,0.964,20.746,-42.866,-286.685,Yaw
0.111,0.548,0.845,3.999,-27.983,-286.685,Yaw
-0.055,0.549,0.772,-21.446,-12.609,-254.992,Yaw
-0.024,0.553,0.945,11.086,-4.988,-215.915,Yaw
-0.014,0.513,0.976,4.778,-29.234,-170.126,Yaw
-0.016,0.427,0.838,-36.225,-21.017,-95.620,Yaw
0.039,0.441,0.934,-30.616,-30.730,-24.605,Yaw
-0.013,0.322,0.840,-7.210,-1.155,55.353,Yaw
0.018,0.267,0.872,-4.323,30.503,103.250,Yaw
-0.002,0.357,0.973,4.664,100.214,179.261,Yaw
-0.015,0.390,0.831,-48.160,111.414,265.825,Yaw
-0.108,0.506,0.610,-59.439,124.381,286.685,Yaw
-0.268,0.526,0.788,-30.275,86.520,286.685,Yaw
-0.193,0.449,0.950,-57.120,20.090,286.685,Yaw
0.031,0.523,0.792,-59.395,-10.876,286.685,Yaw
0.282,0.289,0.978,-5.469,29.111,286.685,Yaw
-0.004,0.560,0.942,-27.493,52.509,286.685,Yaw
-0.226,0.570,0.939,-48.230,96.827,276.736,Yaw
-0.205,0.338,0.959,-59.526,121.817,212.564,Yaw
-0.078,0.423,1.083,-35.516,97.939,125.650,Yaw
0.065,0.462,0.960,-45.999,63.796,87.080,Yaw
-0.099,0.369,0.912,-10.859,24.946,56.053,Yaw
-0.007,0.383,0.999,-8.592,-1.925,-12.705,Yaw
-0.000,0.351,0.872,3.596,-25.156,-67.130,Yaw
0.015,0.340,0.851,21.945,-39.016,-102.716,Yaw
-0.072,0.433,1.058,27.125,-51.660,-163.765,Yaw
-0.203,0.399,1.079,0.569,-76.781,-248.290,Yaw
-0.047,0.434,0.862,7.201,-91.473,-286.685,Yaw
-0.181,0.440,0.903,37.774,-89.031,-286.685,Yaw
-0.111,0.424,0.874,57.356,-50.741,-286.685,Yaw
-0.137,0.429,1.039,59.028,-79.450,-286.685,Yaw
0.259,0.399,0.986,41.974,-82.504,-286.685,Yaw
0.503,0.448,1.060,0.192,-70.621,-286.650,Yaw
-0.159,0.506,0.914,-31.754,-67.812,-200.883,Yaw
0.063,0.325,0.995,-17.132,-68.478,-163.590,Yaw
0.138,0.308,0.986,-37.118,-88.541,-107.826,Yaw
0.085,0.367,0.930,-42.236,-90.230,-64.348,Yaw
0.075,0.212,0.767,-8.943,-27.431,7.963,Yaw
0.142,0.148,0.869,22.173,56.700,37.643,Yaw
-0.022,0.241,0.876,41.755,147.665,45.850,Yaw
-0.108,0.316,0.996,80.010,207.909,78.330,Yaw
-0.437,0.242,0.908,95.664,253.855,111.326,Yaw
-0.534,0.323,1.107,64.304,198.223,118.247,Yaw
-0.598,0.332,1.081,13.965,95.804,95.261,Yaw
-0.578,0.279,1.100,-0.744,38.500,71.566,Yaw
-0.636,0.470,1.001,-17.036,-52.990,45.185,Yaw
-0.477,0.357,0.807,-55.685,-132.519,60.970,Yaw
-0.381,0.413,0.717,-82.084,-138.163,58.161,Yaw
-0.256,0.431,0.658,-41.405,-111.501,56.787,Yaw
-0.142,0.369,0.694,5.460,-29.374,48.904,Yaw
-0.121,0.418,0.836,5.959,-10.080,51.748,Yaw
-0.064,0.309,0.924,-8.102,-36.811,71.846,Yaw
0.001,0.306,0.900,-15.671,-44.809,58.651,Yaw
-0.038,0.458,0.822,0.350,-27.274,48.143,Yaw
-0.055,0.468,0.866,-6.256,-7.682,76.186,Yaw
-0.024,0.309,0.936,-16.765,-12.145,89.976,Yaw
-0.020,0.313,0.919,-26.364,-16.511,73.719,Yaw
-0.152,0.435,1.002,-18.007,-7.026,62.580,Yaw
-0.159,0.351,0.904,-25.839,-17.701,80.518,Yaw
0.106,0.375,0.866,-1.295,26.941,92.103,Yaw
0.118,0.258,0.866,11.847,45.903,113.864,Yaw
0.017,0.191,0.959,-44.179,46.681,85.706,Yaw
0.121,0.160,0.999,-45.176,31.833,87.308,Yaw
-0.045,0.125,0.992,-42.998,-42.166,63.875,Yaw
0.295,0.196,0.699,-51.126,-59.771,59.509,Yaw
0.227,0.130,0.872,-36.759,26.714,71.522,Yaw
0.252,0.173,0.988,-29.339,9.599,82.224,Yaw
0.131,0.216,0.940,-8.619,13.046,73.334,Yaw
0.092,0.350,1.083,-18.270,8.041,52.518,Yaw
0.180,0.371,0.903,-15.943,-17.657,74.244,Yaw
0.057,0.418,0.855,-5.267,21.884,58.275,Yaw
-0.025,0.642,1.235,-3.290,43.514,71.575,Yaw
-0.018,0.326,1.042,-14.394,-15.382,90.099,Yaw
0.196,0.260,1.047,-26.294,-20.370,45.579,Yaw
0.240,0.410,0.959,-27.930,-3.780,6.834,Yaw
0.230,0.309,1.169,-18.926,68.285,-18.970,Yaw
-0.144,0.236,1.279,10.456,59.491,-69.641,Yaw
0.162,0.245,1.262,30.529,46.550,-153.851,Yaw
0.037,0.125,0.957,48.965,97.064,-224.595,Yaw
-0.107,-0.017,0.889,46.812,136.299,-273.035,Yaw
-0.492,0.030,1.026,97.991,84.919,-286.685,Yaw
-0.561,0.248,1.066,75.390,-50.584,-286.685,Yaw
-0.325,0.194,0.756,-30.118,-102.882,-286.685,Yaw
-0.201,0.135,0.718,-22.978,-35.193,-283.658,Yaw
-0.236,0.053,0.809,9.800,14.123,-241.710,Yaw
-0.352,0.025,0.870,-3.211,6.230,-221.611,Yaw
-0.371,0.070,0.953,-51.511,-52.544,-165.261,Yaw
-0.310,-0.022,0.829,-55.580,-44.231,-90.457,Yaw
-0.305,-0.013,0.967,-73.185,-50.417,-33.827,Yaw
-0.157,-0.051,0.928,-54.425,-40.670,0.866,Yaw
-0.258,-0.067,1.047,-36.304,-15.776,49.893,Yaw
-0.230,-0.094,1.017,-35.700,-22.531,122.876,Yaw
-0.280,-0.014,1.062,-36.365,-20.029,172.016,Yaw
-0.237,0.008,1.055,-43.033,-28.403,227.220,Yaw
-0.351,-0.164,1.084,-27.667,-58.826,269.745,Yaw
-0.451,-0.230,1.043,-15.934,-126.262,279.939,Yaw
-0.059,-0.397,0.874,-1.164,-145.548,263.025,Yaw
-0.043,-0.120,0.875,20.221,-134.356,237.160,Yaw
-0.083,-0.031,0.918,28.201,-162.041,284.174,Yaw
0.154,-0.217,0.712,29.619,-138.390,286.685,Yaw
0.345,-0.374,0.943,58.572,-55.921,285.495,Yaw
0.452,-0.189,0.985,74.681,-31.465,237.851,Yaw
0.329,-0.030,1.000,63.254,-21.989,225.321,Yaw
0.340,-0.046,1.101,50.426,16.415,180.801,Yaw
0.271,0.035,1.102,31.115,3.194,123.060,Yaw
0.255,0.086,1.169,15.225,-7.989,79.511,Yaw
0.435,0.194,1.072,18.769,5.110,47.792,Yaw
0.179,0.261,1.230,36.522,25.086,12.688,Yaw
0.176,0.343,1.274,11.515,-13.335,-16.109,Yaw
0.287,0.243,1.256,11.804,-8.146,-30.730,Yaw
0.439,0.163,1.156,8.934,4.664,-68.871,Yaw
0.169,0.175,1.157,22.811,34.134,-85.872,Yaw
0.427,-0.132,1.053,16.686,62.458,-141.024,Yaw
0.298,-0.279,1.155,38.474,81.217,-239.024,Yaw
-0.067,-0.033,0.762,75.469,86.284,-286.685,Yaw
-0.199,0.275,0.723,20.221,122.710,-286.685,Yaw
-0.262,0.043,1.071,-9.677,115.010,-278.443,Yaw
-0.267,0.014,0.991,19.653,76.545,-286.580,Yaw
-0.365,0.023,0.970,42.175,-6.904,-286.685,Yaw
-0.434,0.004,0.868,7.718,-72.581,-286.685,Yaw
-0.340,0.095,0.864,-7.910,-92.461,-286.685,Yaw
-0.323,0.093,0.905,-0.061,-90.405,-264.486,Yaw
-0.177,0.122,0.884,6.624,-53.436,-194.259,Yaw
-0.208,0.226,0.885,-18.944,-24.115,-102.375,Yaw
-0.168,0.087,0.975,-7.840,-0.534,-2.179,Yaw
-0.126,0.021,1.042,7.105,20.974,57.260,Yaw
-0.267,-0.031,1.063,9.975,17.054,107.590,Yaw
-0.279,-0.079,1.066,13.073,7.787,152.617,Yaw
-0.388,0.012,1.163,10.570,2.826,168.026,Yaw
-0.501,0.178,1.230,17.990,-39.970,201.591,Yaw
-0.260,-0.032,0.869,27.073,-103.145,283.474,Yaw
-0.142,-0.125,0.733,30.642,-74.961,279.300,Yaw
0.028,-0.041,0.839,67.156,-12.714,262.902,Yaw
-0.059,0.049,1.033,74.340,-3.229,249.961,Yaw
-0.073,0.022,1.041,38.106,-107.319,221.480,Yaw
0.359,0.125,0.478,13.580,-124.241,207.322,Yaw
0.382,0.031,0.777,47.285,-12.924,183.435,Yaw
0.277,0.039,1.146,27.878,-20.536,149.739,Yaw
0.384,0.067,0.879,-8.916,-60.996,83.834,Yaw
0.467,0.088,0.910,-10.377,-22.680,75.101,Yaw
0.487,0.100,1.044,-9.406,4.874,37.406,Yaw
0.331,0.123,1.169,-12.512,0.403,9.502,Yaw
0.477,0.187,1.088,0.052,14.333,-11.541,Yaw
0.468,0.171,1.085,9.958,41.090,-35.280,Yaw
0.327,0.073,1.197,0.131,51.520,-95.384,Yaw
0.092,0.237,1.199,-6.414,40.950,-133.682,Yaw
0.292,0.280,1.100,2.686,25.961,-118.195,Yaw
0.250,0.128,1.081,25.874,58.222,-140.201,Yaw
0.075,0.036,1.008,32.812,71.304,-199.885,Yaw
-0.150,0.276,1.087,31.474,71.838,-235.104,Yaw
-0.102,0.475,1.031,16.135,-9.380,-183.286,Yaw
0.075,0.174,0.792,25.323,11.576,-134.059,Yaw
0.111,0.053,0.804,29.085,89.460,-161.709,Yaw
-0.042,0.039,0.893,9.949,97.711,-194.364,Yaw
-0.185,0.020,0.988,-24.194,44.380,-229.119,Yaw
-0.257,0.018,0.964,-34.947,-10.570,-239.671,Yaw
-0.262,0.100,0.782,-35.822,-8.347,-232.216,Yaw
-0.274,0.090,0.704,-26.836,22.015,-213.334,Yaw
-0.469,0.057,0.700,-18.165,59.658,-191.721,Yaw
-0.534,0.132,0.835,-24.780,48.737,-175.464,Yaw
-0.649,0.074,0.879,-38.509,22.146,-134.409,Yaw
-0.667,0.084,0.894,-46.279,5.381,-105.971,Yaw
-0.656,0.197,1.039,-49.254,-31.754,-36.033,Yaw
-0.496,0.089,0.948,-33.731,-56.088,59.938,Yaw
-0.427,0.022,0.971,-27.921,-68.425,142.572,Yaw
-0.386,-0.003,0.986,-24.124,-78.794,201.530,Yaw
-0.407,0.049,1.125,3.894,-100.966,284.541,Yaw
-0.256,-0.280,0.922,20.799,-144.681,286.685,Yaw
-0.212,-0.103,1.013,35.245,-132.011,286.685,Yaw
-0.119,-0.227,1.033,55.484,-134.776,286.685,Yaw
-0.138,-0.115,0.998,59.833,-161.149,286.685,Yaw
0.435,-0.064,0.571,52.185,-137.646,286.353,Yaw
0.486,-0.018,0.845,94.806,-34.493,258.501,Yaw
0.389,0.058,1.021,82.670,-12.364,201.477,Yaw
0.368,0.098,1.138,26.950,-55.020,127.698,Yaw
0.514,0.272,0.836,16.686,-20.589,83.213,Yaw
0.402,0.204,1.135,9.039,0.228,73.973,Yaw
0.390,0.234,1.236,26.101,-9.310,38.447,Yaw
0.413,0.265,1.084,11.034,-5.276,-11.664,Yaw
0.314,0.245,1.102,11.156,12.521,-25.174,Yaw
0.396,0.264,0.966,20.711,14.306,-29.593,Yaw
0.353,0.187,0.973,15.181,30.888,-33.591,Yaw
0.377,-0.027,0.961,-1.444,40.539,-70.289,Yaw
0.335,-0.089,0.876,4.839,53.489,-154.875,Yaw
0.051,0.327,0.904,-13.755,62.799,-219.669,Yaw
0.014,0.421,1.051,-46.585,40.136,-178.859,Yaw
0.194,-0.022,0.907,-42.744,35.796,-144.121,Yaw
0.054,-0.095,0.960,8.916,86.651,-205.651,Yaw
-0.187,0.081,1.054,9.196,71.855,-258.440,Yaw
-0.236,0.277,1.057,-23.406,31.237,-242.454,Yaw
-0.088,0.159,0.814,-31.264,-9.590,-200.725,Yaw
-0.008,0.023,0.775,-16.695,27.913,-196.674,Yaw
-0.291,0.054,1.001,-39.410,30.056,-198.791,Yaw
-0.312,0.162,1.055,-53.594,2.852,-179.637,Yaw
-0.193,0.203,0.943,-29.365,-14.052,-98.411,Yaw
-0.112,0.085,0.857,13.142,18.244,-43.050,Yaw
-0.316,0.161,1.020,-0.875,21.586,-29.382,Yaw
-0.339,0.243,1.067,-18.051,-16.345,0.613,Yaw
-0.334,0.140,1.007,-0.971,-24.946,63.717,Yaw
-0.280,0.181,0.978,1.942,-27.528,123.393,Yaw
-0.360,0.175,1.027,-9.406,-35.919,176.260,Yaw
-0.263,0.062,1.029,2.879,-39.244,210.595,Yaw
-0.212,0.043,0.977,22.969,-19.504,248.255,Yaw
-0.220,0.130,1.084,31.701,-26.014,282.450,Yaw
-0.008,-0.073,0.929,61.967,-80.229,286.685,Yaw
0.208,-0.193,0.717,76.493,-81.261,286.685,Yaw
0.243,-0.116,0.821,87.465,-31.176,271.171,Yaw
0.274,-0.039,0.857,73.185,-57.452,207.839,Yaw
0.427,0.298,0.793,79.266,-24.587,195.991,Yaw
0.402,0.104,1.027,93.459,22.103,210.018,Yaw
0.148,0.274,1.264,47.618,-13.344,89.836,Yaw
0.475,0.537,0.975,21.140,-34.221,35.131,Yaw
0.315,0.542,1.219,16.179,-0.998,12.390,Yaw
0.376,0.527,1.086,-1.409,-5.836,-18.585,Yaw
0.259,0.671,1.083,6.641,18.331,-44.100,Yaw
0.480,0.428,0.877,-7.997,46.725,-55.571,Yaw
0.219,0.195,0.901,13.011,126.543,-153.834,Yaw
-0.175,0.372,1.055,14.717,118.326,-216.309,Yaw
-0.017,0.268,1.085,-55.816,43.706,-257.285,Yaw
-0.039,0.175,0.789,-57.409,44.975,-286.685,Yaw
-0.127,0.260,0.847,-35.070,61.915,-286.685,Yaw
-0.293,0.219,0.978,-46.900,45.553,-286.685,Yaw
-0.286,0.225,0.963,-59.911,-19.399,-286.685,Yaw
-0.308,0.037,0.866,-54.434,-48.143,-286.685,Yaw
-0.289,0.048,0.802,-63.534,-50.076,-286.685,Yaw
-0.243,0.112,0.935,-65.397,-31.202,-272.510,Yaw
-0.195,0.066,1.064,-65.853,-1.663,-155.794,Yaw
-0.134,-0.067,1.098,-21.910,-2.975,-60.182,Yaw
-0.157,-0.268,1.086,11.016,-17.194,-16.292,Yaw
-0.135,-0.246,1.100,8.995,-36.452,-17.885,Yaw
-0.155,-0.153,1.039,8.505,-55.116,-10.955,Yaw
-0.106,-0.097,0.984,14.245,-50.234,31.509,Yaw
-0.094,-0.093,0.992,25.279,-44.292,72.485,Yaw
-0.018,-0.028,0.927,38.220,-52.465,100.590,Yaw
-0.054,0.004,0.965,44.686,-44.783,148.137,Yaw
-0.133,0.136,0.996,47.040,-47.416,205.424,Yaw
-0.129,0.005,0.872,58.739,-39.681,280.289,Yaw
-0.052,-0.131,0.820,74.524,-2.905,286.685,Yaw
-0.096,-0.089,1.072,90.073,26.548,280.788,Yaw
-0.161,0.093,1.169,64.899,-81.323,218.085,Yaw
0.214,0.167,0.678,52.036,-147.044,194.976,Yaw
0.187,0.219,0.744,61.906,-100.327,177.223,Yaw
0.193,0.268,0.834,58.896,-50.557,154.569,Yaw
0.276,0.291,0.988,65.424,-38.150,142.083,Yaw
0.344,0.294,0.996,67.147,-27.160,95.918,Yaw
0.310,0.357,1.007,47.521,-16.013,62.528,Yaw
0.346,0.330,1.030,14.385,-11.882,32.217,Yaw
0.432,0.252,0.997,4.979,-2.126,12.302,Yaw
0.210,0.371,1.061,-8.671,13.274,-2.406,Yaw
0.256,0.347,1.063,1.033,-5.206,8.908,Yaw
0.414,0.218,0.975,8.881,-0.009,10.220,Yaw
0.399,0.189,1.012,10.780,9.441,-24.903,Yaw
0.347,0.289,0.951,3.439,6.423,-61.469,Yaw
0.313,0.401,0.872,14.315,12.670,-55.729,Yaw
0.329,0.413,1.012,33.670,27.667,-1.785,Yaw
0.313,0.267,0.934,35.280,15.802,-10.623,Yaw
0.333,0.313,0.967,20.851,17.185,-42.464,Yaw
0.270,0.351,0.950,16.153,15.689,-55.615,Yaw
0.183,0.406,0.980,18.218,15.785,-44.354,Yaw
0.274,0.318,0.909,9.581,4.707,-28.324,Yaw
0.291,0.199,0.935,1.811,26.775,-63.481,Yaw
0.261,0.175,0.929,-4.734,33.197,-102.812,Yaw
0.184,0.236,0.828,-18.445,47.311,-160.265,Yaw
0.002,0.315,0.934,-32.051,37.284,-175.158,Yaw
-0.013,0.208,0.814,-49.158,18.427,-179.506,Yaw
-0.017,0.158,0.742,-50.724,35.954,-195.878,Yaw
-0.115,0.234,0.854,-46.340,63.385,-214.480,Yaw
-0.319,0.173,0.951,-61.906,23.861,-208.512,Yaw
-0.294,0.165,0.960,-71.225,-20.501,-207.042,Yaw
-0.286,0.061,0.893,-70.446,-31.833,-202.746,Yaw
-0.331,0.135,0.968,-72.354,-29.155,-180.941,Yaw
-0.265,0.172,0.982,-55.072,-29.321,-111.361,Yaw
-0.300,0.060,1.066,-31.972,-39.051,-44.153,Yaw
-0.288,0.015,1.055,-28.280,-54.854,-21.394,Yaw
-0.188,-0.016,0.907,-21.927,-60.244,20.930,Yaw
-0.260,0.160,1.101,6.431,-27.545,45.106,Yaw
-0.246,0.094,0.998,7.577,-33.889,122.990,Yaw
-0.173,0.069,0.945,36.356,-11.734,168.997,Yaw
-0.214,0.011,1.084,56.875,18.261,198.800,Yaw
-0.285,0.068,1.228,79.747,-24.824,203.367,Yaw
-0.298,0.135,1.060,52.789,-91.341,207.008,Yaw
-0.142,0.210,0.840,38.728,-104.221,223.781,Yaw
0.156,0.129,0.806,87.500,-29.829,286.422,Yaw
0.283,-0.099,0.988,148.242,-1.505,286.685,Yaw
0.318,-0.042,0.852,100.231,-26.040,213.045,Yaw
0.211,0.217,0.928,72.039,-28.289,164.447,Yaw
0.422,0.195,0.926,37.949,-43.951,180.285,Yaw
0.552,0.106,0.822,49.429,-7.674,170.249,Yaw
0.384,0.202,1.029,71.732,62.834,108.316,Yaw
0.226,0.207,1.094,43.129,40.635,52.903,Yaw
0.436,0.476,0.944,-16.756,-8.015,1.347,Yaw
0.585,0.374,0.857,-14.858,38.036,6.694,Yaw
0.381,0.235,0.910,6.807,94.876,-43.444,Yaw
0.122,0.157,1.013,-0.683,101.456,-88.734,Yaw
0.174,0.238,0.985,17.544,74.681,-184.476,Yaw
0.029,0.375,1.115,14.376,68.346,-254.555,Yaw
-0.193,0.434,0.875,-51.205,53.112,-286.177,Yaw
-0.348,0.491,0.860,-78.566,64.741,-286.685,Yaw
-0.729,0.470,1.154,-95.007,33.460,-286.668,Yaw
-0.345,0.361,0.876,-132.974,-88.506,-238.446,Yaw
-0.189,0.266,0.644,-83.440,-40.513,-271.005,Yaw
-0.003,0.381,0.746,-52.623,-13.597,-222.959,Yaw
0.018,0.051,0.999,-80.027,-46.865,-164.666,Yaw
-0.088,-0.122,1.022,-0.201,-95.751,-96.530,Yaw
0.086,-0.030,0.907,21.814,-33.784,-68.740,Yaw
0.165,-0.091,0.867,-28.184,-4.358,-16.284,Yaw
0.096,-0.149,0.934,-24.001,10.360,-15.269,Yaw
-0.049,-0.142,1.233,-10.780,1.663,1.881,Yaw
0.088,-0.099,1.163,21.306,-43.216,39.384,Yaw
0.171,-0.143,1.146,19.337,-80.762,89.092,Yaw
0.292,-0.158,0.847,30.905,-47.924,110.679,Yaw
0.204,0.268,0.799,35.245,-3.264,169.024,Yaw
0.056,-0.111,1.166,80.684,18.375,286.685,Yaw
0.145,-0.163,0.990,70.569,39.051,286.685,Yaw
0.195,-0.006,1.059,31.299,71.671,286.685,Yaw
0.474,0.347,0.966,13.466,64.461,286.685,Yaw
0.457,0.460,1.012,23.485,58.870,286.685,Yaw
0.436,0.371,1.015,22.199,26.600,286.685,Yaw
-0.042,0.263,1.097,-3.640,22.216,286.685,Yaw
-0.153,0.415,1.012,-1.680,21.438,286.685,Yaw
-0.224,0.404,1.056,-3.386,4.279,285.154,Yaw
-0.243,0.353,1.124,6.414,-11.655,178.167,Yaw
-0.509,0.412,1.067,0.892,-7.061,86.144,Yaw
-0.158,0.346,1.162,-13.002,3.920,-56.630,Yaw
-0.324,0.279,0.917,-10.806,38.211,-176.697,Yaw
-0.288,0.309,0.794,16.292,-0.875,-264.617,Yaw
0.112,0.311,0.966,56.403,21.779,-286.685,Yaw
-0.402,0.136,0.886,87.124,-33.022,-286.685,Yaw
-0.240,0.296,1.135,87.938,-0.604,-286.685,Yaw
-0.026,0.233,1.103,6.965,2.564,-286.685,Yaw
-0.064,0.116,0.714,47.425,0.892,-286.685,Yaw
-0.106,0.106,0.793,82.845,-51.415,-258.501,Yaw
-0.112,0.174,1.046,62.353,-64.033,-187.591,Yaw
0.097,0.236,1.226,-8.496,-50.269,-87.325,Yaw
0.054,0.418,0.977,-33.985,-59.736,-29.645,Yaw
-0.056,0.390,0.840,-29.671,-102.200,-2.756,Yaw
0.091,0.493,0.953,28.499,-110.827,4.366,Yaw
0.224,0.434,0.983,47.285,-63.542,52.701,Yaw
0.322,0.343,1.041,42.534,-39.620,127.260,Yaw
0.291,0.546,1.043,35.525,28.035,231.280,Yaw
0.144,0.572,0.955,2.257,53.882,273.840,Yaw
0.279,0.324,0.970,2.704,98.210,267.837,Yaw
0.217,0.091,0.878,-17.587,113.899,286.685,Yaw
0.097,0.173,0.942,-40.626,71.479,286.685,Yaw
0.020,0.162,1.013,-66.692,18.051,286.685,Yaw
0.045,0.202,1.059,-75.582,-15.382,286.685,Yaw
-0.167,0.307,0.880,-76.930,-31.360,286.685,Yaw
-0.345,0.363,1.041,-41.597,-43.251,260.120,Yaw
-0.050,0.251,1.081,-13.685,-10.430,113.155,Yaw
0.106,0.133,0.930,-2.520,-21.131,-8.776,Yaw
0.014,0.150,0.969,1.033,-25.506,-58.590,Yaw
0.079,0.164,1.001,2.503,-13.466,-129.334,Yaw
-0.006,0.192,0.941,26.653,8.137,-196.411,Yaw
0.612,0.217,0.882,27.405,-35.928,-271.897,Yaw
-0.101,0.189,1.002,30.336,-40.031,-286.685,Yaw
-0.183,0.355,1.068,28.927,-35.026,-286.685,Yaw
0.072,0.326,0.961,66.176,-44.625,-286.685,Yaw
0.164,0.374,1.170,37.397,-44.424,-286.685,Yaw
0.116,0.428,0.928,-13.913,-26.600,-286.685,Yaw
0.337,0.461,0.881,45.972,-23.958,-286.685,Yaw
0.171,0.527,0.951,55.396,-43.339,-243.381,Yaw
0.177,0.421,1.023,37.984,-46.147,-202.939,Yaw
0.193,0.506,0.950,36.286,-33.408,-156.240,Yaw
0.195,0.483,0.996,23.520,-3.526,-65.923,Yaw
0.104,0.285,0.958,1.619,6.528,2.616,Yaw
0.053,0.293,0.941,5.040,24.246,56.149,Yaw
0.143,0.396,0.886,-0.376,18.681,103.967,Yaw
0.192,0.495,0.809,-20.335,19.556,175.866,Yaw
0.349,0.410,0.882,-25.751,37.188,258.212,Yaw
0.333,0.424,0.896,-58.826,58.783,286.685,Yaw
0.162,0.495,0.949,-74.795,65.581,286.685,Yaw
-0.097,0.467,0.924,-50.278,61.504,286.685,Yaw
-0.086,0.386,0.956,-89.268,24.115,286.685,Yaw
-0.110,0.384,1.044,-73.736,48.037,286.676,Yaw
-0.341,0.581,0.875,-49.228,66.666,195.685,Yaw
-0.052,0.092,0.910,-20.991,10.115,31.719,Yaw
0.113,-0.150,1.201,-28.700,-21.726,65.704,Yaw
-0.058,0.056,1.037,-19.066,-21.858,74.217,Yaw
0.179,0.075,1.129,-11.104,-6.659,16.651,Yaw
-0.158,0.069,0.774,16.616,7.114,-20.991,Yaw
-0.032,0.145,1.232,22.243,-58.065,-105.158,Yaw
0.032,0.164,1.185,35.088,-6.457,-205.861,Yaw
0.064,0.289,1.067,49.665,-62.011,-267.129,Yaw
-0.118,0.364,1.052,26.924,-41.755,-286.685,Yaw
-0.127,0.293,0.968,22.059,-1.645,-286.685,Yaw
0.071,0.299,0.960,38.255,-4.314,-286.685,Yaw
0.194,0.386,1.013,45.570,3.500,-286.685,Yaw
0.329,0.714,0.976,1.741,-34.965,-286.685,Yaw
0.409,0.561,0.989,-19.609,-63.289,-254.783,Yaw
0.418,0.236,1.013,-16.284,-89.084,-146.842,Yaw
0.333,0.306,0.988,7.438,-83.527,-79.677,Yaw
0.182,0.338,0.887,4.559,-85.671,21.683,Yaw
0.286,0.320,0.919,26.670,-30.039,90.965,Yaw
0.265,0.298,1.079,11.944,27.038,202.921,Yaw
0.265,0.314,0.826,-1.312,47.250,268.459,Yaw
0.322,0.303,0.977,31.946,88.979,286.685,Yaw
0.330,0.165,0.938,-5.399,97.423,286.685,Yaw
0.158,0.250,0.935,-5.267,92.610,286.685,Yaw
0.114,0.239,0.956,-29.575,76.991,286.685,Yaw
0.005,0.317,0.892,-22.829,60.357,286.685,Yaw
-0.054,0.337,1.027,8.234,11.935,284.112,Yaw
-0.114,0.330,1.001,11.244,16.520,210.394,Yaw
0.026,0.258,0.970,-3.456,34.860,162.444,Yaw
0.162,0.367,1.181,5.766,4.392,62.650,Yaw
0.131,0.182,1.020,13.580,-9.004,-26.968,Yaw
0.051,0.287,1.094,35.604,-2.188,-90.527,Yaw
0.047,0.466,1.146,25.900,6.580,-157.290,Yaw
0.076,0.318,0.990,34.265,-31.964,-237.834,Yaw
-0.145,0.342,1.114,69.886,-52.553,-286.685,Yaw
-0.131,0.455,0.966,66.132,-71.820,-286.685,Yaw
-0.052,0.432,0.886,44.205,-73.832,-286.685,Yaw
0.200,0.416,0.797,51.888,-50.995,-286.685,Yaw
0.051,0.488,0.830,53.244,-64.689,-286.685,Yaw
0.097,0.352,0.921,-2.039,-72.800,-286.685,Yaw
0.241,0.487,0.758,-13.571,-39.629,-286.685,Yaw
0.288,0.407,0.825,20.939,-3.500,-216.667,Yaw
0.261,0.371,0.999,5.084,23.993,-88.060,Yaw
0.279,0.328,1.008,-23.905,15.566,12.495,Yaw
0.111,0.275,0.862,-26.224,7.849,47.171,Yaw
0.124,0.229,0.975,-6.492,-2.783,73.036,Yaw
-0.124,0.432,1.020,-34.116,-19.740,170.887,Yaw
0.048,0.292,0.864,-54.521,-14.035,236.985,Yaw
0.194,0.207,0.876,-30.468,7.254,279.571,Yaw
0.263,0.171,1.066,-25.532,28.945,286.685,Yaw
0.200,0.315,0.785,-43.278,28.061,286.685,Yaw
0.087,0.399,0.871,-11.060,44.931,286.685,Yaw
-0.021,0.294,1.001,6.073,44.958,286.685,Yaw
0.057,0.300,1.079,-45.229,37.730,286.685,Yaw
-0.012,0.313,1.008,-43.759,22.540,247.958,Yaw
0.108,0.295,1.086,-23.503,13.877,156.958,Yaw
-0.037,0.288,0.994,1.207,8.015,93.135,Yaw
0.047,0.409,1.058,22.286,3.929,-7.184,Yaw
-0.003,0.245,1.014,22.382,-7.131,-91.735,Yaw
0.098,0.259,1.045,8.059,-33.635,-154.822,Yaw
-0.040,0.289,1.064,-10.544,-51.669,-184.511,Yaw
0.020,0.161,1.018,-26.862,-59.159,-245.490,Yaw
0.109,0.260,0.855,-5.854,-56.368,-286.685,Yaw
0.077,0.339,0.974,-5.906,-47.486,-286.685,Yaw
0.225,0.332,0.889,-24.351,-39.296,-286.685,Yaw
0.210,0.370,0.929,-6.379,-32.970,-286.685,Yaw
0.140,0.318,0.901,-1.995,-15.750,-286.676,Yaw
0.242,0.357,0.902,8.172,9.695,-227.561,Yaw
0.281,0.345,0.999,11.454,14.446,-141.943,Yaw
0.070,0.296,1.031,-11.585,24.850,-38.124,Yaw
0.110,0.192,0.931,-50.225,13.939,37.660,Yaw
0.195,0.157,0.816,-21.849,33.618,86.450,Yaw
-0.057,0.304,1.042,12.959,33.416,124.994,Yaw
0.056,0.305,1.076,-2.537,32.182,169.636,Yaw
0.191,0.275,0.973,-32.322,20.265,223.396,Yaw
0.238,0.255,0.978,-25.909,16.730,281.855,Yaw
0.300,0.306,0.975,-21.621,5.416,286.685,Yaw
0.273,0.327,0.983,-26.513,-11.121,286.685,Yaw
-0.098,0.220,0.926,-11.751,-30.993,286.685,Yaw
-0.125,0.184,0.913,-0.752,-35.446,286.685,Yaw
-0.085,0.133,1.081,-18.865,-33.408,286.685,Yaw
0.112,0.281,1.188,-30.975,-11.419,284.314,Yaw
0.061,0.143,0.916,-10.587,14.726,239.417,Yaw
-0.003,0.265,1.018,23.389,32.812,155.636,Yaw
-0.122,0.332,1.126,1.908,53.156,78.470,Yaw
0.030,0.204,1.073,-6.134,42.910,-46.209,Yaw
0.118,0.181,0.984,20.589,23.555,-161.315,Yaw
0.068,0.223,1.041,18.366,18.060,-276.684,Yaw
-0.204,0.050,1.045,27.073,13.370,-286.685,Yaw
-0.051,0.310,1.173,67.769,9.555,-286.685,Yaw
0.072,0.066,0.848,48.423,-28.665,-286.685,Yaw
-0.012,0.100,0.870,49.805,-33.443,-286.685,Yaw
0.019,0.274,0.989,76.239,-46.970,-286.685,Yaw
0.231,0.451,1.079,51.065,-90.134,-286.685,Yaw
0.212,0.442,0.968,-38.850,-101.115,-286.685,Yaw
0.093,0.377,0.807,-51.835,-96.933,-234.640,Yaw
0.261,0.387,0.974,5.968,-99.951,-169.400,Yaw
0.218,0.319,0.999,23.065,-76.046,-70.262,Yaw
0.194,0.498,0.975,53.428,-38.894,44.109,Yaw
0.193,0.575,1.104,23.284,-13.913,142.284,Yaw
0.306,0.266,0.906,-21.884,18.112,215.460,Yaw
0.187,0.224,1.095,10.281,43.452,286.685,Yaw
0.320,0.327,0.978,-30.774,44.870,286.685,Yaw
0.244,0.278,0.892,-41.178,70.490,286.685,Yaw
0.191,0.337,0.722,-10.693,60.891,286.685,Yaw
0.134,0.099,0.910,55.772,36.426,286.685,Yaw
-0.162,-0.138,0.937,6.300,47.241,286.685,Yaw
-0.046,-0.377,1.058,-91.989,167.396,254.546,Yaw
-0.188,0.833,1.051,-170.800,141.697,241.596,Yaw
-0.056,0.084,1.028,70.166,-15.208,185.929,Yaw
-0.142,0.031,0.917,12.136,59.798,133.761,Yaw
-0.280,0.129,0.964,2.704,46.471,92.522,Yaw
-0.034,0.112,1.104,16.459,27.737,0.604,Yaw
-0.120,0.138,0.880,-8.601,8.461,-24.605,Yaw
-0.588,0.023,0.980,-21.840,-39.533,-120.776,Yaw
-0.287,0.033,1.107,14.219,-44.905,-191.021,Yaw
-0.102,-0.024,0.830,36.243,-90.387,-271.530,Yaw
0.100,0.186,1.001,79.993,-126.245,-286.685,Yaw
0.061,0.226,0.875,24.211,-84.455,-286.685,Yaw
-0.138,0.141,0.856,39.191,-74.690,-286.685,Yaw
-0.047,0.188,1.027,45.614,-41.178,-286.685,Yaw
0.168,0.194,0.979,33.819,-16.739,-286.685,Yaw
0.010,0.407,1.042,17.946,21.481,-286.685,Yaw
0.038,0.361,1.012,0.262,17.570,-286.685,Yaw
0.267,0.315,1.095,-8.330,7.088,-253.514,Yaw
0.328,0.387,0.954,-9.100,5.005,-152.390,Yaw
0.046,0.392,0.804,47.162,6.851,-48.002,Yaw
0.115,0.299,1.043,88.707,-9.695,-9.196,Yaw
0.025,-0.059,0.970,32.909,-12.871,62.790,Yaw
0.205,0.352,0.981,76.493,14.569,66.360,Yaw
0.296,0.594,1.500,-15.085,3.229,191.223,Yaw
0.202,0.524,1.066,-85.689,11.988,244.633,Yaw
0.182,0.211,0.706,-31.246,59.141,286.685,Yaw
0.153,0.253,1.169,-41.125,36.260,286.685,Yaw
0.142,0.217,0.941,-66.036,22.409,286.685,Yaw
0.049,0.260,0.973,-63.219,12.941,286.685,Yaw
-0.007,0.020,0.748,-37.853,-31.439,286.685,Yaw
0.006,-0.029,0.787,-10.185,-23.529,286.685,Yaw
0.110,0.640,0.996,63.516,33.399,286.650,Yaw
-0.150,0.362,1.312,53.025,19.390,258.825,Yaw
0.011,0.125,0.971,-7.586,26.206,202.606,Yaw
0.035,0.170,1.037,-19.189,24.019,114.196,Yaw
0.108,0.285,1.147,-19.548,34.037,22.601,Yaw
0.101,0.373,1.051,-11.305,50.496,-53.585,Yaw
-0.159,0.293,0.911,13.886,75.101,-181.860,Yaw
0.006,0.103,1.095,24.369,86.441,-274.864,Yaw
-0.242,0.132,0.872,22.925,74.559,-286.685,Yaw
-0.287,0.294,1.065,25.594,56.446,-286.685,Yaw
-0.203,0.140,0.991,21.385,29.566,-286.685,Yaw
-0.192,0.164,1.024,38.728,14.315,-286.685,Yaw
0.180,0.235,0.843,37.170,-28.954,-286.685,Yaw
0.147,0.276,1.006,93.424,-37.240,-286.685,Yaw
0.138,0.306,1.009,138.512,-68.058,-284.191,Yaw
0.210,0.251,1.141,100.704,-81.121,-192.789,Yaw
0.129,0.085,0.950,5.600,-71.251,-134.960,Yaw
0.029,0.106,0.893,-6.195,-54.355,-97.772,Yaw
0.075,0.214,1.029,8.347,-26.294,-23.354,Yaw
0.280,0.092,1.118,4.707,-7.236,78.015,Yaw
0.355,0.094,0.987,-5.749,-17.824,182.429,Yaw
0.236,0.173,1.003,8.146,3.159,232.864,Yaw
0.074,0.184,0.872,27.431,10.273,280.411,Yaw
0.225,0.404,1.148,47.434,13.265,286.685,Yaw
0.240,0.372,0.924,17.378,36.531,286.685,Yaw
0.117,0.348,0.970,3.500,9.502,286.685,Yaw
-0.011,0.258,0.948,3.001,-14.289,286.685,Yaw
-0.034,0.364,0.811,1.164,-37.179,286.685,Yaw
0.056,0.276,1.037,-11.384,-24.421,286.685,Yaw
0.040,0.257,1.058,-20.326,-5.959,286.685,Yaw
0.013,0.188,1.124,-12.976,-3.474,218.925,Yaw
0.290,0.116,0.995,-5.924,7.306,138.268,Yaw
0.236,0.081,0.962,6.265,3.229,53.410,Yaw
0.283,0.117,1.009,10.509,3.019,-16.747,Yaw
0.189,0.196,1.013,9.179,13.405,-131.512,Yaw
0.070,0.188,1.083,-12.443,37.564,-234.395,Yaw
-0.134,0.144,1.047,-19.416,62.895,-286.685,Yaw
-0.056,0.190,0.999,2.949,79.266,-286.685,Yaw
0.065,0.282,0.997,75.294,70.481,-286.685,Yaw
0.037,0.359,0.957,65.949,14.648,-286.685,Yaw
0.225,0.363,1.006,53.182,-37.993,-286.685,Yaw
0.245,0.323,0.958,32.812,-46.874,-286.685,Yaw
0.135,0.206,0.980,46.926,-27.580,-286.685,Yaw
-0.071,0.273,0.908,96.302,33.408,-286.685,Yaw
-0.024,0.385,1.117,76.046,15.881,-247.923,Yaw
-0.010,0.465,1.033,37.441,-17.124,-244.020,Yaw
0.097,0.357,1.050,2.328,-0.884,-200.926,Yaw
-0.173,0.316,0.787,-27.326,7.796,-94.920,Yaw
-0.094,0.265,0.912,40.040,30.231,-4.681,Yaw
-0.046,0.276,1.004,38.946,15.881,69.300,Yaw
0.058,0.330,1.115,22.330,-56.280,191.170,Yaw
0.107,0.292,1.158,-20.282,-59.955,286.099,Yaw
0.179,0.379,0.977,-24.692,-49.123,286.685,Yaw
0.239,0.353,1.005,-16.196,-31.789,286.685,Yaw
0.236,0.325,0.986,-24.657,-34.440,286.685,Yaw
0.253,0.328,0.993,-31.500,-21.499,286.685,Yaw
0.244,0.302,1.001,41.458,8.111,286.685,Yaw
0.072,0.229,0.819,-7.280,-26.591,286.685,Yaw
0.159,0.309,1.047,-15.033,-55.388,286.685,Yaw
0.010,0.355,0.929,-11.454,-26.233,286.685,Yaw
0.225,0.152,1.023,-38.028,-13.204,286.449,Yaw
0.286,0.027,0.978,-31.587,-31.640,235.917,Yaw
0.428,0.119,0.879,-5.548,-40.591,116.314,Yaw
0.409,-0.066,0.958,22.103,-35.569,-10.824,Yaw
0.407,0.073,1.027,20.423,21.823,-147.009,Yaw
0.242,0.070,0.992,18.760,85.531,-235.821,Yaw
0.185,0.175,1.403,-19.819,140.516,-286.685,Yaw
0.210,0.100,0.971,-2.791,192.806,-286.685,Yaw
-0.002,0.166,0.973,60.524,209.991,-286.685,Yaw
0.037,0.175,1.034,104.982,191.310,-286.685,Yaw
0.037,0.253,0.863,183.094,142.074,-286.685,Yaw
-0.249,0.335,0.879,225.426,54.303,-286.685,Yaw
-0.337,0.404,1.025,180.434,-48.318,-286.685,Yaw
-0.100,0.483,0.998,129.474,-68.381,-286.685,Yaw
0.016,0.495,0.990,95.305,-103.521,-286.685,Yaw
0.026,0.455,0.996,50.575,-39.436,-285.128,Yaw
-0.098,0.361,0.630,77.630,-9.336,-105.376,Yaw
-0.247,0.415,0.855,114.415,10.736,-61.259,Yaw
-0.221,0.439,1.092,72.144,51.004,-20.772,Yaw
-0.234,0.339,0.882,37.599,73.290,46.795,Yaw
-0.042,0.315,0.982,4.340,57.260,129.342,Yaw
-0.056,0.457,1.086,-32.961,54.057,217.648,Yaw
-0.054,0.604,1.053,-87.999,35.306,286.685,Yaw
0.021,0.608,0.852,-107.993,-33.075,286.685,Yaw
-0.029,0.559,1.018,-87.745,-80.544,286.685,Yaw
-0.033,0.531,1.106,-90.939,-117.548,286.685,Yaw
0.034,0.478,0.751,-71.479,-164.474,286.685,Yaw
0.264,0.413,1.035,38.579,-128.887,286.685,Yaw
0.148,0.472,0.935,45.719,-86.791,286.685,Yaw
-0.008,0.509,0.866,25.042,-85.759,286.685,Yaw
0.206,0.350,1.011,8.557,-55.283,285.679,Yaw
0.480,0.265,0.870,-9.380,-28.569,177.380,Yaw
0.545,0.134,0.776,-2.179,-0.403,47.057,Yaw
0.542,0.116,0.834,1.759,36.654,-37.721,Yaw
0.254,0.277,0.902,13.869,80.299,-139.580,Yaw
0.231,0.259,1.127,-1.619,138.372,-270.288,Yaw
0.284,0.411,0.924,-37.993,134.348,-286.685,Yaw
0.142,0.483,1.030,-38.089,127.050,-286.685,Yaw
-0.062,0.570,1.099,-24.552,116.541,-286.685,Yaw
0.167,0.513,0.914,-54.504,64.785,-286.685,Yaw
0.306,0.406,0.720,11.541,52.097,-286.685,Yaw
0.056,0.447,0.828,10.220,35.158,-286.685,Yaw
0.018,0.381,0.851,15.724,2.966,-286.685,Yaw
0.085,0.372,0.974,86.975,-9.380,-286.685,Yaw
0.051,0.444,1.143,68.311,-23.135,-286.685,Yaw
-0.023,0.385,1.019,25.007,-31.631,-262.701,Yaw
-0.109,0.292,0.875,11.568,0.350,-151.261,Yaw
-0.132,0.202,0.938,21.919,10.666,-36.680,Yaw
-0.055,0.291,1.032,9.520,7.543,65.433,Yaw
-0.142,0.282,1.077,5.679,5.101,121.135,Yaw
-0.081,0.267,1.170,-22.111,3.727,211.216,Yaw
0.104,0.312,0.995,-44.774,43.776,286.046,Yaw
0.298,0.468,1.123,-46.314,8.557,286.685,Yaw
0.243,0.571,1.146,-94.211,-28.577,286.685,Yaw
0.052,0.421,0.941,-150.815,-97.256,286.685,Yaw
-0.437,0.439,0.677,-115.666,-116.095,286.685,Yaw
-0.509,0.448,1.062,-5.924,-98.787,286.685,Yaw
0.100,0.167,1.064,-17.771,-82.731,282.030,Yaw
0.042,0.155,1.035,-12.784,-58.284,252.315,Yaw
0.027,0.056,1.036,-12.670,1.050,175.551,Yaw
0.244,0.089,1.117,-22.654,31.106,87.920,Yaw
0.253,0.157,1.031,-5.556,39.104,13.738,Yaw
0.209,0.213,0.987,21.464,27.388,-42.857,Yaw
0.003,0.171,1.069,32.235,22.006,-148.059,Yaw
0.026,0.254,1.196,-5.162,50.986,-283.693,Yaw
0.027,0.241,1.134,-35.525,27.939,-286.685,Yaw
0.211,0.250,1.104,-45.395,25.436,-286.685,Yaw
0.114,0.199,0.976,-24.290,66.019,-286.685,Yaw
0.160,0.085,0.899,28.683,80.412,-286.685,Yaw
0.137,0.172,1.022,56.298,91.455,-286.685,Yaw
0.098,0.280,0.997,91.910,70.446,-286.685,Yaw
-0.057,0.286,0.949,81.743,56.796,-286.685,Yaw
-0.034,0.363,1.023,83.720,33.897,-286.685,Yaw
-0.086,0.329,0.998,29.059,0.936,-247.712,Yaw
-0.173,0.156,0.933,10.211,-0.936,-213.299,Yaw
-0.126,0.132,0.937,-7.280,23.503,-173.075,Yaw
-0.227,-0.003,0.927,-19.276,59.264,-122.544,Yaw
-0.153,0.020,0.932,-15.382,74.979,-68.408,Yaw
-0.168,0.074,1.039,-27.510,57.689,-3.360,Yaw
-0.216,0.088,0.947,-28.525,5.521,96.399,Yaw
-0.181,0.192,1.023,-12.854,-25.419,229.565,Yaw
-0.108,0.254,0.938,-13.877,-56.289,286.685,Yaw
-0.091,0.363,1.078,-13.694,-56.298,286.685,Yaw
-0.058,0.344,0.940,-34.772,-50.540,286.685,Yaw
0.119,0.378,1.045,-20.667,-58.240,286.685,Yaw
0.066,0.325,0.973,-44.257,-80.482,286.685,Yaw
0.191,0.301,0.969,-24.378,-78.802,286.685,Yaw
-0.052,0.368,0.975,-20.737,-43.969,286.685,Yaw
-0.287,0.388,0.984,-9.188,-42.359,286.685,Yaw
-0.072,0.350,1.066,-9.879,-43.085,286.685,Yaw
0.106,0.272,1.017,-2.704,-28.665,286.090,Yaw
0.153,0.259,0.946,-10.465,-0.884,205.275,Yaw
0.237,0.160,1.053,-6.274,8.706,60.480,Yaw
0.279,0.147,0.958,1.750,8.636,-33.066,Yaw
0.181,0.168,1.059,8.015,15.181,-88.235,Yaw
0.154,0.191,1.098,-2.415,47.635,-208.723,Yaw
0.030,0.239,1.130,-15.006,58.179,-286.685,Yaw
-0.013,0.254,1.145,-39.795,85.356,-286.685,Yaw
0.043,0.205,0.933,-30.118,95.183,-286.685,Yaw
-0.161,0.300,1.070,30.651,79.887,-286.685,Yaw
0.162,0.197,0.720,42.665,61.731,-286.685,Yaw
0.153,0.264,0.860,53.471,2.546,-286.685,Yaw
-0.063,0.321,1.116,81.226,-14.542,-286.685,Yaw
-0.014,0.206,0.924,69.632,-1.006,-286.685,Yaw
0.006,0.300,1.123,-37.949,49.149,-256.655,Yaw
-0.152,0.158,0.890,-6.387,24.561,-284.961,Yaw
-0.139,0.038,0.838,-47.950,34.072,-227.675,Yaw
-0.177,-0.044,0.951,-46.533,42.053,-182.814,Yaw
-0.145,0.041,0.872,-47.845,30.625,-45.859,Yaw
-0.096,-0.009,0.937,-4.909,12.057,40.591,Yaw
-0.045,-0.008,0.921,26.810,-23.686,113.356,Yaw
-0.042,0.104,1.160,21.586,-70.306,265.265,Yaw
0.065,0.301,1.015,52.115,-76.344,286.685,Yaw
0.105,0.373,0.996,31.159,-57.173,286.685,Yaw
0.057,0.440,1.053,26.731,-3.841,286.685,Yaw
0.047,0.432,0.967,-15.584,-2.398,286.685,Yaw
-0.042,0.318,1.058,-56.140,-49.000,286.685,Yaw
-0.148,0.305,1.039,-70.219,-55.090,286.685,Yaw
-0.281,0.300,0.893,-22.059,-40.775,286.685,Yaw
-0.092,0.243,0.999,17.806,-36.916,286.685,Yaw
0.130,0.223,1.018,9.467,-31.054,260.111,Yaw
0.098,0.263,0.993,3.378,-21.245,198.940,Yaw
0.277,0.215,1.074,3.001,-22.155,70.385,Yaw
0.188,0.256,0.985,25.760,-18.681,-43.750,Yaw
-0.027,0.253,1.056,27.029,0.385,-159.469,Yaw
0.076,0.290,1.106,8.890,4.191,-264.206,Yaw
0.239,0.408,1.044,16.319,31.465,-286.685,Yaw
-0.129,0.283,1.168,-5.355,62.869,-286.685,Yaw
0.126,0.279,0.976,-19.766,43.146,-286.685,Yaw
0.122,0.358,0.997,2.345,43.531,-286.685,Yaw
0.077,0.255,0.902,9.214,63.490,-286.685,Yaw
0.041,0.343,0.896,19.128,37.467,-286.685,Yaw
0.007,0.248,0.993,38.631,41.213,-286.685,Yaw
0.101,0.281,1.106,9.712,26.337,-281.925,Yaw
-0.102,0.162,0.871,56.490,-5.661,-134.803,Yaw
-0.156,0.253,0.959,62.396,26.442,-64.199,Yaw
-0.199,0.149,0.991,30.608,0.726,-14.542,Yaw
-0.164,0.122,0.915,21.306,-8.278,44.459,Yaw
-0.009,0.232,0.986,8.076,-13.659,168.473,Yaw
0.043,0.320,1.141,-8.330,-25.139,285.206,Yaw
0.024,0.336,1.037,-21.735,-30.371,286.685,Yaw
0.055,0.349,0.984,-7.691,-44.362,286.685,Yaw
0.105,0.280,0.989,-23.494,-52.929,286.685,Yaw
-0.004,0.272,0.969,-48.186,-67.646,286.685,Yaw
0.184,0.230,0.822,-25.174,-80.255,286.685,Yaw
0.185,0.250,0.936,10.307,-78.558,286.685,Yaw
-0.378,0.356,0.843,27.939,-58.940,286.685,Yaw
0.228,0.315,1.092,21.219,-50.479,286.685,Yaw
0.187,0.308,1.023,14.394,-41.143,215.932,Yaw
0.177,0.354,1.002,9.240,-19.583,124.311,Yaw
0.298,0.294,1.028,5.722,16.888,25.392,Yaw
0.447,0.347,1.047,-11.042,50.347,-93.118,Yaw
0.169,0.198,1.050,-9.432,69.020,-184.730,Yaw
0.093,0.176,1.113,-23.599,77.096,-261.573,Yaw
0.007,0.261,1.133,-22.566,122.938,-286.685,Yaw
0.006,0.332,1.062,-23.030,134.277,-286.685,Yaw
0.101,0.228,0.791,-3.876,111.527,-286.685,Yaw
-0.079,0.242,0.948,23.144,86.625,-286.685,Yaw
0.093,0.236,0.973,38.229,68.049,-286.685,Yaw
0.171,0.331,0.750,47.355,18.034,-286.685,Yaw
-0.084,0.275,0.938,99.549,52.981,-286.685,Yaw
-0.195,0.295,0.996,113.006,49.989,-286.685,Yaw
-0.113,0.260,1.029,93.844,2.503,-260.015,Yaw
-0.148,0.193,1.007,7.753,8.129,-165.419,Yaw
-0.170,0.104,0.992,25.270,12.810,-107.765,Yaw
-0.106,0.212,1.081,59.903,24.798,-19.128,Yaw
-0.201,0.195,1.062,6.370,0.630,112.236,Yaw
-0.008,0.262,1.140,-6.449,-17.885,261.494,Yaw
0.001,0.460,0.991,22.059,3.894,286.685,Yaw
0.014,0.504,0.964,17.491,30.625,286.685,Yaw
0.097,0.481,0.929,-42.464,55.300,286.685,Yaw
-0.206,0.358,1.097,-81.253,15.129,286.685,Yaw
-0.177,0.387,1.041,-149.074,-60.489,286.685,Yaw
0.143,0.389,0.922,-131.845,-111.676,286.685,Yaw
-0.211,0.321,0.705,3.588,-98.814,286.685,Yaw
-0.030,0.314,0.988,24.474,-74.812,286.685,Yaw
0.142,0.214,0.966,11.375,-64.750,286.685,Yaw
0.187,0.231,1.121,9.126,-57.286,286.685,Yaw
0.356,0.184,0.973,-8.802,-45.176,203.315,Yaw
0.407,0.166,0.928,9.441,-23.599,76.291,Yaw
0.391,0.025,0.968,4.182,13.825,-34.326,Yaw
0.423,0.092,0.936,-0.324,32.917,-87.824,Yaw
0.311,0.147,0.978,-8.312,60.708,-185.307,Yaw
0.203,0.223,1.015,-16.669,89.775,-280.315,Yaw
0.131,0.248,1.071,-13.991,103.661,-286.685,Yaw
0.109,0.252,1.087,-13.475,90.571,-286.685,Yaw
0.010,0.249,0.978,6.904,85.400,-286.685,Yaw
-0.077,0.275,0.944,22.085,71.120,-286.685,Yaw
0.006,0.298,0.937,49.123,43.050,-286.685,Yaw
-0.022,0.319,0.980,65.179,35.403,-286.685,Yaw
-0.064,0.331,0.857,61.486,12.924,-286.685,Yaw
0.074,0.428,1.105,80.666,-9.109,-286.685,Yaw
0.063,0.363,1.022,35.394,-21.210,-286.685,Yaw
-0.107,0.170,0.986,11.305,39.095,-285.390,Yaw
-0.187,0.268,1.071,57.881,60.926,-269.465,Yaw
-0.306,0.177,0.904,-55.904,-2.205,-129.789,Yaw
-0.158,0.041,0.994,22.260,-7.350,-118.991,Yaw
-0.223,-0.062,1.102,-28.017,-24.535,-50.129,Yaw
-0.084,0.013,0.896,-3.859,-45.719,55.641,Yaw
-0.161,0.122,1.042,34.554,-20.230,149.529,Yaw
0.033,0.177,1.040,8.724,-47.906,269.255,Yaw
0.010,0.314,1.021,61.250,-38.789,286.685,Yaw
0.040,0.435,1.191,25.489,15.461,286.685,Yaw
0.050,0.377,0.962,-54.609,-9.371,286.685,Yaw
0.069,0.321,1.005,-49.560,-39.987,286.685,Yaw
0.036,0.284,0.996,-55.116,-60.217,286.685,Yaw
0.082,0.404,0.851,-43.295,-58.844,286.685,Yaw
-0.181,0.339,0.963,16.669,-44.074,286.685,Yaw
-0.042,0.266,1.056,5.372,-33.661,286.685,Yaw
0.139,0.204,1.019,2.109,-20.808,286.685,Yaw
0.307,0.201,1.041,5.180,-19.075,277.008,Yaw
0.254,0.131,0.964,-10.132,-17.430,153.746,Yaw
0.287,0.090,0.932,11.568,-1.173,6.528,Yaw
0.299,0.018,0.989,14.927,18.288,-57.041,Yaw
0.269,0.212,1.050,7.604,56.263,-174.265,Yaw
0.188,0.168,1.064,4.261,93.327,-286.457,Yaw
-0.013,0.202,1.197,-6.037,98.420,-286.685,Yaw
-0.039,0.207,1.135,-12.731,92.768,-286.685,Yaw
0.068,0.140,0.910,7.000,60.480,-286.685,Yaw
-0.085,0.187,0.918,75.793,91.236,-286.685,Yaw
-0.114,0.315,1.052,93.511,61.127,-286.685,Yaw
-0.156,0.353,0.896,62.895,-1.138,-286.685,Yaw
0.013,0.223,0.889,95.393,-11.078,-286.685,Yaw
-0.075,0.328,1.011,91.997,-0.910,-286.685,Yaw
-0.096,0.322,0.957,78.339,14.534,-286.685,Yaw
-0.132,0.320,0.942,54.259,-4.839,-276.631,Yaw
-0.152,0.372,0.981,-8.330,-16.870,-89.994,Yaw
-0.083,0.164,0.895,24.290,7.359,19.285,Yaw
-0.056,0.271,1.112,39.541,6.536,134.033,Yaw
0.003,0.308,1.061,-37.721,-6.912,239.470,Yaw
-0.085,0.332,0.849,-47.215,-1.636,286.685,Yaw
0.028,0.353,1.073,-15.435,-11.060,286.685,Yaw
0.050,0.303,0.981,-57.496,-52.447,286.685,Yaw
-0.006,0.323,0.826,-60.909,-74.156,286.685,Yaw
-0.018,0.326,0.917,-39.270,-50.514,286.685,Yaw
-0.217,0.297,0.864,-18.366,-72.783,286.685,Yaw
-0.021,0.351,1.052,4.970,-37.467,286.685,Yaw
0.014,0.345,1.114,-6.807,-16.520,286.685,Yaw
0.113,0.210,1.014,-32.436,4.191,284.594,Yaw
0.176,0.173,1.062,-28.289,7.350,197.242,Yaw
0.320,0.100,0.982,-8.033,-6.641,60.760,Yaw
0.289,0.086,1.014,7.446,3.946,-30.993,Yaw
0.152,0.100,1.099,9.511,51.940,-148.006,Yaw
0.091,0.157,1.191,-1.610,84.105,-246.925,Yaw
0.060,0.182,1.147,-31.019,106.382,-286.685,Yaw
0.041,0.220,1.109,-31.299,108.614,-286.685,Yaw
-0.076,0.114,0.946,23.835,73.745,-286.685,Yaw
-0.023,0.192,0.836,91.735,73.456,-286.685,Yaw
-0.065,0.257,1.126,88.401,38.990,-286.685,Yaw
-0.012,0.225,1.019,40.443,16.511,-286.685,Yaw
0.034,0.281,0.993,51.004,8.706,-286.685,Yaw
-0.016,0.295,0.865,66.150,7.840,-286.685,Yaw
-0.093,0.363,1.055,79.809,-3.150,-286.641,Yaw
-0.084,0.251,0.966,48.011,-5.539,-252.184,Yaw
-0.035,0.195,1.052,1.120,2.476,-186.060,Yaw
-0.178,0.196,0.809,-26.661,-30.721,-24.272,Yaw
-0.088,0.101,1.045,-7.892,4.025,66.176,Yaw
-0.086,0.222,0.708,-12.267,1.951,138.994,Yaw
0.085,0.198,1.103,75.591,31.386,279.641,Yaw
0.046,0.343,1.079,-28.481,32.716,286.685,Yaw
0.002,0.330,1.056,-76.536,-41.571,286.685,Yaw
0.065,0.269,1.025,-75.976,-80.325,286.685,Yaw
0.081,0.243,0.861,-63.665,-94.876,286.685,Yaw
-0.029,0.298,0.988,-26.688,-74.681,286.685,Yaw
-0.181,0.355,1.032,-6.545,-78.286,286.685,Yaw
-0.073,0.259,0.949,-0.752,-70.534,286.685,Yaw
0.106,0.152,1.055,12.714,-19.530,286.685,Yaw
0.323,0.065,1.048,7.508,-23.380,250.154,Yaw
0.265,0.105,1.084,1.549,-33.862,102.025,Yaw
0.304,0.108,1.037,-0.368,-5.959,22.103,Yaw
0.230,0.077,1.024,8.960,37.643,-98.963,Yaw
0.172,0.155,1.116,25.366,80.080,-215.801,Yaw
0.140,0.184,1.172,-7.367,113.269,-286.685,Yaw
0.061,0.264,1.118,-32.734,110.512,-286.685,Yaw
-0.074,0.261,1.056,-25.830,117.355,-286.685,Yaw
-0.088,0.170,0.962,11.034,74.261,-286.685,Yaw
0.061,0.115,0.827,43.006,83.545,-286.685,Yaw
-0.008,0.189,1.028,35.770,77.341,-286.685,Yaw
-0.087,0.133,0.923,46.603,69.143,-286.685,Yaw
-0.182,0.156,0.954,56.569,70.114,-286.685,Yaw
-0.048,0.279,0.991,48.545,8.461,-286.685,Yaw
-0.141,0.216,0.948,39.821,-5.346,-286.685,Yaw
-0.150,0.086,1.242,10.334,14.954,-252.402,Yaw
-0.159,0.092,1.120,-57.566,-26.416,-92.400,Yaw
-0.078,-0.017,0.719,20.676,-20.064,-82.626,Yaw
-0.064,-0.125,1.009,5.504,-17.483,44.415,Yaw
-0.019,0.031,1.027,40.224,-51.896,158.279,Yaw
0.031,0.204,0.839,86.686,-31.290,286.318,Yaw
0.034,0.285,1.040,135.765,27.886,286.685,Yaw
0.024,0.327,1.156,60.909,41.991,286.685,Yaw
-0.137,0.264,1.003,-76.720,0.569,286.685,Yaw
-0.006,0.314,1.113,-94.045,-96.539,286.685,Yaw
0.021,0.218,0.824,-44.861,-125.571,286.685,Yaw
-0.081,0.153,0.767,18.506,-129.482,286.685,Yaw
-0.155,0.263,1.087,7.184,-80.806,286.685,Yaw
0.121,0.264,1.178,-6.204,-24.176,286.685,Yaw
0.172,0.183,0.946,-8.059,-54.889,286.685,Yaw
0.146,0.181,0.913,-1.374,-58.704,237.720,Yaw
0.221,-0.036,0.913,-9.739,-10.220,150.229,Yaw
0.453,-0.044,1.073,19.206,-4.769,30.879,Yaw
0.307,0.106,0.972,26.933,19.784,-111.650,Yaw
0.259,0.155,1.074,17.159,72.476,-220.141,Yaw
0.190,0.115,1.079,-30.905,104.886,-286.685,Yaw
0.120,0.237,1.092,-11.847,129.973,-286.685,Yaw
-0.029,0.188,1.052,7.359,114.144,-286.685,Yaw
-0.096,0.174,0.987,31.728,97.939,-286.685,Yaw
-0.077,0.181,0.995,61.600,84.595,-286.685,Yaw
-0.042,0.258,1.068,83.143,62.029,-286.685,Yaw
-0.021,0.226,0.902,66.132,46.305,-286.685,Yaw
-0.069,0.276,0.992,96.215,54.661,-286.685,Yaw
-0.199,0.287,0.906,98.569,34.536,-286.685,Yaw
-0.166,0.307,0.985,77.201,8.286,-286.685,Yaw
-0.053,0.232,1.235,9.844,16.993,-240.861,Yaw
-0.233,0.172,0.756,-25.401,19.609,-121.056,Yaw
-0.187,0.166,0.997,15.321,13.466,-23.940,Yaw
-0.184,0.033,0.918,-2.450,-27.930,32.506,Yaw
-0.208,0.059,0.899,-19.600,-28.131,111.116,Yaw
-0.116,0.056,1.013,-11.358,-18.751,176.549,Yaw
0.022,0.229,1.073,-33.932,-32.541,286.685,Yaw
-0.042,0.318,0.995,-36.662,-51.415,286.685,Yaw
-0.106,0.252,0.978,-15.488,-48.781,286.685,Yaw
-0.064,0.280,0.959,-24.386,-53.314,286.685,Yaw
0.134,0.336,1.041,-81.786,-99.715,286.685,Yaw
0.227,0.196,0.783,-30.415,-102.690,286.685,Yaw
0.043,0.246,0.898,40.215,-79.100,286.685,Yaw
-0.119,0.324,1.018,34.213,-50.496,286.685,Yaw
0.165,0.232,1.147,7.866,-75.863,286.685,Yaw
0.060,0.322,1.070,-8.085,-77.324,286.685,Yaw
0.235,0.235,0.988,-10.316,-43.321,257.574,Yaw
0.282,0.040,0.908,-10.614,-24.465,191.205,Yaw
0.434,-0.099,1.091,24.806,14.717,70.613,Yaw
0.282,-0.053,0.905,24.246,37.669,-82.084,Yaw
0.224,0.074,1.168,28.315,104.869,-229.451,Yaw
0.178,0.103,1.185,8.234,115.220,-286.633,Yaw
0.126,0.181,1.099,-17.833,99.881,-286.685,Yaw
-0.065,0.282,1.121,13.650,119.324,-286.685,Yaw
-0.108,0.280,1.054,-8.470,98.271,-286.685,Yaw
-0.033,0.225,1.006,-0.499,82.399,-286.685,Yaw
-0.080,0.184,1.042,59.036,70.324,-286.685,Yaw
-0.053,0.211,0.919,56.971,35.630,-286.685,Yaw
-0.015,0.213,0.941,83.440,39.489,-286.685,Yaw
-0.127,0.314,1.001,71.575,26.827,-286.685,Yaw
-0.044,0.308,0.995,56.910,-25.786,-286.685,Yaw
-0.124,0.189,1.020,27.020,-40.565,-286.685,Yaw
0.049,0.030,0.864,-0.376,-23.257,-255.036,Yaw
0.003,0.068,0.846,31.325,-15.304,-120.636,Yaw
-0.206,0.053,1.129,23.109,-7.149,-33.644,Yaw
-0.097,0.005,0.953,28.263,15.488,-3.106,Yaw
0.057,0.086,1.092,-22.006,-16.984,130.751,Yaw
0.103,0.106,0.991,-35.061,-29.785,262.483,Yaw
0.042,0.257,1.029,0.525,-30.756,286.685,Yaw
0.128,0.271,1.016,16.389,-49.306,286.685,Yaw
0.082,0.329,1.129,24.220,-50.006,286.685,Yaw
0.058,0.329,1.071,8.557,-37.188,286.685,Yaw
0.171,0.287,0.975,-9.564,-66.386,286.685,Yaw
0.127,0.331,0.947,23.292,-85.067,286.685,Yaw
-0.032,0.336,1.044,50.347,-64.925,286.685,Yaw
0.084,0.259,0.972,32.086,-63.499,286.685,Yaw
0.036,0.254,1.055,30.301,-49.481,286.685,Yaw
0.269,0.220,1.055,14.158,-54.425,281.785,Yaw
0.274,0.005,0.904,19.897,-80.264,199.421,Yaw
0.284,0.006,0.919,25.042,-74.007,146.492,Yaw
0.473,-0.022,0.921,22.820,-31.981,7.367,Yaw
0.375,0.037,0.893,30.257,32.585,-152.906,Yaw
0.373,0.157,1.101,3.832,79.800,-282.354,Yaw
0.260,0.252,1.092,-25.244,83.720,-286.685,Yaw
0.179,0.380,1.172,-40.810,100.809,-286.685,Yaw
0.076,0.304,1.095,-43.225,110.171,-286.685,Yaw
0.033,0.292,0.998,-19.093,110.591,-286.685,Yaw
-0.052,0.245,1.048,-5.714,117.574,-286.685,Yaw
-0.051,0.213,0.897,28.061,104.081,-286.685,Yaw
-0.096,0.307,0.839,58.879,75.626,-286.685,Yaw
-0.097,0.239,0.999,102.646,32.060,-286.685,Yaw
-0.124,0.259,0.910,80.955,18.191,-286.685,Yaw
-0.157,0.305,0.982,56.350,-13.659,-286.685,Yaw
-0.151,0.202,0.843,3.973,-25.550,-286.685,Yaw
-0.311,0.410,0.728,86.293,-8.846,-190.995,Yaw
-0.131,-0.002,0.973,60.821,-14.114,-210.613,Yaw
-0.230,0.049,1.034,6.930,-26.163,-75.871,Yaw
-0.248,0.075,0.932,-19.022,-8.120,36.365,Yaw
-0.065,0.003,1.003,-23.686,-2.984,112.866,Yaw
-0.076,0.036,1.043,-19.233,-10.369,203.333,Yaw
-0.012,0.197,1.036,-8.068,-18.392,286.685,Yaw
0.048,0.340,1.076,2.739,-47.513,286.685,Yaw
0.053,0.400,1.027,-3.203,-46.025,286.685,Yaw
0.004,0.422,1.023,3.553,-40.915,286.685,Yaw
0.009,0.397,1.026,-8.505,-36.076,286.685,Yaw
0.048,0.320,0.958,-36.592,-49.814,286.685,Yaw
0.088,0.392,0.980,-2.564,-53.419,286.685,Yaw
0.049,0.341,0.975,15.995,-37.993,286.685,Yaw
0.043,0.318,1.062,23.958,-39.226,286.685,Yaw
0.163,0.189,0.935,2.284,-54.495,286.685,Yaw
0.238,0.157,0.934,2.721,-103.198,286.501,Yaw
0.220,0.127,1.041,10.517,-99.698,270.760,Yaw
0.330,0.131,0.959,0.131,-75.959,165.629,Yaw
0.548,0.097,0.900,0.901,-58.476,50.339,Yaw
0.557,0.104,0.927,13.283,-6.116,-83.204,Yaw
0.364,0.090,0.898,-9.844,37.905,-171.264,Yaw
0.399,0.140,1.019,-31.308,73.622,-269.552,Yaw
0.296,0.245,1.084,-16.231,105.079,-286.685,Yaw
0.166,0.244,0.982,-13.790,115.605,-286.685,Yaw
0.028,0.247,1.015,2.275,156.966,-286.685,Yaw
0.036,0.277,1.037,12.906,133.717,-286.685,Yaw
-0.031,0.312,0.951,-0.201,111.020,-286.685,Yaw
-0.128,0.327,0.882,28.446,94.062,-286.685,Yaw
-0.236,0.360,0.974,63.271,60.708,-286.685,Yaw
-0.045,0.392,1.018,65.231,-8.234,-286.685,Yaw
0.008,0.208,0.988,8.024,-2.030,-286.685,Yaw
-0.098,0.264,1.024,18.349,-20.895,-286.685,Yaw
-0.068,0.245,0.935,8.470,-32.944,-281.383,Yaw
-0.264,0.036,0.940,-2.678,-8.750,-203.367,Yaw
-0.085,0.031,0.971,-24.517,-12.845,-154.035,Yaw
-0.077,0.038,0.952,-29.269,-7.367,-26.670,Yaw
-0.141,0.054,0.823,-28.805,-7.849,84.761,Yaw
-0.048,0.145,0.827,119.105,10.255,195.038,Yaw
0.018,0.290,1.097,139.685,35.201,286.685,Yaw
0.042,0.372,1.062,76.213,52.028,286.685,Yaw
-0.026,0.426,1.061,42.604,43.470,286.685,Yaw
-0.043,0.435,1.025,2.949,30.214,286.685,Yaw
-0.049,0.427,1.008,-30.975,-9.669,286.685,Yaw
-0.075,0.497,1.055,-51.809,-45.684,286.685,Yaw
-0.025,0.476,0.950,-58.949,-64.435,286.685,Yaw
0.097,0.392,0.778,-23.949,-67.130,286.685,Yaw
0.183,0.345,0.989,-4.130,-45.290,286.685,Yaw
0.210,0.495,0.990,-14.131,-65.354,286.685,Yaw
0.131,0.482,0.921,-0.971,-40.670,265.755,Yaw
0.316,0.153,0.831,-30.450,-23.091,197.024,Yaw
0.635,-0.062,0.906,-21.647,-8.873,70.271,Yaw
0.417,0.020,0.885,21.718,11.935,-70.009,Yaw
0.290,0.074,0.836,8.208,17.220,-200.226,Yaw
0.487,0.160,1.133,-12.014,52.255,-277.961,Yaw
0.337,0.225,1.003,-29.067,37.896,-286.685,Yaw
0.210,0.263,1.067,-3.675,20.116,-286.685,Yaw
0.162,0.343,1.034,5.469,28.411,-286.685,Yaw
0.155,0.460,1.022,3.176,36.724,-286.685,Yaw
0.058,0.448,0.943,11.007,26.696,-286.685,Yaw
-0.033,0.482,0.849,66.062,18.646,-286.685,Yaw
-0.081,0.467,0.932,54.618,6.256,-286.685,Yaw
0.093,0.552,0.965,54.294,-30.503,-286.685,Yaw
-0.064,0.499,0.946,23.905,-45.150,-286.685,Yaw
-0.111,0.361,0.950,-31.710,-43.365,-286.685,Yaw
-0.068,0.352,1.051,-67.235,-31.404,-286.685,Yaw
-0.068,0.395,0.903,-56.385,-15.417,-286.685,Yaw
-0.106,0.270,0.788,-51.240,-1.942,-197.916,Yaw
-0.213,0.158,0.884,-19.022,27.274,-94.902,Yaw
-0.188,0.154,0.949,12.014,30.441,48.536,Yaw
-0.089,0.135,0.933,10.430,48.484,134.286,Yaw
-0.130,0.218,0.983,123.375,80.692,211.732,Yaw
-0.061,0.381,1.173,71.129,84.192,286.501,Yaw
-0.033,0.544,1.056,2.888,68.040,286.685,Yaw
0.004,0.560,0.943,-36.190,62.606,286.685,Yaw
-0.148,0.538,0.932,-59.798,43.960,286.685,Yaw
-0.071,0.597,1.029,-93.257,-25.366,286.685,Yaw
-0.033,0.524,0.950,-118.912,-74.567,286.685,Yaw
-0.137,0.495,0.844,-111.309,-79.844,286.685,Yaw
0.159,0.425,0.830,-50.724,-83.160,286.685,Yaw
0.105,0.434,0.997,9.188,-20.029,286.685,Yaw
0.001,0.405,0.998,6.991,-4.489,286.685,Yaw
0.046,0.205,0.890,-33.565,-3.194,286.090,Yaw
0.526,0.097,1.076,-14.621,-11.602,176.741,Yaw
0.363,0.158,0.888,2.905,29.496,35.201,Yaw
0.328,0.100,0.895,2.301,41.107,-75.311,Yaw
0.266,0.143,1.007,12.792,67.270,-149.958,Yaw
0.330,0.250,1.062,-4.786,61.162,-269.596,Yaw
0.208,0.278,1.009,-18.384,39.524,-286.685,Yaw
0.164,0.292,1.053,-6.528,-6.764,-286.685,Yaw
0.027,0.299,1.034,1.671,-2.371,-286.685,Yaw
-0.008,0.342,0.959,-14.525,7.770,-286.685,Yaw
0.065,0.353,0.937,17.290,32.760,-286.685,Yaw
0.070,0.374,0.912,18.541,17.955,-286.685,Yaw
0.088,0.450,0.987,59.666,-13.974,-286.685,Yaw
-0.015,0.402,0.947,34.423,-25.952,-286.685,Yaw
0.051,0.356,0.999,13.064,-50.278,-286.685,Yaw
0.075,0.343,0.931,-10.579,-23.048,-260.348,Yaw
-0.039,0.260,0.963,-1.102,-2.529,-210.542,Yaw
-0.026,0.212,1.029,-25.760,-0.140,-146.072,Yaw
0.009,0.201,1.033,-45.745,0.534,-57.243,Yaw
0.047,0.247,0.892,9.677,-10.946,65.354,Yaw
0.053,0.242,0.817,69.029,26.066,120.164,Yaw
0.091,0.324,1.062,79.467,39.445,231.753,Yaw
0.229,0.400,0.941,66.762,43.601,286.685,Yaw
0.142,0.458,0.967,68.521,47.338,286.685,Yaw
0.226,0.546,1.000,49.621,31.833,286.685,Yaw
0.145,0.574,1.059,14.123,14.779,286.685,Yaw
-0.116,0.466,0.848,-44.721,-8.523,286.685,Yaw
-0.022,0.473,0.881,-52.789,-35.324,286.685,Yaw
0.112,0.608,1.000,-4.655,-25.751,286.685,Yaw
0.092,0.420,0.858,-5.950,8.321,286.685,Yaw
0.061,0.183,0.989,-17.185,30.704,286.685,Yaw
0.366,0.103,1.021,-31.019,7.332,217.350,Yaw
0.440,0.239,0.832,-9.188,9.966,102.183,Yaw
0.340,0.129,0.833,14.823,-0.683,-19.915,Yaw
0.353,0.187,0.958,18.638,-3.832,-132.125,Yaw
0.312,0.204,0.927,16.196,9.222,-240.852,Yaw
0.317,0.293,0.974,-17.316,27.046,-286.545,Yaw
0.284,0.320,1.078,-28.507,41.676,-286.685,Yaw
0.177,0.289,1.073,-29.995,49.534,-286.685,Yaw
0.119,0.260,0.941,-28.000,121.625,-286.685,Yaw
-0.025,0.241,0.962,-29.750,151.655,-286.685,Yaw
0.074,0.337,0.901,-4.673,110.504,-286.685,Yaw
-0.076,0.411,1.060,41.186,22.566,-286.685,Yaw
0.069,0.360,0.974,40.145,21.052,-286.685,Yaw
0.000,0.313,0.993,14.227,28.831,-286.685,Yaw
-0.123,0.364,0.956,8.584,-5.617,-247.117,Yaw
-0.182,0.282,0.870,14.682,-5.381,-173.023,Yaw
-0.154,0.245,0.941,13.781,-29.960,-96.145,Yaw
-0.031,0.203,0.828,-17.071,-32.305,-27.597,Yaw
-0.051,0.281,0.772,99.654,1.085,57.059,Yaw
0.053,0.350,1.011,148.741,17.859,185.684,Yaw
0.125,0.348,1.078,115.448,65.275,286.440,Yaw
0.146,0.499,1.211,48.956,87.535,286.685,Yaw
0.075,0.477,1.059,-23.275,84.543,286.685,Yaw
-0.136,0.437,1.025,-76.956,38.798,286.685,Yaw
-0.320,0.673,1.143,-121.371,-44.065,286.685,Yaw
-0.073,0.371,0.800,-156.266,-106.400,286.685,Yaw
-0.002,0.429,0.849,-25.323,-44.765,286.685,Yaw
-0.043,0.301,1.017,-16.695,-38.911,286.685,Yaw
0.220,0.202,1.103,-27.737,-34.632,286.685,Yaw
0.185,0.255,0.939,-29.173,-13.799,252.184,Yaw
0.296,0.247,0.895,-27.528,10.658,123.410,Yaw
0.362,0.085,0.954,-17.491,21.962,3.404,Yaw
0.367,0.100,0.954,-2.196,28.612,-86.380,Yaw
0.197,0.142,0.888,4.034,57.251,-166.355,Yaw
0.184,0.172,1.031,39.585,100.056,-280.376,Yaw
0.045,0.310,1.061,49.875,88.200,-286.685,Yaw
-0.034,0.313,0.959,26.040,42.403,-286.685,Yaw
-0.012,0.362,0.958,33.381,15.575,-286.685,Yaw
-0.147,0.466,1.073,55.195,13.781,-286.685,Yaw
0.025,0.393,1.050,56.123,39.751,-286.685,Yaw
-0.033,0.404,0.872,38.351,39.209,-286.685,Yaw
-0.037,0.415,0.938,63.875,37.275,-286.685,Yaw
-0.209,0.361,0.927,57.916,27.886,-286.685,Yaw
-0.290,0.364,1.034,42.193,12.084,-286.685,Yaw
-0.092,0.287,0.961,6.589,-3.054,-244.414,Yaw
-0.053,0.306,0.964,-13.283,-13.528,-176.645,Yaw
-0.003,0.293,0.807,-13.142,-16.074,-15.382,Yaw
-0.063,0.232,0.851,70.201,14.079,101.482,Yaw
0.018,0.375,0.992,78.942,28.892,211.068,Yaw
0.164,0.466,1.061,70.254,41.956,285.688,Yaw
0.027,0.500,1.073,3.561,67.629,286.685,Yaw
-0.158,0.502,1.038,-69.213,24.474,286.685,Yaw
-0.099,0.574,1.017,-110.171,-55.361,286.685,Yaw
-0.162,0.546,0.996,-118.895,-80.771,286.685,Yaw
-0.264,0.469,0.742,-103.661,-83.790,286.685,Yaw
0.159,0.401,0.895,-4.410,-58.397,286.685,Yaw
0.122,0.282,0.917,30.765,-59.719,286.685,Yaw
0.003,0.232,1.027,15.864,-53.550,286.685,Yaw
0.300,0.270,1.049,-24.054,-36.584,263.043,Yaw
0.366,0.394,0.933,8.540,-13.458,91.989,Yaw
0.336,0.338,0.945,2.441,43.881,-69.624,Yaw
0.302,0.347,0.981,-0.341,81.401,-138.827,Yaw
0.302,0.281,1.047,-3.124,125.571,-248.727,Yaw
0.190,0.304,0.932,-16.126,77.499,-286.685,Yaw
0.107,0.320,0.990,-18.445,69.414,-286.685,Yaw
0.105,0.383,1.086,-15.041,53.550,-286.685,Yaw
-0.016,0.313,1.024,-0.709,21.333,-286.685,Yaw
0.052,0.159,0.895,-17.763,45.167,-286.685,Yaw
0.019,0.214,0.795,-21.962,59.806,-286.685,Yaw
0.074,0.276,0.849,20.702,48.125,-286.685,Yaw
0.037,0.330,0.948,54.740,22.278,-286.650,Yaw
0.054,0.223,0.948,54.084,18.235,-227.036,Yaw
0.064,0.221,1.045,32.314,13.265,-154.936,Yaw
0.003,0.233,1.065,18.917,12.749,-93.905,Yaw
-0.078,0.195,1.001,16.712,4.427,-3.990,Yaw
-0.053,0.180,1.024,31.798,-2.503,70.779,Yaw
0.026,0.146,1.082,48.562,-2.476,141.584,Yaw
0.044,0.202,1.190,23.739,-9.310,186.559,Yaw
0.089,0.357,1.186,-35.140,-31.360,280.980,Yaw
0.046,0.312,0.931,-50.269,-48.939,286.685,Yaw
0.104,0.167,0.850,-47.644,-77.271,286.685,Yaw
-0.021,0.254,0.990,-48.309,-72.319,286.685,Yaw
0.052,0.415,1.102,-45.342,-84.665,286.685,Yaw
0.079,0.305,0.888,-17.946,-85.715,286.685,Yaw
0.065,0.273,0.869,19.163,-94.430,286.685,Yaw
0.152,0.279,1.005,21.892,-62.825,285.617,Yaw
0.195,0.243,1.168,-5.661,-36.829,214.559,Yaw
0.286,0.224,0.896,-5.171,-15.470,99.304,Yaw
0.294,0.181,0.899,10.255,32.314,-24.701,Yaw
0.326,0.206,0.960,22.706,57.216,-78.838,Yaw
0.309,0.254,1.031,19.521,75.469,-168.936,Yaw
0.216,0.271,1.004,12.171,59.920,-259.219,Yaw
0.065,0.326,0.992,20.195,35.411,-286.685,Yaw
-0.007,0.319,1.077,5.364,24.124,-286.685,Yaw
0.106,0.338,1.026,-6.081,18.016,-286.685,Yaw
0.267,0.396,0.895,29.391,17.229,-286.685,Yaw
0.084,0.313,1.006,69.571,10.036,-286.685,Yaw
0.094,0.318,1.036,48.606,14.175,-286.685,Yaw
0.040,0.240,1.010,27.090,19.058,-286.283,Yaw
-0.045,0.251,0.892,12.425,31.509,-252.770,Yaw
-0.076,0.335,0.834,54.985,50.225,-191.555,Yaw
-0.043,0.387,0.981,68.224,50.374,-138.758,Yaw
0.029,0.361,0.955,3.509,38.474,-27.142,Yaw
0.034,0.313,0.950,-20.230,15.689,84.158,Yaw
0.136,0.422,1.095,-65.485,-33.740,210.324,Yaw
0.102,0.370,1.043,-96.040,-52.535,283.080,Yaw
0.130,0.286,1.015,-101.762,-92.619,286.685,Yaw
0.027,0.270,0.968,-77.744,-120.295,286.685,Yaw
-0.003,0.231,0.884,-44.205,-121.940,286.685,Yaw
0.124,0.194,0.991,-13.877,-95.585,286.685,Yaw
0.162,0.252,1.110,-4.532,-82.889,286.685,Yaw
0.099,0.241,0.976,-24.972,-53.498,286.685,Yaw
0.124,0.144,0.919,-12.241,-47.355,286.685,Yaw
0.354,0.030,1.103,8.741,-45.028,286.668,Yaw
0.234,0.104,0.945,-8.645,-37.905,221.655,Yaw
0.315,0.006,0.824,-21.201,-6.414,124.548,Yaw
0.430,-0.093,0.956,27.554,3.168,44.275,Yaw
0.437,-0.020,0.890,55.519,11.174,-44.205,Yaw
0.340,0.099,1.040,60.174,85.916,-182.971,Yaw
0.285,0.136,1.047,23.406,110.014,-283.325,Yaw
0.122,0.165,1.113,0.928,96.250,-286.685,Yaw
0.066,0.175,1.003,14.262,112.997,-286.685,Yaw
-0.001,0.229,1.024,54.889,87.684,-286.685,Yaw
-0.075,0.346,1.045,77.787,92.986,-286.685,Yaw
0.008,0.355,1.027,124.749,48.396,-286.685,Yaw
0.007,0.294,0.989,70.551,-24.526,-286.685,Yaw
0.185,0.310,1.167,70.849,-42.472,-286.685,Yaw
0.189,0.281,0.936,36.382,-11.200,-286.685,Yaw
0.087,0.372,1.049,25.926,16.782,-244.527,Yaw
0.078,0.277,1.000,-8.802,40.731,-153.038,Yaw
-0.051,0.209,0.951,25.725,55.396,-35.980,Yaw
-0.055,0.279,1.014,1.164,19.556,66.911,Yaw
-0.002,0.203,0.988,-77.875,-53.016,188.440,Yaw
0.142,0.254,0.986,-37.354,-75.661,256.384,Yaw
0.343,0.302,1.139,-34.440,-91.271,286.685,Yaw
0.119,0.239,0.889,-74.393,-106.339,286.685,Yaw
0.119,0.244,0.934,-26.792,-131.215,286.685,Yaw
0.202,0.196,0.949,5.049,-132.580,286.685,Yaw
0.113,0.312,1.130,14.823,-79.704,286.685,Yaw
0.013,0.267,0.912,-6.764,-60.821,286.685,Yaw
0.127,0.207,1.155,-0.551,-31.815,286.685,Yaw
0.327,0.064,1.233,-21.744,-31.964,286.685,Yaw
0.273,0.011,0.958,-58.686,-32.480,250.145,Yaw
0.246,-0.116,0.788,-35.455,-35.009,124.136,Yaw
0.414,-0.098,0.952,19.906,-0.499,47.836,Yaw
0.379,-0.109,0.967,49.009,20.125,-38.001,Yaw
0.308,-0.002,1.069,53.305,109.716,-187.723,Yaw
0.198,0.124,1.101,5.880,123.410,-286.685,Yaw
0.065,0.144,1.038,-3.789,144.602,-286.685,Yaw
0.147,0.178,1.087,17.097,143.675,-286.685,Yaw
0.061,0.158,0.928,58.678,128.004,-286.685,Yaw
0.103,0.186,0.795,85.715,101.378,-286.685,Yaw
-0.037,0.281,1.009,87.973,64.041,-286.685,Yaw
0.149,0.225,0.844,80.728,22.365,-286.685,Yaw
0.084,0.175,1.041,99.881,-10.946,-286.685,Yaw
0.146,0.214,1.113,50.732,-65.914,-286.685,Yaw
0.120,0.257,0.982,9.783,-65.511,-240.966,Yaw
-0.031,0.222,0.989,-5.276,-12.635,-197.024,Yaw
-0.033,0.245,1.035,-23.791,9.476,-140.184,Yaw
-0.039,0.133,1.095,-51.144,9.520,-58.091,Yaw
-0.023,0.108,0.807,-3.771,5.950,12.092,Yaw
0.059,0.140,0.986,50.715,-12.014,56.359,Yaw
0.027,0.187,1.106,30.048,-23.730,176.811,Yaw
0.180,0.246,1.069,-25.288,-18.550,277.979,Yaw
0.308,0.200,1.099,-52.763,-43.654,286.685,Yaw
0.212,0.170,1.118,-64.872,-52.045,286.685,Yaw
0.084,0.123,0.961,-67.848,-56.289,286.685,Yaw
0.136,0.105,0.920,-35.787,-71.111,286.685,Yaw
0.008,0.084,0.980,29.951,-73.098,286.685,Yaw
0.012,0.128,1.012,24.544,-59.964,286.685,Yaw
0.079,0.096,1.096,1.601,-63.026,286.685,Yaw
0.090,0.102,1.019,-31.001,-69.598,286.685,Yaw
0.092,0.125,0.998,-45.237,-63.035,286.685,Yaw
0.123,0.045,1.006,-38.185,-65.021,278.609,Yaw
0.238,-0.109,0.895,-7.980,-73.754,190.312,Yaw
0.450,-0.046,0.948,25.130,-51.818,84.411,Yaw
0.396,-0.082,1.000,28.175,-18.427,-52.658,Yaw
0.169,0.021,1.034,27.108,20.834,-136.850,Yaw
0.242,0.014,1.122,-14.814,65.546,-258.519,Yaw
0.266,-0.050,0.940,-21.577,85.969,-286.685,Yaw
0.230,0.027,1.101,11.743,101.054,-286.685,Yaw
0.093,0.143,1.094,18.261,106.400,-286.685,Yaw
0.007,0.188,1.113,18.725,127.085,-286.685,Yaw
0.095,0.138,1.127,52.351,112.753,-286.685,Yaw
0.085,0.151,0.830,17.334,75.136,-286.685,Yaw
0.026,0.130,0.773,93.240,90.956,-286.685,Yaw
-0.117,0.308,1.037,123.165,64.732,-286.685,Yaw
0.098,0.330,1.152,92.724,-10.885,-286.685,Yaw
0.130,0.300,1.053,24.605,-56.315,-286.685,Yaw
0.045,0.214,1.013,-2.765,-49.735,-281.286,Yaw
-0.131,0.174,1.024,-19.215,3.832,-248.990,Yaw
-0.083,0.327,1.063,32.996,6.204,-139.624,Yaw
-0.087,0.096,0.888,24.885,36.855,-70.709,Yaw
-0.013,0.045,0.955,47.416,35.411,-32.524,Yaw
-0.065,0.165,1.049,10.587,7.394,76.825,Yaw
-0.009,0.143,0.917,1.409,-34.335,234.614,Yaw
0.068,0.241,1.143,11.970,-83.694,286.685,Yaw
0.178,0.351,1.145,-9.074,-89.495,286.685,Yaw
0.242,0.302,0.978,-42.577,-87.824,286.685,Yaw
0.240,0.253,0.976,-28.446,-99.706,286.685,Yaw
0.163,0.228,1.018,-5.626,-91.184,286.685,Yaw
0.120,0.216,0.972,0.525,-86.870,286.685,Yaw
0.123,0.163,1.045,39.935,-57.059,286.685,Yaw
0.370,0.155,0.967,44.809,-68.836,286.685,Yaw
0.226,0.152,0.982,48.256,-57.768,286.685,Yaw
0.259,0.148,1.088,25.191,-73.500,286.685,Yaw
0.136,0.161,1.021,-22.208,-70.114,286.685,Yaw
0.348,-0.099,0.864,-37.170,-86.441,281.592,Yaw
0.499,-0.154,0.868,4.594,-80.684,184.214,Yaw
0.471,-0.149,0.853,8.680,-59.885,78.698,Yaw
0.358,-0.138,0.998,25.594,0.044,-79.774,Yaw
0.444,-0.095,1.096,-3.990,68.224,-238.945,Yaw
0.405,-0.009,1.054,-46.550,120.033,-286.685,Yaw
0.287,0.037,1.023,-37.546,139.773,-286.685,Yaw
0.300,0.120,1.090,4.130,145.329,-286.685,Yaw
0.128,0.254,1.022,32.174,124.600,-286.685,Yaw
0.167,0.197,1.041,71.680,129.325,-286.685,Yaw
0.077,0.302,0.965,43.479,105.096,-286.685,Yaw
-0.017,0.278,0.892,122.404,79.188,-286.685,Yaw
0.100,0.388,1.034,145.460,25.952,-286.685,Yaw
0.156,0.401,0.981,85.207,-25.016,-286.685,Yaw
0.067,0.415,0.959,38.430,-29.698,-286.685,Yaw
0.001,0.418,0.945,-27.737,-51.502,-286.685,Yaw
-0.073,0.338,0.992,-77.954,-61.679,-270.804,Yaw
-0.046,0.089,0.775,-105.814,-33.897,-196.770,Yaw
-0.035,0.040,0.958,-75.504,-20.790,-95.165,Yaw
-0.081,0.059,0.803,13.991,-16.004,-14.954,Yaw
0.005,0.203,1.084,66.474,-14.665,107.161,Yaw
0.148,0.200,1.128,61.565,-1.251,279.466,Yaw
0.257,0.239,1.110,57.908,28.796,286.685,Yaw
0.253,0.411,1.167,36.487,19.819,286.685,Yaw
0.146,0.406,1.059,-9.616,7.411,286.685,Yaw
0.181,0.329,1.095,-42.254,-27.046,286.685,Yaw
0.236,0.230,1.083,-95.804,-116.620,286.685,Yaw
0.074,0.254,0.830,-78.671,-120.260,286.685,Yaw
0.028,0.301,0.872,10.054,-80.482,286.685,Yaw
0.157,0.293,1.104,25.034,-59.325,286.685,Yaw
0.258,0.330,1.107,-15.724,-27.370,285.040,Yaw
0.152,0.266,1.044,-42.840,7.997,211.470,Yaw
0.312,0.056,0.865,-48.370,32.060,90.772,Yaw
0.347,0.046,0.871,17.483,61.022,7.639,Yaw
0.260,0.085,0.916,42.096,63.472,-119.341,Yaw
0.253,0.062,1.138,46.130,71.610,-207.008,Yaw
0.113,0.115,1.134,16.765,45.115,-286.659,Yaw
0.208,0.183,1.174,-4.480,44.292,-286.685,Yaw
0.167,0.178,1.006,12.574,74.007,-286.685,Yaw
0.050,0.261,1.064,54.232,96.775,-286.685,Yaw
0.024,0.198,1.094,76.309,95.874,-286.685,Yaw
0.096,0.275,0.911,95.944,63.787,-286.685,Yaw
0.109,0.300,0.937,103.521,45.833,-286.685,Yaw
-0.093,0.385,0.894,95.034,36.339,-286.685,Yaw
0.007,0.413,1.063,54.705,-29.234,-286.685,Yaw
0.050,0.410,1.024,-10.955,-40.197,-286.650,Yaw
-0.021,0.323,0.999,-44.074,-32.130,-221.725,Yaw
-0.082,0.257,0.782,14.621,-24.815,-135.905,Yaw
-0.158,0.116,0.912,28.656,16.126,-49.621,Yaw
-0.179,0.145,1.063,20.204,25.681,29.330,Yaw
-0.087,0.134,0.987,16.433,33.154,149.459,Yaw
0.046,0.208,0.980,14.892,39.147,238.394,Yaw
0.160,0.341,1.123,11.821,41.379,286.685,Yaw
0.153,0.353,1.114,-32.217,22.907,286.685,Yaw
0.146,0.352,1.132,-86.152,-28.927,286.685,Yaw
0.139,0.317,1.042,-130.077,-55.169,286.685,Yaw
0.220,0.320,0.946,-147.350,-136.465,286.685,Yaw
0.076,0.324,0.930,-21.962,-122.281,286.685,Yaw
-0.002,0.333,0.922,-25.139,-120.890,286.685,Yaw
0.028,0.331,1.004,-35.971,-94.561,286.685,Yaw
0.210,0.168,1.067,-18.471,-83.186,286.685,Yaw
0.188,0.130,1.038,-26.022,-53.559,266.096,Yaw
0.149,0.144,1.045,-31.255,-15.111,121.126,Yaw
0.350,-0.026,0.936,7.114,6.484,39.541,Yaw
0.369,0.007,1.040,42.236,44.222,-100.984,Yaw
0.285,0.090,1.104,43.838,87.115,-256.524,Yaw
0.303,0.172,1.110,8.986,93.152,-286.685,Yaw
0.233,0.192,0.951,0.166,95.287,-286.685,Yaw
0.225,0.250,1.060,39.182,85.190,-286.685,Yaw
0.110,0.310,0.890,57.557,77.787,-286.685,Yaw
0.094,0.352,0.801,121.625,79.555,-286.685,Yaw
0.003,0.346,1.117,95.217,83.632,-286.685,Yaw
0.140,0.460,0.951,79.721,50.015,-286.685,Yaw
0.064,0.451,1.025,52.824,5.976,-286.685,Yaw
0.015,0.372,0.994,10.990,1.671,-286.685,Yaw
0.076,0.351,1.032,-14.070,-16.747,-286.650,Yaw
-0.118,0.134,0.797,-45.264,-24.614,-221.690,Yaw
-0.205,0.156,0.999,14.403,-12.871,-118.589,Yaw
-0.097,0.190,0.910,15.059,15.216,-64.094,Yaw
-0.105,0.155,0.969,18.961,14.858,16.406,Yaw
-0.186,0.167,1.082,27.580,17.395,151.200,Yaw
0.030,0.156,1.050,15.610,53.077,253.234,Yaw
0.106,0.277,1.081,7.726,74.988,286.685,Yaw
0.123,0.421,1.075,-13.073,65.476,286.685,Yaw
0.028,0.466,1.158,-58.257,12.521,286.685,Yaw
0.037,0.372,1.112,-140.866,-50.347,286.685,Yaw
-0.028,0.353,1.069,-187.792,-137.200,286.685,Yaw
0.038,0.312,0.709,-142.432,-154.893,286.685,Yaw
-0.056,0.274,0.581,-19.372,-138.889,286.685,Yaw
0.131,0.322,1.197,5.451,-105.551,286.685,Yaw
0.046,0.212,0.992,-63.210,-54.040,286.685,Yaw
0.178,0.143,0.887,-55.405,-39.042,274.356,Yaw
0.127,0.171,1.019,-22.391,-25.165,160.633,Yaw
0.327,0.069,0.925,-5.460,5.267,32.340,Yaw
0.327,0.102,1.099,29.251,13.974,-56.849,Yaw
0.216,0.087,1.078,39.812,22.522,-141.041,Yaw
0.238,0.097,1.092,29.907,68.101,-257.014,Yaw
0.188,0.161,1.062,32.463,69.195,-286.685,Yaw
0.159,0.309,1.006,54.845,52.833,-286.685,Yaw
0.029,0.287,0.991,46.856,49.857,-286.685,Yaw
0.093,0.339,0.859,70.647,61.591,-286.685,Yaw
-0.018,0.427,0.909,91.149,42.945,-286.685,Yaw
-0.000,0.481,0.921,76.169,33.539,-286.685,Yaw
0.119,0.483,0.975,64.566,13.667,-286.685,Yaw
0.107,0.400,0.913,23.651,3.264,-286.685,Yaw
0.026,0.369,0.992,5.924,34.248,-286.685,Yaw
-0.104,0.333,1.000,-12.241,38.062,-273.376,Yaw
-0.163,0.262,1.007,-24.850,34.466,-230.790,Yaw
-0.190,0.172,0.988,-25.716,7.560,-143.920,Yaw
-0.209,0.072,0.812,13.755,1.085,-50.417,Yaw
-0.226,0.149,1.039,44.625,-10.859,25.288,Yaw
-0.232,0.223,1.001,35.158,3.483,95.751,Yaw
-0.110,0.170,0.955,30.984,9.844,201.163,Yaw
0.048,0.298,1.117,22.391,37.660,286.055,Yaw
0.134,0.542,1.122,-15.496,43.295,286.685,Yaw
0.131,0.562,1.083,-52.911,27.449,286.685,Yaw
-0.067,0.486,0.984,-109.909,-5.941,286.685,Yaw
0.031,0.537,1.085,-151.786,-70.665,286.685,Yaw
0.042,0.393,0.810,-156.021,-148.523,286.685,Yaw
-0.187,0.456,0.661,-41.256,-96.757,286.685,Yaw
-0.019,0.371,0.971,-30.389,-78.619,286.685,Yaw
0.157,0.186,1.080,-22.566,-59.176,286.685,Yaw
-0.005,0.232,1.092,-19.714,-11.891,240.231,Yaw
0.003,0.209,1.060,-22.698,9.398,142.887,Yaw
0.280,0.144,0.993,-2.564,30.826,10.491,Yaw
0.154,0.183,0.954,33.775,55.230,-105.000,Yaw
0.123,0.187,1.027,36.943,64.619,-222.819,Yaw
0.159,0.215,1.088,51.485,45.789,-282.835,Yaw
0.169,0.303,0.998,59.369,0.131,-286.685,Yaw
0.052,0.417,0.922,57.103,-7.193,-286.685,Yaw
-0.071,0.436,1.008,70.402,-21.210,-286.685,Yaw
0.058,0.427,1.005,61.241,-28.341,-286.685,Yaw
0.154,0.445,1.010,21.061,1.050,-286.685,Yaw
0.210,0.497,0.960,13.816,65.607,-286.685,Yaw
0.071,0.479,0.996,-12.959,39.909,-286.685,Yaw
-0.004,0.428,0.979,-36.321,18.638,-286.685,Yaw
-0.145,0.264,0.900,-57.216,9.669,-286.562,Yaw
-0.094,0.221,0.976,-57.234,-10.255,-233.572,Yaw
-0.245,0.066,0.748,-26.101,9.467,-161.079,Yaw
-0.146,0.092,0.966,25.016,-9.389,-116.777,Yaw
-0.182,0.005,0.968,16.853,-19.933,-19.110,Yaw
-0.154,0.020,0.923,40.932,-10.623,60.480,Yaw
-0.091,0.193,0.998,54.329,2.774,154.613,Yaw
-0.059,0.262,1.016,51.756,24.246,237.256,Yaw
0.020,0.356,1.149,46.279,52.780,286.685,Yaw
0.087,0.441,1.085,3.649,56.787,286.685,Yaw
0.219,0.532,1.095,-48.440,33.941,286.685,Yaw
0.269,0.522,1.091,-91.402,2.336,286.685,Yaw
-0.104,0.425,0.938,-144.760,-58.345,286.685,Yaw
0.047,0.383,0.867,-120.129,-137.384,286.685,Yaw
-0.075,0.552,0.928,-24.246,-120.978,286.685,Yaw
-0.114,0.513,1.013,-19.792,-100.713,286.685,Yaw
-0.050,0.207,0.979,-28.595,-52.876,286.685,Yaw
0.212,0.227,1.050,-4.287,-26.399,220.649,Yaw
0.183,0.168,0.912,-10.386,3.693,97.213,Yaw
0.209,0.127,0.969,2.678,14.700,34.107,Yaw
0.262,0.164,1.034,23.695,54.162,-87.762,Yaw
0.167,0.205,0.949,34.930,66.098,-213.596,Yaw
0.205,0.224,1.066,48.685,46.952,-286.685,Yaw
0.097,0.290,1.036,48.807,40.688,-286.685,Yaw
0.018,0.396,1.090,43.435,19.740,-286.685,Yaw
-0.048,0.479,1.092,34.239,14.411,-286.685,Yaw
-0.080,0.415,0.975,38.561,27.528,-286.685,Yaw
0.054,0.504,0.998,37.441,29.558,-286.685,Yaw
0.155,0.491,1.018,48.484,22.837,-286.685,Yaw
0.044,0.438,1.018,-5.136,8.549,-286.685,Yaw
-0.062,0.349,0.960,-48.501,26.871,-286.685,Yaw
-0.073,0.297,0.882,-57.374,22.417,-286.685,Yaw
-0.147,0.241,0.917,22.951,1.768,-227.762,Yaw
-0.171,0.116,0.973,34.204,-10.561,-169.041,Yaw
-0.208,0.137,1.030,18.655,-28.534,-83.632,Yaw
-0.047,0.106,0.986,-2.476,-46.812,-28.341,Yaw
-0.115,0.052,0.962,24.115,-27.414,63.140,Yaw
-0.058,0.165,1.000,42.245,-21.910,171.587,Yaw
-0.013,0.228,1.045,42.018,2.432,281.190,Yaw
0.087,0.330,1.061,33.941,26.827,286.685,Yaw
0.237,0.502,1.059,14.227,56.525,286.685,Yaw
0.191,0.479,1.038,-27.484,37.879,286.685,Yaw
0.068,0.429,1.019,-72.774,-12.565,286.685,Yaw
0.055,0.455,1.013,-88.673,-49.140,286.685,Yaw
0.076,0.426,0.865,-72.879,-114.319,286.685,Yaw
-0.230,0.408,0.941,-11.392,-80.412,286.685,Yaw
0.037,0.338,1.032,-8.855,-58.791,286.685,Yaw
0.231,0.286,1.037,7.770,-58.345,286.685,Yaw
0.115,0.295,1.065,4.576,-39.970,278.880,Yaw
0.200,0.245,0.969,-17.080,13.842,119.586,Yaw
0.235,0.194,1.011,13.738,40.092,-43.741,Yaw
0.233,0.195,0.961,27.519,70.245,-145.154,Yaw
0.138,0.189,0.976,67.856,111.326,-280.656,Yaw
-0.014,0.320,1.159,62.484,99.978,-286.685,Yaw
-0.120,0.411,1.076,36.365,75.075,-286.685,Yaw
-0.100,0.494,0.992,47.285,66.159,-286.685,Yaw
-0.091,0.563,0.877,101.973,55.370,-286.685,Yaw
0.219,0.581,0.988,121.713,17.001,-286.685,Yaw
-0.117,0.546,1.019,81.620,10.010,-286.685,Yaw
-0.158,0.490,1.070,54.714,-24.789,-286.685,Yaw
0.209,0.553,1.068,-12.267,-35.507,-286.685,Yaw
-0.079,0.402,0.934,11.244,-49.333,-254.048,Yaw
-0.243,0.132,0.835,42.481,-20.589,-202.212,Yaw
-0.162,0.137,1.015,58.126,-25.462,-154.674,Yaw
-0.147,0.051,1.035,30.993,-20.554,-52.474,Yaw
-0.097,0.008,1.025,13.344,-19.302,28.376,Yaw
-0.120,0.105,0.913,8.627,-0.928,97.195,Yaw
-0.115,0.072,0.914,26.801,7.508,164.964,Yaw
-0.059,0.258,1.097,39.463,34.737,274.269,Yaw
0.042,0.418,1.071,-7.201,39.471,286.685,Yaw
0.088,0.534,1.078,-43.890,20.361,286.685,Yaw
0.082,0.553,1.051,-60.419,-14.333,286.685,Yaw
-0.041,0.522,0.998,-86.546,-42.420,286.685,Yaw
0.017,0.323,0.927,-91.595,-73.185,286.685,Yaw
0.160,0.330,0.957,-67.200,-88.629,286.685,Yaw
0.187,0.294,0.829,-17.141,-81.874,286.685,Yaw
0.120,0.244,0.910,16.310,-78.269,286.685,Yaw
0.135,0.250,1.112,17.369,-56.394,286.685,Yaw
0.208,0.210,1.077,-15.172,-48.720,286.685,Yaw
0.126,0.158,0.941,-31.903,-41.353,280.122,Yaw
0.123,0.129,0.918,-12.469,-38.194,161.656,Yaw
0.415,0.010,0.931,23.730,-13.816,10.727,Yaw
0.210,0.120,0.984,54.408,30.888,-177.266,Yaw
0.258,0.188,1.119,40.381,36.741,-278.180,Yaw
0.255,0.236,1.114,-8.076,34.318,-286.685,Yaw
0.262,0.294,1.052,-30.712,64.942,-286.685,Yaw
0.200,0.223,0.980,13.414,92.628,-286.685,Yaw
0.130,0.179,0.930,35.350,97.475,-286.685,Yaw
0.001,0.235,0.962,78.846,99.382,-286.685,Yaw
-0.123,0.470,0.857,78.418,93.669,-286.685,Yaw
-0.137,0.502,0.932,116.979,75.714,-286.685,Yaw
-0.048,0.591,1.038,105.061,43.794,-286.685,Yaw
-0.037,0.559,1.045,37.721,-7.096,-286.685,Yaw
-0.154,0.370,0.923,-14.770,-19.661,-286.685,Yaw
-0.235,0.197,0.843,-31.736,-2.546,-286.589,Yaw
-0.202,0.090,0.663,22.837,-17.631,-213.062,Yaw
-0.224,0.058,0.980,78.855,-13.379,-54.197,Yaw
-0.231,0.042,1.052,18.305,14.682,39.812,Yaw
-0.101,0.174,0.939,-38.526,30.940,177.774,Yaw
-0.107,0.255,0.966,-4.620,36.838,284.060,Yaw
-0.150,0.404,1.044,-12.320,57.645,286.685,Yaw
-0.089,0.594,0.975,-40.583,78.470,286.685,Yaw
-0.089,0.668,1.007,-84.744,28.910,286.685,Yaw
-0.186,0.558,1.124,-127.120,-32.086,286.685,Yaw
-0.079,0.354,1.010,-207.961,-123.165,286.685,Yaw
0.010,0.222,0.754,-189.271,-176.304,286.685,Yaw
0.205,0.260,0.709,-14.149,-145.749,286.685,Yaw
0.153,0.314,0.968,28.420,-124.556,286.685,Yaw
-0.025,0.425,1.186,-4.865,-74.734,286.685,Yaw
0.175,0.182,1.013,-36.076,-40.110,280.910,Yaw
0.229,0.104,0.941,-28.429,-31.754,167.361,Yaw
0.250,0.087,0.900,-10.097,-2.852,72.074,Yaw
0.156,0.113,0.952,42.289,23.651,-58.476,Yaw
0.282,0.186,1.084,58.713,74.296,-221.069,Yaw
0.195,0.171,1.033,33.364,77.805,-286.685,Yaw
0.179,0.250,1.085,19.442,83.414,-286.685,Yaw
0.090,0.327,1.062,15.286,58.546,-286.685,Yaw
0.038,0.320,0.964,26.574,58.555,-286.685,Yaw
0.090,0.304,0.854,54.232,37.013,-286.685,Yaw
-0.066,0.412,0.885,64.540,41.081,-286.685,Yaw
-0.085,0.440,1.049,85.601,13.361,-286.685,Yaw
0.084,0.525,1.105,20.177,-21.403,-286.685,Yaw
0.013,0.469,0.940,-43.479,-6.528,-286.685,Yaw
-0.085,0.408,0.881,-59.036,-5.372,-286.685,Yaw
-0.115,0.318,0.541,18.821,-14.166,-286.685,Yaw
-0.060,0.105,0.980,120.207,5.906,-195.256,Yaw
-0.189,0.131,1.259,44.327,7.122,-58.695,Yaw
-0.050,0.088,1.010,-7.971,34.764,7.026,Yaw
-0.091,0.129,1.107,-30.074,48.300,122.395,Yaw
-0.029,0.164,0.980,-21.149,15.164,276.902,Yaw
-0.010,0.430,1.007,-13.422,28.831,286.685,Yaw
0.001,0.484,0.965,-12.329,39.655,286.685,Yaw
-0.066,0.513,1.057,-30.380,20.878,286.685,Yaw
0.000,0.503,1.110,-100.223,-27.256,286.685,Yaw
-0.000,0.282,0.919,-166.136,-111.405,286.685,Yaw
0.054,0.209,0.760,-107.853,-133.796,286.685,Yaw
0.119,0.223,0.746,-18.856,-124.206,286.685,Yaw
0.270,0.202,0.979,70.096,-125.501,286.685,Yaw
0.142,0.347,1.137,47.862,-106.706,286.685,Yaw
0.042,0.345,1.056,13.807,-67.524,286.685,Yaw
0.260,0.233,1.002,1.566,-54.644,262.719,Yaw
0.363,0.217,0.932,-2.634,-23.677,91.438,Yaw
0.279,0.132,0.942,28.298,29.251,-77.473,Yaw
0.346,0.118,1.008,37.721,83.169,-236.285,Yaw
0.282,0.209,1.129,10.071,93.975,-286.676,Yaw
0.269,0.290,1.049,-27.983,81.174,-286.685,Yaw
0.206,0.290,0.963,-18.795,69.702,-286.685,Yaw
0.115,0.246,0.947,14.262,61.565,-286.685,Yaw
-0.019,0.373,1.110,13.790,59.631,-286.685,Yaw
0.014,0.388,1.013,19.854,59.535,-286.685,Yaw
0.021,0.425,0.880,34.064,50.522,-286.685,Yaw
0.053,0.432,1.012,34.037,35.805,-286.685,Yaw
-0.016,0.407,1.085,4.174,33.364,-286.685,Yaw
0.022,0.340,1.042,-57.391,30.065,-286.685,Yaw
-0.196,0.208,0.629,5.110,42.140,-286.685,Yaw
-0.085,0.169,0.800,121.082,-49.542,-153.641,Yaw
-0.268,0.054,1.142,83.090,-57.461,-101.465,Yaw
-0.034,0.063,1.052,3.273,-17.859,-11.541,Yaw
-0.062,0.035,1.186,-7.061,31.780,81.996,Yaw
-0.058,0.056,1.006,-11.148,38.789,241.491,Yaw
0.008,0.207,1.026,10.246,64.706,286.685,Yaw
0.046,0.487,1.031,8.356,98.954,286.685,Yaw
-0.042,0.588,1.022,-28.298,83.143,286.685,Yaw
-0.109,0.556,1.069,-101.220,7.341,286.685,Yaw
-0.130,0.492,1.098,-148.794,-78.067,286.685,Yaw
0.037,0.263,0.883,-187.023,-180.994,286.685,Yaw
0.130,0.151,0.558,-65.669,-186.182,286.685,Yaw
0.191,0.230,0.834,73.832,-142.905,286.685,Yaw
0.287,0.310,1.125,74.060,-129.360,286.685,Yaw
0.032,0.409,1.151,30.861,-73.859,286.685,Yaw
0.203,0.336,0.981,-0.175,-25.804,193.585,Yaw
0.165,0.290,0.986,-5.233,4.445,6.930,Yaw
0.330,0.210,0.950,10.972,37.476,-95.183,Yaw
0.244,0.223,0.894,35.709,71.496,-240.441,Yaw
0.363,0.400,0.990,34.624,85.969,-286.685,Yaw
0.184,0.391,1.097,-0.647,76.423,-286.685,Yaw
0.104,0.409,1.045,-7.910,82.215,-286.685,Yaw
0.079,0.354,0.937,21.892,79.441,-286.685,Yaw
0.026,0.452,0.925,36.846,63.123,-286.685,Yaw
-0.059,0.470,1.021,44.135,42.621,-286.685,Yaw
0.065,0.482,0.960,41.632,32.209,-286.685,Yaw
-0.170,0.446,0.967,21.157,29.907,-286.685,Yaw
-0.141,0.289,1.041,-16.450,13.169,-286.685,Yaw
-0.148,0.299,0.753,6.195,21.744,-286.685,Yaw
-0.037,0.211,0.859,93.494,-12.092,-240.721,Yaw
-0.231,0.119,1.010,43.505,-4.314,-58.275,Yaw
-0.174,0.060,0.976,9.712,-14.744,6.624,Yaw
-0.102,-0.007,0.993,15.234,15.592,94.596,Yaw
-0.100,0.157,1.068,11.025,14.464,195.072,Yaw
0.019,0.237,1.077,7.481,27.256,286.685,Yaw
0.106,0.505,1.064,-9.214,4.786,286.685,Yaw
0.035,0.601,1.114,-52.045,-22.916,286.685,Yaw
0.004,0.569,1.086,-96.950,-45.754,286.685,Yaw
0.046,0.452,0.885,-137.462,-128.327,286.685,Yaw
0.096,0.321,0.726,-76.589,-134.304,286.685,Yaw
0.116,0.241,0.778,25.664,-117.320,286.685,Yaw
0.187,0.358,1.109,45.710,-96.897,286.685,Yaw
0.104,0.326,1.012,29.216,-40.618,286.685,Yaw
0.116,0.297,1.032,23.555,-35.770,284.349,Yaw
0.122,0.321,1.033,3.666,-13.816,143.570,Yaw
0.330,0.252,1.019,7.665,13.781,21.831,Yaw
0.279,0.230,0.966,22.286,69.939,-142.581,Yaw
0.272,0.225,1.065,36.943,111.965,-281.199,Yaw
0.214,0.282,1.098,23.975,97.431,-286.685,Yaw
0.145,0.364,1.060,13.283,80.815,-286.685,Yaw
0.084,0.395,0.955,21.507,62.239,-286.685,Yaw
0.021,0.341,0.957,55.589,47.583,-286.685,Yaw
0.042,0.324,0.864,75.652,58.572,-286.685,Yaw
-0.104,0.452,0.908,68.530,55.746,-286.685,Yaw
-0.060,0.492,1.004,68.241,32.419,-286.685,Yaw
-0.085,0.408,0.905,15.172,16.424,-286.685,Yaw
-0.136,0.389,0.995,-20.265,13.650,-286.685,Yaw
-0.283,0.339,0.690,42.376,9.984,-286.685,Yaw
-0.100,0.122,0.865,108.299,-30.013,-224.945,Yaw
-0.246,0.091,1.060,69.772,-30.091,-76.650,Yaw
-0.242,0.077,1.096,22.995,-27.632,-15.076,Yaw
-0.133,0.040,1.049,0.333,-2.354,44.039,Yaw
-0.106,0.115,0.955,-35.569,-3.159,163.494,Yaw
-0.044,0.261,0.996,4.156,22.960,278.626,Yaw
-0.025,0.373,1.081,7.184,57.479,286.685,Yaw
0.010,0.572,1.167,-31.089,57.225,286.685,Yaw
-0.021,0.581,1.037,-108.771,13.466,286.685,Yaw
-0.136,0.460,0.953,-141.619,-71.059,286.685,Yaw
-0.095,0.387,0.926,-134.837,-140.709,286.685,Yaw
0.090,0.269,0.839,-99.645,-143.622,286.685,Yaw
0.185,0.159,0.731,-6.589,-115.841,286.685,Yaw
0.207,0.283,0.952,66.386,-113.522,286.685,Yaw
0.134,0.436,1.127,57.768,-72.686,286.685,Yaw
0.022,0.406,0.996,25.778,-46.865,280.560,Yaw
0.142,0.379,1.007,-1.977,-14.595,125.090,Yaw
0.355,0.341,0.974,7.367,22.663,-44.730,Yaw
0.231,0.282,0.991,25.681,57.759,-188.982,Yaw
0.261,0.273,1.058,30.240,73.981,-269.465,Yaw
0.214,0.321,1.015,14.052,58.713,-286.685,Yaw
0.106,0.399,1.016,10.386,27.011,-286.685,Yaw
0.080,0.436,1.015,10.377,27.641,-286.685,Yaw
0.045,0.437,1.001,5.171,33.862,-286.685,Yaw
0.035,0.482,0.865,7.070,42.298,-286.685,Yaw
0.025,0.511,1.001,30.021,30.817,-286.685,Yaw
0.082,0.368,0.887,-14.193,44.118,-286.685,Yaw
-0.070,0.404,0.988,-10.623,39.349,-286.685,Yaw
-0.079,0.299,1.085,-44.879,46.139,-286.685,Yaw
-0.138,0.313,0.693,76.423,4.900,-285.233,Yaw
-0.186,0.183,1.145,85.619,-20.186,-139.729,Yaw
-0.254,0.068,1.093,20.545,-21.823,-43.750,Yaw
-0.088,-0.018,1.019,14.613,-5.320,38.509,Yaw
-0.039,0.115,1.020,8.908,2.362,152.740,Yaw
0.024,0.230,1.032,21.061,4.751,282.879,Yaw
0.067,0.382,1.018,27.361,34.772,286.685,Yaw
0.028,0.506,1.031,0.236,62.982,286.685,Yaw
0.011,0.602,1.012,-58.949,19.618,286.685,Yaw
0.006,0.513,0.976,-110.040,-65.914,286.685,Yaw
-0.026,0.397,0.877,-121.669,-108.045,286.685,Yaw
0.006,0.343,0.758,-76.921,-122.159,286.685,Yaw
0.277,0.327,0.868,16.380,-111.221,286.685,Yaw
0.231,0.382,1.046,42.184,-101.150,286.685,Yaw
0.062,0.412,1.077,37.826,-61.162,286.685,Yaw
0.166,0.267,0.949,14.315,-41.886,286.685,Yaw
0.372,0.169,1.058,3.876,-27.423,262.920,Yaw
0.386,0.126,0.890,7.892,8.680,119.717,Yaw
0.253,0.063,0.929,16.853,8.645,34.353,Yaw
0.297,0.061,1.061,19.670,31.360,-100.021,Yaw
0.409,0.132,1.043,5.941,65.669,-247.152,Yaw
0.271,0.182,1.080,-7.114,50.111,-286.685,Yaw
0.242,0.264,1.123,-18.471,44.144,-286.685,Yaw
0.277,0.339,1.089,-31.622,71.076,-286.685,Yaw
0.187,0.289,0.887,-15.698,79.686,-286.685,Yaw
0.106,0.224,0.971,40.469,90.764,-286.685,Yaw
0.003,0.316,0.930,24.229,93.118,-286.685,Yaw
-0.031,0.328,0.922,73.482,108.456,-286.685,Yaw
-0.148,0.432,0.948,87.168,92.794,-286.685,Yaw
-0.120,0.492,0.985,72.363,23.782,-286.685,Yaw
-0.103,0.444,1.023,37.415,-1.496,-286.685,Yaw
-0.141,0.363,0.947,-16.292,-8.610,-286.685,Yaw
-0.245,0.166,0.483,4.655,13.869,-285.793,Yaw
-0.127,0.098,0.920,106.698,-28.464,-147.499,Yaw
-0.239,0.146,1.176,77.691,-13.151,-67.113,Yaw
-0.130,0.067,0.998,5.267,8.627,12.101,Yaw
-0.106,0.150,1.060,-5.145,19.670,110.408,Yaw
-0.164,0.243,1.042,-4.865,2.800,259.096,Yaw
-0.118,0.326,1.036,-13.344,8.645,286.685,Yaw
-0.088,0.425,1.015,-34.746,25.095,286.685,Yaw
-0.082,0.507,1.040,-72.949,-2.826,286.685,Yaw
-0.042,0.502,0.987,-109.839,-36.732,286.685,Yaw
-0.003,0.444,0.977,-122.622,-85.207,286.685,Yaw
-0.043,0.294,0.903,-114.485,-132.125,286.685,Yaw
0.107,0.197,0.759,-46.515,-109.944,286.685,Yaw
0.096,0.314,1.074,34.790,-78.566,286.685,Yaw
0.091,0.335,1.042,23.345,-51.607,286.685,Yaw
0.065,0.246,1.008,5.985,-29.111,286.221,Yaw
0.125,0.193,0.952,-8.426,-26.206,227.500,Yaw
0.244,0.224,0.963,1.890,-18.769,128.905,Yaw
0.290,0.193,0.907,15.137,-12.801,15.102,Yaw
0.302,0.215,0.995,20.458,10.019,-60.463,Yaw
0.235,0.268,1.071,42.866,52.097,-196.761,Yaw
0.229,0.293,1.121,17.815,49.464,-285.897,Yaw
0.146,0.311,1.075,-6.099,58.415,-286.685,Yaw
0.155,0.371,1.002,-5.539,72.966,-286.685,Yaw
0.056,0.217,0.948,15.733,80.272,-286.685,Yaw
-0.016,0.251,0.980,45.920,82.486,-286.685,Yaw
-0.123,0.388,0.942,61.092,64.531,-286.685,Yaw
-0.073,0.427,0.879,77.709,55.799,-286.685,Yaw
-0.138,0.426,0.928,65.555,26.941,-286.685,Yaw
-0.146,0.402,1.038,40.268,-0.936,-286.685,Yaw
-0.161,0.355,0.993,-11.611,-13.956,-286.685,Yaw
-0.235,0.282,0.765,-25.620,-17.360,-286.685,Yaw
-0.167,0.094,0.716,15.251,-9.949,-279.685,Yaw
-0.110,0.052,0.994,64.033,-50.426,-120.768,Yaw
-0.167,0.012,1.189,19.478,-15.172,-19.871,Yaw
-0.123,0.054,1.051,12.408,0.936,27.974,Yaw
-0.049,0.110,1.051,1.575,14.840,137.576,Yaw
-0.063,0.226,1.032,11.804,-20.038,281.418,Yaw
-0.041,0.328,1.090,11.392,1.006,286.685,Yaw
0.012,0.438,1.032,-0.656,-0.709,286.685,Yaw
-0.015,0.507,1.037,-28.192,11.559,286.685,Yaw
-0.127,0.425,1.014,-75.425,-29.794,286.685,Yaw
0.086,0.415,1.065,-98.525,-83.099,286.685,Yaw
0.198,0.261,0.841,-115.911,-114.389,286.685,Yaw
0.037,0.278,0.802,-19.653,-82.206,286.685,Yaw
0.055,0.308,0.947,17.343,-72.660,286.685,Yaw
0.187,0.371,1.043,19.915,-51.529,286.685,Yaw
-0.084,0.366,1.001,4.979,-25.410,277.182,Yaw
0.031,0.257,1.045,-5.565,-0.035,137.462,Yaw
0.221,0.263,1.037,1.837,17.159,1.628,Yaw
0.149,0.294,0.991,9.118,56.586,-125.177,Yaw
0.105,0.223,0.997,33.329,72.109,-222.154,Yaw
0.245,0.253,1.165,47.268,75.933,-286.685,Yaw
0.119,0.272,0.994,41.475,53.112,-286.685,Yaw
0.078,0.317,0.990,58.529,46.384,-286.685,Yaw
-0.026,0.335,1.070,63.796,26.924,-286.685,Yaw
-0.052,0.412,0.903,66.946,16.354,-286.685,Yaw
-0.110,0.388,0.907,81.244,18.436,-286.685,Yaw
-0.119,0.402,0.914,77.700,18.778,-286.685,Yaw
-0.041,0.432,0.909,31.097,10.649,-286.685,Yaw
-0.093,0.416,1.056,2.476,10.062,-286.685,Yaw
-0.161,0.338,0.862,-19.626,20.772,-286.685,Yaw
-0.209,0.254,0.924,-11.427,25.218,-286.685,Yaw
-0.295,0.192,0.919,21.630,3.106,-274.330,Yaw
-0.211,0.107,0.995,52.666,-27.317,-114.240,Yaw
-0.229,0.030,1.011,13.589,-10.972,21.228,Yaw
-0.198,0.045,1.058,11.751,3.211,81.918,Yaw
-0.098,0.121,0.936,11.165,-1.374,226.607,Yaw
-0.018,0.283,1.064,22.986,7.884,286.685,Yaw
0.029,0.495,1.038,-0.123,9.319,286.685,Yaw
-0.028,0.513,1.035,-23.013,18.629,286.685,Yaw
-0.103,0.498,0.962,-66.342,-16.861,286.685,Yaw
0.131,0.487,0.952,-102.734,-79.730,286.685,Yaw
0.055,0.355,0.919,-98.849,-124.049,286.685,Yaw
0.030,0.327,0.870,-65.389,-110.014,286.685,Yaw
0.173,0.321,0.833,-5.880,-101.115,286.685,Yaw
0.039,0.469,1.056,42.875,-81.515,286.685,Yaw
0.069,0.331,1.008,21.411,-41.134,286.685,Yaw
0.238,0.222,0.976,8.470,-34.755,285.259,Yaw
0.285,0.168,0.978,4.209,-21.866,205.660,Yaw
0.218,0.126,0.944,10.920,3.684,96.276,Yaw
0.571,0.048,0.938,23.459,14.831,-19.259,Yaw
0.260,0.156,1.030,25.926,28.525,-98.665,Yaw
0.205,0.241,1.057,2.494,46.445,-261.441,Yaw
0.270,0.342,1.073,-11.078,59.815,-286.685,Yaw
0.283,0.379,1.088,-20.755,58.914,-286.685,Yaw
0.137,0.303,0.958,-31.159,67.611,-286.685,Yaw
0.098,0.289,0.961,-6.003,74.506,-286.685,Yaw
0.092,0.313,1.014,31.692,65.091,-286.685,Yaw
-0.114,0.295,0.840,33.985,74.751,-286.685,Yaw
-0.153,0.383,0.897,63.193,91.744,-286.685,Yaw
-0.044,0.551,1.020,74.900,43.173,-286.685,Yaw
-0.038,0.451,1.036,16.861,-7.140,-286.685,Yaw
-0.097,0.383,0.811,-36.549,2.537,-286.685,Yaw
-0.179,0.314,0.856,12.259,10.255,-286.685,Yaw
-0.097,0.281,0.906,95.821,-21.315,-215.880,Yaw
-0.199,0.065,1.216,79.713,-10.596,-81.454,Yaw
-0.116,0.069,1.075,12.495,-4.008,2.922,Yaw
-0.079,0.004,1.050,1.278,0.962,56.263,Yaw
-0.092,0.127,0.944,-28.245,4.594,181.423,Yaw
-0.043,0.234,0.969,0.613,21.954,286.134,Yaw
-0.061,0.393,1.046,2.030,51.494,286.685,Yaw
-0.038,0.485,1.048,-24.754,56.088,286.685,Yaw
-0.076,0.565,1.042,-76.939,20.370,286.685,Yaw
-0.085,0.471,0.999,-120.076,-53.760,286.685,Yaw
-0.074,0.259,0.885,-129.413,-117.757,286.685,Yaw
-0.049,0.221,0.823,-74.900,-133.429,286.685,Yaw
0.180,0.269,0.930,-10.623,-124.180,286.685,Yaw
0.157,0.251,0.919,46.016,-111.134,286.685,Yaw
0.079,0.294,0.992,58.459,-56.193,286.685,Yaw
0.148,0.299,1.046,29.855,-27.003,286.685,Yaw
0.173,0.298,1.008,8.417,-11.410,260.698,Yaw
0.234,0.199,0.948,-4.856,8.488,147.709,Yaw
0.248,0.052,0.910,13.318,6.606,54.556,Yaw
0.399,0.058,0.951,20.869,2.721,-28.385,Yaw
0.085,0.189,1.061,16.074,15.286,-104.475,Yaw
0.212,0.283,1.116,2.118,36.190,-258.046,Yaw
0.237,0.341,1.136,-15.610,49.612,-286.685,Yaw
0.216,0.360,1.088,-28.035,44.188,-286.685,Yaw
0.180,0.321,1.059,-25.235,58.354,-286.685,Yaw
0.200,0.240,0.846,-18.865,90.598,-286.685,Yaw
-0.028,0.302,0.931,26.329,98.228,-286.685,Yaw
-0.087,0.351,0.822,92.312,104.781,-286.685,Yaw
-0.158,0.412,0.983,113.934,100.109,-286.685,Yaw
-0.104,0.519,0.988,101.675,59.920,-286.685,Yaw
-0.148,0.538,1.020,47.705,-4.454,-286.685,Yaw
-0.194,0.427,0.984,5.670,-26.862,-286.685,Yaw
-0.231,0.271,0.756,-29.610,-29.391,-286.685,Yaw
-0.062,0.236,0.744,76.632,-60.287,-193.270,Yaw
-0.145,0.071,1.120,81.314,-39.209,-76.116,Yaw
-0.164,0.088,1.183,39.795,-14.070,7.927,Yaw
-0.082,0.029,1.084,12.276,7.201,59.456,Yaw
-0.051,0.132,0.973,-18.104,-1.715,184.511,Yaw
-0.052,0.290,0.952,-7.035,4.786,284.139,Yaw
-0.017,0.401,1.025,1.006,9.581,286.685,Yaw
0.041,0.479,1.045,-19.583,6.685,286.685,Yaw
0.060,0.518,1.022,-56.446,-14.061,286.685,Yaw
0.016,0.498,0.991,-79.756,-60.917,286.685,Yaw
0.066,0.432,0.957,-86.686,-85.654,286.685,Yaw
0.029,0.348,0.788,-65.914,-89.749,286.685,Yaw
0.081,0.297,0.907,-14.735,-72.249,286.685,Yaw
0.246,0.275,0.950,36.794,-72.695,286.685,Yaw
0.057,0.341,1.009,51.940,-60.795,286.685,Yaw
0.081,0.341,1.135,34.974,-33.355,286.685,Yaw
0.256,0.194,0.997,17.237,-20.414,239.068,Yaw
0.265,0.089,0.882,14.954,-22.321,135.879,Yaw
0.245,0.013,0.907,16.135,-25.629,58.572,Yaw
0.487,0.054,0.948,12.950,-8.846,0.341,Yaw
0.231,0.140,1.092,24.255,27.186,-106.838,Yaw
0.228,0.142,1.122,-8.409,62.099,-251.816,Yaw
0.208,0.200,1.103,-27.160,81.436,-286.685,Yaw
0.190,0.340,1.098,-37.669,81.287,-286.685,Yaw
0.132,0.348,0.979,-28.333,67.025,-286.685,Yaw
0.065,0.239,0.971,0.359,70.893,-286.685,Yaw
0.117,0.205,0.822,27.571,79.056,-286.685,Yaw
-0.041,0.355,0.872,37.599,78.024,-286.685,Yaw
-0.119,0.370,0.815,100.231,95.707,-286.685,Yaw
-0.191,0.462,0.920,134.663,71.732,-286.685,Yaw
-0.134,0.523,1.027,118.948,12.092,-286.685,Yaw
-0.044,0.522,1.047,38.579,-42.717,-286.685,Yaw
-0.170,0.351,0.896,-16.284,-21.044,-286.685,Yaw
-0.211,0.194,0.587,5.469,-32.042,-264.661,Yaw
-0.041,0.135,0.735,72.319,-38.894,-168.490,Yaw
-0.118,0.091,1.218,74.637,-18.594,-59.194,Yaw
-0.110,0.099,0.948,14.306,25.646,27.081,Yaw
-0.074,0.202,1.080,0.551,57.864,143.482,Yaw
-0.107,0.252,1.040,-7.604,38.605,246.846,Yaw
-0.018,0.439,1.031,-27.361,34.300,286.685,Yaw
-0.017,0.523,0.944,-49.009,18.086,286.685,Yaw
-0.027,0.572,1.008,-74.366,-9.179,286.685,Yaw
-0.091,0.520,0.994,-96.714,-55.737,286.685,Yaw
-0.013,0.437,0.986,-125.720,-115.150,286.685,Yaw
0.035,0.267,0.790,-108.001,-117.355,286.685,Yaw
0.187,0.300,0.802,-14.998,-87.465,286.685,Yaw
0.263,0.349,0.999,19.372,-73.728,286.685,Yaw
-0.023,0.315,0.971,34.755,-62.869,286.685,Yaw
0.049,0.319,1.064,29.312,-38.929,286.685,Yaw
0.213,0.147,1.008,14.254,-24.176,233.651,Yaw
0.341,0.108,0.947,13.659,-31.710,118.090,Yaw
0.404,0.020,1.001,20.711,-18.821,49.481,Yaw
0.411,0.143,0.985,20.405,7.070,-47.985,Yaw
0.178,0.109,1.079,18.611,43.120,-171.194,Yaw
0.189,0.131,1.134,-11.620,79.634,-286.431,Yaw
0.237,0.329,1.218,-30.546,92.243,-286.685,Yaw
0.149,0.367,0.989,-28.647,94.938,-286.685,Yaw
0.055,0.301,0.988,-8.470,100.021,-286.685,Yaw
-0.014,0.309,1.089,-5.276,105.018,-286.685,Yaw
-0.034,0.252,0.985,23.695,102.287,-286.685,Yaw
-0.080,0.360,0.809,76.974,95.463,-286.685,Yaw
-0.124,0.389,0.886,125.335,91.831,-286.685,Yaw
-0.173,0.497,1.033,133.446,41.458,-286.685,Yaw
-0.095,0.450,1.120,81.095,11.392,-286.685,Yaw
-0.154,0.373,0.778,25.629,-5.267,-286.685,Yaw
-0.080,0.150,0.792,86.441,5.959,-244.239,Yaw
-0.200,0.213,1.003,62.589,-19.128,-66.605,Yaw
-0.208,0.118,1.045,46.384,3.596,-12.731,Yaw
-0.120,0.173,1.086,9.669,4.769,97.326,Yaw
-0.071,0.260,0.945,-26.661,9.931,260.846,Yaw
-0.068,0.277,0.967,-19.600,17.579,286.685,Yaw
-0.030,0.452,1.035,-33.854,28.683,286.685,Yaw
-0.015,0.542,1.026,-77.271,0.744,286.685,Yaw
0.013,0.466,1.054,-123.357,-84.192,286.685,Yaw
-0.059,0.408,1.083,-147.551,-129.544,286.685,Yaw
-0.017,0.397,1.007,-140.193,-140.429,286.685,Yaw
0.124,0.294,0.794,-64.986,-115.579,286.685,Yaw
0.012,0.275,0.956,0.166,-87.001,286.685,Yaw
-0.060,0.240,1.049,24.132,-48.309,286.685,Yaw
0.135,0.210,0.980,20.983,-47.521,268.389,Yaw
0.235,0.193,1.008,7.306,-37.406,163.599,Yaw
0.262,0.167,0.946,2.144,-15.767,32.506,Yaw
0.379,0.179,0.966,20.825,21.271,-66.798,Yaw
0.220,0.155,1.017,30.608,56.315,-136.509,Yaw
0.129,0.143,1.071,7.166,85.164,-253.076,Yaw
0.142,0.266,1.165,25.944,110.171,-286.685,Yaw
0.034,0.338,1.064,-4.559,90.195,-286.685,Yaw
0.013,0.329,1.049,-2.441,90.186,-286.685,Yaw
0.039,0.303,0.897,13.449,81.874,-286.685,Yaw
-0.081,0.351,0.902,50.575,66.789,-286.685,Yaw
-0.112,0.360,0.873,76.580,88.769,-286.685,Yaw
-0.108,0.399,0.946,85.522,91.779,-286.685,Yaw
-0.135,0.437,1.150,84.481,63.061,-286.685,Yaw
-0.099,0.312,0.877,15.715,43.619,-286.685,Yaw
-0.200,0.399,0.678,155.173,22.435,-286.685,Yaw
-0.146,0.306,0.991,145.836,0.779,-203.954,Yaw
-0.272,0.164,1.075,93.923,-6.720,-112.490,Yaw
-0.315,0.143,0.999,30.188,-5.049,-35.096,Yaw
-0.211,0.059,1.053,10.439,0.105,54.775,Yaw
-0.181,0.152,1.108,-18.725,-10.850,119.184,Yaw
-0.102,0.206,0.970,-30.984,-6.291,247.739,Yaw
-0.074,0.329,1.005,-39.121,-0.411,286.685,Yaw
-0.030,0.483,1.013,-76.781,-11.095,286.685,Yaw
0.005,0.474,0.980,-87.325,-24.115,286.685,Yaw
-0.004,0.481,1.041,-106.015,-56.551,286.685,Yaw
-0.042,0.409,1.028,-119.298,-124.434,286.685,Yaw
0.143,0.336,0.792,-92.234,-138.215,286.685,Yaw
0.168,0.237,0.803,-28.534,-133.184,286.685,Yaw
0.152,0.256,0.812,50.978,-130.174,286.685,Yaw
-0.026,0.422,1.135,81.585,-50.164,286.685,Yaw
0.112,0.329,1.150,42.919,-13.974,285.408,Yaw
0.215,0.230,1.010,11.568,3.185,189.087,Yaw
0.260,0.155,0.958,5.302,5.145,118.300,Yaw
0.446,0.105,0.920,13.090,14.560,11.637,Yaw
0.257,0.211,0.932,38.544,18.445,-88.077,Yaw
0.070,0.178,0.948,28.219,26.163,-235.270,Yaw
0.160,0.327,1.108,19.688,58.660,-286.685,Yaw
0.158,0.382,1.137,0.149,70.464,-286.685,Yaw
0.077,0.372,1.021,-12.574,69.912,-286.685,Yaw
-0.024,0.318,0.948,-0.892,102.191,-286.685,Yaw
0.022,0.392,0.864,4.585,122.141,-286.685,Yaw
-0.100,0.448,0.889,63.000,91.927,-286.685,Yaw
-0.058,0.448,0.947,114.853,40.967,-286.685,Yaw
0.130,0.466,0.992,73.036,-10.220,-286.685,Yaw
-0.160,0.430,1.002,41.081,10.377,-286.685,Yaw
-0.178,0.294,1.026,-13.790,0.490,-286.685,Yaw
-0.175,0.188,0.593,44.126,-3.447,-276.439,Yaw
-0.092,0.144,0.873,97.746,-17.789,-134.470,Yaw
-0.221,0.095,1.254,60.410,-17.115,-60.795,Yaw
-0.150,0.018,0.947,9.345,4.961,14.744,Yaw
-0.121,0.117,1.097,12.416,30.450,98.779,Yaw
-0.157,0.167,1.085,-9.748,28.166,234.071,Yaw
-0.112,0.316,1.039,-27.309,40.495,286.457,Yaw
-0.100,0.487,0.966,-55.650,46.252,286.685,Yaw
-0.119,0.512,1.122,-78.435,26.407,286.685,Yaw
-0.167,0.496,1.073,-141.820,-41.318,286.685,Yaw
-0.113,0.427,1.011,-175.840,-92.050,286.685,Yaw
0.075,0.358,0.824,-168.919,-146.834,286.685,Yaw
0.054,0.180,0.725,-87.448,-140.341,286.685,Yaw
0.013,0.236,0.786,26.416,-115.832,286.685,Yaw
-0.012,0.332,1.039,48.799,-87.973,286.685,Yaw
0.023,0.301,0.992,40.889,-85.522,286.685,Yaw
0.070,0.264,1.038,23.056,-55.265,240.074,Yaw
0.149,0.237,0.995,7.866,-30.835,115.535,Yaw
0.480,0.193,1.004,17.631,-23.389,25.769,Yaw
0.343,0.262,1.019,30.240,19.845,-91.569,Yaw
0.086,0.218,1.090,17.351,70.131,-238.499,Yaw
0.142,0.244,1.043,5.189,110.749,-286.685,Yaw
0.105,0.326,1.112,4.253,96.075,-286.685,Yaw
0.008,0.331,1.043,1.697,63.324,-286.685,Yaw
0.010,0.305,1.022,14.368,79.144,-286.685,Yaw
0.042,0.295,0.902,16.564,74.918,-286.685,Yaw
-0.066,0.372,0.898,45.771,73.124,-286.685,Yaw
-0.035,0.469,0.952,95.804,45.579,-286.685,Yaw
-0.085,0.395,0.980,71.015,34.326,-286.685,Yaw
-0.156,0.379,1.052,35.884,17.509,-286.685,Yaw
-0.180,0.320,1.040,-14.227,-5.206,-286.685,Yaw
-0.220,0.154,0.346,8.286,6.983,-285.364,Yaw
-0.107,0.184,0.923,124.889,11.471,-179.174,Yaw
-0.273,0.139,1.121,60.760,-3.710,-47.827,Yaw
-0.184,0.128,1.054,25.489,13.974,10.290,Yaw
-0.178,0.162,1.100,8.627,23.441,124.967,Yaw
-0.101,0.194,0.998,-17.868,-5.040,271.880,Yaw
-0.090,0.293,0.992,-21.621,-3.386,286.685,Yaw
-0.032,0.449,1.051,-36.829,7.420,286.685,Yaw
-0.001,0.440,1.054,-73.780,-2.564,286.685,Yaw
0.088,0.390,1.086,-122.859,-51.441,286.685,Yaw
0.014,0.368,1.097,-171.071,-118.265,286.685,Yaw
0.025,0.360,0.907,-160.423,-150.999,286.685,Yaw
0.094,0.280,0.803,-45.089,-140.420,286.685,Yaw
0.007,0.257,0.841,6.204,-110.136,286.685,Yaw
-0.213,0.232,0.962,31.194,-80.964,286.685,Yaw
0.149,0.218,1.125,29.846,-75.539,284.716,Yaw
0.236,0.233,1.088,-4.996,-38.036,181.484,Yaw
0.313,0.161,0.961,-6.247,-21.586,44.467,Yaw
0.370,0.137,1.016,17.903,14.805,-53.944,Yaw
0.351,0.135,1.082,26.924,52.518,-120.575,Yaw
0.208,0.106,1.044,34.283,100.118,-240.546,Yaw
0.182,0.202,1.165,20.930,115.719,-286.685,Yaw
0.096,0.216,1.170,-2.835,96.469,-286.685,Yaw
0.027,0.230,1.030,-2.634,95.016,-286.685,Yaw
0.036,0.276,0.971,14.420,92.838,-286.685,Yaw
-0.064,0.296,0.805,28.105,110.442,-286.685,Yaw
-0.056,0.297,0.845,100.817,97.440,-286.685,Yaw
-0.209,0.365,0.972,111.283,72.082,-286.685,Yaw
-0.174,0.363,1.016,88.760,10.780,-286.685,Yaw
-0.021,0.375,1.055,31.535,-20.055,-286.685,Yaw
0.003,0.293,1.003,-22.286,0.849,-286.685,Yaw
-0.214,0.191,0.765,45.745,9.083,-285.871,Yaw
-0.244,0.150,0.958,77.945,0.726,-198.319,Yaw
-0.163,0.155,1.027,58.074,-11.917,-96.119,Yaw
-0.153,0.098,0.997,32.209,1.260,4.550,Yaw
-0.199,0.040,0.990,31.745,9.310,60.121,Yaw
-0.155,0.122,1.027,9.065,20.510,138.276,Yaw
0.016,0.197,1.046,1.094,11.812,266.017,Yaw
0.028,0.235,1.057,-14.245,-1.094,286.685,Yaw
0.032,0.310,1.088,-30.879,-1.908,286.685,Yaw
0.150,0.481,1.044,-56.752,-0.359,286.685,Yaw
0.127,0.499,1.065,-97.457,-41.143,286.685,Yaw
0.026,0.420,0.996,-123.673,-86.170,286.685,Yaw
-0.009,0.311,0.957,-116.296,-130.602,286.685,Yaw
0.051,0.331,0.950,-48.283,-130.410,286.685,Yaw
0.032,0.398,0.849,22.663,-121.397,286.685,Yaw
-0.249,0.395,1.094,48.571,-75.548,286.598,Yaw
-0.035,0.262,1.134,37.013,-40.022,230.466,Yaw
0.164,0.211,1.071,12.784,5.154,115.885,Yaw
0.142,0.248,1.003,3.789,32.217,-13.318,Yaw
0.313,0.230,1.051,22.041,86.520,-123.952,Yaw
0.234,0.146,0.997,33.941,89.180,-194.985,Yaw
0.170,0.204,1.135,40.784,84.866,-278.451,Yaw
0.076,0.256,1.034,24.517,83.694,-286.685,Yaw
-0.050,0.336,1.048,39.445,63.647,-286.685,Yaw
-0.087,0.330,1.082,42.682,44.459,-286.685,Yaw
-0.071,0.308,0.894,37.590,32.856,-286.685,Yaw
-0.103,0.328,0.853,56.639,66.430,-286.685,Yaw
-0.062,0.383,1.017,87.106,42.700,-286.685,Yaw
-0.099,0.363,1.000,72.993,30.931,-286.685,Yaw
-0.105,0.358,0.919,54.478,32.463,-286.685,Yaw
-0.172,0.310,0.985,20.799,33.941,-286.562,Yaw
-0.243,0.223,0.924,-26.722,14.446,-247.494,Yaw
-0.358,0.185,0.753,8.050,-1.732,-231.158,Yaw
-0.243,0.154,0.963,34.694,-16.118,-188.151,Yaw
-0.228,0.142,0.928,-6.501,-25.532,-116.603,Yaw
-0.192,0.086,0.887,7.499,-12.871,-26.976,Yaw
-0.211,0.057,0.924,25.331,-3.727,34.221,Yaw
-0.171,0.141,1.048,38.850,-22.575,138.268,Yaw
-0.030,0.225,0.998,18.638,-35.009,266.306,Yaw
-0.013,0.384,1.016,18.121,-7.726,286.685,Yaw
-0.020,0.381,1.047,16.923,7.892,286.685,Yaw
0.063,0.373,1.049,-17.684,0.577,286.685,Yaw
0.133,0.460,1.115,-76.790,-22.759,286.685,Yaw
-0.012,0.465,1.000,-108.255,-62.694,286.685,Yaw
-0.166,0.440,0.976,-106.864,-88.900,286.685,Yaw
-0.221,0.364,0.879,-59.684,-99.549,286.685,Yaw
-0.143,0.366,0.963,-24.080,-74.848,286.685,Yaw
-0.019,0.272,0.975,11.104,-44.870,233.450,Yaw
0.071,0.250,1.034,16.310,-24.001,171.176,Yaw
0.199,0.190,0.997,4.279,3.001,85.846,Yaw
0.254,0.332,0.997,-3.789,43.995,-35.271,Yaw
0.009,0.235,0.969,15.733,62.186,-153.265,Yaw
0.066,0.218,0.929,38.955,67.734,-221.182,Yaw
0.069,0.365,1.079,70.814,81.314,-286.598,Yaw
-0.080,0.403,1.041,67.515,41.528,-286.685,Yaw
-0.164,0.353,1.043,55.991,23.940,-286.685,Yaw
-0.032,0.351,0.844,30.004,26.836,-286.685,Yaw
-0.105,0.481,0.810,116.139,32.305,-286.685,Yaw
-0.132,0.524,1.054,121.686,-6.265,-286.685,Yaw
-0.022,0.542,1.037,47.653,-28.359,-286.685,Yaw
0.062,0.506,1.087,27.317,-21.858,-286.685,Yaw
-0.102,0.327,0.924,-35.814,-5.057,-278.758,Yaw
-0.205,0.266,0.962,-43.400,8.601,-238.000,Yaw
-0.235,0.134,0.949,-76.387,8.733,-193.410,Yaw
-0.335,0.131,0.587,-15.365,14.998,-172.839,Yaw
-0.218,0.161,1.043,49.735,2.004,-119.770,Yaw
-0.253,0.108,0.998,5.005,-10.544,-21.884,Yaw
-0.194,0.148,0.905,19.521,-15.488,86.459,Yaw
-0.201,0.168,0.984,26.985,-12.136,160.361,Yaw
-0.055,0.242,1.021,20.921,-2.231,272.904,Yaw
0.046,0.389,1.068,2.669,24.640,286.685,Yaw
0.043,0.469,1.077,-26.425,8.278,286.685,Yaw
0.015,0.498,1.095,-49.857,-4.077,286.685,Yaw
-0.072,0.485,1.055,-97.116,-44.415,286.685,Yaw
-0.161,0.422,1.028,-132.247,-103.661,286.685,Yaw
-0.074,0.467,0.905,-111.808,-126.849,286.685,Yaw
-0.096,0.352,0.764,-57.146,-96.110,286.685,Yaw
-0.147,0.259,0.831,-0.376,-91.639,286.685,Yaw
0.146,0.266,1.092,26.154,-44.380,247.686,Yaw
0.232,0.230,0.968,9.730,-10.290,148.199,Yaw
0.178,0.211,0.948,-0.333,-7.516,40.513,Yaw
0.233,0.288,0.970,13.816,4.331,-33.294,Yaw
0.072,0.259,1.027,43.234,34.256,-140.682,Yaw
0.036,0.269,1.013,45.054,73.168,-275.371,Yaw
0.082,0.375,1.075,52.194,123.603,-286.685,Yaw
-0.037,0.389,1.070,60.498,105.149,-286.685,Yaw
-0.204,0.351,0.981,61.784,102.200,-286.685,Yaw
-0.153,0.357,0.787,50.417,128.625,-286.685,Yaw
-0.231,0.433,0.821,136.798,88.016,-286.685,Yaw
-0.308,0.590,0.956,157.859,33.005,-286.685,Yaw
-0.161,0.622,1.022,100.887,-35.534,-286.685,Yaw
0.025,0.467,0.997,21.595,-36.496,-286.685,Yaw
-0.102,0.395,1.032,-45.579,-16.651,-256.314,Yaw
-0.378,0.202,0.784,-75.740,-1.418,-209.247,Yaw
-0.298,0.292,0.742,68.933,-6.151,-131.075,Yaw
-0.230,0.156,0.978,68.897,19.285,-30.660,Yaw
-0.318,0.057,1.003,53.874,22.706,48.650,Yaw
-0.329,0.150,1.058,36.208,13.081,110.241,Yaw
-0.169,0.162,1.027,4.926,-3.631,232.409,Yaw
-0.105,0.334,1.068,-19.014,-9.284,286.685,Yaw
-0.034,0.487,1.006,-45.815,-4.935,286.685,Yaw
0.051,0.552,1.005,-61.136,-17.745,286.685,Yaw
-0.021,0.523,1.104,-87.605,-45.841,286.685,Yaw
-0.094,0.556,1.053,-129.465,-87.973,286.685,Yaw
-0.011,0.533,0.869,-132.501,-143.421,286.685,Yaw
-0.070,0.480,0.851,-87.754,-149.616,286.685,Yaw
-0.378,0.449,0.752,-4.725,-90.982,286.685,Yaw
0.148,0.328,1.126,31.903,-65.529,286.685,Yaw
0.353,0.202,1.043,27.073,5.609,267.076,Yaw
0.103,0.175,0.999,-2.966,29.698,216.562,Yaw
0.097,0.115,0.988,-30.074,37.572,98.088,Yaw
0.496,0.170,1.017,18.077,48.939,-21.997,Yaw
0.102,0.204,1.006,49.053,57.636,-146.309,Yaw
0.002,0.181,1.033,43.724,67.410,-249.970,Yaw
0.109,0.301,1.089,33.285,99.732,-286.685,Yaw
0.021,0.446,1.122,39.393,55.405,-286.685,Yaw
-0.053,0.347,0.970,24.535,47.127,-286.685,Yaw
0.001,0.402,0.872,24.570,49.481,-286.685,Yaw
-0.035,0.465,0.922,61.574,20.291,-286.685,Yaw
0.094,0.407,0.922,88.926,-10.631,-286.685,Yaw
0.106,0.405,0.944,58.056,17.745,-286.685,Yaw
0.015,0.390,1.042,43.216,26.171,-286.685,Yaw
-0.075,0.327,1.020,-16.319,23.993,-286.685,Yaw
-0.180,0.272,0.663,-30.634,52.885,-245.455,Yaw
-0.177,0.148,0.868,60.235,51.424,-173.285,Yaw
-0.208,0.168,1.074,61.434,23.791,-99.094,Yaw
-0.167,0.186,0.934,23.494,-0.595,22.698,Yaw
-0.141,0.257,1.016,32.069,-26.425,153.003,Yaw
-0.058,0.315,1.030,7.324,-32.716,283.133,Yaw
-0.043,0.371,0.986,-4.436,-26.521,286.685,Yaw
0.002,0.431,0.988,-19.486,-33.591,286.685,Yaw
0.132,0.477,1.014,-34.667,-26.696,286.685,Yaw
0.098,0.506,1.031,-58.590,-43.347,286.685,Yaw
0.027,0.453,1.000,-76.632,-66.946,286.685,Yaw
-0.054,0.372,0.945,-77.306,-69.090,286.685,Yaw
0.055,0.443,1.047,-26.014,-47.854,286.685,Yaw
0.028,0.413,0.893,-0.577,-45.115,286.685,Yaw
-0.050,0.371,0.975,18.865,-20.003,286.685,Yaw
0.090,0.196,1.068,3.797,8.190,230.221,Yaw
0.268,0.129,0.971,-1.295,9.931,119.726,Yaw
0.286,0.109,0.972,7.840,18.410,17.439,Yaw
0.405,0.139,0.964,17.920,20.379,-38.500,Yaw
0.191,0.187,0.989,32.498,37.275,-129.544,Yaw
0.078,0.180,1.025,25.340,41.396,-254.529,Yaw
0.101,0.262,1.145,26.022,57.461,-286.685,Yaw
0.030,0.334,1.107,11.830,50.776,-286.685,Yaw
-0.074,0.347,1.033,-12.198,59.596,-286.685,Yaw
-0.050,0.319,0.900,-8.059,76.457,-286.685,Yaw
-0.129,0.363,0.881,27.659,85.312,-286.685,Yaw
-0.078,0.376,0.882,72.546,82.591,-286.685,Yaw
-0.086,0.343,0.935,93.590,61.626,-286.685,Yaw
-0.126,0.378,1.016,81.410,35.761,-286.685,Yaw
-0.096,0.334,1.092,20.781,4.996,-286.685,Yaw
-0.218,0.333,0.628,20.282,-3.465,-286.685,Yaw
-0.138,0.251,0.950,118.755,-11.760,-210.411,Yaw
-0.227,0.154,1.116,51.634,-24.132,-63.333,Yaw
-0.189,0.141,0.927,5.591,-11.620,13.877,Yaw
-0.132,0.053,0.967,19.416,-13.921,68.635,Yaw
-0.094,0.204,0.987,3.124,-16.424,194.477,Yaw
-0.058,0.273,0.951,-9.809,14.700,286.081,Yaw
0.014,0.503,1.010,-20.606,39.541,286.685,Yaw
0.051,0.541,1.043,-41.965,33.530,286.685,Yaw
-0.055,0.489,1.068,-90.317,-5.959,286.685,Yaw
-0.200,0.440,1.041,-136.351,-58.415,286.685,Yaw
-0.063,0.454,0.984,-137.182,-133.394,286.685,Yaw
-0.085,0.408,0.888,-89.285,-94.132,286.685,Yaw
-0.164,0.265,0.823,-23.397,-52.141,286.685,Yaw
0.111,0.144,1.003,18.979,-47.084,286.685,Yaw
0.057,0.138,1.050,31.019,-34.230,281.733,Yaw
0.100,0.157,1.020,21.709,-27.799,203.350,Yaw
0.118,0.182,0.977,17.929,-32.996,133.866,Yaw
0.361,0.186,0.985,22.461,-25.830,4.611,Yaw
0.305,0.259,1.045,32.681,9.555,-96.311,Yaw
0.135,0.197,1.043,26.267,37.380,-202.921,Yaw
0.106,0.217,1.052,1.680,92.872,-282.319,Yaw
-0.013,0.322,1.078,6.956,111.247,-286.685,Yaw
-0.097,0.293,1.056,10.841,111.370,-286.685,Yaw
-0.138,0.306,1.046,10.491,100.065,-286.685,Yaw
-0.013,0.318,0.910,11.515,85.348,-286.685,Yaw
-0.067,0.340,0.789,29.339,74.279,-286.685,Yaw
-0.140,0.325,0.878,108.351,63.822,-286.685,Yaw
-0.205,0.314,0.969,127.339,38.019,-286.685,Yaw
-0.286,0.308,1.140,82.548,10.999,-286.685,Yaw
-0.304,0.299,0.671,16.870,11.235,-286.685,Yaw
-0.239,0.182,0.808,102.104,-6.029,-276.815,Yaw
-0.176,0.207,0.979,96.189,-18.095,-152.941,Yaw
-0.156,0.198,1.026,49.149,-40.416,-71.137,Yaw
-0.237,0.262,0.993,25.585,-26.302,21.962,Yaw
-0.156,0.180,1.136,31.666,3.640,107.826,Yaw
-0.071,0.275,1.044,-0.455,12.206,266.359,Yaw
0.039,0.346,0.918,-18.034,22.479,286.685,Yaw
0.078,0.557,1.044,-17.675,35.612,286.685,Yaw
-0.017,0.613,1.060,-69.204,25.812,286.685,Yaw
-0.166,0.521,1.047,-109.200,-25.673,286.685,Yaw
-0.334,0.444,1.056,-167.046,-104.711,286.685,Yaw
-0.088,0.282,0.776,-157.684,-145.171,286.685,Yaw
-0.089,0.245,0.741,-12.609,-103.355,286.685,Yaw
-0.121,0.292,1.009,41.020,-86.240,286.685,Yaw
0.096,0.255,1.025,35.315,-56.577,279.685,Yaw
0.201,0.210,1.017,10.150,-28.254,181.755,Yaw
0.117,0.258,1.076,2.826,-24.990,55.458,Yaw
0.282,0.260,0.989,19.022,5.381,-61.827,Yaw
0.139,0.174,1.019,25.034,30.765,-140.009,Yaw
0.191,0.213,0.972,27.816,73.080,-243.451,Yaw
0.169,0.256,1.074,40.460,101.211,-286.685,Yaw
-0.018,0.268,1.055,19.661,91.018,-286.685,Yaw
-0.058,0.317,0.998,8.627,92.978,-286.685,Yaw
-0.063,0.337,0.890,2.485,64.085,-286.685,Yaw
-0.245,0.338,0.914,68.372,59.544,-286.685,Yaw
-0.163,0.422,0.980,100.179,29.076,-286.685,Yaw
-0.101,0.438,1.015,78.698,7.289,-286.685,Yaw
-0.131,0.344,1.026,46.296,5.827,-286.685,Yaw
-0.198,0.366,1.057,1.575,16.476,-286.685,Yaw
-0.246,0.292,0.450,-20.597,33.626,-286.650,Yaw
-0.281,0.280,0.699,105.936,40.565,-256.935,Yaw
-0.144,0.195,1.163,101.946,27.702,-113.173,Yaw
-0.450,0.278,0.919,-3.745,-7.376,-3.938,Yaw
-0.212,0.088,0.789,26.679,6.011,29.680,Yaw
-0.195,0.205,1.061,31.692,18.296,95.025,Yaw
-0.155,0.279,1.095,0.298,-11.392,239.549,Yaw
-0.141,0.362,0.974,-35.123,3.439,286.685,Yaw
-0.130,0.532,1.016,-38.824,3.544,286.685,Yaw
-0.103,0.562,1.005,-56.289,-2.406,286.685,Yaw
-0.073,0.473,1.146,-94.491,-53.524,286.685,Yaw
-0.089,0.278,1.023,-153.711,-118.895,286.685,Yaw
-0.079,0.259,0.806,-130.725,-138.486,286.685,Yaw
0.143,0.406,0.910,11.148,-130.690,286.685,Yaw
-0.125,0.400,0.881,41.309,-93.380,286.685,Yaw
-0.131,0.294,1.020,31.903,-45.447,274.925,Yaw
0.208,0.165,1.018,21.061,-6.580,204.514,Yaw
0.314,0.195,0.930,1.951,14.131,129.973,Yaw
0.286,0.210,0.869,-10.360,13.930,61.845,Yaw
0.323,0.226,0.936,9.590,12.792,-31.981,Yaw
0.105,0.202,1.009,32.130,43.549,-119.438,Yaw
0.119,0.262,0.981,26.346,64.654,-241.938,Yaw
0.102,0.318,0.970,37.441,81.253,-286.457,Yaw
-0.021,0.377,1.064,36.269,103.128,-286.685,Yaw
-0.106,0.391,1.064,16.214,87.868,-286.685,Yaw
-0.082,0.425,0.885,14.831,73.378,-286.685,Yaw
-0.195,0.413,0.819,56.971,72.905,-286.685,Yaw
-0.230,0.394,0.924,121.835,59.202,-286.685,Yaw
-0.174,0.516,1.051,115.141,3.850,-286.685,Yaw
-0.138,0.489,1.068,55.484,-53.506,-286.685,Yaw
-0.189,0.382,1.051,-4.445,-59.946,-286.685,Yaw
-0.238,0.264,0.582,-68.434,-39.681,-286.685,Yaw
-0.095,0.327,0.751,93.249,-60.366,-205.319,Yaw
-0.119,0.182,0.979,76.326,0.936,-42.105,Yaw
-0.192,0.274,1.039,49.516,15.514,12.206,Yaw
-0.159,0.122,1.014,38.544,23.555,75.136,Yaw
-0.118,0.295,1.192,24.833,0.087,188.702,Yaw
0.017,0.360,1.077,-11.042,9.905,286.685,Yaw
0.004,0.471,1.073,-13.239,38.115,286.685,Yaw
-0.040,0.519,1.026,-39.795,57.146,286.685,Yaw
-0.115,0.541,1.087,-89.110,26.810,286.685,Yaw
-0.074,0.454,1.091,-159.836,-44.030,286.685,Yaw
-0.058,0.394,0.973,-189.053,-100.756,286.685,Yaw
-0.027,0.265,0.589,-122.798,-131.574,286.685,Yaw
-0.109,0.205,0.748,-25.226,-123.690,286.685,Yaw
0.084,0.265,1.025,54.171,-96.521,286.685,Yaw
0.195,0.186,0.996,53.743,-37.511,286.685,Yaw
-0.021,0.190,1.116,35.210,-12.040,273.770,Yaw
0.070,0.142,0.984,-19.084,7.184,153.842,Yaw
0.435,0.208,1.017,-0.394,30.616,10.701,Yaw
0.338,0.195,0.962,22.942,48.912,-107.039,Yaw
0.026,0.091,0.963,33.373,70.298,-165.961,Yaw
0.006,0.196,1.041,31.395,115.570,-285.337,Yaw
0.022,0.315,1.111,55.799,124.206,-286.685,Yaw
-0.018,0.321,1.059,59.395,75.408,-286.685,Yaw
-0.056,0.329,1.118,62.396,58.319,-286.685,Yaw
-0.094,0.367,0.966,78.951,51.319,-286.685,Yaw
-0.135,0.443,0.863,104.982,20.300,-286.685,Yaw
-0.108,0.456,0.982,105.893,-6.895,-286.685,Yaw
-0.129,0.408,0.963,76.965,-7.289,-286.685,Yaw
-0.154,0.410,1.026,31.876,-5.941,-286.685,Yaw
-0.172,0.400,0.999,-20.737,-19.985,-286.685,Yaw
-0.222,0.323,0.408,-27.930,-7.464,-274.706,Yaw
-0.188,0.251,0.738,85.531,-27.694,-204.470,Yaw
-0.130,0.158,1.133,79.048,-47.110,-68.652,Yaw
-0.247,0.168,1.113,21.656,-41.755,9.826,Yaw
-0.174,0.074,1.128,19.364,-29.969,70.481,Yaw
-0.092,0.197,1.063,1.706,-30.336,152.399,Yaw
-0.015,0.210,1.014,0.805,-3.220,263.690,Yaw
0.000,0.363,1.066,4.016,33.364,286.685,Yaw
0.069,0.542,1.076,-12.784,49.403,286.685,Yaw
0.067,0.471,1.021,-42.822,44.354,286.685,Yaw
-0.082,0.448,1.030,-93.791,-11.917,286.685,Yaw
-0.128,0.404,0.969,-138.180,-58.275,286.685,Yaw
-0.047,0.363,0.987,-130.655,-77.936,286.685,Yaw
-0.034,0.197,0.911,-112.989,-94.552,286.685,Yaw
-0.125,0.134,0.644,-2.984,-117.329,286.685,Yaw
-0.057,0.147,1.058,60.305,-89.766,286.685,Yaw
0.154,0.144,1.112,50.584,-84.595,241.745,Yaw
0.191,0.211,1.029,40.486,-75.425,184.581,Yaw
0.162,0.216,0.971,18.121,-46.865,61.162,Yaw
0.464,0.209,0.998,19.040,-2.870,-51.301,Yaw
0.264,0.171,1.005,29.470,28.700,-160.440,Yaw
0.164,0.224,1.025,18.042,52.938,-252.411,Yaw
0.162,0.319,1.029,14.297,80.894,-286.685,Yaw
0.122,0.402,1.027,11.996,65.397,-286.685,Yaw
0.063,0.365,1.004,15.864,46.734,-286.685,Yaw
0.074,0.365,1.093,4.646,35.140,-286.685,Yaw
0.053,0.395,0.921,8.794,52.150,-286.685,Yaw
-0.028,0.387,0.930,29.715,58.485,-286.685,Yaw
-0.075,0.376,0.956,40.180,61.232,-286.685,Yaw
-0.117,0.392,1.007,26.521,42.577,-286.685,Yaw
-0.149,0.365,1.007,-25.235,11.690,-286.685,Yaw
-0.220,0.297,0.659,-48.143,3.658,-286.598,Yaw
-0.240,0.219,0.797,53.287,-6.492,-239.986,Yaw
-0.152,0.212,0.997,57.986,-12.705,-165.410,Yaw
-0.217,0.193,0.991,33.434,-8.479,-52.649,Yaw
-0.159,0.103,0.927,28.201,2.467,38.062,Yaw
-0.133,0.142,1.049,28.910,9.721,137.366,Yaw
-0.091,0.191,1.013,24.299,9.231,219.398,Yaw
-0.041,0.298,1.066,1.102,26.959,286.668,Yaw
-0.019,0.428,1.067,-29.750,18.515,286.685,Yaw
0.018,0.447,1.065,-60.112,-6.545,286.685,Yaw
0.002,0.483,1.040,-76.755,-23.468,286.685,Yaw
-0.035,0.538,1.048,-95.541,-61.696,286.685,Yaw
-0.115,0.369,1.004,-112.665,-122.902,286.685,Yaw
-0.152,0.300,0.971,-66.754,-96.652,286.685,Yaw
0.006,0.314,0.868,-43.330,-83.562,286.685,Yaw
-0.025,0.290,0.926,34.099,-57.811,282.467,Yaw
-0.003,0.193,1.077,36.838,-35.849,186.891,Yaw
0.242,0.179,0.932,21.157,-41.046,98.315,Yaw
0.258,0.289,0.977,27.370,-45.666,32.209,Yaw
0.244,0.278,0.919,40.084,-24.272,-71.978,Yaw
0.137,0.263,0.890,52.132,-12.408,-178.990,Yaw
0.285,0.345,0.971,60.034,55.825,-275.608,Yaw
0.225,0.396,1.098,61.889,55.842,-286.685,Yaw
0.088,0.390,1.013,27.799,31.141,-286.685,Yaw
0.008,0.460,0.997,3.815,30.494,-286.685,Yaw
-0.046,0.462,0.945,-9.240,48.519,-286.685,Yaw
0.057,0.478,0.945,-17.544,43.339,-286.685,Yaw
0.003,0.386,0.859,15.829,55.064,-286.685,Yaw
-0.077,0.387,1.003,7.367,43.470,-286.685,Yaw
-0.120,0.360,1.032,-26.390,30.161,-286.685,Yaw
-0.164,0.322,1.030,-50.461,23.511,-286.641,Yaw
-0.331,0.282,0.590,-6.370,16.397,-231.814,Yaw
-0.240,0.241,0.934,66.290,1.295,-164.465,Yaw
-0.152,0.182,0.961,24.728,-11.270,-50.951,Yaw
-0.188,0.159,0.873,23.371,-3.045,27.466,Yaw
-0.191,0.209,0.992,50.540,-6.641,139.099,Yaw
-0.091,0.311,1.033,35.140,4.532,256.891,Yaw
0.043,0.421,1.000,12.163,20.913,286.685,Yaw
0.051,0.509,1.014,-7.271,39.104,286.685,Yaw
-0.048,0.572,1.045,-45.071,46.130,286.685,Yaw
-0.107,0.644,1.076,-85.785,-2.993,286.685,Yaw
-0.332,0.654,1.052,-132.816,-62.597,286.685,Yaw
-0.292,0.559,0.950,-146.615,-75.714,286.685,Yaw
-0.072,0.383,0.717,-100.091,-87.176,286.685,Yaw
-0.044,0.350,0.874,12.250,-21.919,271.128,Yaw
0.005,0.204,0.969,20.659,-5.749,194.311,Yaw
0.072,0.181,0.958,15.199,-19.968,155.400,Yaw
0.152,0.255,0.987,9.642,-19.075,62.947,Yaw
0.254,0.221,0.944,16.494,-17.054,-27.160,Yaw
0.056,0.253,0.991,40.057,-6.764,-95.454,Yaw
0.041,0.283,0.951,37.704,14.980,-172.655,Yaw
0.170,0.405,1.035,51.284,53.611,-272.983,Yaw
0.032,0.366,1.038,36.041,45.605,-286.685,Yaw
0.032,0.424,1.010,6.536,29.103,-286.685,Yaw
-0.062,0.461,1.060,3.509,25.427,-286.685,Yaw
-0.106,0.465,0.838,18.279,22.173,-286.685,Yaw
-0.134,0.422,0.866,39.139,20.562,-286.685,Yaw
-0.120,0.361,1.000,37.389,14.385,-286.685,Yaw
-0.184,0.359,1.007,14.114,9.669,-286.685,Yaw
-0.213,0.333,0.962,-25.576,3.447,-286.685,Yaw
-0.222,0.306,0.744,-55.737,7.499,-286.685,Yaw
-0.236,0.288,0.830,50.164,32.743,-279.492,Yaw
-0.252,0.285,1.019,54.460,25.620,-222.591,Yaw
-0.242,0.252,0.925,12.854,-11.051,-96.302,Yaw
-0.212,0.157,0.785,14.096,-16.153,33.005,Yaw
-0.201,0.199,0.976,29.663,-8.417,147.122,Yaw
-0.106,0.236,0.975,33.801,-14.770,234.631,Yaw
-0.047,0.337,0.999,25.629,-4.681,286.685,Yaw
-0.134,0.420,0.959,15.085,1.916,286.685,Yaw
-0.096,0.547,1.065,0.875,9.363,286.685,Yaw
-0.054,0.522,1.034,-37.362,4.699,286.685,Yaw
-0.107,0.524,0.999,-73.054,-26.845,286.685,Yaw
-0.125,0.482,0.915,-70.096,-65.669,286.685,Yaw
-0.013,0.554,0.916,-38.728,-63.341,286.685,Yaw
-0.238,0.457,0.724,-9.887,-39.751,286.685,Yaw
-0.138,0.335,1.028,43.278,-13.773,269.168,Yaw
0.141,0.336,1.089,6.134,1.654,156.021,Yaw
0.274,0.367,0.930,-5.250,22.321,61.801,Yaw
0.302,0.267,0.900,-1.321,14.166,5.119,Yaw
0.225,0.295,0.907,4.358,22.811,-43.873,Yaw
0.117,0.260,0.916,23.861,71.348,-143.605,Yaw
0.086,0.425,1.027,24.080,50.645,-231.893,Yaw
0.012,0.411,1.015,12.101,39.314,-277.279,Yaw
-0.105,0.433,1.047,-4.515,29.243,-286.685,Yaw
-0.160,0.425,1.041,-31.981,35.831,-286.685,Yaw
-0.071,0.382,0.877,-51.362,34.221,-286.685,Yaw
-0.135,0.353,0.864,-2.896,46.051,-286.685,Yaw
-0.171,0.420,0.933,50.382,30.039,-286.685,Yaw
-0.149,0.299,0.917,25.804,-2.581,-286.685,Yaw
-0.188,0.327,1.119,8.584,1.067,-286.685,Yaw
-0.109,0.312,0.871,-32.480,-6.720,-286.685,Yaw
-0.237,0.230,0.886,58.555,9.371,-286.624,Yaw
-0.168,0.223,1.078,29.173,0.858,-228.025,Yaw
-0.183,0.196,0.926,4.314,-28.674,-95.637,Yaw
-0.218,0.057,0.883,16.257,-25.077,-43.908,Yaw
-0.178,0.034,0.933,25.427,-17.325,24.614,Yaw
-0.083,0.089,0.989,34.449,-16.853,121.529,Yaw
-0.070,0.196,1.041,32.016,-8.102,236.521,Yaw
-0.066,0.224,0.976,17.299,12.346,286.177,Yaw
-0.109,0.311,1.019,23.529,22.409,286.685,Yaw
0.060,0.445,1.023,6.939,26.390,286.685,Yaw
-0.081,0.482,1.062,-20.291,21.210,286.685,Yaw
-0.177,0.487,1.041,-48.484,4.874,286.685,Yaw
-0.174,0.443,1.016,-77.630,-29.382,286.685,Yaw
-0.178,0.491,0.890,-64.505,-41.764,286.685,Yaw
-0.107,0.366,0.810,-48.405,-49.464,286.685,Yaw
-0.205,0.346,0.803,19.766,-14.927,286.685,Yaw
-0.018,0.356,1.031,46.638,22.120,249.655,Yaw
-0.111,0.285,0.996,14.315,4.349,144.681,Yaw
0.124,0.242,0.955,15.286,-16.975,57.636,Yaw
0.296,0.294,0.932,18.279,-18.165,5.241,Yaw
0.050,0.324,0.866,22.103,-18.506,-71.811,Yaw
0.078,0.367,0.983,49.079,37.056,-194.967,Yaw
0.096,0.483,1.148,36.243,28.507,-284.497,Yaw
-0.058,0.393,1.068,8.216,9.301,-286.685,Yaw
-0.081,0.425,1.039,-4.445,4.480,-286.685,Yaw
-0.137,0.417,1.001,-28.718,16.275,-286.685,Yaw
-0.108,0.331,0.781,-37.975,20.790,-286.685,Yaw
-0.174,0.309,0.869,46.568,48.650,-286.685,Yaw
-0.203,0.403,0.967,46.882,18.331,-286.685,Yaw
-0.144,0.303,0.965,0.472,-9.012,-286.685,Yaw
-0.175,0.327,0.947,12.084,-4.410,-286.685,Yaw
-0.162,0.291,0.951,-1.242,-5.600,-284.401,Yaw
-0.164,0.143,0.953,-50.592,-3.964,-232.750,Yaw
-0.289,0.136,0.577,-70.595,-7.438,-191.739,Yaw
-0.196,0.124,0.882,59.763,12.880,-109.077,Yaw
-0.196,0.045,1.062,42.595,4.515,-29.907,Yaw
-0.148,0.031,0.950,27.764,-17.202,48.974,Yaw
-0.109,0.198,1.042,52.272,-19.722,183.601,Yaw
-0.081,0.210,1.051,34.396,-0.306,286.685,Yaw
-0.139,0.265,1.023,25.305,10.001,286.685,Yaw
-0.043,0.430,0.987,20.449,23.809,286.685,Yaw
-0.168,0.397,1.063,0.586,11.979,286.685,Yaw
-0.193,0.389,1.064,-44.835,-28.096,286.685,Yaw
-0.164,0.481,0.999,-59.194,-38.920,286.685,Yaw
-0.178,0.468,0.903,-50.225,-50.768,286.685,Yaw
-0.254,0.332,0.886,-23.257,-54.530,286.685,Yaw
-0.125,0.325,0.877,25.410,-35.752,286.685,Yaw
0.046,0.377,0.856,63.569,-14.560,269.334,Yaw
-0.060,0.431,1.138,75.294,-21.901,194.827,Yaw
0.085,0.404,1.004,17.439,-32.279,76.624,Yaw
0.322,0.404,0.900,9.222,-27.624,-17.281,Yaw
0.079,0.360,0.908,13.807,-26.075,-73.316,Yaw
0.214,0.483,0.975,22.435,31.841,-176.645,Yaw
0.088,0.499,1.082,8.837,35.901,-243.836,Yaw
-0.057,0.406,0.969,-29.225,0.936,-286.685,Yaw
-0.116,0.450,0.967,-38.080,-3.062,-286.685,Yaw
-0.143,0.453,0.954,-41.151,20.501,-286.685,Yaw
-0.141,0.404,1.031,-61.101,29.199,-286.685,Yaw
-0.093,0.440,0.802,-38.019,53.489,-286.685,Yaw
-0.100,0.362,0.906,-4.585,75.941,-286.685,Yaw
-0.179,0.334,1.018,13.711,56.420,-286.685,Yaw
-0.187,0.257,1.010,-35.604,8.943,-286.685,Yaw
-0.313,0.231,0.759,56.009,27.344,-270.961,Yaw
-0.287,0.168,0.971,73.692,35.158,-245.928,Yaw
-0.193,0.204,1.113,25.392,-16.310,-117.285,Yaw
-0.217,0.118,0.830,1.138,-23.406,-39.550,Yaw
-0.229,0.095,0.883,21.858,-16.476,34.414,Yaw
-0.186,0.096,0.971,41.107,-23.100,90.598,Yaw
-0.143,0.161,0.956,25.480,-33.591,209.702,Yaw
-0.121,0.304,0.992,25.401,-9.922,286.562,Yaw
-0.117,0.349,1.018,25.051,30.538,286.685,Yaw
-0.139,0.429,1.051,12.373,40.311,286.685,Yaw
-0.200,0.470,1.102,-40.005,24.684,286.685,Yaw
-0.137,0.514,1.046,-87.439,-43.461,286.685,Yaw
-0.167,0.393,0.872,-86.817,-98.298,286.685,Yaw
-0.190,0.295,0.841,-55.746,-105.289,286.685,Yaw
0.079,0.405,0.957,-17.579,-95.900,286.685,Yaw
-0.201,0.477,0.905,50.321,-42.105,286.685,Yaw
-0.129,0.356,1.019,58.118,5.119,216.265,Yaw
0.124,0.216,1.030,43.094,16.231,174.939,Yaw
0.272,0.385,0.980,9.660,15.251,89.933,Yaw
0.245,0.374,0.906,-4.113,15.654,-18.996,Yaw
0.101,0.309,0.966,14.376,21.621,-110.871,Yaw
0.104,0.318,0.969,13.589,40.434,-195.361,Yaw
0.060,0.404,1.033,24.990,45.964,-272.038,Yaw
-0.043,0.405,1.053,14.507,32.454,-286.685,Yaw
-0.105,0.392,1.002,-2.756,13.834,-286.685,Yaw
-0.149,0.390,0.986,-17.299,12.198,-286.685,Yaw
-0.085,0.329,0.751,-36.540,27.239,-286.685,Yaw
-0.215,0.329,0.938,34.912,70.280,-286.685,Yaw
-0.255,0.365,0.857,29.942,55.685,-286.685,Yaw
-0.202,0.367,0.835,40.478,42.901,-286.685,Yaw
-0.245,0.355,0.891,69.387,16.336,-286.685,Yaw
-0.198,0.312,0.954,43.094,-20.562,-281.601,Yaw
-0.217,0.276,0.940,18.603,-32.996,-200.331,Yaw
-0.150,0.211,0.967,4.699,-34.116,-123.253,Yaw
-0.297,0.163,0.811,-2.196,-26.101,12.556,Yaw
-0.157,0.199,0.901,41.151,8.111,94.771,Yaw
-0.170,0.248,1.090,50.304,9.459,206.439,Yaw
-0.137,0.207,1.128,15.549,-4.113,281.418,Yaw
-0.255,0.337,0.946,-1.837,-24.946,286.685,Yaw
-0.089,0.415,0.887,6.449,-14.674,286.685,Yaw
-0.027,0.436,1.001,3.255,-11.672,286.685,Yaw
-0.089,0.505,1.008,-11.568,-10.062,286.685,Yaw
-0.127,0.510,0.958,-47.425,-11.349,286.685,Yaw
-0.079,0.406,0.924,-66.894,-20.125,286.685,Yaw
-0.061,0.463,0.890,-43.645,-7.814,286.685,Yaw
-0.083,0.411,0.833,-31.413,1.111,286.685,Yaw
-0.088,0.277,0.881,51.940,32.751,284.069,Yaw
-0.124,0.364,1.138,29.566,1.820,204.277,Yaw
0.121,0.369,0.929,-0.954,12.171,69.493,Yaw
0.221,0.242,0.938,0.464,5.898,11.165,Yaw
0.139,0.298,0.942,3.719,28.192,-48.274,Yaw
0.123,0.334,1.044,2.082,58.135,-164.955,Yaw
0.084,0.385,1.048,0.647,25.611,-244.746,Yaw
-0.034,0.379,1.038,-14.429,18.821,-284.769,Yaw
-0.123,0.325,1.051,-27.212,15.601,-286.685,Yaw
-0.222,0.272,1.078,-41.256,25.603,-286.685,Yaw
-0.080,0.297,0.831,-32.217,35.691,-286.685,Yaw
-0.180,0.268,0.892,10.920,51.301,-286.685,Yaw
-0.149,0.294,0.983,45.150,54.556,-286.685,Yaw
-0.147,0.287,1.013,29.724,25.279,-286.685,Yaw
-0.149,0.289,1.042,3.955,-12.215,-286.685,Yaw
-0.198,0.237,0.794,-11.235,-24.456,-266.263,Yaw
-0.224,0.176,0.910,43.400,-4.060,-233.896,Yaw
-0.122,0.167,1.021,33.775,-3.194,-163.826,Yaw
-0.138,0.120,0.953,9.599,6.344,-79.704,Yaw
-0.175,0.139,0.931,16.362,8.015,-16.144,Yaw
-0.096,0.189,0.989,27.344,18.567,86.441,Yaw
-0.128,0.254,0.988,27.020,-1.977,208.040,Yaw
-0.054,0.308,0.981,19.635,-11.261,286.685,Yaw
-0.078,0.302,0.929,22.767,-0.630,286.685,Yaw
-0.058,0.387,1.063,23.774,21.464,286.685,Yaw
-0.097,0.365,1.133,-17.666,16.240,286.685,Yaw
-0.149,0.367,1.112,-72.931,-29.417,286.685,Yaw
-0.227,0.442,0.996,-87.378,-50.024,286.685,Yaw
-0.192,0.419,0.931,-75.198,-57.592,286.685,Yaw
-0.277,0.322,0.610,-46.620,-41.597,286.685,Yaw
-0.124,0.330,1.000,39.428,18.935,232.129,Yaw
0.017,0.365,1.027,36.365,15.514,151.988,Yaw
-0.042,0.254,1.030,23.319,5.154,53.270,Yaw
0.122,0.308,0.960,15.024,5.390,-28.875,Yaw
0.021,0.328,1.034,6.694,24.990,-139.003,Yaw
0.061,0.376,1.023,13.904,44.327,-202.239,Yaw
-0.083,0.231,1.003,31.010,73.229,-263.331,Yaw
-0.169,0.217,1.036,38.815,67.926,-286.685,Yaw
-0.228,0.348,1.067,34.974,15.514,-286.685,Yaw
-0.318,0.356,0.990,20.641,-0.175,-286.685,Yaw
-0.284,0.381,0.864,-13.029,-7.963,-286.685,Yaw
-0.176,0.300,0.853,11.637,0.989,-286.685,Yaw
-0.141,0.266,0.912,15.365,13.983,-286.685,Yaw
-0.164,0.266,1.018,-4.559,12.189,-286.685,Yaw
-0.149,0.330,0.928,21.595,-2.398,-286.685,Yaw
-0.151,0.213,0.817,40.373,11.244,-235.305,Yaw
-0.152,0.289,1.067,30.292,-1.041,-63.709,Yaw
-0.246,0.127,0.870,16.686,7.954,14.114,Yaw
-0.115,0.196,1.026,41.974,-2.852,92.916,Yaw
-0.098,0.212,1.085,50.286,-25.112,236.469,Yaw
-0.126,0.157,0.997,36.015,-24.815,286.685,Yaw
-0.124,0.278,0.955,42.936,5.731,286.685,Yaw
-0.015,0.439,1.086,24.106,69.781,286.685,Yaw
-0.118,0.442,1.121,-63.219,56.787,286.685,Yaw
-0.236,0.416,1.064,-129.001,-23.170,286.685,Yaw
-0.313,0.285,0.872,-137.497,-59.369,286.685,Yaw
-0.222,0.432,0.929,-70.726,-74.952,286.685,Yaw
-0.370,0.358,0.771,-8.417,-38.071,278.924,Yaw
-0.178,0.233,0.983,34.484,-2.494,176.837,Yaw
-0.075,0.251,0.997,29.575,3.027,135.100,Yaw
0.170,0.397,1.096,19.556,11.331,34.834,Yaw
0.008,0.282,0.970,3.509,25.830,-56.018,Yaw
-0.042,0.241,0.977,15.794,22.610,-122.981,Yaw
-0.001,0.300,0.963,19.644,28.201,-169.251,Yaw
-0.042,0.387,0.996,55.213,31.692,-228.244,Yaw
-0.216,0.375,0.946,54.766,24.911,-284.865,Yaw
-0.240,0.367,0.976,34.309,-11.743,-286.685,Yaw
-0.328,0.378,1.071,9.153,-43.505,-286.685,Yaw
-0.227,0.369,0.851,-21.009,-42.298,-286.685,Yaw
-0.161,0.240,0.864,-24.229,-12.198,-286.685,Yaw
-0.142,0.244,0.961,-41.930,3.342,-286.685,Yaw
-0.079,0.265,0.777,-49.717,23.721,-286.685,Yaw
-0.160,0.180,0.834,29.680,75.250,-286.685,Yaw
-0.228,0.253,1.061,66.255,67.655,-255.360,Yaw
-0.135,0.262,1.036,38.798,-1.435,-116.935,Yaw
-0.246,0.228,0.890,6.204,1.523,-20.142,Yaw
-0.195,0.219,1.018,43.356,7.831,66.544,Yaw
-0.251,0.267,1.022,41.037,-5.731,191.669,Yaw
-0.168,0.162,0.966,21.201,-7.639,283.106,Yaw
-0.200,0.254,1.057,12.679,19.022,286.685,Yaw
-0.111,0.374,1.020,-15.417,51.809,286.685,Yaw
-0.153,0.395,1.092,-57.103,62.764,286.685,Yaw
-0.246,0.412,1.117,-98.105,-9.109,286.685,Yaw
-0.276,0.361,1.019,-146.562,-67.454,286.685,Yaw
-0.278,0.422,0.868,-122.439,-103.933,286.685,Yaw
-0.261,0.364,0.699,-52.938,-108.868,286.685,Yaw
-0.198,0.298,0.977,37.940,-34.011,268.651,Yaw
-0.159,0.252,1.074,37.678,-26.093,190.365,Yaw
0.100,0.372,1.054,30.634,-2.704,113.680,Yaw
0.230,0.375,0.975,7.044,14.140,-11.489,Yaw
0.018,0.253,0.945,10.246,39.305,-86.940,Yaw
-0.005,0.260,1.018,7.394,55.466,-162.391,Yaw
0.029,0.317,0.989,16.319,59.780,-207.235,Yaw
-0.111,0.307,0.912,32.664,59.097,-256.812,Yaw
-0.237,0.287,0.989,34.466,54.189,-286.685,Yaw
-0.279,0.330,1.049,24.701,18.095,-286.685,Yaw
-0.302,0.322,1.094,-0.061,-3.859,-286.685,Yaw
-0.311,0.316,0.824,-10.185,7.648,-286.685,Yaw
-0.243,0.289,0.846,1.374,30.931,-286.685,Yaw
-0.242,0.346,0.950,46.296,22.505,-286.685,Yaw
-0.140,0.236,1.099,58.214,-4.209,-286.685,Yaw
-0.079,0.260,0.973,54.416,-29.067,-252.096,Yaw
-0.119,0.235,1.023,46.856,-15.566,-158.419,Yaw
-0.156,0.226,1.021,20.886,-14.954,-61.959,Yaw
-0.213,0.214,0.937,11.900,-14.079,5.294,Yaw
-0.126,0.179,0.801,26.749,4.637,87.876,Yaw
-0.131,0.215,0.993,56.166,16.949,171.299,Yaw
0.091,-0.003,1.033,-2.056,0.210,-1.741,Shake
0.082,-0.064,1.021,-0.350,-0.472,2.861,Shake
0.076,-0.029,1.008,0.114,3.412,-6.431,Shake
0.039,0.003,1.032,-2.476,4.707,-4.839,Shake
0.051,-0.017,1.018,-2.852,0.971,0.175,Shake
0.063,0.003,0.998,-0.525,-3.640,-0.420,Shake
0.192,-0.081,0.912,3.439,5.766,9.222,Shake
0.162,-0.038,0.862,36.138,47.259,5.705,Shake
0.044,0.037,0.946,49.088,66.815,8.382,Shake
0.049,0.057,1.028,33.784,47.162,13.493,Shake
0.082,-0.085,0.845,55.318,49.140,12.609,Shake
-0.105,0.081,0.959,53.935,73.465,-17.343,Shake
-0.116,0.179,1.078,23.319,50.899,-19.267,Shake
-0.080,0.024,1.264,8.068,11.121,-3.307,Shake
-0.066,0.057,1.319,4.541,-51.966,-60.156,Shake
0.234,0.296,0.588,22.138,-12.696,-59.264,Shake
0.269,0.401,0.632,21.157,54.583,-8.260,Shake
-0.279,0.062,1.090,23.914,143.789,52.981,Shake
-0.819,-0.664,1.999,73.281,91.411,17.237,Shake
-0.242,-0.642,1.999,150.771,-104.370,-30.231,Shake
-0.189,-0.318,1.519,216.842,-169.190,-39.007,Shake
0.012,0.574,-0.055,232.312,-68.854,-15.321,Shake
0.110,1.349,-1.247,194.932,70.262,22.767,Shake
0.219,1.351,-1.028,-92.199,124.801,37.861,Shake
-0.004,0.834,0.076,-283.876,16.494,6.825,Shake
-0.295,-1.196,1.999,-254.756,-99.024,-20.335,Shake
-0.136,-1.194,1.999,86.599,-157.456,21.709,Shake
-0.297,0.259,0.982,277.918,-27.746,53.042,Shake
0.221,1.195,-1.365,267.689,91.280,26.889,Shake
0.098,1.441,-1.682,45.990,94.719,35.026,Shake
0.318,0.965,-0.119,-227.614,-13.230,-16.599,Shake
-0.012,-0.807,1.999,-284.891,-149.249,-58.319,Shake
0.132,-1.114,1.999,142.721,-96.539,12.679,Shake
-0.242,-0.124,1.591,286.685,58.039,54.399,Shake
-0.114,0.924,-1.151,280.219,115.920,40.626,Shake
0.166,1.258,-1.509,-9.852,73.421,-1.173,Shake
0.403,0.954,-0.054,-193.900,-69.991,-43.015,Shake
-0.094,-0.038,1.966,-285.871,-150.929,-78.838,Shake
0.462,-1.317,1.999,-93.179,-145.250,-26.749,Shake
-0.254,-0.129,1.637,277.156,-11.182,7.455,Shake
-0.017,0.932,-1.418,286.536,59.229,-12.801,Shake
-0.044,1.233,-1.997,-27.344,-46.716,-15.234,Shake
0.159,1.106,-0.957,-238.682,-48.090,-36.059,Shake
0.395,-0.368,1.999,-286.685,-49.901,-41.186,Shake
0.644,-1.298,1.999,86.380,45.360,41.178,Shake
-0.515,0.159,0.665,286.685,118.956,84.455,Shake
0.066,0.946,-1.848,286.685,69.344,-3.378,Shake
0.241,1.300,-1.997,-25.725,-62.029,-17.483,Shake
0.004,0.302,0.772,-286.685,-121.275,-67.314,Shake
0.680,-1.006,1.999,-267.033,-7.508,-21.866,Shake
0.730,-1.066,1.999,165.270,80.299,42.131,Shake
-0.699,0.369,0.050,286.685,138.863,104.632,Shake
0.465,1.049,-1.997,231.691,86.293,2.301,Shake
0.033,0.846,-0.755,-281.286,-95.077,-15.041,Shake
0.222,0.269,1.918,-286.685,-141.759,-38.001,Shake
0.156,-0.844,1.999,-93.651,-34.195,66.579,Shake
-0.081,0.013,1.084,286.685,136.780,94.115,Shake
0.248,1.042,-1.997,285.897,126.079,17.561,Shake
0.513,0.917,-1.964,-25.235,-21.700,-23.415,Shake
-0.551,0.212,1.522,-286.685,-173.460,-75.959,Shake
0.223,-0.967,1.999,-195.256,-61.792,8.514,Shake
0.067,-0.023,1.665,286.685,140.341,90.641,Shake
-0.107,0.765,-1.089,286.685,168.210,73.465,Shake
0.601,1.094,-1.997,30.433,-71.225,-36.461,Shake
-0.005,0.471,1.123,-286.685,-172.270,-41.501,Shake
0.346,-1.133,1.999,-234.640,-41.134,10.552,Shake
-0.083,-0.751,1.999,286.676,155.759,91.446,Shake
-0.234,0.690,-0.986,286.685,138.591,90.711,Shake
0.712,1.061,-1.997,114.275,-62.458,-49.315,Shake
0.169,0.752,0.026,-286.685,-144.008,-130.322,Shake
0.355,-1.055,1.999,-285.486,-65.485,-26.241,Shake
0.004,-1.182,1.999,62.519,59.456,18.112,Shake
-0.127,0.376,0.734,286.685,192.841,68.425,Shake
0.220,1.129,-1.997,260.496,169.312,-9.459,Shake
0.282,0.878,-0.643,-276.264,-188.965,-92.558,Shake
0.351,0.469,1.930,-286.685,-251.501,-50.925,Shake
0.025,-1.633,1.999,-89.066,-144.891,11.725,Shake
-0.001,-0.025,1.375,286.685,150.167,56.971,Shake
0.011,1.213,-1.997,286.108,158.524,35.298,Shake
0.470,1.434,-1.936,-23.266,-126.691,-53.314,Shake
-0.110,0.379,1.025,-286.685,-127.155,-61.583,Shake
0.240,-1.327,1.999,-233.406,-125.974,18.935,Shake
0.010,-0.438,1.891,283.098,83.764,-3.990,Shake
-0.141,1.194,-1.682,286.685,210.429,16.581,Shake
0.410,1.025,-1.997,226.223,32.419,-23.853,Shake
-0.144,0.538,0.291,-286.440,-193.025,-79.765,Shake
0.650,-0.809,1.999,-283.841,-204.435,4.436,Shake
0.304,-0.585,1.999,232.452,37.844,-48.562,Shake
-0.131,0.500,0.256,286.685,206.491,25.594,Shake
0.090,1.101,-1.997,274.356,213.378,14.630,Shake
0.088,0.466,-0.177,-276.036,-45.237,-14.735,Shake
0.621,-0.092,1.999,-286.685,-187.232,11.882,Shake
-0.212,-1.253,1.999,-58.607,-86.161,30.800,Shake
0.134,0.297,0.840,286.685,160.265,66.736,Shake
0.092,1.178,-1.997,283.587,194.443,55.221,Shake
0.586,0.561,-1.293,-180.197,-66.719,-13.064,Shake
-0.053,0.361,1.236,-286.685,-115.640,-63.333,Shake
-0.168,-1.722,1.999,-252.105,-245.840,6.597,Shake
-0.140,-0.120,1.773,286.536,172.200,39.454,Shake
-0.246,0.785,-1.280,286.685,286.685,99.671,Shake
0.712,1.319,-1.997,-68.688,-15.286,-48.160,Shake
0.571,0.818,-0.105,-285.897,-99.435,-149.039,Shake
0.156,-0.870,1.999,-286.641,-274.225,-88.611,Shake
-0.037,-0.905,1.998,211.155,-45.456,-35.044,Shake
0.124,0.615,-0.804,286.685,217.936,115.430,Shake
0.027,1.243,-1.997,224.175,21.490,25.270,Shake
0.262,1.207,-0.675,-286.353,-18.594,-66.946,Shake
0.242,-0.570,1.999,-286.685,-97.904,-21.569,Shake
-0.440,-1.602,1.999,122.955,-93.345,20.046,Shake
0.194,-0.325,0.774,286.685,125.116,92.986,Shake
0.054,1.124,-1.941,281.041,180.932,130.051,Shake
0.543,1.739,-1.478,-150.325,-5.915,-20.632,Shake
-0.158,0.064,1.992,-286.685,-79.485,-106.522,Shake
-0.703,-1.999,1.999,-55.178,-176.444,-56.796,Shake
-0.157,-0.464,1.491,283.404,46.533,-47.057,Shake
0.045,1.383,-1.794,286.685,92.864,57.374,Shake
0.337,1.321,-1.938,-131.451,-186.988,-86.783,Shake
0.472,0.131,1.920,-286.685,-34.886,-134.479,Shake
-0.217,-1.859,1.999,-108.824,84.691,70.070,Shake
-0.149,-1.113,1.999,245.551,136.535,52.316,Shake
-0.145,1.251,-1.075,286.484,171.745,125.475,Shake
0.531,1.993,-1.997,-31.351,-26.740,-17.185,Shake
0.481,1.174,-0.635,-286.685,17.413,-110.128,Shake
-0.000,-0.891,1.999,-286.685,-39.935,-31.343,Shake
-0.661,-1.999,1.999,41.388,-77.368,26.189,Shake
-0.109,0.439,-0.029,286.685,57.496,77.613,Shake
0.153,1.939,-1.827,98.665,-117.162,-52.833,Shake
0.722,1.893,-1.050,-242.095,-145.460,-116.436,Shake
0.270,-0.921,1.999,-286.615,-74.935,-5.670,Shake
-0.271,-1.935,1.999,36.592,-7.394,84.787,Shake
-0.153,0.035,0.593,286.685,119.490,76.632,Shake
0.004,1.556,-1.218,272.545,89.145,75.136,Shake
0.319,1.952,-1.237,-91.009,-52.421,-41.405,Shake
0.653,-0.095,0.971,-262.964,-15.846,-17.448,Shake
-0.508,-1.471,1.999,-132.773,-65.975,14.149,Shake
-0.642,-0.837,1.946,161.560,-127.960,-165.970,Shake
-0.854,0.576,0.251,235.148,-37.678,-286.685,Shake
-0.169,0.703,0.183,18.524,-45.377,-286.685,Shake
0.330,0.140,0.326,-51.783,-40.775,-272.221,Shake
1.336,0.652,1.200,27.571,222.880,141.085,Shake
1.998,0.674,1.120,-78.452,262.605,286.545,Shake
-1.896,1.074,0.326,-91.394,38.456,286.685,Shake
-0.973,0.172,0.620,-27.073,-230.291,95.463,Shake
-1.168,0.234,1.416,83.904,-286.685,-219.056,Shake
-1.361,-0.353,1.666,-18.611,-265.046,-286.615,Shake
0.521,0.265,0.303,-50.592,-19.985,-281.951,Shake
1.998,1.218,1.319,-9.608,247.712,111.300,Shake
1.023,0.903,1.344,-147.551,286.685,286.685,Shake
-1.473,0.726,0.811,-95.743,240.415,238.402,Shake
-1.347,-0.039,0.390,-45.763,-264.889,-79.537,Shake
-1.186,-0.066,1.706,130.042,-286.685,-286.685,Shake
0.860,0.559,0.404,134.330,-279.020,-279.598,Shake
1.998,0.457,0.043,97.213,228.261,149.039,Shake
1.541,1.440,0.023,-36.050,286.685,286.685,Shake
-1.959,1.340,1.021,-162.899,286.685,286.685,Shake
-1.523,0.736,0.722,10.185,-2.940,6.659,Shake
-1.823,0.728,1.124,-24.841,-286.685,-286.685,Shake
-0.129,-0.362,1.305,-29.426,-286.685,-286.685,Shake
1.998,0.076,0.680,73.509,-219.301,-172.069,Shake
1.194,1.211,-0.124,126.787,286.151,279.851,Shake
0.363,0.367,-0.256,-91.560,286.685,286.685,Shake
-1.170,1.190,0.429,153.387,235.865,155.680,Shake
-1.999,0.754,1.609,-24.141,-231.586,-121.721,Shake
-0.928,0.108,0.952,-108.798,-286.685,-286.685,Shake
1.994,0.257,0.080,135.529,-286.685,-286.685,Shake
1.793,1.311,0.796,217.350,106.365,111.300,Shake
-0.209,1.785,0.736,-43.925,286.685,281.811,Shake
0.437,-0.171,-0.492,-286.125,286.685,232.461,Shake
-1.999,0.590,0.433,190.890,228.462,-50.873,Shake
-1.971,0.061,1.315,138.810,-286.685,-224.796,Shake
1.827,0.437,-0.159,1.400,-286.685,-286.484,Shake
1.990,0.967,0.799,85.881,173.443,129.561,Shake
0.577,1.473,-0.095,-84.787,286.685,286.685,Shake
-0.874,0.028,-0.047,-248.710,286.685,196.402,Shake
-1.999,0.424,-0.282,-88.515,-69.256,6.116,Shake
-1.327,0.712,1.076,114.494,-286.685,-156.660,Shake
1.265,1.000,-0.876,265.580,-286.685,-224.464,Shake
0.947,0.519,1.242,255.386,-100.896,-54.784,Shake
0.440,1.500,0.577,-170.485,286.685,221.165,Shake
-0.369,0.062,0.412,-222.425,286.685,-24.185,Shake
-0.349,0.189,0.672,-46.200,80.430,-79.074,Shake
-1.884,0.754,-0.065,189.350,-286.685,-191.152,Shake
1.439,0.364,-0.437,222.294,-286.685,-216.466,Shake
0.851,0.406,1.909,249.559,-110.346,-45.518,Shake
0.453,1.185,0.540,-158.322,286.685,270.226,Shake
-0.256,0.915,1.222,-285.740,286.685,104.064,Shake
-0.649,-0.380,0.344,-149.940,264.128,-43.645,Shake
-1.353,-0.173,1.415,157.990,-286.685,-133.630,Shake
1.375,0.432,0.345,265.991,-286.685,-118.554,Shake
-0.279,1.133,0.935,164.045,57.811,153.755,Shake
0.301,1.158,0.039,-71.522,286.685,215.985,Shake
-0.110,0.613,-0.311,-180.819,286.685,67.393,Shake
-0.982,-0.469,0.785,-73.299,41.423,-148.277,Shake
0.359,-0.541,1.613,55.667,-286.685,-42.105,Shake
0.556,0.967,0.372,201.040,-286.685,59.167,Shake
0.069,1.067,1.350,196.122,-54.644,138.792,Shake
0.585,1.172,0.143,-129.561,286.685,199.509,Shake
-0.128,0.394,-0.225,-31.771,286.685,62.300,Shake
-0.839,-0.028,1.389,41.370,-198.747,-132.256,Shake
-0.345,0.324,1.979,-28.507,-286.685,-95.480,Shake
1.297,0.261,1.380,107.966,-283.981,-58.476,Shake
0.079,1.117,0.604,70.332,285.224,102.244,Shake
-0.441,0.954,-1.209,-17.798,286.685,89.241,Shake
0.421,0.665,-0.939,90.125,169.995,-2.914,Shake
-0.504,0.588,1.999,-11.314,-265.046,-285.591,Shake
0.767,-0.355,0.780,-242.848,-286.685,-171.290,Shake
1.014,0.670,1.950,246.129,138.696,-3.071,Shake
0.373,1.111,-0.024,107.555,286.685,243.626,Shake
-0.312,0.852,-1.350,67.191,286.685,190.837,Shake
-0.748,0.852,1.272,91.228,-8.986,-59.955,Shake
-1.071,0.616,1.628,-281.960,-286.685,-223.904,Shake
1.456,-0.219,1.310,-22.426,-286.685,-179.139,Shake
1.126,0.740,1.189,157.264,264.959,116.620,Shake
0.230,0.832,-0.356,142.170,286.685,168.158,Shake
-0.787,0.449,-1.477,-139.344,286.685,100.319,Shake
-1.098,1.333,0.961,71.164,-239.488,-118.702,Shake
-0.345,0.073,1.988,-251.764,-286.685,-186.401,Shake
1.289,-0.508,0.936,-134.872,-285.057,-214.410,Shake
0.438,0.823,-0.022,123.629,281.802,148.269,Shake
-0.270,0.129,0.406,56.481,286.685,225.557,Shake
0.197,1.134,1.049,129.631,221.016,-41.431,Shake
-0.990,0.991,1.986,-93.004,-286.685,-57.890,Shake
-0.805,-0.489,1.981,-196.420,-286.685,32.393,Shake
0.525,0.247,0.257,38.395,129.413,54.583,Shake
-0.084,0.642,-0.685,184.345,286.685,74.480,Shake
-0.136,0.894,0.799,7.604,117.005,-85.260,Shake
-0.487,0.757,1.935,-157.211,-284.742,-142.555,Shake
0.308,-0.299,0.888,-58.327,-286.685,-140.516,Shake
0.479,0.670,1.343,187.959,174.527,5.793,Shake
-0.154,0.724,-0.352,-21.210,286.685,112.586,Shake
-0.272,0.490,-0.028,-174.510,266.464,-49.088,Shake
-0.528,0.419,0.752,-1.138,-185.745,-97.405,Shake
0.174,0.090,1.598,65.616,-286.685,-35.752,Shake
1.014,0.634,1.601,57.444,-232.890,23.188,Shake
0.157,0.810,-0.002,21.560,286.685,106.636,Shake
0.087,0.363,0.100,-27.396,286.685,84.201,Shake
-0.796,0.493,0.185,-134.068,207.340,-1.960,Shake
-0.444,0.035,1.325,-80.141,-286.685,-74.366,Shake
0.630,0.371,1.567,-64.960,-285.600,-155.374,Shake
0.711,-0.075,1.198,113.881,-52.701,-20.282,Shake
0.371,0.620,0.598,19.827,286.685,131.224,Shake
-0.536,0.438,-0.568,-175.648,286.685,84.717,Shake
-0.955,0.179,1.858,-82.582,-231.376,-132.379,Shake
0.054,0.358,1.722,-59.570,-286.685,-204.251,Shake
0.724,-0.319,1.008,88.637,-116.095,-0.954,Shake
0.055,1.071,-0.010,158.699,286.685,188.370,Shake
-0.733,0.688,-0.277,-64.234,286.685,148.269,Shake
-0.788,1.012,1.208,7.735,-111.003,-167.440,Shake
-1.060,0.240,1.126,-74.007,-286.685,-283.019,Shake
1.146,0.205,1.821,1.479,-286.685,-286.685,Shake
0.785,-0.273,0.465,178.185,27.230,-15.164,Shake
0.601,1.124,0.596,75.250,286.685,224.087,Shake
-0.132,0.330,0.176,0.814,286.685,248.911,Shake
-0.249,0.670,0.694,233.030,167.913,-45.780,Shake
-1.562,0.330,1.999,45.360,-286.685,-139.265,Shake
0.186,-0.216,0.445,213.124,-236.399,-216.169,Shake
0.361,0.339,-0.038,222.959,268.861,49.884,Shake
-0.699,1.490,-1.997,-6.256,286.685,166.932,Shake
0.676,0.945,-0.235,-201.705,286.685,-85.085,Shake
-0.592,-0.480,1.986,-279.895,8.068,-209.300,Shake
-1.270,-0.698,1.999,-82.189,-286.685,28.149,Shake
0.149,-0.755,1.480,138.355,-250.259,19.819,Shake
-0.241,0.908,-0.753,257.819,273.263,95.576,Shake
0.096,1.765,-1.997,167.869,135.747,84.875,Shake
0.414,1.346,-1.090,-273.289,-73.544,-125.632,Shake
0.474,-0.879,1.848,-286.685,-171.640,-149.354,Shake
-0.327,-1.543,1.999,-93.896,-72.625,40.303,Shake
-0.198,-0.373,1.530,286.685,198.152,155.916,Shake
-0.397,1.839,-1.997,284.051,53.533,98.070,Shake
0.582,1.718,-1.997,36.881,-187.408,-85.470,Shake
-0.055,0.585,-0.773,-276.325,-164.071,-181.396,Shake
0.329,-1.496,1.999,-286.685,-37.511,-28.726,Shake
0.446,-1.838,1.999,148.654,188.781,81.427,Shake
-0.172,-0.623,-0.186,286.685,90.519,121.476,Shake
-0.763,1.853,-1.997,286.685,18.935,33.338,Shake
-0.071,1.700,-1.997,-97.213,-227.238,-113.085,Shake
0.436,-0.017,0.608,-286.659,-152.827,-146.143,Shake
0.078,-1.953,1.999,-282.293,-24.395,-56.271,Shake
1.098,-1.844,1.999,282.914,275.004,84.105,Shake
-0.248,0.244,-0.100,286.685,277.533,117.092,Shake
-0.798,1.918,-1.997,-26.924,101.710,-59.684,Shake
-0.093,1.943,-1.354,-277.769,-205.301,-240.634,Shake
1.108,-1.704,1.972,-253.488,-97.834,-67.979,Shake
0.091,-1.873,1.964,20.843,-278.084,34.002,Shake
0.520,-0.621,1.690,284.926,238.402,205.327,Shake
-0.737,1.669,-1.996,65.923,235.148,258.361,Shake
-0.025,1.843,-1.737,-195.449,-60.961,-72.809,Shake
-0.032,-0.526,-0.593,-243.101,-143.833,-124.661,Shake
-0.060,-1.299,1.999,-189.569,-162.321,-20.632,Shake
0.275,-1.176,1.982,232.365,56.131,84.446,Shake
-0.605,1.324,-1.550,235.970,286.370,45.824,Shake
0.896,1.997,-1.809,1.356,101.264,-172.034,Shake
0.349,0.903,-0.744,-253.479,-130.524,-144.848,Shake
-0.696,-1.206,1.999,-109.786,-278.451,-115.272,Shake
0.659,-1.548,1.999,23.039,-204.094,-10.334,Shake
-0.164,0.168,-0.131,181.554,239.260,54.618,Shake
-0.881,1.855,-1.895,104.029,232.024,-32.533,Shake
-0.064,1.970,-1.772,-148.575,-110.154,-161.201,Shake
0.114,-1.212,0.505,-113.960,-175.122,-156.065,Shake
0.943,-1.394,1.999,-180.504,-78.776,35.893,Shake
0.072,-0.443,1.217,274.129,268.756,172.436,Shake
-0.823,1.787,-1.453,152.679,184.319,22.767,Shake
-0.529,1.997,-1.647,-171.964,-205.223,-174.869,Shake
0.272,-0.216,-0.970,-169.260,-284.060,-180.469,Shake
1.248,-0.864,1.999,-112.814,-21.823,61.784,Shake
0.327,-0.951,1.998,207.760,215.548,173.154,Shake
-0.811,0.540,-0.582,181.939,278.451,27.746,Shake
-0.741,1.895,-1.482,-64.628,90.125,-96.224,Shake
0.219,0.685,-1.669,-262.955,-45.395,-192.019,Shake
-0.112,-1.144,1.999,48.484,-193.996,-54.049,Shake
0.539,-1.494,1.993,150.316,3.203,105.779,Shake
0.005,0.276,0.285,227.771,204.286,162.076,Shake
-0.968,1.997,-1.977,7.569,122.054,37.966,Shake
0.091,1.055,-1.671,-213.430,-286.615,-178.885,Shake
1.077,-0.933,1.905,42.893,-261.739,-85.444,Shake
1.191,-1.750,1.999,96.548,139.134,165.725,Shake
0.251,-0.680,1.630,201.688,236.197,213.518,Shake
-1.345,1.997,-1.928,72.590,143.307,53.979,Shake
-0.018,1.282,-1.919,-138.486,-176.969,-140.936,Shake
0.123,-0.749,1.299,35.875,-190.277,-54.906,Shake
0.747,-0.456,1.999,-77.683,-150.185,31.237,Shake
0.514,-1.578,1.468,83.309,40.206,180.792,Shake
-0.789,1.915,-1.471,216.921,177.170,62.230,Shake
-0.167,1.729,-1.997,-46.812,-47.215,-84.088,Shake
0.087,-0.578,-0.462,-156.004,-167.300,-64.846,Shake
0.485,-0.740,1.999,-245.997,-129.955,24.684,Shake
0.437,-1.367,1.867,185.098,157.010,80.666,Shake
-0.742,1.636,-0.847,225.750,150.789,45.789,Shake
-0.346,1.997,-1.997,-168.691,53.393,-94.605,Shake
0.192,0.296,-1.243,-220.526,-50.365,-117.285,Shake
-0.460,-0.877,1.999,-43.986,-233.835,-6.204,Shake
0.627,-1.396,1.572,55.641,-15.811,9.826,Shake
-0.551,1.650,-0.403,225.339,150.719,67.279,Shake
-0.455,1.850,-1.683,-19.390,161.919,-19.618,Shake
-0.277,0.146,-0.954,-187.005,20.597,-58.616,Shake
-0.405,-0.991,1.999,-115.649,-126.368,-49.018,Shake
0.761,-1.553,1.779,157.176,-66.876,-24.229,Shake
0.000,1.354,-0.429,256.769,235.069,113.111,Shake
-0.434,1.997,-1.997,-48.037,271.810,64.855,Shake
-0.357,-0.027,-1.621,-252.709,-77.219,-112.420,Shake
-0.176,-1.341,1.999,-267.374,-284.296,-71.864,Shake
0.627,-1.258,1.871,272.318,-77.954,42.210,Shake
-0.401,1.317,-0.218,277.427,-62.221,55.597,Shake
-0.948,1.883,-1.893,-76.615,68.451,3.797,Shake
-0.227,-0.279,-0.872,-169.496,110.924,43.794,Shake
0.134,-0.772,1.999,-108.771,-181.598,32.865,Shake
0.981,-1.785,1.548,209.685,66.045,73.054,Shake
-0.634,1.839,-0.915,205.538,109.777,140.901,Shake
-1.146,1.997,-1.997,-174.633,-26.933,-80.789,Shake
0.099,-0.880,-0.667,-136.019,12.206,-85.890,Shake
0.654,-1.459,1.999,-41.807,34.519,-17.929,Shake
0.563,-1.659,1.929,109.419,45.491,58.030,Shake
-0.429,1.637,-0.408,190.208,-37.459,99.908,Shake
-1.131,1.997,-1.985,-66.027,-89.740,-35.534,Shake
-0.096,-0.228,-0.722,-156.056,-62.195,-64.978,Shake
0.248,-1.030,1.999,-159.792,-105.359,-36.531,Shake
1.122,-1.983,1.936,142.345,81.410,8.977,Shake
-0.478,1.410,-0.487,243.250,212.695,75.022,Shake
-0.777,1.990,-1.997,-79.800,-169.881,-213.666,Shake
0.102,-0.522,-0.987,-154.087,-9.958,-47.827,Shake
0.445,-1.072,1.999,-157.351,-76.842,-2.835,Shake
0.963,-1.756,1.992,70.315,48.746,54.661,Shake
-0.257,1.070,-0.078,253.059,110.372,112.394,Shake
-0.664,1.997,-1.613,-143.579,0.892,14.770,Shake
-0.666,1.519,-1.892,-253.663,27.326,0.157,Shake
0.469,-1.996,1.072,83.869,-109.279,49.254,Shake
0.589,-1.124,1.999,75.556,-138.512,0.543,Shake
0.529,0.303,1.247,98.840,67.209,86.765,Shake
-0.505,1.772,-1.213,22.120,88.952,75.460,Shake
-0.326,1.997,-1.765,-109.156,167.860,41.090,Shake
0.254,-1.679,-0.083,-58.809,1.794,-64.531,Shake
0.263,-1.319,1.999,-71.986,-198.844,-56.796,Shake
0.106,-0.886,1.999,164.789,-116.331,-16.161,Shake
-0.177,1.332,-0.772,158.611,-2.809,-10.929,Shake
-0.987,1.997,-1.969,-46.952,61.976,-2.100,Shake
-0.094,-0.235,-0.722,-136.080,154.831,-36.741,Shake
0.156,-1.346,1.999,-209.204,-107.975,-78.741,Shake
0.585,-1.431,1.999,55.335,-100.861,-12.801,Shake
-0.022,0.794,0.520,147.385,-11.988,39.524,Shake
-0.706,1.997,-1.997,57.759,83.886,4.847,Shake
-0.120,0.308,-0.753,-72.581,39.821,7.726,Shake
0.152,-0.709,1.999,-146.825,22.032,-1.610,Shake
0.373,-1.724,1.999,-75.241,-127.286,-31.264,Shake
-0.058,0.080,0.794,258.239,-45.141,-2.056,Shake
-0.923,1.810,-1.997,139.160,111.177,-30.905,Shake
-0.841,1.995,-1.921,-61.600,73.798,-58.021,Shake
0.406,-0.628,0.522,-158.541,35.438,-70.402,Shake
0.864,-1.677,1.999,-199.833,-92.085,-123.427,Shake
-0.017,-0.793,1.868,234.806,70.954,-14.648,Shake
-0.548,1.031,-0.509,140.227,220.202,-32.769,Shake
-0.732,1.997,-1.997,-66.360,6.247,-126.271,Shake
0.666,-0.226,-0.738,-111.720,-71.776,-89.836,Shake
-0.282,-1.305,1.999,-118.930,-10.780,15.680,Shake
0.297,-0.937,1.891,100.660,104.344,71.986,Shake
-0.689,1.008,-0.518,135.083,122.675,105.035,Shake
-0.876,1.997,-1.991,-68.906,-149.555,-163.914,Shake
0.323,0.245,-1.553,-70.857,-95.891,-43.479,Shake
-0.396,-1.388,1.999,-11.996,77.166,85.794,Shake
0.767,-1.707,1.999,-1.059,-132.055,-15.444,Shake
-0.205,0.188,0.342,154.639,-114.853,-37.879,Shake
-1.539,1.997,-1.997,25.909,193.550,25.112,Shake
-0.249,0.633,-1.900,-143.894,54.425,5.617,Shake
-0.027,-1.224,1.974,-94.238,175.446,143.675,Shake
0.360,-1.538,1.999,-55.562,54.548,83.912,Shake
-0.418,-0.133,0.870,198.599,-111.186,150.946,Shake
-0.544,1.997,-1.225,48.807,-63.560,53.007,Shake
-0.693,1.594,-1.997,-224.000,-174.265,-6.834,Shake
0.588,-1.219,-0.494,-81.427,-1.304,86.214,Shake
-0.447,-1.028,1.999,3.316,108.736,161.665,Shake
-0.231,-0.759,0.969,66.649,-78.558,119.857,Shake
-0.005,1.997,-1.586,114.844,96.582,10.981,Shake
0.034,1.997,-1.997,-109.699,9.852,-59.220,Shake
0.278,-0.994,-0.720,-153.930,-112.455,-39.471,Shake
-0.717,-1.212,1.999,-14.971,-3.509,130.935,Shake
0.501,-1.289,0.964,51.739,-3.246,145.871,Shake
0.026,1.106,-0.667,242.113,71.146,139.107,Shake
0.143,1.907,-1.997,138.723,144.034,99.269,Shake
0.158,0.804,-0.313,-143.194,82.705,-9.642,Shake
-0.814,-1.216,1.999,-176.277,-93.721,-72.607,Shake
-0.060,-1.379,1.999,130.550,-239.689,3.929,Shake
-0.081,-0.103,1.010,286.685,-130.200,75.933,Shake
-0.352,1.570,-1.997,216.633,78.339,18.909,Shake
0.033,0.826,-1.464,-151.795,-153.825,-72.931,Shake
0.835,-0.845,1.999,-286.142,-138.600,-110.022,Shake
0.921,-1.309,1.999,97.107,-31.763,9.625,Shake
-0.010,-0.536,1.883,286.685,119.201,119.980,Shake
-0.556,1.410,-1.997,284.874,286.685,129.019,Shake
0.792,1.863,-1.997,-173.469,50.094,-127.715,Shake
0.263,-0.559,1.084,-286.685,-154.700,-219.940,Shake
0.186,-1.685,1.999,-272.668,-286.685,-67.489,Shake
0.611,-1.470,1.999,283.841,-77.586,98.201,Shake
-0.552,0.929,-1.449,286.685,272.615,139.991,Shake
0.768,1.962,-1.997,35.866,73.902,5.644,Shake
0.158,1.374,-0.828,-286.685,34.318,-140.236,Shake
-0.151,-1.336,1.999,-286.685,-52.316,-157.019,Shake
0.594,-1.999,1.999,67.646,-190.470,-29.890,Shake
-0.034,-0.163,0.607,286.685,61.434,95.235,Shake
-0.180,1.708,-1.997,223.247,61.801,-23.109,Shake
0.343,1.819,-1.997,-208.635,-245.009,-69.799,Shake
0.245,0.244,-0.378,-286.073,-75.731,26.792,Shake
0.161,-1.821,1.999,-282.818,91.831,41.912,Shake
0.058,-1.650,1.999,268.293,39.681,72.284,Shake
-0.449,0.438,0.188,286.685,225.260,31.692,Shake
-0.217,1.570,-1.997,193.795,95.393,-81.235,Shake
0.403,1.929,-1.996,-266.665,-130.506,-113.356,Shake
0.560,-0.742,1.999,-238.656,1.111,-13.711,Shake
0.299,-1.999,1.999,-81.725,-171.754,-1.680,Shake
-0.197,-0.960,1.999,284.856,-91.088,2.713,Shake
-0.127,0.976,-1.270,286.169,134.803,10.745,Shake
-0.065,1.997,-1.997,-59.736,2.161,-18.778,Shake
0.183,0.480,-1.203,-235.016,122.106,-52.325,Shake
0.686,-1.010,1.999,-255.474,21.945,-116.769,Shake
0.153,-1.999,1.999,-55.318,-277.576,-64.295,Shake
-0.009,0.022,1.259,286.685,75.924,41.353,Shake
0.009,1.841,-1.997,185.955,275.765,59.614,Shake
0.069,1.997,-1.997,-184.975,62.737,-2.564,Shake
0.401,-0.182,-0.307,-215.670,162.977,-98.796,Shake
-0.646,-1.538,1.999,-269.176,-128.091,-51.791,Shake
-0.650,-1.487,1.999,276.631,-168.648,-22.120,Shake
0.166,0.666,-0.702,285.171,8.846,-17.141,Shake
0.042,1.983,-1.997,88.900,155.601,18.611,Shake
0.486,1.874,-1.904,-221.034,58.345,-41.414,Shake
-0.074,-1.062,1.999,-282.800,143.019,-56.219,Shake
-0.925,-1.773,1.999,-18.856,-179.428,-39.489,Shake
-0.149,-0.557,1.765,279.265,-246.601,-113.059,Shake
-0.044,0.579,0.067,129.902,-143.439,-134.794,Shake
-1.000,1.997,-1.997,-40.486,-87.850,-65.511,Shake
-0.043,0.935,-1.426,-172.961,182.367,35.971,Shake
-0.010,-0.840,1.999,-167.107,58.249,17.885,Shake
-0.305,-1.191,1.999,114.004,-147.429,-73.386,Shake
0.116,-0.150,0.876,237.309,-64.820,-105.595,Shake
-0.477,1.707,-1.976,-8.120,151.349,-44.196,Shake
-0.119,1.574,-1.595,-119.219,66.868,14.096,Shake
0.503,-0.666,1.999,-192.911,229.845,111.265,Shake
-0.969,-1.515,1.999,-229.451,32.804,90.107,Shake
-0.922,-0.550,1.857,277.909,-177.494,62.326,Shake
-0.809,1.548,-1.992,269.203,-88.979,-24.080,Shake
-0.129,1.385,-1.997,-87.841,-216.440,-50.592,Shake
-0.176,-0.087,-0.121,-274.872,169.645,55.965,Shake
0.473,-0.752,1.999,-286.038,246.837,94.526,Shake
-1.054,-1.894,1.999,132.527,37.441,104.143,Shake
-0.602,0.561,-0.350,286.685,-30.756,17.964,Shake
0.028,1.886,-1.997,99.146,-209.291,-168.866,Shake
0.225,1.758,-1.997,-159.749,-212.712,-93.870,Shake
0.620,0.116,-0.104,-286.457,52.614,16.266,Shake
-0.511,-1.769,1.999,-261.432,174.212,147.201,Shake
-0.755,-1.243,1.999,244.466,-28.499,-0.464,Shake
0.015,0.712,-0.718,286.624,-94.622,-49.315,Shake
-0.148,1.742,-1.997,145.985,39.804,-44.774,Shake
-0.388,1.832,-1.945,-130.191,-72.817,8.645,Shake
0.754,-0.745,1.342,-224.490,162.155,0.315,Shake
-0.762,-1.647,1.999,-186.253,24.141,51.380,Shake
-0.766,-1.320,1.999,197.068,-18.042,14.096,Shake
0.232,0.471,0.055,286.685,-38.859,6.440,Shake
-0.250,1.997,-1.997,-1.015,86.844,59.885,Shake
0.285,1.208,-1.554,-197.068,47.320,-19.399,Shake
0.592,-0.790,1.848,-266.035,189.534,-13.729,Shake
-0.922,-1.959,1.999,-264.337,-197.750,-84.254,Shake
-0.358,-0.939,1.999,286.554,-85.636,-13.597,Shake
-0.425,1.082,-1.685,286.659,-112.744,-56.630,Shake
-0.326,1.984,-1.997,-14.613,-164.054,-89.530,Shake
-0.149,1.305,-1.509,-207.926,-49.822,-7.735,Shake
1.035,-1.281,1.905,-286.685,262.675,111.501,Shake
-0.829,-1.966,1.999,-47.338,149.170,21.079,Shake
-0.785,-0.103,1.250,286.685,-63.612,9.047,Shake
-0.254,0.709,0.054,282.922,-131.950,-74.340,Shake
-0.115,1.983,-1.997,-47.171,-60.095,-58.704,Shake
0.259,1.340,-1.478,-126.009,48.239,20.816,Shake
-0.110,-0.970,1.999,-273.954,248.159,123.279,Shake
-1.692,-1.609,1.999,-92.137,-10.833,25.034,Shake
-0.837,-0.767,1.755,260.601,-159.189,15.951,Shake
0.053,0.650,-0.618,286.440,-115.938,-61.110,Shake
-0.305,1.997,-1.997,16.039,-195.072,-92.260,Shake
-0.267,0.884,-0.868,-169.619,31.614,-0.796,Shake
1.211,-0.725,1.657,-250.390,193.253,33.049,Shake
-1.010,-1.785,1.999,-216.440,123.480,29.636,Shake
-0.591,-0.684,1.805,278.976,-121.756,-3.666,Shake
0.121,0.938,-0.726,262.561,-80.684,-47.976,Shake
-0.724,1.997,-1.997,44.415,-83.440,-58.704,Shake
-0.118,1.397,-1.498,-141.794,33.364,8.321,Shake
0.942,-0.978,1.488,-255.894,286.501,112.919,Shake
-1.696,-1.962,1.999,-159.626,63.394,-13.405,Shake
-0.761,-1.834,1.999,182.796,-152.766,-15.426,Shake
0.010,0.633,0.135,286.685,-193.305,0.035,Shake
-0.250,1.997,-1.997,168.464,-186.699,-76.527,Shake
-0.266,1.411,-1.662,-181.379,77.175,59.938,Shake
0.359,-0.783,1.860,-277.112,286.685,172.865,Shake
-1.744,-1.635,1.999,-278.539,240.643,16.826,Shake
-1.296,-1.767,1.999,221.629,-229.731,8.619,Shake
0.191,0.883,-0.123,282.240,-215.232,-70.639,Shake
-0.021,1.997,-1.997,26.784,-101.841,-74.804,Shake
-0.364,1.807,-1.877,-132.160,-22.706,13.090,Shake
1.008,-0.377,1.578,-264.723,285.119,133.788,Shake
-1.502,-1.921,1.999,-153.921,151.113,-6.729,Shake
-1.012,-1.193,1.999,234.421,-217.814,52.465,Shake
-0.249,0.092,1.017,278.924,-286.633,57.190,Shake
-0.089,1.967,-1.997,134.383,-185.439,-70.368,Shake
-0.477,1.759,-1.555,-49.114,45.745,2.196,Shake
1.167,-0.403,0.030,-243.320,284.200,74.095,Shake
-1.580,-0.830,1.999,-230.072,281.085,93.345,Shake
-1.134,-1.056,1.999,94.868,-196.079,-46.603,Shake
0.133,0.258,1.076,259.175,-286.589,-97.808,Shake
-0.326,1.997,-1.997,137.025,-145.206,-112.936,Shake
-0.249,1.675,-1.444,-99.724,64.995,91.140,Shake
0.746,-0.281,0.287,-251.046,285.723,187.548,Shake
-1.244,-1.477,1.999,-239.330,247.196,-12.381,Shake
-1.477,-1.163,1.926,216.720,-238.613,43.846,Shake
-0.306,1.335,-0.589,251.807,-286.685,-163.126,Shake
-0.270,1.986,-1.997,-22.741,-223.361,-184.503,Shake
-0.128,1.450,-1.366,-155.803,33.311,-18.121,Shake
1.155,-0.665,1.971,-230.143,286.685,209.247,Shake
-1.600,-1.948,1.999,36.208,10.211,-61.827,Shake
-0.641,0.362,0.875,282.949,-286.685,-32.112,Shake
-0.237,1.538,-1.618,154.770,-270.777,-167.458,Shake
-0.438,1.838,-1.997,-11.909,-142.844,-47.906,Shake
0.322,-0.155,0.143,-167.624,264.504,194.766,Shake
-1.353,-1.436,1.999,-213.500,286.449,73.421,Shake
-1.215,-0.631,1.006,105.262,-195.081,100.949,Shake
-0.605,1.068,0.099,284.296,-286.685,32.314,Shake
0.144,1.718,-1.997,-66.421,-286.685,-126.035,Shake
-0.647,1.280,-0.935,15.750,29.129,105.306,Shake
0.591,-0.522,1.999,-122.272,286.685,224.700,Shake
-1.224,-1.395,1.999,-114.826,-3.246,80.378,Shake
-1.034,-0.010,0.112,208.819,-285.547,77.884,Shake
0.232,1.378,-1.741,156.712,-286.685,-122.316,Shake
-0.750,1.831,-1.989,-10.448,-144.060,-18.209,Shake
0.697,0.382,0.448,-126.647,235.401,85.312,Shake
0.507,-0.199,1.999,-233.039,286.685,31.903,Shake
-1.566,-1.620,1.999,-82.775,82.302,21.989,Shake
-0.863,0.272,0.953,190.706,-282.949,28.796,Shake
-0.019,1.513,-0.986,179.786,-286.046,-167.212,Shake
-0.080,1.542,-1.851,81.069,-125.317,-34.790,Shake
0.140,0.840,-0.597,-68.819,154.061,43.662,Shake
0.132,0.289,1.999,-277.987,286.685,53.690,Shake
-1.501,-1.006,1.999,42.744,-126.604,-10.517,Shake
-0.733,0.117,1.845,257.154,-286.685,-72.450,Shake
0.187,1.034,-0.222,7.166,-284.848,-209.221,Shake
-0.655,1.869,-1.997,54.521,68.504,-18.261,Shake
0.358,0.538,-1.537,-164.176,286.475,123.060,Shake
-0.483,-0.197,1.999,-226.914,286.685,20.239,Shake
-1.741,-1.982,1.999,-233.292,97.177,6.387,Shake
-1.255,-0.098,1.727,210.455,-284.926,-22.680,Shake
0.257,1.291,-0.773,208.924,-286.685,-161.254,Shake
-0.374,1.853,-1.952,92.715,-110.880,-29.942,Shake
0.017,1.010,-0.813,-275.047,277.497,70.341,Shake
0.215,0.033,1.999,-285.775,286.685,150.027,Shake
-1.999,-1.999,1.999,-93.319,-30.931,-33.530,Shake
-0.866,0.147,1.248,283.789,-280.122,-42.394,Shake
0.394,1.157,-1.168,106.330,-228.506,-132.274,Shake
-0.358,1.985,-1.997,47.478,-20.632,5.136,Shake
0.488,1.095,-1.256,-186.357,222.854,81.961,Shake
-0.580,-0.672,1.999,-278.294,283.587,128.494,Shake
-1.999,-1.999,1.999,-71.120,-40.232,-11.655,Shake
-1.391,-0.943,1.837,286.685,-260.654,-38.684,Shake
0.236,1.395,-0.538,265.388,-212.852,-124.863,Shake
-0.084,1.997,-1.997,91.473,-273.823,-50.873,Shake
0.363,0.484,-1.058,-203.210,75.696,58.249,Shake
0.257,-0.538,1.999,-286.685,286.685,91.245,Shake
-1.772,-1.999,1.999,-199.622,99.059,12.801,Shake
-0.809,-0.618,1.418,280.709,-210.901,-38.885,Shake
0.251,1.895,-1.124,146.562,-284.358,-157.859,Shake
-0.327,1.920,-1.988,24.325,-167.107,-75.495,Shake
0.840,0.094,-0.446,-156.135,172.349,143.544,Shake
0.146,-0.113,1.999,-270.147,286.685,238.814,Shake
-1.999,-1.995,1.999,-45.036,88.918,-3.544,Shake
-0.890,0.170,0.895,285.889,-237.807,-95.235,Shake
0.078,1.997,-1.997,56.534,-286.685,-221.445,Shake
0.031,1.502,-1.995,101.990,-254.380,-87.876,Shake
0.117,0.628,-0.429,-50.759,134.304,155.146,Shake
0.183,-0.447,1.999,-242.568,286.685,177.231,Shake
-1.999,-1.602,1.948,-70.149,10.797,72.188,Shake
-1.157,0.023,0.602,213.465,-283.587,21.149,Shake
0.036,1.321,-0.579,187.014,-286.685,-129.859,Shake
-0.845,1.950,-1.975,32.375,-71.015,91.954,Shake
0.339,0.589,0.138,-248.351,237.274,69.948,Shake
1.482,-0.598,1.999,-77.700,286.685,85.418,Shake
-1.999,-1.786,1.999,-99.024,110.451,82.924,Shake
-0.720,0.205,0.299,243.163,-261.940,-3.089,Shake
0.415,1.960,-1.199,14.823,-286.685,-195.265,Shake
-0.218,1.603,-1.159,-15.785,4.375,18.069,Shake
0.525,0.047,0.737,-120.960,196.997,102.690,Shake
-0.418,-0.402,1.999,-83.064,286.685,130.602,Shake
-1.175,-0.542,1.982,66.238,-31.413,5.512,Shake
-0.683,0.730,-0.673,161.079,-236.136,-155.803,Shake
-0.098,1.770,-1.515,34.423,-286.685,-286.562,Shake
0.126,0.841,-1.498,-27.335,9.179,-62.002,Shake
0.881,0.722,1.999,-81.751,286.685,196.735,Shake
-1.648,-1.997,1.999,-251.589,267.969,124.924,Shake
-1.056,0.223,0.453,93.310,-81.559,50.356,Shake
-0.398,1.438,-0.891,267.295,-206.194,-87.045,Shake
0.353,1.344,-1.695,-34.300,-286.685,-148.697,Shake
0.405,0.211,0.425,-8.540,-69.073,110.198,Shake
0.355,-0.356,1.999,-130.016,283.973,111.396,Shake
-1.253,-0.333,1.607,84.901,66.859,124.425,Shake
-0.490,0.741,0.445,286.580,-96.311,21.683,Shake
0.054,1.013,-0.753,124.880,-154.254,-48.064,Shake
0.248,1.385,-1.189,-190.531,41.877,1.487,Shake
0.057,-0.372,1.409,-59.404,277.034,89.591,Shake
-0.914,-0.182,1.999,-71.864,281.234,114.249,Shake
-1.113,-1.108,1.999,19.189,-207.812,71.899,Shake
0.384,0.986,-0.944,26.031,-283.334,-118.720,Shake
0.082,1.931,-1.689,76.632,-12.075,29.514,Shake
0.428,1.017,-1.121,6.571,212.564,122.570,Shake
-0.235,-0.618,1.999,-182.788,282.686,167.309,Shake
-1.848,-0.963,1.999,-96.145,-154.753,14.840,Shake
-0.524,0.150,0.660,164.631,-246.479,-73.728,Shake
0.362,1.263,-1.385,259.910,-122.185,-113.592,Shake
0.108,1.651,-1.875,94.981,-49.193,-92.995,Shake
0.608,0.082,-0.257,-188.318,94.351,-73.342,Shake
-0.485,-0.412,1.999,-176.881,-49.787,-19.766,Shake
-0.571,-0.751,1.999,192.080,-96.338,-78.400,Shake
-0.246,0.125,1.046,208.539,6.624,-101.605,Shake
0.165,1.772,-1.997,-12.644,163.791,-114.450,Shake
0.172,1.269,-1.641,-69.326,-10.334,-60.191,Shake
0.267,-0.101,1.464,-90.493,-47.390,-47.390,Shake
0.313,-0.491,1.999,-118.895,-68.206,-23.730,Shake
-0.354,-1.490,1.999,37.494,-12.057,41.597,Shake
-0.061,0.481,-0.367,223.256,96.224,38.185,Shake
-0.089,1.718,-1.997,275.677,-3.929,-75.906,Shake
0.152,1.423,-1.793,14.735,-164.701,-86.056,Shake
0.301,0.406,0.163,-283.631,-45.518,-19.661,Shake
-0.719,-1.075,1.999,-285.513,61.276,56.840,Shake
0.072,-1.620,1.999,169.645,-6.948,-28.534,Shake
0.084,0.007,1.119,286.685,-13.177,-1.426,Shake
-0.233,1.868,-1.961,236.836,70.560,-52.666,Shake
-0.185,1.290,-1.976,-109.139,-89.268,-34.580,Shake
0.323,-0.024,1.883,-275.214,89.110,-2.284,Shake
-0.064,-0.979,1.999,-266.630,-0.149,-27.282,Shake
0.122,-1.995,1.999,46.524,-20.843,-76.562,Shake
-0.375,0.174,0.774,286.685,-11.410,-26.941,Shake
-0.962,1.995,-1.983,21.788,-13.519,-70.324,Shake
-0.166,1.819,-1.997,-177.284,-206.719,-51.765,Shake
0.814,0.154,0.871,-184.459,51.835,68.871,Shake
-0.313,-1.319,1.999,-209.755,83.247,76.589,Shake
-0.194,-0.938,1.975,279.195,-40.749,-7.508,Shake
-0.511,1.304,-0.983,217.429,137.559,-9.012,Shake
-0.682,1.997,-1.997,-64.207,0.333,-52.159,Shake
-0.122,1.407,-1.886,-160.125,-125.808,-84.875,Shake
0.954,-1.150,1.946,-53.112,-129.010,5.784,Shake
0.666,-1.729,1.999,-49.245,-13.606,-9.424,Shake
-0.009,-0.897,1.831,210.306,54.897,9.354,Shake
-0.816,1.430,-1.274,280.840,128.398,-31.456,Shake
-0.428,1.572,-1.997,-19.320,-106.802,-45.106,Shake
-0.360,0.508,-1.155,-233.310,4.165,20.834,Shake
0.632,-0.540,1.999,-168.166,-5.416,76.309,Shake
0.376,-1.609,1.999,-29.995,63.289,14.324,Shake
-0.174,-0.101,1.645,239.155,21.761,-64.269,Shake
-0.380,1.246,-0.556,108.885,77.026,-63.796,Shake
-0.523,1.664,-1.997,-58.284,-74.121,-46.891,Shake
-0.223,1.068,-1.484,-84.289,0.096,-2.371,Shake
0.256,-0.165,1.992,-74.016,112.893,60.524,Shake
-0.365,-1.091,1.999,-57.024,-43.059,31.500,Shake
-0.131,-0.351,1.970,150.115,-23.336,7.761,Shake
-0.368,0.882,-0.779,125.457,23.993,-10.833,Shake
-0.575,1.927,-1.997,176.181,-116.533,-57.199,Shake
-0.331,0.899,-1.614,-187.565,-1.129,-10.045,Shake
-0.078,-0.516,1.999,-254.424,69.650,74.979,Shake
0.037,-1.484,1.999,-220.264,-70.560,8.531,Shake
0.123,-0.961,1.999,142.818,-2.713,-13.746,Shake
-0.445,1.011,-1.129,237.816,39.533,-71.164,Shake
-0.827,1.624,-1.997,171.938,-113.610,-23.581,Shake
-0.805,1.145,-1.440,-209.773,128.634,87.150,Shake
0.099,-0.124,1.614,-283.579,234.447,89.723,Shake
-0.227,-1.805,1.999,-181.361,-82.442,-45.430,Shake
0.151,-0.490,1.999,149.538,-68.355,-67.655,Shake
-0.259,1.140,-0.339,146.204,92.129,-41.825,Shake
-1.117,1.997,-1.997,67.007,3.754,-27.536,Shake
-0.736,1.473,-1.984,-86.345,-11.743,26.040,Shake
0.633,-0.448,1.974,-172.760,63.438,61.880,Shake
0.218,-1.999,1.999,-77.158,-0.236,-27.694,Shake
-0.210,-1.463,1.999,173.206,-23.914,-31.903,Shake
-0.116,0.648,0.261,254.100,-84.368,-18.147,Shake
-1.119,1.953,-1.997,168.385,-124.364,-60.077,Shake
-0.715,1.272,-1.918,-133.744,150.640,60.926,Shake
0.898,0.110,0.777,-285.416,215.495,94.456,Shake
0.260,-1.905,1.999,-272.414,-58.940,-36.225,Shake
-0.597,-1.418,1.999,208.084,-93.581,-26.845,Shake
0.091,0.490,0.536,245.928,-78.838,-45.290,Shake
-1.085,1.760,-1.973,59.588,-171.465,-46.751,Shake
-1.142,1.848,-1.971,-12.101,-66.806,-19.722,Shake
0.380,0.055,-1.055,-142.161,262.133,106.418,Shake
-0.186,-1.432,1.999,-229.443,80.535,53.786,Shake
-0.291,-1.868,1.999,202.300,-22.636,-27.108,Shake
0.324,-0.123,1.789,242.069,-66.395,16.188,Shake
-1.220,1.811,-1.927,162.899,-242.191,-37.870,Shake
-1.202,1.661,-1.604,49.228,-109.620,-11.139,Shake
0.820,0.362,1.073,-250.241,283.272,135.844,Shake
-0.707,-0.069,1.999,-286.685,267.496,91.499,Shake
-0.414,-1.999,1.999,19.819,125.694,-48.886,Shake
-0.453,0.509,0.710,286.685,-224.665,-105.971,Shake
-0.378,1.314,-0.676,200.926,-271.346,-219.083,Shake
-1.007,1.163,-1.909,25.069,-35.945,-13.615,Shake
0.239,1.171,-0.381,-178.727,195.029,98.560,Shake
-0.313,-0.567,1.938,-286.685,199.771,217.464,Shake
-0.404,-1.729,1.999,-34.423,-40.661,-18.025,Shake
-0.082,0.012,1.391,285.696,-140.079,-108.631,Shake
0.026,0.745,-0.235,227.176,-184.634,-144.751,Shake
-1.014,1.459,-1.196,40.084,-101.981,-42.893,Shake
-0.155,1.145,-0.816,-106.444,231.131,113.925,Shake
-0.300,-0.073,1.702,-261.441,94.062,109.287,Shake
0.022,-1.341,1.999,1.094,-96.058,-23.625,Shake
0.045,0.112,1.436,285.346,-153.764,-127.085,Shake
0.274,0.540,0.374,286.685,-192.622,-93.590,Shake
-1.449,1.084,-0.833,45.850,30.844,80.369,Shake
-0.758,0.675,-1.366,-184.074,285.635,50.803,Shake
0.745,0.662,1.741,27.764,204.934,-120.925,Shake
-0.543,-0.127,1.991,-57.566,144.253,-59.719,Shake
0.210,-0.635,1.999,92.872,-239.260,-42.910,Shake
-1.399,1.683,-0.313,-110.889,-282.100,48.982,Shake
-0.919,1.181,-1.591,157.938,-29.978,-36.487,Shake
-1.156,0.989,-1.266,-99.190,230.615,109.077,Shake
0.102,0.676,1.494,-95.244,286.685,131.250,Shake
0.282,-1.004,1.999,-143.544,79.476,-23.809,Shake
-1.056,-0.293,1.999,113.251,-146.851,-1.540,Shake
-0.368,0.966,0.927,50.776,-183.680,-66.955,Shake
-0.330,0.762,-1.945,-29.374,-111.370,-67.296,Shake
-0.476,1.348,-1.439,-11.944,90.956,35.682,Shake
-0.088,0.727,0.774,-155.085,252.333,154.438,Shake
-0.888,-1.238,1.999,-131.932,11.288,79.415,Shake
-1.107,-0.750,1.999,163.730,-181.414,-40.862,Shake
-0.256,0.357,0.644,181.143,-129.360,-78.435,Shake
-0.359,1.709,-1.829,240.275,20.204,5.766,Shake
0.222,1.288,-1.686,-97.283,155.768,45.229,Shake
-0.020,0.111,1.334,-267.978,150.150,79.695,Shake
-0.950,-1.077,1.999,-269.763,-43.575,65.756,Shake
-1.243,-0.734,1.999,135.669,-55.606,45.666,Shake
-0.192,0.455,-0.166,231.857,62.807,-38.290,Shake
-0.107,1.527,-1.997,189.227,-20.659,-12.066,Shake
0.236,1.471,-1.984,-53.594,-77.569,-21.219,Shake
0.327,0.631,-0.205,-251.396,29.216,-1.934,Shake
-1.029,-0.855,1.999,-215.976,-47.031,13.414,Shake
-0.856,-0.448,1.999,59.824,-74.944,-15.706,Shake
-0.302,-0.278,1.522,144.541,-114.966,-39.244,Shake
-0.122,1.038,-1.492,149.012,-91.061,-121.861,Shake
-0.217,1.438,-1.533,-12.031,5.714,-94.202,Shake
0.216,1.147,0.100,-195.913,247.091,45.833,Shake
-0.587,-0.564,1.999,-155.383,66.308,136.255,Shake
-1.165,-0.848,1.999,13.134,-99.304,135.292,Shake
-0.358,-0.163,1.781,157.027,-106.033,43.610,Shake
-0.522,1.067,-1.589,127.610,45.684,19.101,Shake
-0.153,1.271,-1.181,-14.630,6.860,-45.798,Shake
0.063,0.944,-0.562,-168.962,50.260,-61.355,Shake
-0.424,-0.558,1.973,-197.986,21.499,-36.452,Shake
-0.798,-0.766,1.999,43.164,-125.037,-44.371,Shake
0.100,-0.037,0.876,240.590,-189.315,-49.954,Shake
-0.151,0.949,-1.041,277.839,-53.874,-35.280,Shake
-0.600,1.650,-1.997,86.957,67.655,45.194,Shake
0.448,1.342,-1.046,-181.204,285.294,60.751,Shake
-0.724,-1.038,1.702,-209.361,225.671,41.737,Shake
-1.905,-0.778,1.999,-36.768,-79.231,-27.029,Shake
-0.881,-0.437,1.999,28.472,-286.685,-6.851,Shake
0.276,0.368,-0.290,75.066,-165.620,-87.649,Shake
-0.398,1.700,-1.593,170.643,-4.926,20.458,Shake
-0.321,1.421,-1.997,11.611,121.870,85.391,Shake
0.326,0.780,0.080,-249.769,219.012,136.824,Shake
-1.362,-0.692,1.999,-142.363,-21.849,62.107,Shake
-0.558,-0.384,1.999,257.057,-268.196,-94.421,Shake
0.297,-0.049,1.908,144.217,-135.844,-125.134,Shake
-0.483,1.205,-1.997,-66.264,41.641,-55.370,Shake
-0.665,1.585,-1.995,42.744,-24.903,-25.034,Shake
1.028,0.350,0.847,-117.329,193.533,-14.333,Shake
-0.491,-0.121,1.999,-166.583,90.134,-1.899,Shake
-0.305,-1.245,1.999,78.592,-18.664,-146.878,Shake
-0.406,0.099,1.423,156.004,-55.020,-25.856,Shake
-0.495,1.339,-1.997,64.444,-196.184,-126.674,Shake
-0.459,1.277,-1.808,-35.665,-134.557,-95.077,Shake
0.404,0.905,-0.864,-144.296,231.831,58.161,Shake
-0.991,-0.019,1.999,-105.630,207.576,51.931,Shake
-0.106,-0.532,1.999,131.548,-29.820,-149.476,Shake
-0.363,0.325,1.470,49.980,-225.820,-77.744,Shake
-1.500,0.954,-1.997,103.723,-249.340,-169.391,Shake
-0.913,1.212,-1.460,31.036,-55.956,-34.772,Shake
0.076,0.384,-0.659,-123.882,257.486,63.149,Shake
0.035,0.815,1.999,-91.149,286.685,67.340,Shake
-0.585,-1.311,1.999,18.874,55.667,-40.749,Shake
-1.239,-0.218,0.401,145.521,-224.210,30.739,Shake
-0.755,1.138,-0.670,150.570,-286.685,-122.859,Shake
-0.801,0.621,-1.752,34.606,-166.276,-96.512,Shake
-0.015,0.639,0.250,-196.604,281.837,116.340,Shake
-0.738,0.220,1.999,-32.594,268.573,-68.075,Shake
-0.089,-0.633,1.999,62.790,21.052,-86.223,Shake
-0.005,0.343,1.851,117.618,-286.501,103.775,Shake
-0.429,1.168,0.254,-120.829,-68.460,225.645,Shake
-0.394,0.842,-1.974,-100.118,-55.947,-9.249,Shake
-0.424,0.837,-0.880,41.134,180.136,93.730,Shake
-0.600,-0.035,1.999,94.745,220.553,93.118,Shake
-0.296,0.436,1.999,47.889,-232.277,64.654,Shake
-0.216,0.617,-0.028,-69.930,-285.031,58.739,Shake
-1.118,0.896,-1.390,3.920,-120.006,8.216,Shake
-0.609,0.824,-1.631,85.243,-41.423,40.443,Shake
-0.091,0.510,1.349,32.279,286.676,87.666,Shake
-0.611,0.675,1.999,167.886,236.477,-77.122,Shake
-0.573,0.431,1.999,131.451,-19.311,-1.365,Shake
-0.808,0.515,0.237,-197.977,-127.890,51.048,Shake
-0.102,1.637,-1.997,-272.633,-225.610,-61.084,Shake
-0.428,0.868,-1.088,60.734,27.808,-12.635,Shake
0.045,0.142,0.159,144.874,43.575,21.403,Shake
-0.324,0.729,1.999,30.993,148.811,2.835,Shake
-0.673,0.058,1.751,-84.280,-68.136,-40.338,Shake
-0.615,1.023,-0.601,-96.688,-236.434,-122.150,Shake
-0.553,1.157,-1.997,17.929,47.092,-105.149,Shake
-0.035,0.598,-1.745,34.072,-3.693,-35.884,Shake
-0.433,0.774,1.896,111.755,168.700,91.438,Shake
-0.558,0.547,1.999,30.949,264.259,8.409,Shake
-0.608,-0.548,1.569,-59.526,-97.449,-40.373,Shake
-0.556,0.612,-0.075,-73.762,-223.694,-9.721,Shake
-0.598,1.559,-1.993,-101.395,-142.415,-2.450,Shake
-0.197,0.640,-1.090,21.455,-38.237,53.016,Shake
0.109,0.302,1.999,87.911,220.456,-19.862,Shake
-0.394,-0.413,1.999,3.929,66.911,-71.461,Shake
-0.069,-0.135,1.812,54.985,-73.220,-11.130,Shake
-1.499,1.836,-1.576,-81.007,38.439,113.470,Shake
-0.315,1.375,-1.042,68.644,-56.368,-34.458,Shake
-0.219,0.633,-0.289,60.506,102.077,50.610,Shake
0.107,0.191,1.326,-84.420,123.874,175.166,Shake
-0.683,-0.297,1.999,117.976,35.472,77.499,Shake
-0.452,0.708,1.966,215.460,-92.391,46.357,Shake
-0.260,0.815,0.145,12.320,-80.132,13.396,Shake
-0.408,0.964,-1.927,-150.089,-18.839,-29.881,Shake
0.095,1.089,0.151,-68.434,139.335,14.131,Shake
0.103,0.078,1.756,-51.783,27.108,69.632,Shake
-0.481,0.174,1.999,144.664,-105.009,55.869,Shake
-0.628,0.618,1.999,271.267,-105.910,66.649,Shake
-0.346,0.747,0.082,-92.444,-80.649,-1.925,Shake
-0.514,1.464,-1.997,-176.925,-30.048,3.369,Shake
0.112,1.251,-0.241,-239.855,228.988,22.558,Shake
-0.041,-0.399,1.944,-122.098,65.021,-29.181,Shake
-0.594,-1.029,1.999,166.110,10.386,-178.071,Shake
-0.606,0.442,1.673,144.008,59.001,-52.526,Shake
-0.080,0.823,-1.997,12.049,-83.886,-106.137,Shake
-0.413,1.805,-1.997,86.039,-230.615,-67.664,Shake
0.180,0.401,-0.703,-33.591,27.650,-26.827,Shake
-0.692,-0.028,1.999,-142.756,107.144,85.671,Shake
-0.483,-0.495,1.999,144.795,115.325,-76.816,Shake
-0.676,0.128,1.842,221.812,-49.875,37.502,Shake
-0.399,1.290,-1.912,18.314,-202.230,-111.291,Shake
-0.899,1.176,-1.903,65.686,-86.406,-13.090,Shake
0.159,0.455,-0.643,-164.798,148.225,46.060,Shake
-0.116,0.653,1.999,-134.960,196.149,91.936,Shake
-0.550,-0.562,1.999,43.295,166.941,-38.684,Shake
-1.114,0.183,1.325,129.859,-90.387,117.434,Shake
-0.161,1.201,-1.899,58.879,-286.685,-117.276,Shake
-0.822,1.113,-1.976,16.476,-80.369,-33.127,Shake
-0.314,0.396,-1.056,-155.041,143.316,29.951,Shake
-0.475,0.422,1.999,-286.151,195.143,-32.174,Shake
-0.551,-0.939,1.999,-61.757,58.039,-64.085,Shake
-0.511,-0.623,1.999,275.992,-156.923,36.951,Shake
-0.084,0.748,1.475,150.684,-89.311,142.712,Shake
0.126,0.818,-1.594,68.399,-280.490,-109.900,Shake
-0.901,0.944,-0.951,-150.456,266.770,65.599,Shake
-0.014,0.476,0.374,-219.083,144.777,-4.436,Shake
-0.277,-0.460,1.999,-120.330,-51.292,20.300,Shake
-0.511,-0.009,1.999,219.914,-147.166,11.541,Shake
-0.106,1.160,0.612,123.988,-114.817,-24.763,Shake
-0.871,0.937,-1.663,33.232,29.846,1.794,Shake
-0.250,0.905,-0.790,36.741,104.519,36.505,Shake
-0.104,0.340,1.075,-62.571,157.902,94.832,Shake
-1.415,0.352,1.999,-34.046,37.467,43.278,Shake
-1.052,-0.480,1.999,5.206,-270.462,-42.306,Shake
0.568,0.727,-0.315,16.144,-251.143,-16.651,Shake
-0.412,1.107,-1.438,93.345,81.821,-33.259,Shake
-0.168,1.126,-0.532,-125.895,159.224,98.770,Shake
-0.032,0.412,1.566,-168.236,81.979,126.919,Shake
-0.794,-0.137,1.999,-105.787,-93.923,5.189,Shake
-0.251,-0.526,1.602,69.948,-75.478,17.351,Shake
-0.275,1.019,-1.767,286.125,53.594,-50.785,Shake
-0.453,1.293,-1.719,86.039,35.796,-29.741,Shake
0.034,0.826,-0.992,-127.356,51.091,-33.714,Shake
0.000,0.049,1.999,-286.685,-152.408,-19.880,Shake
-0.032,-0.808,1.999,-20.073,-203.928,25.419,Shake
-0.237,-0.413,0.997,240.704,60.463,30.468,Shake
-0.412,1.203,-0.824,207.401,185.500,3.859,Shake
-0.122,1.520,-1.997,-50.374,134.356,-10.876,Shake
0.042,0.633,-0.740,-90.956,-32.882,-25.489,Shake
-0.119,0.440,1.999,-155.732,-126.009,14.665,Shake
-0.080,-0.584,1.999,-78.776,-167.781,40.862,Shake
0.051,-0.437,1.968,130.848,-87.596,7.613,Shake
-0.681,1.899,-1.357,57.278,193.366,69.475,Shake
-0.193,1.362,-1.480,62.458,5.784,-60.952,Shake
-0.198,0.836,-0.392,-1.216,38.894,2.223,Shake
-0.239,0.100,1.338,-118.011,170.914,23.599,Shake
-0.753,-0.127,1.999,-32.130,-25.042,52.649,Shake
-0.609,0.212,1.771,14.324,-263.261,0.936,Shake
0.280,0.713,-0.120,97.195,-104.808,-26.897,Shake
-0.393,1.011,-0.878,-21.070,-30.747,52.089,Shake
0.193,0.988,-0.328,-208.731,167.965,19.381,Shake
0.344,0.701,0.686,-286.685,77.411,113.321,Shake
-0.134,-1.037,1.977,-258.571,30.861,115.194,Shake
-0.952,-1.119,1.929,-40.696,-276.378,-6.633,Shake
0.057,0.665,0.158,171.605,-8.610,-50.881,Shake
0.052,1.390,-0.683,200.095,157.404,-19.968,Shake
0.097,1.749,-1.197,94.526,147.070,0.954,Shake
0.230,0.731,0.058,-190.190,108.885,19.731,Shake
-0.798,-1.462,1.999,-262.395,-196.262,38.675,Shake
-0.492,-1.507,1.999,127.356,-234.439,34.318,Shake
-0.295,-0.155,1.477,278.311,-62.291,-16.021,Shake
0.312,1.229,-1.027,284.996,116.191,-17.054,Shake
0.041,1.808,-1.423,-93.266,80.561,-16.984,Shake
0.357,0.844,-0.493,-244.527,30.476,-64.969,Shake
0.071,-0.547,1.866,-197.523,9.170,2.914,Shake
-0.541,-1.698,1.999,-19.644,-33.171,31.141,Shake
-0.675,-0.455,1.522,186.480,18.856,-17.194,Shake
0.124,1.149,-0.774,284.366,11.034,-55.475,Shake
0.060,1.876,-1.700,134.111,-13.501,-16.677,Shake
0.104,1.789,-1.841,-91.569,-91.254,-39.095,Shake
0.136,-0.790,1.621,-174.702,-45.395,47.162,Shake
0.328,-1.513,1.999,-236.530,-82.749,9.328,Shake
-0.273,-1.551,1.999,56.341,20.212,-36.085,Shake
-0.590,1.079,-0.423,286.685,58.021,-12.679,Shake
-0.084,1.927,-1.997,211.960,27.020,-85.689,Shake
-0.389,1.190,-1.140,-101.841,-0.385,5.863,Shake
0.351,0.055,0.793,-240.538,-31.736,-38.806,Shake
1.169,-0.849,1.999,-176.505,-281.487,-27.615,Shake
-0.138,-0.784,1.988,215.101,14.429,14.542,Shake
-0.528,1.127,-0.606,279.772,159.276,-43.584,Shake
-0.041,1.583,-1.991,28.875,180.758,-17.605,Shake
-0.033,1.333,-1.891,-109.043,85.234,-19.171,Shake
0.268,-0.603,1.805,-187.460,-89.198,-8.269,Shake
0.441,-1.015,1.999,-132.842,-265.405,42.761,Shake
0.176,-0.533,1.999,106.111,10.176,38.351,Shake
-0.474,1.092,-0.846,172.961,128.205,42.779,Shake
0.064,1.606,-1.958,45.071,158.244,24.596,Shake
-0.256,1.212,-1.075,-133.516,67.497,-5.932,Shake
-0.109,-0.126,0.604,-125.344,-34.353,-3.412,Shake
0.174,-0.534,1.999,-65.301,-221.541,13.834,Shake
-0.591,-0.316,1.974,119.647,-43.908,3.465,Shake
-0.092,0.940,-0.875,250.985,108.439,-41.510,Shake
-0.020,1.912,-1.997,15.741,148.488,-7.000,Shake
-0.123,1.358,-1.594,-74.077,95.533,-37.030,Shake
0.349,-0.337,1.815,-75.005,-71.137,-110.827,Shake
0.459,-0.428,1.999,-86.082,-286.457,30.362,Shake
0.240,-0.904,1.999,164.395,-9.695,-14.403,Shake
-0.926,0.941,-1.543,153.536,167.318,-4.900,Shake
-0.086,1.827,-1.997,42.105,84.717,-41.528,Shake
-0.312,0.780,-0.493,-230.195,38.299,-25.349,Shake
0.593,-0.227,1.999,-231.341,-73.649,-4.358,Shake
0.616,-1.367,1.999,-129.369,-87.439,22.522,Shake
-0.444,-0.143,1.256,188.930,17.001,42.490,Shake
-0.668,1.442,-1.923,189.700,147.376,-36.934,Shake
-0.270,1.927,-1.997,-91.796,-64.103,-90.099,Shake
-0.159,0.787,-0.301,-235.830,-71.426,-9.275,Shake
0.231,-0.596,1.999,-228.235,-6.125,51.319,Shake
-0.018,-1.377,1.999,132.711,-9.739,59.054,Shake
-0.408,-0.166,1.550,236.390,76.169,45.202,Shake
-0.357,1.308,-1.830,187.626,42.560,-13.151,Shake
-0.438,1.740,-1.885,-32.576,-96.442,-48.842,Shake
0.086,-0.077,0.174,-123.060,-67.016,-32.051,Shake
0.852,-0.051,1.999,-64.199,-59.465,0.744,Shake
0.411,-0.584,1.999,61.294,44.170,34.458,Shake
-0.369,0.125,0.642,119.866,106.382,46.865,Shake
-0.298,1.512,-1.550,75.259,100.424,-3.027,Shake
-0.352,1.932,-1.997,-106.496,-5.171,-61.819,Shake
0.219,0.572,-0.191,-111.842,30.222,-32.961,Shake
0.502,-0.103,1.999,-89.285,-70.114,-18.401,Shake
-0.221,-1.056,1.999,94.465,-140.254,70.228,Shake
-0.415,-0.404,1.871,84.875,-79.503,7.420,Shake
-0.881,1.442,-1.997,154.254,10.010,-53.279,Shake
-0.633,1.712,-1.997,-54.618,-138.232,-60.917,Shake
-0.042,0.284,-0.227,-135.319,-39.856,-51.791,Shake
1.369,0.171,1.999,-91.621,202.965,-18.620,Shake
0.418,-0.650,1.999,16.555,286.685,86.756,Shake
-0.929,0.091,1.215,33.757,223.527,92.978,Shake
-0.253,0.953,-1.518,56.446,-90.353,14.534,Shake
-0.244,1.564,-1.973,-51.467,-171.386,-32.900,Shake
-0.073,0.403,0.034,-92.706,-166.390,5.810,Shake
0.630,0.183,1.999,11.489,-58.607,-4.602,Shake
0.177,-0.633,1.999,14.368,167.081,11.594,Shake
-0.508,0.255,0.468,52.868,-43.829,29.864,Shake
-0.564,1.535,-1.515,102.909,-74.515,3.264,Shake
-0.742,1.987,-1.997,8.041,-107.135,-34.379,Shake
-0.162,0.349,-0.551,-93.397,-81.515,-79.905,Shake
0.255,0.336,1.999,33.862,154.735,-22.645,Shake
0.358,-0.538,1.999,45.237,277.812,9.835,Shake
-0.609,-0.243,1.998,-19.653,134.068,56.420,Shake
-0.826,1.052,-1.492,-78.426,-265.099,-52.430,Shake
-0.358,1.636,-0.962,61.513,-281.242,-165.742,Shake
-0.134,0.521,-0.079,-89.836,-60.165,-41.431,Shake
0.695,0.534,1.999,-103.810,211.426,47.005,Shake
0.507,-0.845,1.999,-25.839,248.841,24.272,Shake
-0.710,-0.278,1.965,61.548,73.535,61.154,Shake
-0.385,1.404,-1.939,-79.091,-201.985,-106.566,Shake
-0.503,1.220,-1.058,155.111,-231.613,-181.107,Shake
-0.401,0.485,-0.243,-27.921,-93.949,-5.871,Shake
-0.145,0.642,1.999,-71.776,114.599,20.396,Shake
0.965,-0.543,1.999,-63.472,188.204,40.670,Shake
-0.467,-0.299,1.049,-21.175,103.880,86.660,Shake
-0.408,0.990,-1.225,34.904,-87.281,30.188,Shake
-0.647,1.448,-0.911,-2.572,-67.821,14.788,Shake
-0.469,0.539,-0.237,-82.145,-1.164,24.833,Shake
-0.144,-0.090,1.974,100.363,75.950,-63.158,Shake
1.504,-0.007,1.999,-22.295,-45.045,28.753,Shake
-0.082,-0.507,1.914,-141.129,-175.604,125.930,Shake
-1.151,1.997,-1.408,72.380,8.829,72.677,Shake
-0.566,1.590,-1.325,81.051,6.536,-31.465,Shake
-0.114,0.397,-0.127,-54.206,139.318,18.987,Shake
-0.044,0.571,1.869,8.461,168.324,-1.024,Shake
-0.116,-0.771,1.999,-8.881,11.524,-30.765,Shake
-0.423,-0.146,1.999,69.230,-192.421,6.834,Shake
-0.284,1.004,-0.849,-10.762,-33.101,-13.038,Shake
-0.698,1.199,-1.566,50.890,60.060,14.831,Shake
-0.441,1.148,-0.629,-34.536,-20.825,25.769,Shake
0.190,0.446,1.312,-87.762,90.974,17.483,Shake
-0.075,-0.677,1.999,-40.626,-14.682,15.619,Shake
-0.209,-0.819,1.999,81.279,-85.978,11.392,Shake
-0.076,0.539,0.916,125.991,-130.008,-17.062,Shake
-0.552,1.104,-0.889,6.641,38.736,-44.476,Shake
-0.620,1.292,-1.774,-118.239,99.741,0.262,Shake
0.217,0.546,0.493,-23.503,136.745,5.276,Shake
0.272,-0.153,1.999,-75.128,38.518,25.226,Shake
-0.383,-0.853,1.999,83.195,-29.365,136.246,Shake
-0.498,0.384,0.485,73.614,-37.039,46.349,Shake
-0.418,1.490,-1.745,157.876,60.550,-59.054,Shake
-0.289,1.429,-1.225,7.088,50.864,-42.770,Shake
0.101,0.251,0.552,-85.356,40.486,-57.995,Shake
-0.019,-0.088,1.999,-64.776,-95.244,-62.729,Shake
0.238,-0.694,1.999,41.379,-90.580,-9.354,Shake
-0.459,0.262,1.072,97.457,-47.722,-23.923,Shake
-0.448,1.177,-1.524,119.901,43.461,-75.924,Shake
-0.675,1.270,-1.308,-6.213,29.347,-42.403,Shake
-0.218,0.706,-0.311,-137.069,22.015,-12.539,Shake
0.097,0.354,1.999,-125.283,1.260,16.546,Shake
0.039,-0.614,1.999,-84.122,50.724,93.914,Shake
-0.990,-0.013,0.710,11.602,81.559,69.186,Shake
-0.311,0.677,-0.997,185.133,-0.052,-50.645,Shake
-0.239,1.507,-1.140,96.408,11.839,-32.314,Shake
-0.336,1.061,-0.797,-109.401,-73.780,10.167,Shake
0.302,0.031,1.999,-84.954,-52.824,80.920,Shake
0.120,-0.205,1.999,-2.398,-5.819,128.214,Shake
-0.658,-0.614,1.998,53.533,-21.219,93.118,Shake
-0.212,0.773,-0.463,176.794,-36.138,-53.025,Shake
-0.550,1.761,-1.804,30.074,28.831,-38.141,Shake
-0.579,1.390,-1.558,-86.196,7.875,-27.545,Shake
-0.126,0.285,0.438,-102.279,52.833,-4.244,Shake
0.679,-0.147,1.999,66.570,-62.204,-30.520,Shake
-0.416,-0.204,1.999,39.559,54.539,95.130,Shake
-0.724,-0.346,1.692,-80.841,-102.725,-5.827,Shake
-0.721,1.816,-1.532,133.840,29.802,-52.255,Shake
-0.475,1.565,-1.203,-14.368,6.912,-50.899,Shake
-0.058,0.712,-0.007,-200.174,125.711,-56.831,Shake
0.340,-0.285,1.999,-69.851,13.379,-35.193,Shake
0.026,-1.031,1.999,-0.560,-36.627,41.072,Shake
-0.878,-0.261,0.491,76.764,-166.136,26.320,Shake
-0.532,1.743,-1.796,210.140,5.014,-61.722,Shake
-0.445,1.398,-1.501,-20.808,-48.676,-1.391,Shake
-0.323,0.551,-0.548,-181.396,-3.010,23.039,Shake
0.237,0.116,1.999,-63.193,26.233,41.921,Shake
0.304,-0.316,1.999,19.933,158.156,174.545,Shake
-1.052,-0.203,1.768,-32.235,55.965,162.216,Shake
-0.825,0.715,-1.972,-26.819,-122.386,37.389,Shake
-0.221,1.424,-1.023,28.166,-64.050,43.514,Shake
-0.179,1.205,-0.364,-133.577,28.656,41.388,Shake
0.261,0.029,1.977,-90.554,86.634,14.814,Shake
0.459,-0.506,1.999,21.866,31.824,-7.280,Shake
-1.040,-0.305,1.999,17.622,-98.420,120.566,Shake
-0.318,0.676,-1.097,58.284,-174.423,-53.804,Shake
0.070,1.762,-1.436,98.831,16.030,-36.181,Shake
-0.335,1.341,-0.859,-30.389,35.577,-24.780,Shake
0.005,0.267,0.507,-77.490,115.290,-72.520,Shake
0.679,0.155,1.999,198.205,29.444,-45.194,Shake
-0.931,0.001,1.999,141.242,-91.298,92.225,Shake
-0.629,-0.345,1.637,-97.606,-177.074,-2.432,Shake
-0.425,1.566,-1.997,91.980,-74.760,-161.857,Shake
-0.596,1.397,-0.913,36.269,26.705,-108.806,Shake
0.259,0.204,0.248,-134.155,44.949,-50.190,Shake
0.606,0.087,1.999,-136.973,15.636,-27.317,Shake
-0.472,-0.791,1.999,-35.735,-54.311,45.386,Shake
0.076,0.193,0.636,69.921,-97.834,50.846,Shake
-0.541,1.472,-1.136,14.438,-29.663,39.217,Shake
-0.489,1.456,-1.186,-68.609,-16.817,32.743,Shake
-0.705,0.701,-0.108,-76.405,43.636,50.575,Shake
0.189,-0.010,1.999,104.536,58.039,-59.325,Shake
0.422,-0.095,1.999,166.941,7.735,-50.986,Shake
0.122,-0.025,1.955,-51.196,-73.386,37.537,Shake
-0.876,1.306,-1.981,3.264,20.379,80.106,Shake
-0.725,1.508,-1.084,62.974,3.938,6.633,Shake
0.007,0.481,0.013,-14.052,42.376,-103.618,Shake
-0.003,0.213,1.984,61.381,-34.659,-111.720,Shake
0.816,-0.051,1.999,-15.006,-62.895,-32.655,Shake
-0.426,-0.217,0.196,-131.714,50.724,86.887,Shake
-0.711,1.628,-1.976,274.365,153.501,-65.520,Shake
-0.605,1.529,-1.293,195.562,89.705,-124.652,Shake
0.239,0.576,-0.875,-106.006,-1.969,-120.452,Shake
-0.416,0.519,1.983,-154.586,-90.711,-82.556,Shake
0.531,-0.594,1.999,-207.121,-253.181,75.180,Shake
0.121,-0.830,0.171,-37.161,-80.684,99.925,Shake
-0.535,1.214,-0.735,220.159,167.335,111.107,Shake
-0.595,1.265,-1.480,-76.808,115.010,47.022,Shake
-0.239,0.641,0.212,-158.156,21.604,20.466,Shake
0.025,0.023,1.839,-45.342,-184.791,-23.634,Shake
0.262,-0.320,1.999,49.403,-217.857,13.913,Shake
0.359,-0.244,-0.078,93.546,54.443,32.786,Shake
-0.334,1.651,-1.723,134.846,248.176,142.100,Shake
-0.646,1.980,-1.820,26.119,148.015,-50.435,Shake
-0.134,0.636,-0.234,-101.080,66.439,-146.099,Shake
0.113,0.238,1.999,10.701,-280.761,-135.844,Shake
0.699,-0.354,1.999,-0.525,-165.874,-14.368,Shake
0.363,0.337,-1.123,123.156,194.836,65.590,Shake
-1.050,1.512,-1.745,191.844,286.685,92.295,Shake
-0.026,1.240,-1.997,-30.747,72.564,-91.516,Shake
-0.253,0.229,0.347,-111.842,-194.189,-109.541,Shake
0.413,0.362,1.999,-177.266,-226.310,-18.462,Shake
0.844,-0.690,1.999,-127.190,-88.891,36.960,Shake
-0.166,0.741,-0.257,252.840,166.539,14.245,Shake
-0.821,1.520,-1.909,140.429,208.276,-5.329,Shake
-0.158,0.883,-1.589,-164.666,-37.196,-70.411,Shake
-0.138,0.401,1.674,-209.825,-88.121,-46.926,Shake
-0.182,-0.111,1.999,-232.251,-109.725,46.716,Shake
0.125,-0.911,1.860,105.341,32.042,67.165,Shake
-0.247,0.948,0.224,203.333,170.984,47.985,Shake
-0.422,1.312,-1.683,-78.838,134.181,3.797,Shake
-0.475,1.439,-1.485,-146.230,-38.789,-69.772,Shake
0.268,0.087,0.310,-12.477,-280.814,-94.010,Shake
0.480,0.063,1.999,211.663,-170.144,13.081,Shake
0.775,0.010,1.547,-19.757,98.805,47.364,Shake
-0.116,0.577,-0.273,-27.186,280.464,122.692,Shake
-0.749,1.840,-1.987,56.324,78.636,-24.237,Shake
-0.311,0.890,-1.294,-66.185,-75.933,-80.010,Shake
-0.037,0.462,1.988,-72.835,-263.550,-8.698,Shake
0.733,-0.165,1.999,-23.931,-99.846,86.537,Shake
0.700,-0.837,1.999,6.160,111.519,136.299,Shake
-0.621,1.002,-1.596,95.104,224.849,63.411,Shake
-0.442,1.727,-1.428,102.743,77.481,-40.976,Shake
-0.209,1.204,-1.030,-138.556,-95.541,-138.110,Shake
0.378,0.375,1.515,-209.615,-216.300,-118.694,Shake
0.558,-0.563,1.999,-67.707,-149.275,65.660,Shake
0.359,-0.786,1.999,93.004,181.790,146.589,Shake
-0.736,0.394,-1.280,29.540,229.880,67.025,Shake
-0.831,1.621,-1.640,55.107,92.190,-252.945,Shake
-0.724,1.732,-0.635,-191.818,33.994,-273.927,Shake
-0.073,0.341,1.465,-105.341,-139.020,-238.770,Shake
-0.021,-1.085,1.838,138.819,-247.984,94.246,Shake
0.385,-0.692,1.999,280.936,89.005,100.503,Shake
0.071,0.131,0.779,65.993,286.598,-25.594,Shake
-0.655,1.997,-1.530,64.243,155.855,-57.024,Shake
-0.874,1.010,-0.602,-29.312,-45.062,-32.708,Shake
-0.204,-0.129,1.333,-145.898,-197.216,-111.948,Shake
0.525,-0.272,1.999,-17.710,-275.730,115.202,Shake
0.928,-0.481,1.999,76.387,-43.584,189.420,Shake
-0.589,0.649,-0.144,219.371,25.585,21.569,Shake
-0.259,1.372,-1.165,141.024,132.335,-16.747,Shake
-0.513,1.160,-0.626,-62.160,102.279,5.416,Shake
-0.375,0.717,0.150,-133.893,57.803,29.645,Shake
-0.443,0.053,1.999,-146.291,30.555,110.128,Shake
-0.265,-0.413,1.999,-127.094,-226.503,181.624,Shake
0.114,-0.697,-0.829,62.991,-272.965,96.136,Shake
0.077,1.210,-1.134,252.262,251.484,19.154,Shake
-0.553,1.586,-1.296,136.150,286.685,59.369,Shake
0.446,0.987,0.273,79.573,285.967,-50.452,Shake
-0.804,0.273,1.999,-181.738,-130.130,-115.229,Shake
-0.278,-0.475,1.999,-160.134,-286.256,23.406,Shake
0.124,-0.838,1.500,-41.116,-55.746,92.741,Shake
-0.621,1.427,-1.330,214.786,84.254,74.357,Shake
-0.219,1.332,-1.322,143.701,111.527,-72.170,Shake
0.123,0.154,0.074,-51.144,14.254,-262.456,Shake
0.309,0.709,1.591,72.756,-72.564,-117.635,Shake
-0.449,-0.068,1.999,-147.779,-253.995,67.637,Shake
0.153,-0.070,1.254,19.276,-26.066,79.853,Shake
-0.605,1.402,-1.429,99.522,99.400,12.294,Shake
-0.689,1.212,-0.859,-15.514,31.657,-61.994,Shake
-0.359,0.511,-0.478,-88.375,-24.334,-93.966,Shake
0.746,0.646,1.999,1.321,-236.583,-16.573,Shake
0.025,-0.425,1.999,-163.844,-140.429,99.015,Shake
-0.066,-0.126,1.179,-49.936,42.954,21.525,Shake
-0.319,1.032,-1.117,106.951,170.538,28.394,Shake
-0.426,1.168,-0.268,144.970,70.604,-24.763,Shake
-0.389,0.818,-0.285,-46.743,-10.640,-41.440,Shake
-0.054,0.145,1.882,-46.970,-64.041,-1.986,Shake
-0.033,0.036,1.999,-82.285,-46.331,16.686,Shake
0.031,-0.375,1.999,-45.264,-55.615,10.325,Shake
-0.147,1.062,-0.957,-10.701,83.554,-26.302,Shake
-0.456,1.550,-1.342,139.580,138.539,-1.347,Shake
-0.394,1.505,-1.290,24.194,33.565,-24.272,Shake
0.260,0.045,0.340,-63.149,-126.717,-63.201,Shake
0.204,-0.187,1.999,-208.617,-47.066,55.143,Shake
0.077,-1.025,1.999,6.965,15.943,96.399,Shake
0.052,-0.187,1.565,43.706,33.364,52.903,Shake
-0.558,1.514,-1.205,70.210,21.324,2.590,Shake
-0.647,1.271,-0.828,-43.820,-15.759,-32.821,Shake
-0.297,0.286,0.179,-12.547,24.868,-58.730,Shake
0.048,0.164,1.954,139.667,-5.014,-45.876,Shake
0.154,-0.521,1.999,-37.118,-12.792,47.215,Shake
0.156,-0.419,1.586,-2.800,45.386,56.210,Shake
-1.015,1.971,-1.644,34.011,126.543,59.036,Shake
-0.195,1.240,-0.852,110.967,10.675,-5.259,Shake
-0.084,0.829,-0.292,-1.050,-28.499,-50.050,Shake
-0.404,0.374,1.925,81.130,-233.914,-26.644,Shake
0.283,-0.575,1.999,-92.234,-99.059,51.686,Shake
0.504,-0.658,1.995,-89.005,-24.167,76.554,Shake
-0.466,1.442,-1.988,89.801,166.276,-29.531,Shake
-0.393,1.692,-0.857,173.434,144.454,-54.031,Shake
-0.445,0.416,-0.343,-21.788,102.427,-38.412,Shake
-0.572,-0.235,1.546,89.696,-52.666,-39.664,Shake
-0.085,0.441,1.999,-65.371,-193.900,-15.584,Shake
0.187,0.073,1.530,-186.025,-178.736,-14.945,Shake
-0.454,1.703,-1.981,69.274,228.830,-18.226,Shake
-0.386,1.541,-1.197,133.367,192.325,-21.814,Shake
-0.071,0.746,-0.222,-0.175,193.296,11.235,Shake
-0.311,0.221,1.911,-52.833,-23.791,37.301,Shake
-0.573,-0.472,1.999,78.584,-231.227,117.171,Shake
-0.108,-0.233,1.999,-72.923,-126.954,45.640,Shake
-0.661,1.562,-1.742,-0.892,36.417,39.069,Shake
-0.503,1.236,-1.008,87.964,41.002,-36.934,Shake
-0.129,0.689,-0.355,-5.101,84.910,-57.312,Shake
0.173,0.307,1.750,47.871,47.075,-31.614,Shake
-0.350,-0.152,1.999,-72.590,-8.330,63.079,Shake
-0.171,-0.425,1.999,-12.136,-134.111,64.601,Shake
-0.501,1.814,-1.558,35.193,-6.886,31.483,Shake
-0.369,1.262,-0.919,151.848,-44.301,-27.510,Shake
-0.365,1.179,-0.760,-68.994,-39.725,-61.110,Shake
-0.107,0.227,0.947,-48.746,-23.923,-60.077,Shake
0.356,0.097,1.999,2.555,-21.306,-35.744,Shake
0.412,-0.378,1.999,-113.899,-40.022,55.309,Shake
0.260,-0.182,0.332,-206.876,42.919,21.289,Shake
-0.463,1.636,-1.122,97.764,147.490,14.770,Shake
-0.557,1.351,-0.798,-26.469,25.559,-21.779,Shake
-0.504,0.613,0.024,-38.754,17.692,-22.094,Shake
0.181,0.027,1.966,-79.293,-69.781,-19.933,Shake
0.024,-1.093,1.999,-135.345,-104.414,42.324,Shake
0.248,-0.293,1.372,53.287,36.470,16.721,Shake
-0.811,1.818,-1.290,77.315,149.538,51.310,Shake
-0.316,1.386,-0.803,107.100,64.549,-46.847,Shake
-0.355,0.479,-0.020,51.546,32.489,-34.860,Shake
0.235,0.140,1.999,-55.169,-36.566,8.339,Shake
-0.437,-0.659,1.999,-117.565,-69.624,75.224,Shake
-0.231,-0.308,0.934,12.792,-139.361,22.085,Shake
-0.090,1.459,-0.897,179.883,89.154,-20.414,Shake
-0.762,1.672,-1.447,5.276,84.744,-21.368,Shake
-0.172,0.876,-0.822,-11.541,44.966,-67.935,Shake
0.083,0.320,1.999,-98.700,-32.296,-16.450,Shake
-0.056,-0.946,1.993,-187.460,-156.327,46.952,Shake
0.269,-0.474,1.869,81.699,5.539,28.403,Shake
-0.299,1.081,-0.382,141.689,99.155,-13.562,Shake
-0.627,1.579,-1.383,91.341,106.505,-34.265,Shake
-0.583,0.689,-0.700,14.621,27.790,-53.664,Shake
0.079,0.413,1.999,7.840,-105.560,-3.229,Shake
0.316,-0.259,1.999,-164.684,-51.389,59.141,Shake
-0.098,-0.760,1.713,58.188,-29.724,32.261,Shake
-0.287,0.738,-0.356,193.261,110.705,35.053,Shake
-0.511,1.472,-1.378,29.356,-9.109,-18.366,Shake
-0.234,1.098,-1.532,-10.719,-80.299,-31.421,Shake
-0.365,0.598,0.557,25.856,-154.744,2.949,Shake
0.498,0.208,1.999,37.730,-10.754,-14.744,Shake
0.611,-0.125,1.999,-32.655,28.647,37.993,Shake
-0.299,0.386,-0.310,11.462,154.026,10.001,Shake
-0.312,1.250,-1.283,231.061,71.444,-13.807,Shake
-0.494,1.150,-1.377,15.698,26.757,-55.116,Shake
-0.423,0.411,0.470,-82.399,-83.221,-63.245,Shake
-0.299,0.495,1.999,-127.706,-146.939,6.142,Shake
0.471,-0.348,1.999,-260.383,-193.462,25.244,Shake
-0.186,0.106,-0.100,-1.934,158.393,0.490,Shake
-0.316,1.314,-0.929,192.395,145.591,1.347,Shake
-0.670,1.490,-0.966,51.756,108.054,-26.670,Shake
-0.533,0.557,-0.552,-54.110,6.475,-55.991,Shake
0.267,0.587,1.999,-146.151,-115.412,-19.084,Shake
0.081,-0.998,1.999,-193.139,-116.016,67.690,Shake
-0.149,-0.618,1.990,77.140,54.766,41.081,Shake
-0.391,0.909,-0.712,248.395,70.166,25.410,Shake
-0.797,1.561,-1.159,75.871,6.055,12.609,Shake
-0.335,1.027,-0.579,-73.552,-21.639,-25.165,Shake
-0.069,0.452,1.084,-101.789,-51.695,-12.696,Shake
-0.010,-0.560,1.999,-200.515,-58.870,49.761,Shake
0.137,-1.003,1.999,152.723,-19.372,33.959,Shake
-0.365,0.919,-0.327,138.661,144.699,18.673,Shake
-0.785,1.758,-1.391,24.176,-53.331,-74.952,Shake
-0.731,1.645,-1.393,-124.915,-21.901,-100.494,Shake
0.532,0.140,1.463,2.144,-70.761,-78.400,Shake
0.035,-0.707,1.999,-44.406,-89.180,76.414,Shake
0.174,-0.428,1.971,77.875,-17.955,58.791,Shake
-0.783,0.890,-0.957,133.709,74.795,5.451,Shake
-0.644,1.518,-1.532,122.675,54.827,-72.809,Shake
-0.546,1.225,-1.274,-59.824,-18.253,-106.348,Shake
0.007,0.230,1.903,-5.915,-44.083,8.208,Shake
0.496,0.098,1.999,-154.105,-33.845,74.235,Shake
0.236,-0.577,1.959,-1.041,-35.919,102.856,Shake
-0.497,1.053,-0.910,216.379,136.421,-13.606,Shake
-0.720,1.512,-1.497,18.716,25.051,-3.684,Shake
-0.638,1.258,-1.315,-112.893,-12.145,-21.087,Shake
-0.113,0.015,0.886,-41.746,-64.531,-62.834,Shake
0.493,0.214,1.999,-170.678,-61.661,45.412,Shake
0.076,-0.851,1.906,-94.754,85.768,148.006,Shake
-0.458,-0.093,-0.486,177.074,123.007,-33.635,Shake
-0.452,1.519,-1.541,159.066,64.706,-52.754,Shake
-0.361,1.249,-1.290,-28.997,-16.074,-88.191,Shake
-0.298,0.516,0.100,-51.800,-48.825,-48.580,Shake
-0.216,-0.065,1.999,-76.431,-131.836,23.284,Shake
0.377,-0.694,1.999,-90.204,-89.836,78.426,Shake
-0.414,0.174,1.640,144.979,80.990,61.722,Shake
-0.297,1.030,-1.356,78.076,93.923,5.119,Shake
-0.370,1.812,-1.772,17.701,16.782,-33.731,Shake
-0.157,1.137,-0.954,8.811,-43.610,-24.211,Shake
0.230,0.337,1.932,-112.122,-165.226,-5.898,Shake
0.202,-0.583,1.999,-180.119,-192.999,99.496,Shake
0.017,-0.483,1.439,-2.441,72.082,123.524,Shake
-0.438,0.791,-1.120,166.136,56.612,76.493,Shake
-0.565,1.748,-1.359,131.329,87.964,-5.880,Shake
-0.385,1.214,-1.196,-82.740,99.488,-42.787,Shake
-0.121,0.042,1.442,-14.481,-88.034,-122.080,Shake
0.321,-0.168,1.999,-190.890,-89.355,-42.752,Shake
-0.098,-1.108,1.999,23.284,8.873,21.455,Shake
-0.200,0.812,-0.075,213.421,170.249,8.671,Shake
-0.309,1.548,-1.411,95.567,89.031,-9.625,Shake
-0.471,1.646,-1.483,-75.941,8.986,-26.731,Shake
-0.074,0.653,-0.023,-89.766,-85.339,-77.175,Shake
0.001,-0.476,1.984,-171.885,-152.714,-23.958,Shake
-0.245,-1.118,1.999,72.048,57.479,33.897,Shake
0.028,0.336,0.789,203.709,197.715,9.494,Shake
-0.320,1.217,-1.514,134.435,133.131,-39.174,Shake
-0.616,1.996,-1.997,-91.525,-61.294,-183.505,Shake
0.234,0.598,0.717,-27.983,-127.137,-137.655,Shake
-0.130,-0.515,1.999,-192.141,-70.910,51.170,Shake
-0.191,-1.050,1.941,-17.728,-17.299,85.706,Shake
-0.392,-0.147,1.921,198.590,76.711,44.800,Shake
-0.338,0.881,-0.824,82.320,72.984,-32.743,Shake
-0.809,1.341,-1.773,-78.488,-38.360,-45.955,Shake
-0.793,1.336,-1.247,-37.669,-80.509,-15.111,Shake
0.357,0.526,1.730,-15.925,-161.770,22.855,Shake
0.320,-0.277,1.999,-116.156,-62.562,115.211,Shake
-0.227,-0.474,1.636,34.283,102.952,111.449,Shake
-0.363,0.385,-0.072,156.958,95.629,48.195,Shake
-0.760,1.593,-1.800,96.206,42.114,9.940,Shake
-0.427,1.284,-1.263,-18.086,-31.981,18.104,Shake
-0.139,0.134,0.708,1.094,-130.401,-11.016,Shake
0.313,0.402,1.999,-168.438,-45.955,27.632,Shake
-0.068,-0.444,1.999,-81.323,-35.341,63.306,Shake
-0.155,0.097,1.106,61.644,145.215,-23.555,Shake
-0.437,1.077,-1.607,98.026,105.481,-31.421,Shake
-0.596,1.495,-1.674,-54.801,-15.951,-42.053,Shake
-0.230,0.941,-0.963,-59.824,-72.223,-72.082,Shake
0.330,0.201,1.995,-42.149,-149.476,-21.166,Shake
0.058,-0.660,1.999,-175.753,-86.266,77.105,Shake
-0.188,-0.984,1.999,76.685,135.091,52.237,Shake
-0.312,0.695,-0.666,158.506,146.274,51.686,Shake
-0.544,1.494,-1.671,59.141,37.975,12.390,Shake
-0.551,1.243,-1.154,-46.349,-67.786,-28.324,Shake
-0.013,0.373,-0.121,-0.858,-140.306,-55.449,Shake
0.708,0.703,1.999,-175.831,-107.459,20.370,Shake
-0.105,-1.307,1.999,-89.915,-36.557,137.681,Shake
-0.693,0.060,0.360,123.751,165.086,147.210,Shake
-0.443,1.224,-1.467,207.471,77.604,36.068,Shake
-0.516,1.439,-1.492,39.804,-34.571,0.805,Shake
-0.246,0.974,-0.764,-112.717,-64.330,-82.495,Shake
0.361,0.097,1.894,-82.408,-168.149,-100.476,Shake
0.488,-0.359,1.999,-127.041,23.765,-10.972,Shake
-0.086,-0.470,1.999,72.809,157.089,17.264,Shake
-0.406,0.562,-0.601,173.460,156.765,37.896,Shake
-0.226,1.352,-1.738,144.769,-11.427,-39.419,Shake
-0.498,1.096,-0.782,-27.983,-150.264,-33.530,Shake
-0.290,0.628,-0.166,-92.671,-96.924,-52.509,Shake
0.478,0.161,1.999,-78.916,-114.363,-22.076,Shake
0.184,-0.509,1.999,-18.725,13.055,33.583,Shake
-0.352,0.464,0.114,158.200,120.872,16.853,Shake
-0.556,1.144,-1.685,203.236,65.310,-20.843,Shake
-0.647,1.241,-1.997,36.654,-105.753,-39.209,Shake
-0.601,0.750,-0.027,-165.366,-73.421,-11.961,Shake
0.672,-0.073,1.999,-258.239,19.110,20.913,Shake
0.308,-0.885,1.999,-34.799,74.139,84.857,Shake
-0.258,-0.406,1.929,191.012,69.746,91.525,Shake
-0.594,1.113,-0.973,241.115,35.499,-1.050,Shake
-0.476,1.307,-1.927,35.000,-39.944,-55.641,Shake
-0.573,1.131,-0.923,-172.217,-19.950,-15.855,Shake
-0.162,0.084,1.206,-143.133,-37.809,-19.040,Shake
0.400,-0.122,1.999,-225.811,-63.333,38.447,Shake
0.003,-1.148,1.999,70.621,-3.754,110.031,Shake
-0.365,1.233,-0.837,169.199,154.726,47.661,Shake
-0.404,1.805,-1.997,126.989,140.367,35.700,Shake
-0.452,1.721,-1.668,-42.814,-38.596,-18.200,Shake
-0.414,0.302,-0.330,-78.050,-92.514,-40.460,Shake
1.250,0.011,1.999,-167.178,-175.980,-13.606,Shake
0.700,-1.425,1.999,-160.230,-71.969,19.005,Shake
-0.363,-0.159,0.688,82.075,111.519,139.134,Shake
-0.721,1.786,-1.743,211.470,-49.534,25.095,Shake
-0.539,1.483,-1.492,-5.679,-152.792,-25.541,Shake
-0.682,1.001,-0.820,-81.357,-91.963,-15.916,Shake
1.646,-0.018,1.999,-80.868,-52.964,-85.286,Shake
0.479,-0.594,1.999,-22.312,151.104,29.540,Shake
-0.172,-0.425,0.930,125.081,149.861,46.042,Shake
-0.469,1.176,-0.975,129.141,149.721,52.176,Shake
-0.467,1.921,-1.809,22.304,-13.597,-42.709,Shake
-0.519,1.125,-1.324,-66.132,-41.178,-143.273,Shake
0.705,0.281,1.965,41.624,-275.896,-110.416,Shake
0.494,-0.127,1.999,-284.777,-167.396,88.121,Shake
0.692,-1.466,1.932,14.341,132.283,59.264,Shake
-0.461,1.128,-0.614,286.685,214.366,-24.763,Shake
-0.411,1.279,-1.514,105.709,147.289,-104.379,Shake
-0.565,1.094,-1.193,-98.761,33.862,-127.540,Shake
0.209,0.652,1.075,-105.613,-51.100,-126.665,Shake
-0.564,-0.131,1.999,-130.874,-190.750,105.446,Shake
0.667,-1.075,1.999,-99.662,-116.952,148.820,Shake
-0.336,0.624,-0.784,219.931,106.846,34.309,Shake
-0.459,1.745,-1.387,132.335,77.787,-18.165,Shake
-0.591,1.446,-1.392,-30.712,10.693,-18.620,Shake
-0.612,0.238,0.371,-56.193,-67.996,-77.805,Shake
0.270,0.058,1.999,-208.320,-94.920,60.944,Shake
0.701,-1.020,1.999,-122.211,-22.960,129.273,Shake
-0.245,-0.636,0.102,114.669,149.004,70.621,Shake
-0.448,1.672,-1.666,285.469,116.900,50.575,Shake
-0.440,1.657,-1.933,-3.203,-48.361,-1.584,Shake
-0.501,1.231,-1.228,-138.163,-79.537,-57.146,Shake
-0.114,0.146,1.917,-89.530,-172.637,-85.916,Shake
0.851,-0.604,1.999,-245.735,6.519,91.787,Shake
0.128,-1.239,1.705,127.505,230.134,122.386,Shake
-0.564,1.513,-1.640,286.685,-32.480,-17.351,Shake
-0.556,1.623,-1.587,158.095,-143.526,-88.673,Shake
-0.722,1.465,-1.481,-184.398,-157.474,-88.699,Shake
-0.121,0.116,1.929,-177.599,-80.421,-67.305,Shake
1.254,-0.606,1.999,-67.637,144.156,134.750,Shake
0.080,-0.939,1.653,160.072,196.053,150.465,Shake
-0.702,1.075,-0.934,203.061,187.792,61.171,Shake
-0.483,1.709,-1.982,80.378,54.268,-63.761,Shake
-0.656,1.027,-1.339,-66.342,-50.881,-95.393,Shake
0.683,0.582,1.734,22.540,-272.388,-161.735,Shake
0.453,0.365,1.999,-272.353,-171.176,74.848,Shake
0.887,-1.225,1.999,-40.162,-8.934,68.372,Shake
-0.413,0.760,-0.374,201.084,141.304,88.086,Shake
-0.731,1.677,-1.585,88.804,100.835,8.654,Shake
-0.637,1.495,-1.485,-87.456,-16.826,-49.866,Shake
-0.548,0.413,0.178,-82.976,-116.515,-162.951,Shake
1.428,0.051,1.999,-3.885,-179.699,-52.579,Shake
0.896,-0.960,1.998,-66.342,71.356,33.416,Shake
-0.631,0.326,-0.438,150.553,241.115,48.178,Shake
-0.461,1.510,-1.833,271.276,124.075,23.809,Shake
-0.638,1.347,-1.638,-111.125,-72.249,-38.544,Shake
-0.172,0.204,0.224,-119.061,-191.467,-106.286,Shake
0.856,0.028,1.999,-187.092,-186.742,46.515,Shake
1.205,-0.948,1.999,-59.824,31.701,136.115,Shake
-0.189,0.236,-0.590,224.341,244.143,87.124,Shake
-0.315,1.538,-1.827,180.145,164.334,42.280,Shake
-0.712,1.420,-1.908,-181.781,-68.591,-21.166,Shake
-0.673,0.599,0.177,-99.969,-175.648,-127.706,Shake
0.846,0.321,1.999,-74.209,-252.193,-59.841,Shake
0.942,-1.083,1.999,-99.067,-20.493,124.688,Shake
-0.211,-0.026,-0.651,149.424,203.525,48.711,Shake
-0.309,1.848,-1.891,262.579,120.409,18.401,Shake
-0.610,1.644,-1.563,-44.695,-31.517,-13.746,Shake
-0.471,0.554,-0.632,-177.074,-103.154,-81.183,Shake
0.913,-0.007,1.999,-33.119,-224.280,-34.265,Shake
0.706,-1.187,1.999,-90.379,23.118,133.324,Shake
0.163,-1.099,1.827,112.368,236.617,89.390,Shake
-0.662,1.579,-1.754,239.374,153.764,21.823,Shake
-0.470,1.653,-1.546,24.841,-89.512,-20.055,Shake
-0.218,0.953,-0.856,-135.083,-154.577,-48.186,Shake
0.252,0.126,1.999,-22.278,-244.773,-22.164,Shake
1.110,-0.872,1.999,-90.886,-66.902,27.886,Shake
0.256,-0.875,1.707,-44.783,107.599,87.430,Shake
-0.348,1.445,-1.319,282.354,232.330,3.194,Shake
-0.488,1.897,-1.997,51.301,-31.649,-24.622,Shake
-0.427,1.353,-1.453,-79.625,-125.589,-39.445,Shake
-0.258,0.320,1.908,-64.076,-238.455,-96.442,Shake
1.291,-0.786,1.999,-136.465,-43.540,-23.161,Shake
0.882,-0.916,1.859,-30.905,160.641,21.105,Shake
-0.321,0.764,-0.746,195.195,275.608,30.905,Shake
-0.625,1.900,-1.811,136.246,82.609,-6.423,Shake
-0.689,1.220,-1.364,-101.824,-17.360,-30.240,Shake
0.001,0.304,1.604,-6.580,-191.818,-76.948,Shake
0.607,-0.664,1.999,-210.569,-201.372,10.010,Shake
0.940,-1.034,1.994,-110.784,-52.316,28.359,Shake
-0.245,0.960,-0.781,241.710,211.697,33.994,Shake
-0.513,1.623,-1.824,81.427,73.596,3.264,Shake
-0.661,1.375,-1.228,-120.872,40.127,-24.115,Shake
-0.299,0.271,0.406,-46.463,-79.564,-91.306,Shake
0.811,-0.478,1.999,-53.576,-180.460,32.681,Shake
0.655,-1.006,1.981,-47.434,-59.176,40.443,Shake
-0.240,1.132,-0.697,186.515,216.571,39.357,Shake
-0.886,1.994,-1.997,79.161,213.500,67.174,Shake
-0.571,1.596,-1.720,-53.681,-1.479,-30.336,Shake
0.192,0.382,1.493,-15.645,-88.918,-147.726,Shake
0.377,-0.704,1.999,-52.412,-102.961,24.579,Shake
0.543,-0.874,1.999,-52.395,-94.666,53.874,Shake
-0.054,0.611,-0.665,81.830,111.011,11.410,Shake
-0.611,1.708,-1.865,57.024,91.228,14.123,Shake
-0.471,1.223,-1.162,-50.356,-27.956,-41.046,Shake
-0.145,0.422,0.743,4.707,-102.594,-83.615,Shake
0.196,-0.067,1.999,-10.710,-170.389,24.150,Shake
0.933,-0.664,1.999,-23.380,3.211,54.101,Shake
-0.259,0.817,-0.948,140.761,233.887,13.991,Shake
-0.622,1.824,-1.997,98.516,161.525,5.819,Shake
-0.412,1.477,-1.625,-82.294,-68.827,-4.760,Shake
0.139,0.022,0.442,-60.445,-212.835,-62.702,Shake
0.616,-0.383,1.999,-149.109,-176.024,22.208,Shake
1.185,-0.923,1.999,-141.663,-143.955,43.951,Shake
-0.055,0.577,-0.394,163.240,123.384,8.094,Shake
-0.441,1.676,-1.716,93.048,137.217,63.333,Shake
-0.969,1.203,-1.174,-101.316,31.850,55.064,Shake
-0.600,0.276,0.655,-83.842,-42.070,-17.483,Shake
0.097,-0.256,1.999,-28.079,-21.796,39.331,Shake
0.677,-1.042,1.999,-55.650,43.645,29.566,Shake
-0.291,0.658,-0.799,218.488,63.761,-55.274,Shake
-0.693,1.537,-1.539,192.658,53.638,-34.475,Shake
-0.458,1.609,-1.850,-69.808,67.279,-30.896,Shake
-0.143,0.386,0.414,-64.251,129.238,-88.235,Shake
-0.373,-0.444,1.999,-198.555,-49.446,19.740,Shake
0.037,-1.463,1.999,-109.506,-226.739,47.924,Shake
0.212,0.163,0.083,155.864,-5.486,28.770,Shake
-0.769,1.997,-1.760,157.649,74.051,32.182,Shake
-0.511,1.632,-1.724,-77.473,-43.103,-2.572,Shake
-0.510,0.638,-0.494,-78.942,-36.181,-26.661,Shake
0.676,-0.129,1.999,-167.492,-85.662,-41.729,Shake
0.876,-1.813,1.999,-57.496,-2.354,47.443,Shake
-0.456,0.678,-0.175,212.581,94.596,19.355,Shake
-0.727,1.600,-1.570,211.645,93.686,-8.505,Shake
-0.463,1.671,-1.750,-55.405,-2.398,-18.218,Shake
-0.405,0.534,-0.651,-55.991,-2.118,-49.542,Shake
0.610,-0.144,1.999,-122.640,6.668,24.325,Shake
0.122,-1.250,1.999,-192.990,-101.334,57.234,Shake
0.001,-0.699,1.555,181.589,-38.911,-14.849,Shake
-0.271,0.938,-0.427,255.255,217.788,-30.240,Shake
-0.797,1.724,-1.695,-191.406,164.325,-54.040,Shake
-0.433,1.772,-1.730,-255.885,-115.614,-195.011,Shake
0.130,-0.331,0.464,-6.676,-188.641,-133.044,Shake
0.553,-0.611,1.999,250.661,-7.674,13.291,Shake
0.523,-0.017,1.493,173.801,38.124,-4.375,Shake
-0.635,1.310,-0.403,-97.939,205.354,18.541,Shake
-1.053,1.964,-1.997,-138.705,142.371,-6.781,Shake
-0.553,1.288,-1.695,-43.960,38.972,-19.994,Shake
-0.016,-0.114,1.917,174.186,-238.753,-70.683,Shake
1.111,-1.456,1.999,-252.298,-286.685,31.868,Shake
0.971,-0.714,1.999,94.981,-130.104,11.104,Shake
-0.242,0.825,-0.466,180.197,246.759,28.665,Shake
-0.571,1.782,-1.695,121.363,284.244,61.679,Shake
-0.350,1.289,-1.485,-45.596,193.436,32.322,Shake
-0.125,0.455,-0.356,-78.269,65.984,-14.359,Shake
-0.179,0.120,1.999,-276.413,-229.469,-23.257,Shake
0.481,-1.484,1.999,-267.207,-286.685,139.090,Shake
-0.153,-0.612,1.418,264.696,-122.062,93.835,Shake
0.151,1.435,-1.355,286.291,259.359,-55.676,Shake
-0.128,1.995,-1.491,-12.994,280.980,50.838,Shake
-0.352,1.447,-1.706,-113.103,152.635,-49.018,Shake
0.637,-0.066,1.894,-164.902,-92.312,-85.592,Shake
-0.004,-1.493,1.999,-286.554,-286.685,36.330,Shake
-0.234,-1.952,1.666,61.757,109.856,116.979,Shake
-0.592,1.765,-1.756,286.685,286.685,134.663,Shake
0.028,1.964,-1.997,286.624,94.710,-41.877,Shake
-0.456,0.843,-1.142,-164.413,-286.318,-93.371,Shake
1.461,-0.257,1.999,-286.685,-280.026,-91.893,Shake
1.016,-1.815,1.999,-6.003,122.990,38.605,Shake
0.011,-0.519,0.804,213.124,270.156,106.286,Shake
-0.695,1.345,-0.815,280.455,251.335,75.889,Shake
-0.772,1.687,-1.497,-66.404,-1.330,7.945,Shake
-0.258,0.899,-0.547,-110.399,-157.115,-119.980,Shake
1.385,-0.264,1.999,-147.726,-281.251,-20.799,Shake
0.729,-1.297,1.959,-188.886,-156.363,2.328,Shake
0.291,0.285,1.786,266.788,280.201,49.709,Shake
-0.471,1.010,-1.782,70.665,283.902,44.161,Shake
-0.075,1.788,-1.737,-219.625,-107.494,-171.754,Shake
-0.379,0.677,0.510,17.981,-281.426,-69.545,Shake
0.614,-0.415,1.999,98.411,-270.147,-36.470,Shake
0.641,-0.587,1.999,31.955,-13.913,33.932,Shake
-0.035,0.910,-0.148,91.175,203.193,5.434,Shake
-0.683,1.360,-1.766,55.834,145.600,14.096,Shake
-1.017,1.415,-1.221,-43.452,-43.173,-54.591,Shake
-0.324,0.325,0.237,0.254,-204.829,-134.242,Shake
1.906,-0.225,1.999,-198.660,-150.290,-15.741,Shake
0.485,-0.523,1.999,118.904,71.199,63.656,Shake
-0.412,0.591,0.242,206.036,160.011,31.019,Shake
-1.028,1.354,-0.971,51.415,235.611,58.485,Shake
-0.597,1.252,-1.989,-75.827,-62.562,-0.368,Shake
-0.254,0.326,1.361,54.250,-281.557,-34.379,Shake
0.722,0.411,1.999,-124.906,-275.730,10.176,Shake
1.461,-0.915,1.999,-78.768,-54.635,58.345,Shake
-0.152,-0.049,1.645,109.287,140.989,5.994,Shake
-0.380,1.723,-1.455,217.840,286.685,-6.939,Shake
-0.564,1.857,-1.955,29.741,244.851,37.853,Shake
-0.339,0.827,-0.966,-45.141,93.555,-45.290,Shake
0.211,-0.138,1.999,-195.379,-269.448,-50.951,Shake
0.308,-1.794,1.999,-255.378,-275.642,30.424,Shake
0.342,-0.533,1.875,232.916,139.624,44.931,Shake
-0.282,1.291,-0.446,286.685,284.559,57.461,Shake
-0.515,1.745,-1.589,107.380,169.234,-5.863,Shake
-0.283,1.016,-0.866,-123.191,-72.634,-66.728,Shake
-0.012,0.089,1.999,-234.824,-285.758,-55.650,Shake
0.194,-1.145,1.999,-213.482,-223.869,64.050,Shake
0.564,-1.089,1.819,174.501,75.880,22.837,Shake
0.015,1.095,-0.680,286.685,286.003,-23.013,Shake
-0.487,1.837,-1.872,1.365,272.825,-35.490,Shake
-0.590,1.958,-1.997,-209.466,-83.256,-132.300,Shake
0.200,0.041,0.987,-62.204,-189.499,-126.543,Shake
0.197,-1.214,1.999,-236.486,-285.539,110.486,Shake
0.052,-1.335,1.997,209.423,6.948,92.260,Shake
-0.325,1.005,-0.427,188.239,272.353,-6.773,Shake
-0.741,1.773,-0.936,-2.922,174.554,-45.386,Shake
-0.872,1.741,-1.074,-232.461,-15.129,-107.817,Shake
0.355,0.245,0.349,-21.446,-95.191,-172.349,Shake
0.492,-0.845,1.999,27.965,-222.145,57.321,Shake
0.542,-0.909,1.983,103.994,-25.996,55.921,Shake
-0.321,0.608,0.563,118.423,119.525,30.126,Shake
-0.885,1.256,-0.858,25.007,50.908,34.764,Shake
-0.630,1.371,-1.225,-3.474,-51.319,-56.577,Shake
-0.043,0.557,0.655,12.381,-75.442,-54.162,Shake
0.351,0.031,1.999,-40.810,-67.909,-6.956,Shake
0.426,-0.720,1.999,-62.107,33.495,62.029,Shake
-0.381,0.000,1.382,72.573,43.356,77.963,Shake
-0.505,0.804,-0.602,87.325,2.581,52.553,Shake
-0.487,1.449,-1.035,50.417,0.814,19.189,Shake
-0.545,1.399,-0.985,-21.665,-85.881,-73.360,Shake
0.410,0.398,1.610,-5.014,-42.805,-43.400,Shake
0.567,-0.042,1.999,-64.838,40.390,59.001,Shake
-0.063,-0.846,1.999,-9.494,69.606,57.689,Shake
-0.684,-0.017,1.583,0.262,19.416,-11.637,Shake
-0.454,1.379,-1.307,-5.477,-35.840,-20.440,Shake
-0.310,1.939,-1.936,28.298,-7.114,-12.233,Shake
-0.062,1.200,-0.983,24.990,48.318,30.083,Shake
0.105,-0.048,1.793,22.645,67.637,33.854,Shake
0.115,-0.702,1.999,-23.966,-69.720,77.350,Shake
-0.536,-0.874,1.698,-79.975,-6.309,89.294,Shake
-0.574,0.827,-0.694,81.384,-133.919,61.696,Shake
-0.249,1.681,-1.237,97.055,9.196,46.760,Shake
-0.485,1.525,-1.373,-84.823,67.270,13.335,Shake
0.325,0.207,1.181,-45.054,61.731,-60.034,Shake
0.282,-0.539,1.999,-75.670,-87.614,-9.809,Shake
-0.413,-0.679,1.999,-51.748,-74.891,4.410,Shake
-0.269,-0.031,0.722,68.967,5.819,-38.316,Shake
-0.264,1.392,-1.288,183.199,74.821,-4.095,Shake
-0.280,1.654,-1.249,106.908,13.659,-0.359,Shake
-0.030,1.236,-0.642,-106.995,97.860,-31.868,Shake
0.469,0.055,1.912,-176.435,40.539,-18.156,Shake
-0.366,-1.011,1.999,-140.857,-47.976,96.442,Shake
-0.904,-1.087,1.999,37.756,11.016,103.408,Shake
-0.324,0.246,0.326,185.220,-44.380,21.359,Shake
-0.116,1.774,-1.327,87.885,49.612,6.134,Shake
-0.098,1.628,-1.064,-52.412,22.059,-8.216,Shake
0.274,1.050,-0.056,-156.861,33.565,-30.835,Shake
-0.063,-0.467,1.999,-189.936,3.605,-26.994,Shake
-0.367,-1.593,1.999,27.913,-46.909,11.314,Shake
-0.328,-0.116,0.988,168.691,-26.224,-18.358,Shake
-0.165,1.010,-0.535,200.314,64.085,-53.112,Shake
-0.191,1.951,-1.426,59.211,70.280,-54.880,Shake
0.137,1.182,-0.664,18.821,-29.531,-140.455,Shake
-0.087,-0.120,1.752,-135.905,-60.384,-42.131,Shake
-0.302,-0.694,1.999,-170.747,-70.490,4.506,Shake
-0.241,-0.982,1.999,24.570,-17.535,-6.379,Shake
-0.074,0.248,0.307,162.286,67.489,-16.879,Shake
-0.533,1.912,-1.800,98.971,73.824,-47.127,Shake
-0.310,1.677,-1.285,14.245,-83.160,-101.316,Shake
0.025,1.035,0.279,-142.861,-114.923,-62.615,Shake
0.066,-0.619,1.999,-209.230,-48.221,69.615,Shake
-0.065,-1.280,1.999,-61.591,1.846,107.109,Shake
-0.227,-0.831,1.993,132.020,63.569,83.256,Shake
-0.462,0.614,-0.150,197.304,86.039,30.923,Shake
-0.534,1.598,-1.586,141.820,-57.592,-62.956,Shake
-0.200,1.438,-0.587,-71.496,-124.696,-73.973,Shake
0.255,0.905,1.138,-227.316,-19.005,-22.304,Shake
0.433,-0.530,1.999,-238.753,43.820,67.244,Shake
-0.216,-1.376,1.999,57.820,115.062,78.698,Shake
-0.728,-0.091,1.362,227.561,53.401,72.266,Shake
-0.718,0.863,-1.450,161.910,-49.026,-33.486,Shake
-0.451,1.503,-1.321,77.621,-205.774,-82.276,Shake
-0.198,1.309,-0.651,-94.220,-196.551,-99.802,Shake
0.742,0.070,1.580,-230.247,-32.393,0.840,Shake
-0.070,-0.789,1.999,-179.008,141.951,116.077,Shake
-0.050,-1.467,1.999,204.584,129.780,52.579,Shake
-0.367,0.249,0.891,224.621,42.149,15.444,Shake
-0.567,1.616,-1.743,101.211,27.545,-15.225,Shake
-0.101,1.544,-1.110,9.485,-80.841,-31.334,Shake
-0.018,1.358,-0.446,-97.536,-29.067,13.038,Shake
0.381,-0.079,1.514,-153.842,-49.403,43.199,Shake
-0.463,-1.003,1.999,-120.304,-42.289,84.525,Shake
-0.402,-0.713,1.999,135.695,51.450,49.691,Shake
-0.120,0.176,0.920,180.460,82.198,9.135,Shake
-0.232,1.568,-1.283,116.533,91.324,2.424,Shake
-0.069,1.701,-1.382,-10.780,-38.430,-43.540,Shake
0.206,1.014,-0.301,-134.383,-63.341,-28.796,Shake
0.382,-0.168,1.243,-154.219,-123.261,54.906,Shake
-0.058,-1.058,1.999,-68.757,-14.717,65.188,Shake
-0.536,-0.931,1.999,143.938,111.816,57.934,Shake
-0.670,0.830,-0.857,108.027,36.138,2.301,Shake
-0.174,1.552,-1.997,194.276,-42.849,-39.270,Shake
-0.021,1.498,-1.174,31.062,-113.050,-48.790,Shake
0.137,0.588,-0.332,-178.211,-60.559,-29.698,Shake
0.359,-0.322,1.999,-111.764,-210.866,22.391,Shake
0.366,-0.400,1.999,-39.708,24.281,53.086,Shake
-0.375,-0.392,1.996,60.366,217.464,35.928,Shake
-0.574,1.153,-1.675,162.654,235.865,-20.291,Shake
-0.127,1.489,-1.461,105.061,-95.051,-107.266,Shake
0.227,1.063,-0.649,-133.175,-117.486,-84.175,Shake
0.255,-0.218,1.962,-171.946,-150.465,8.129,Shake
0.058,-0.513,1.999,-72.669,-64.024,47.574,Shake
-0.270,-0.940,1.999,102.900,170.432,115.806,Shake
-0.248,0.789,-0.346,42.289,65.616,-19.407,Shake
-0.285,1.972,-1.892,113.846,-0.350,-13.283,Shake
-0.244,1.792,-1.699,11.191,-65.345,-133.499,Shake
0.092,0.060,-0.236,-137.848,-144.331,-95.830,Shake
0.114,0.013,1.999,-0.376,5.661,-18.585,Shake
-0.286,-0.952,1.999,79.371,165.428,89.338,Shake
-0.020,-0.630,1.982,111.615,-3.089,-7.665,Shake
-0.401,0.939,-0.477,-53.156,-2.196,49.525,Shake
-0.345,1.997,-1.979,100.537,-146.641,8.208,Shake
-0.356,0.441,-0.145,-88.191,-142.004,-8.094,Shake
-0.279,-0.059,1.999,-171.159,-26.740,-98.927,Shake
0.259,-0.998,1.999,-141.488,70.656,23.257,Shake
0.076,-0.290,1.772,137.113,60.034,47.871,Shake
-0.419,1.205,-1.219,198.835,16.415,88.375,Shake
-0.536,1.667,-1.484,20.545,-92.899,10.229,Shake
-0.590,1.182,-0.564,-104.449,-66.902,-33.338,Shake
0.171,0.199,1.945,-141.076,-1.383,-29.689,Shake
0.672,-0.776,1.999,-18.095,68.574,15.505,Shake
-0.486,-0.139,1.320,129.202,83.948,27.913,Shake
-0.405,1.263,-1.472,124.040,91.271,22.032,Shake
-0.387,1.462,-1.440,71.356,-6.895,-80.439,Shake
-0.037,0.985,-0.694,-109.620,-42.805,-74.559,Shake
-0.068,0.085,1.982,-40.469,-42.849,13.991,Shake
-0.190,-0.140,1.999,-44.266,-18.384,54.670,Shake
-0.051,-0.656,1.999,40.022,-30.529,68.512,Shake
-0.217,0.866,-0.373,52.859,38.920,79.546,Shake
-0.310,1.516,-1.439,21.805,6.536,43.899,Shake
-0.511,1.456,-1.024,-74.839,4.961,-13.729,Shake
-0.376,0.635,0.205,-142.949,-7.648,-41.676,Shake
0.075,-0.330,1.997,-76.921,-209.230,-85.435,Shake
0.624,-1.166,1.999,74.506,41.606,45.377,Shake
0.143,-0.376,1.875,86.249,147.114,93.914,Shake
-0.794,1.549,-1.575,149.852,135.818,57.654,Shake
-0.405,1.636,-1.421,50.365,-57.452,-26.819,Shake
-0.214,0.735,-0.915,-98.009,-66.728,-74.743,Shake
-0.457,-0.060,0.876,-12.180,-164.273,-49.201,Shake
0.752,-0.475,1.999,-151.839,-73.588,-2.704,Shake
0.439,-0.878,1.999,-23.581,23.170,16.844,Shake
-0.288,1.174,-1.137,255.675,157.973,36.654,Shake
-0.311,1.594,-1.409,142.975,113.374,-26.819,Shake
-0.408,1.336,-1.482,-21.438,113.050,-35.149,Shake
-0.417,0.304,-0.195,-111.493,-28.035,-30.275,Shake
-0.455,-0.082,1.999,36.995,-224.385,41.807,Shake
0.581,-0.646,1.999,-14.044,-80.798,10.089,Shake
0.072,0.622,-1.152,97.615,136.220,11.462,Shake
-0.272,1.506,-1.888,158.060,273.779,15.015,Shake
-0.129,1.685,-1.987,-7.367,-31.474,-37.704,Shake
-0.411,0.564,-0.651,-128.721,-116.323,-73.465,Shake
-0.020,-0.215,1.999,76.370,-185.001,-12.040,Shake
0.939,-0.430,1.999,12.941,27.519,18.419,Shake
0.226,-0.070,1.934,121.004,169.050,33.206,Shake
-0.602,1.127,-1.992,19.827,127.085,6.510,Shake
-0.252,1.625,-1.976,20.921,-131.163,4.314,Shake
-0.726,1.334,-1.236,-66.850,-154.796,15.916,Shake
0.048,-0.040,1.866,-149.179,-171.386,25.034,Shake
1.015,-0.389,1.999,-18.392,90.029,4.629,Shake
0.044,-0.398,1.953,101.168,123.760,56.438,Shake
-0.691,0.382,-0.369,92.566,106.488,34.449,Shake
-0.614,1.943,-1.874,88.497,9.126,-5.950,Shake
-0.484,1.485,-1.243,-50.068,-46.804,-48.991,Shake
-0.198,0.357,0.589,-103.101,-148.943,-44.914,Shake
0.280,-0.069,1.999,-35.096,-27.772,-35.079,Shake
0.834,-0.661,1.999,-106.566,-17.115,25.183,Shake
-0.281,0.296,-0.985,-70.315,52.885,3.622,Shake
-0.693,1.646,-1.591,169.846,114.905,-93.853,Shake
-0.643,1.654,-1.327,-9.651,63.682,-53.865,Shake
-0.401,0.627,-0.426,-151.708,19.994,-38.806,Shake
-0.066,-0.079,1.999,-196.464,-156.835,26.757,Shake
0.679,-0.813,1.999,-41.746,-43.776,82.845,Shake
-0.249,-0.656,0.354,30.476,113.566,44.188,Shake
-0.804,1.669,-1.020,144.559,157.036,-10.894,Shake
-0.560,1.679,-1.417,1.724,-8.181,-4.532,Shake
-0.336,0.952,-0.493,-111.186,-14.158,-19.819,Shake
0.170,-0.365,1.828,32.541,-115.202,2.818,Shake
0.381,-0.338,1.999,79.730,23.327,58.056,Shake
0.008,-0.451,1.999,-7.604,40.373,26.302,Shake
-0.587,1.372,-1.414,-15.269,21.070,4.541,Shake
-0.390,1.671,-1.522,43.173,-96.495,-35.875,Shake
-0.351,1.374,-0.972,-78.452,-3.412,-4.349,Shake
0.120,-0.105,1.086,-30.424,25.638,14.586,Shake
-0.008,-0.390,1.999,173.084,-34.353,-3.579,Shake
-0.519,-0.103,1.999,0.910,10.386,-42.604,Shake
-0.684,0.361,-0.110,-79.896,41.186,-75.189,Shake
-0.521,1.726,-1.871,86.161,-21.647,-84.647,Shake
-0.204,1.340,-0.707,-48.160,-2.415,-30.459,Shake
0.111,-0.136,0.942,-55.842,17.316,6.484,Shake
-0.063,-0.043,1.999,224.997,-26.862,47.950,Shake
-0.179,-0.282,1.999,46.498,-9.153,34.781,Shake
-0.587,0.769,-0.433,-121.223,2.852,-25.935,Shake
-0.757,1.699,-1.971,39.550,-29.444,-85.715,Shake
-0.403,1.304,-1.115,-22.452,-22.514,-15.391,Shake
-0.013,0.326,0.217,-60.926,40.959,24.911,Shake
-0.281,-0.492,1.999,152.224,10.097,82.232,Shake
-0.039,-0.386,1.999,4.419,-24.264,5.582,Shake
-0.732,0.396,-1.089,-37.056,-5.661,14.831,Shake
-0.355,1.669,-1.482,88.996,16.555,44.774,Shake
-0.584,1.702,-1.416,-18.218,38.736,35.420,Shake
-0.036,0.070,-0.301,-82.793,10.106,-44.301,Shake
0.293,-0.082,1.970,132.633,-24.938,10.964,Shake
-0.004,0.132,1.999,18.620,-67.970,16.048,Shake
0.018,-0.226,1.999,-105.306,52.080,17.771,Shake
-0.662,1.859,-1.997,65.284,27.326,10.036,Shake
-0.533,1.876,-1.445,56.236,-42.368,12.661,Shake
-0.540,0.910,-1.095,-97.571,-4.524,-12.819,Shake
-0.135,0.030,1.871,-161.140,-114.433,-36.286,Shake
0.610,-0.978,1.999,2.616,66.596,25.725,Shake
-0.249,-0.426,1.784,26.609,109.655,0.079,Shake
-0.470,1.199,-0.721,68.198,58.704,-7.910,Shake
-0.391,1.712,-1.433,68.416,-20.449,-5.372,Shake
-0.566,1.098,-0.721,-69.309,3.710,16.958,Shake
0.088,-0.188,1.205,-38.071,12.889,0.280,Shake
-0.356,-0.420,1.999,148.155,61.775,9.257,Shake
-0.225,-0.357,1.999,41.379,-20.414,-25.384,Shake
-0.273,0.401,0.263,-117.723,41.519,-14.962,Shake
-0.539,1.997,-1.933,-23.975,41.151,-8.540,Shake
-0.269,1.585,-1.187,-28.052,-42.612,5.688,Shake
-0.234,0.262,0.397,-28.805,-30.923,14.823,Shake
-0.259,-0.174,1.999,-30.730,-125.309,39.279,Shake
-0.041,-0.837,1.999,116.471,5.819,86.363,Shake
-0.031,-0.317,1.970,-48.291,71.768,-7.901,Shake
-0.476,1.888,-1.982,-18.130,39.436,-26.250,Shake
-0.298,1.481,-0.834,67.996,-80.631,13.834,Shake
-0.453,0.823,-0.341,-45.754,-53.104,13.580,Shake
0.003,0.033,1.169,-66.675,-95.769,29.636,Shake
0.219,-0.587,1.999,-65.152,-71.986,63.761,Shake
-0.429,-0.884,1.999,-11.244,100.214,33.014,Shake
0.079,0.857,-1.275,92.505,88.935,-25.401,Shake
-0.298,1.678,-1.043,179.095,22.619,-27.353,Shake
-0.337,1.680,-0.806,12.040,-11.856,-15.120,Shake
-0.344,0.452,0.343,-65.905,-10.885,-20.983,Shake
-0.005,-0.456,1.999,-3.447,-36.365,-9.432,Shake
-0.081,-0.604,1.999,17.150,-26.189,5.066,Shake
-0.381,-0.519,1.649,-27.458,82.005,-55.571,Shake
-0.508,1.750,-0.974,113.391,33.705,-41.650,Shake
-0.241,1.427,-0.923,14.438,-82.250,-48.562,Shake
-0.104,1.239,-0.896,-35.000,9.188,-12.556,Shake
-0.105,0.366,1.026,-2.888,18.104,10.220,Shake
-0.364,-0.469,1.999,56.551,-136.859,29.365,Shake
-0.133,-0.305,1.999,-5.871,9.118,12.757,Shake
-0.161,0.159,1.090,-81.165,33.836,27.484,Shake
-0.404,1.796,-1.186,13.379,-21.026,8.549,Shake
-0.267,1.462,-0.877,-57.636,-42.254,13.694,Shake
-0.212,0.069,0.041,-22.785,-1.759,14.035,Shake
-0.522,0.126,1.999,61.626,-58.091,30.608,Shake
0.320,-0.893,1.999,13.694,20.125,0.280,Shake
-0.318,-0.039,1.417,11.734,93.293,-41.361,Shake
-0.359,1.395,-1.217,125.904,88.926,-22.610,Shake
-0.330,1.829,-1.293,123.025,11.541,-28.438,Shake
-0.255,1.129,-0.386,24.728,-6.615,-50.278,Shake
0.101,0.166,1.445,-23.065,-19.285,-52.675,Shake
-0.574,-0.381,1.999,-24.124,-35.026,40.040,Shake
-0.127,-0.755,1.999,38.290,-11.436,14.236,Shake
-0.282,0.815,-0.445,-37.949,89.749,-15.304,Shake
-0.492,1.633,-1.463,119.927,-77.814,-98.866,Shake
-0.240,1.397,-1.055,-41.536,-42.709,-48.842,Shake
-0.093,0.387,0.207,-79.800,-28.096,11.769,Shake
0.250,-0.253,1.999,-23.397,-107.170,32.559,Shake
-0.130,-0.959,1.999,-37.336,25.524,79.188,Shake
-0.325,0.095,1.146,1.190,94.640,-9.100,Shake
-0.648,1.411,-1.017,17.719,61.688,-15.837,Shake
-0.213,1.647,-1.000,0.228,-48.449,0.438,Shake
-0.176,1.188,-0.690,-40.355,-14.665,45.736,Shake
-0.111,0.017,1.603,31.150,-41.475,56.630,Shake
-0.288,-0.189,1.999,152.408,-12.819,27.843,Shake
-0.230,-0.722,1.999,-35.376,97.878,2.179,Shake
-0.654,0.605,-0.901,-76.317,86.363,-99.277,Shake
-0.114,1.960,-1.196,48.248,-55.807,-54.486,Shake
-0.602,1.680,-1.354,-37.170,-5.355,22.146,Shake
-0.255,0.315,-0.077,-53.305,64.785,35.359,Shake
-0.539,-0.392,1.913,136.238,22.820,37.940,Shake
-0.067,-0.261,1.999,98.753,-69.177,-13.974,Shake
-0.055,-0.120,1.999,-120.356,97.851,-13.869,Shake
0.121,1.670,-1.997,-82.232,-0.639,-25.270,Shake
-0.372,1.804,-1.172,40.057,-68.381,12.810,Shake
-0.077,0.760,-0.793,-43.689,-30.144,35.700,Shake
0.034,-0.127,1.044,21.122,-105.630,33.381,Shake
-0.181,-0.549,1.999,-24.771,-195.309,48.947,Shake
-0.051,-0.550,1.999,-76.274,84.753,28.017,Shake
-0.282,1.211,-1.538,94.474,159.294,-8.943,Shake
-0.399,1.669,-1.003,131.014,36.505,34.361,Shake
-0.268,1.468,-0.986,-38.141,114.100,35.341,Shake
-0.007,0.348,0.481,-85.277,21.140,-16.809,Shake
-0.686,-0.669,1.996,112.044,-105.149,12.836,Shake
-0.670,-0.433,1.999,59.395,19.906,0.376,Shake
-0.226,0.049,1.453,4.358,122.062,-13.606,Shake
-0.242,1.631,-1.536,-58.520,16.581,-35.333,Shake
0.078,1.530,-0.545,72.223,-18.235,-23.292,Shake
-0.117,1.200,-0.323,-15.908,2.345,-27.195,Shake
-0.294,-0.021,1.260,-70.823,-57.094,-8.085,Shake
-0.467,-0.612,1.999,-83.256,-229.941,-6.676,Shake
-0.134,-0.602,1.999,-23.511,65.887,0.543,Shake
-0.265,0.417,-0.044,51.013,115.710,-13.134,Shake
-0.266,1.784,-0.954,65.957,82.241,-15.190,Shake
-0.071,1.420,-1.136,0.298,84.499,-0.543,Shake
-0.431,0.424,0.344,-34.816,-34.405,27.580,Shake
-0.382,-0.271,1.801,-69.335,-264.854,60.165,Shake
-0.013,-0.728,1.999,-40.819,-215.556,68.110,Shake
-0.309,-0.399,1.140,-14.490,179.988,-12.477,Shake
-0.391,1.472,-0.987,144.077,78.006,-9.730,Shake
-0.183,1.527,-0.934,24.097,-57.278,-28.849,Shake
0.275,1.273,-0.820,-54.618,-82.408,-47.985,Shake
-0.360,0.395,1.114,-46.996,-130.480,53.952,Shake
-0.081,-0.670,1.999,-34.265,-59.850,28.411,Shake
-0.095,-0.851,1.999,34.195,100.389,-37.818,Shake
-0.631,0.079,0.982,39.042,87.876,-72.931,Shake
-0.525,1.683,-1.518,33.206,-15.068,-127.925,Shake
0.042,1.569,-0.958,-50.750,14.193,-83.291,Shake
0.033,0.817,-0.208,-143.570,140.691,56.201,Shake
-0.247,0.246,1.414,-78.531,139.659,92.960,Shake
-1.028,-1.063,1.999,81.506,57.662,130.305,Shake
-0.628,-0.673,1.512,10.010,61.740,51.450,Shake
-1.227,0.504,-0.471,93.651,-90.169,-60.690,Shake
-0.403,1.256,-0.800,99.312,-178.526,-107.214,Shake
0.259,1.400,-0.759,-9.818,-87.728,-52.386,Shake
0.114,0.662,0.622,42.368,41.606,34.335,Shake
-0.373,-0.306,1.999,2.056,41.318,145.311,Shake
-0.488,-0.485,1.999,-0.901,62.659,164.885,Shake
-0.656,0.438,0.093,5.451,109.357,70.525,Shake
-0.495,1.137,-0.851,114.371,-103.512,-24.246,Shake
-0.303,1.262,-0.897,-10.981,-104.344,-41.116,Shake
-0.293,0.809,0.284,-63.840,-114.082,-35.586,Shake
0.426,0.119,1.999,-81.812,-184.818,-42.394,Shake
0.082,-0.457,1.999,-49.814,31.903,23.292,Shake
-0.298,0.353,0.560,171.518,118.265,-30.065,Shake
-0.386,1.232,-1.013,109.952,87.439,-29.820,Shake
-0.437,1.460,-1.722,-56.516,24.430,-24.692,Shake
-0.015,0.799,-0.796,-29.584,-30.424,-50.610,Shake
-0.059,0.324,1.999,-55.204,-126.831,24.745,Shake
-0.085,-0.450,1.999,-75.162,-27.344,48.221,Shake
-0.221,-0.462,1.937,16.625,47.845,24.771,Shake
-0.251,1.103,-1.430,201.609,109.777,-53.174,Shake
-0.566,1.638,-1.590,15.479,-38.789,-28.271,Shake
-0.074,0.866,-0.783,-119.857,-58.844,-24.045,Shake
0.222,0.005,1.381,-80.745,-135.712,62.571,Shake
0.170,-0.454,1.999,-114.065,-20.597,70.219,Shake
-0.143,-0.593,1.992,84.893,133.936,38.605,Shake
-0.721,1.416,-1.746,127.732,107.074,-59.001,Shake
-0.452,1.526,-1.774,83.169,-80.736,-80.649,Shake
-0.315,1.312,-1.431,-137.357,-138.259,-65.634,Shake
0.148,-0.075,1.746,-59.237,-101.027,23.782,Shake
0.525,-0.896,1.999,-63.341,60.970,85.496,Shake
-0.323,-0.024,1.940,162.286,74.454,32.778,Shake
-0.986,0.811,0.300,106.033,112.980,2.336,Shake
-0.301,1.592,-1.990,-76.948,-90.650,-66.938,Shake
-0.367,1.217,-0.853,-80.299,-22.995,-27.606,Shake
0.254,0.076,1.195,-18.830,-55.475,-10.719,Shake
1.073,-0.115,1.999,98.997,43.208,61.530,Shake
-0.625,-0.387,1.999,152.329,43.916,72.774,Shake
-0.598,0.181,0.627,100.433,64.566,-16.091,Shake
-0.882,1.624,-1.977,40.862,-44.345,-60.331,Shake
-0.444,1.156,-1.183,-22.487,-135.336,-97.090,Shake
-0.056,0.948,-0.144,-88.191,-68.670,-95.191,Shake
1.033,0.579,1.999,6.790,206.833,82.775,Shake
-0.511,-0.150,1.999,94.920,98.630,184.441,Shake
-0.865,-0.575,1.739,101.701,15.864,111.107,Shake
-0.999,1.310,-1.851,107.223,-41.458,-6.256,Shake
-0.461,1.231,-1.559,-53.996,-148.295,-57.881,Shake
0.090,0.928,-0.635,-112.306,35.175,-67.856,Shake
0.428,0.828,1.994,-88.865,184.879,-83.379,Shake
-0.566,0.480,1.999,-36.916,230.501,67.725,Shake
-0.760,-0.357,1.999,-46.541,19.933,109.436,Shake
-0.798,0.486,-1.099,72.756,-73.220,-25.699,Shake
-0.613,1.341,-1.029,110.189,-139.309,-22.916,Shake
-0.016,1.339,-1.005,-0.726,-11.148,-27.904,Shake
0.000,0.796,0.026,-144.716,116.401,8.899,Shake
-0.579,0.265,1.990,-210.648,95.891,19.329,Shake
-0.638,-0.614,1.999,-33.232,-17.062,55.283,Shake
-0.717,-0.782,1.910,86.336,-91.026,43.680,Shake
-0.578,1.332,-0.720,272.073,-54.189,-31.684,Shake
-0.336,1.508,-1.325,2.424,-74.716,-28.070,Shake
-0.009,1.154,-0.412,-205.730,-2.949,-33.722,Shake
0.191,0.030,1.478,-237.169,34.396,-14.149,Shake
-0.472,-0.566,1.999,-108.360,-59.771,15.339,Shake
-0.583,-0.737,1.935,175.542,7.945,54.101,Shake
-0.389,0.949,-1.198,286.685,-39.690,-23.642,Shake
-0.356,1.214,-1.738,185.150,-139.492,-28.621,Shake
-0.509,1.154,-1.137,-70.674,-77.717,10.316,Shake
0.143,0.453,0.414,-261.441,41.169,31.062,Shake
0.490,-0.009,1.999,-267.995,158.944,78.234,Shake
-0.487,-0.840,1.999,-90.598,117.320,148.076,Shake
-1.078,-0.046,1.543,144.235,-132.230,33.688,Shake
-0.345,0.876,-0.186,216.921,-196.577,-37.783,Shake
-0.120,1.021,-1.275,88.086,-62.248,-23.389,Shake
-0.035,1.074,-0.505,-145.609,100.205,-5.057,Shake
0.262,0.432,0.300,-109.113,285.233,-57.951,Shake
-0.636,0.252,1.999,-56.000,170.327,-9.476,Shake
-1.041,-0.682,1.996,27.948,-123.603,74.541,Shake
-0.305,0.897,0.017,280.971,-103.084,-32.699,Shake
-0.216,1.128,-1.057,211.584,-47.556,-69.860,Shake
-0.316,1.060,-1.286,-24.439,6.029,-75.302,Shake
-0.082,0.658,-0.331,-236.145,67.611,-34.764,Shake
0.281,0.161,1.999,-269.141,120.951,-30.817,Shake
-0.123,-0.603,1.999,-95.550,72.940,45.693,Shake
-1.109,-0.739,1.990,88.918,-45.176,64.243,Shake
-0.616,1.176,0.112,286.685,-146.458,17.430,Shake
-0.369,1.016,-1.119,222.591,-176.356,-85.155,Shake
-0.425,1.079,-1.311,-60.568,-35.184,-1.496,Shake
0.084,0.731,-0.479,-196.122,83.790,4.375,Shake
0.045,0.350,1.872,-283.622,134.155,-4.804,Shake
-0.519,-0.922,1.999,-95.226,-11.104,-0.752,Shake
-0.490,-0.191,1.907,223.335,-108.325,-19.871,Shake
-0.559,0.590,0.541,281.724,-45.439,-95.165,Shake
-0.119,1.061,-1.501,161.753,15.680,-80.465,Shake
-0.556,1.572,-1.284,-55.055,-2.870,15.549,Shake
-0.324,0.937,-0.035,-248.798,132.458,11.095,Shake
-0.240,0.254,1.734,-286.685,163.625,27.702,Shake
-0.800,-1.172,1.999,-172.322,88.445,37.091,Shake
-0.822,-0.280,1.999,159.250,-95.287,28.289,Shake
-0.351,0.574,0.255,193.261,-142.424,-26.976,Shake
-0.058,0.995,-0.585,177.030,-3.876,58.292,Shake
-0.236,1.554,-1.098,-0.647,4.646,83.720,Shake
-0.098,0.793,0.092,-153.029,135.704,-2.126,Shake
-0.226,-0.602,1.967,-108.841,128.765,-17.745,Shake
-0.605,-0.443,1.999,1.199,-117.906,36.986,Shake
-0.701,0.215,1.986,85.829,-270.620,34.379,Shake
-0.642,0.789,-1.222,277.182,-156.572,-60.952,Shake
-0.649,1.179,-1.997,228.673,7.910,-99.601,Shake
-0.068,0.785,-0.772,-284.043,254.223,37.686,Shake
0.113,0.426,1.999,-286.685,285.084,47.635,Shake
-0.340,-0.983,1.999,-109.935,50.697,17.395,Shake
-0.990,-0.789,1.932,254.310,-49.954,87.754,Shake
-0.999,1.614,-1.983,240.214,-180.985,-98.857,Shake
-0.229,1.467,-1.997,76.457,-200.410,-88.366,Shake
-0.111,0.935,-1.662,-58.275,-18.646,1.487,Shake
-0.132,0.363,1.189,-285.723,188.247,-0.341,Shake
-0.165,-0.766,1.999,-88.323,171.019,-62.370,Shake
-0.607,-0.403,1.999,30.214,-83.501,-5.889,Shake
-0.745,0.370,1.026,73.684,-223.746,-9.887,Shake
-0.848,1.583,-0.158,232.881,-239.417,-181.930,Shake
-0.453,0.870,-1.399,42.193,-49.691,-120.741,Shake
-0.850,0.929,-0.613,-272.449,133.079,90.116,Shake
-0.615,0.148,1.477,-275.747,259.971,-0.752,Shake
0.549,-0.666,1.999,-4.874,182.070,-149.310,Shake
-0.708,-0.603,1.256,42.577,-166.749,59.570,Shake
-1.238,1.187,-0.270,198.292,-249.480,-59.334,Shake
-0.656,1.124,-1.135,18.051,-94.745,-125.414,Shake
-0.925,0.978,-1.196,-110.180,110.399,-6.930,Shake
-0.228,0.127,1.864,-28.525,242.454,-70.963,Shake
0.576,-0.763,1.999,-170.756,45.500,-5.171,Shake
-0.820,-0.607,1.254,21.420,-232.059,27.142,Shake
-0.847,0.775,0.554,269.701,-260.592,-14.980,Shake
-1.138,1.543,0.546,133.026,165.777,-91.586,Shake
-0.128,0.572,-1.951,50.190,115.491,-105.455,Shake
-0.391,0.311,-0.941,-113.059,-160.449,57.960,Shake
0.511,1.537,1.999,-90.125,-159.749,114.450,Shake
0.429,-0.381,1.999,-37.765,22.680,50.732,Shake
-0.775,-0.087,0.775,189.035,-8.986,19.644,Shake
-0.719,1.061,-0.515,98.726,-15.129,-4.550,Shake
-0.886,0.975,-0.842,-23.870,-44.231,8.155,Shake
-0.604,0.686,-0.168,-114.188,7.403,45.246,Shake
0.592,0.577,1.999,-60.874,39.839,109.812,Shake
-0.770,-0.957,1.999,-73.526,52.701,111.895,Shake
-1.116,-0.739,1.567,52.237,-72.966,-63.656,Shake
-0.330,0.770,0.535,139.527,-88.427,-112.446,Shake
-0.868,1.553,-0.806,-3.237,98.429,-94.745,Shake
-0.636,0.875,-1.499,7.648,123.043,-33.836,Shake
-0.239,0.443,-0.495,23.511,8.400,13.536,Shake
-0.795,-0.027,1.999,16.354,133.954,-4.778,Shake
0.380,-0.199,1.999,49.630,-197.601,4.305,Shake
-0.429,0.562,0.151,43.557,-242.077,29.365,Shake
-0.811,0.838,-0.414,241.780,16.118,-54.119,Shake
-0.883,1.015,-0.938,53.349,71.041,30.791,Shake
-0.451,0.782,0.184,-194.023,154.236,173.670,Shake
-0.131,-0.283,1.986,-112.875,-49.516,101.229,Shake
-0.038,-0.260,1.999,34.081,-286.633,90.300,Shake
0.010,0.257,0.685,143.596,-245.779,-12.784,Shake
-0.357,1.160,-0.553,197.033,116.165,-17.465,Shake
-0.755,1.313,-1.219,-41.904,240.258,87.990,Shake
-0.358,1.192,-0.516,-182.385,193.410,37.581,Shake
-0.327,-0.098,1.999,-121.905,-29.461,72.485,Shake
0.233,-0.578,1.999,7.682,-70.893,142.564,Shake
-0.420,0.166,0.714,58.713,-103.740,101.054,Shake
-0.790,1.401,-1.166,161.779,-0.971,-42.507,Shake
-0.302,1.098,-0.757,72.625,-76.694,-98.499,Shake
-0.148,0.957,-0.675,-106.041,88.550,-21.263,Shake
-0.023,0.623,1.151,-185.815,144.585,36.374,Shake
-0.149,-0.405,1.999,-56.193,22.899,71.286,Shake
-0.466,-0.275,1.999,81.086,-63.998,47.924,Shake
-0.029,0.510,0.574,124.827,-47.285,13.676,Shake
-0.041,1.497,-1.210,103.320,93.844,9.590,Shake
-0.270,1.557,-1.254,-46.060,45.553,-17.631,Shake
-0.037,1.069,-0.651,-148.523,72.327,-46.305,Shake
-0.034,-0.303,1.636,-171.701,-70.927,-44.397,Shake
-0.269,-0.742,1.999,-164.071,-210.945,27.029,Shake
-0.040,-0.028,1.657,231.184,34.160,-21.814,Shake
-0.107,0.666,0.445,286.685,218.540,3.553,Shake
-0.199,1.440,-1.997,183.872,179.366,17.054,Shake
0.096,1.758,-1.715,-127.864,-34.186,-38.167,Shake
0.217,-0.074,0.542,-248.920,-156.459,-70.857,Shake
-0.001,-0.191,1.999,-281.496,-216.571,26.329,Shake
-0.123,-1.354,1.999,-105.464,-99.173,149.538,Shake
0.173,-0.066,0.846,286.221,94.605,-24.579,Shake
0.226,1.797,-1.997,280.210,286.353,15.312,Shake
0.090,1.756,-1.997,18.436,51.966,33.469,Shake
0.019,0.926,-0.177,-197.960,-36.943,-69.239,Shake
-0.444,0.028,1.998,-148.417,-280.158,-68.889,Shake
-0.297,-0.930,1.999,-238.849,-109.130,104.991,Shake
0.344,-0.631,1.120,101.491,93.800,-19.618,Shake
-0.068,1.632,-1.586,286.405,249.182,-21.044,Shake
0.328,1.910,-1.987,-49.717,29.260,-30.564,Shake
-0.233,1.335,-1.675,-122.736,-30.039,-44.091,Shake
-0.114,-0.166,1.661,-66.832,-135.555,-0.761,Shake
-0.155,-0.500,1.999,-197.146,-158.148,47.241,Shake
0.076,-0.361,1.999,-35.394,-99.680,-33.757,Shake
0.016,0.571,-1.489,-17.754,171.675,-56.359,Shake
-0.264,1.983,-1.997,174.011,116.769,22.435,Shake
-0.470,1.431,-1.137,51.800,69.431,24.299,Shake
0.035,-0.054,1.596,-20.974,-26.653,-1.601,Shake
-0.347,0.185,1.999,-132.921,-115.325,63.210,Shake
-0.002,-0.895,1.999,-99.628,-10.701,61.320,Shake
-0.181,0.390,-0.816,57.680,20.667,-36.251,Shake
-0.046,1.667,-1.370,284.165,69.921,-60.139,Shake
-0.344,1.662,-1.305,-21.823,29.864,-3.509,Shake
-0.628,0.416,0.092,-100.494,-5.416,-8.444,Shake
0.145,0.205,1.999,-197.636,-87.631,38.229,Shake
0.027,-0.763,1.999,-7.236,4.331,42.700,Shake
-0.336,-0.120,1.319,23.677,-7.210,-43.391,Shake
0.061,1.390,-1.295,115.728,93.783,-44.748,Shake
-0.287,1.831,-1.633,6.554,24.421,1.610,Shake
-0.205,0.663,0.037,-35.403,58.844,-14.779,Shake
-0.140,-0.075,1.684,45.859,-90.886,17.631,Shake
-0.035,-0.188,1.999,-8.365,-100.835,11.121,Shake
-0.137,-0.191,1.911,-75.582,8.794,20.265,Shake
-0.330,1.721,-1.962,158.821,65.896,8.715,Shake
-0.011,1.756,-1.471,83.283,-38.605,-8.068,Shake
-0.371,1.083,-0.458,-46.077,-12.714,-29.452,Shake
-0.253,0.078,1.921,-62.816,-149.835,13.055,Shake
0.633,-0.319,1.999,-88.165,-144.471,54.066,Shake
0.478,-0.746,1.999,-13.387,70.805,4.480,Shake
-0.391,1.302,-1.812,176.094,218.277,-2.721,Shake
-0.159,1.657,-1.446,174.720,109.209,-14.000,Shake
-0.289,1.133,-0.666,-86.607,95.961,-10.885,Shake
-0.317,0.196,0.726,-99.374,-142.538,-20.650,Shake
0.033,0.139,1.999,-82.162,-242.620,45.028,Shake
0.055,-0.697,1.999,-69.239,-132.694,28.919,Shake
-0.305,1.230,-1.472,221.961,198.319,-11.419,Shake
0.053,1.631,-1.642,153.143,90.974,-42.499,Shake
-0.218,1.389,-1.149,-56.577,60.454,-52.019,Shake
-0.281,0.317,1.005,-99.838,-11.445,-80.474,Shake
0.018,-0.117,1.999,-32.322,-93.555,13.781,Shake
-0.281,-0.681,1.999,16.415,-23.774,15.059,Shake
-0.438,0.867,-1.615,-69.694,40.460,9.153,Shake
-0.124,1.878,-1.954,87.824,-14.805,-18.708,Shake
-0.276,1.357,-1.105,-80.386,-115.132,-22.505,Shake
-0.128,-0.056,1.312,-38.754,-97.230,3.019,Shake
-0.112,-0.061,1.999,63.009,-14.875,16.739,Shake
0.123,-0.247,1.999,86.931,135.686,26.372,Shake
-0.350,0.470,0.478,-99.304,87.789,29.103,Shake
-0.059,1.714,-1.994,115.264,-35.411,-24.229,Shake
-0.082,1.554,-1.026,56.998,-128.310,-18.156,Shake
-0.128,0.583,-0.155,-103.688,-15.120,-14.333,Shake
-0.096,0.098,1.999,-48.702,-22.479,38.264,Shake
-0.143,-0.419,1.999,24.999,124.381,134.006,Shake
-0.280,-0.605,1.999,-99.522,17.421,37.888,Shake
-0.301,1.492,-1.928,170.074,-44.030,-21.621,Shake
-0.046,1.569,-0.952,35.805,-64.304,-27.108,Shake
-0.072,1.014,-0.614,-121.590,57.409,-22.715,Shake
-0.292,0.069,0.823,-88.113,-1.269,13.711,Shake
-0.289,0.014,1.999,11.856,-51.713,21.980,Shake
-0.195,-0.387,1.999,17.360,-2.328,24.981,Shake
-0.427,0.748,-1.131,-113.488,4.725,-14.324,Shake
-0.275,1.748,-1.636,112.061,-18.524,-54.967,Shake
0.060,1.582,-0.890,8.330,-16.564,-31.517,Shake
0.103,0.640,-0.236,-101.579,114.669,2.144,Shake
-0.212,-0.512,1.988,-24.885,31.920,27.711,Shake
-0.612,-0.408,1.999,154.315,-54.915,10.999,Shake
-0.432,0.084,1.999,37.520,-80.036,18.060,Shake
-0.242,0.981,-1.695,30.371,-80.290,28.017,Shake
-0.019,1.567,-1.175,135.459,-66.211,-14.551,Shake
-0.102,1.405,-1.031,-107.537,32.655,-20.493,Shake
-0.183,0.357,0.117,-151.848,58.975,7.831,Shake
-0.190,0.069,1.999,5.294,-61.994,4.839,Shake
-0.172,-0.365,1.999,25.340,23.993,61.084,Shake
-0.327,-0.087,1.955,-54.924,76.851,27.895,Shake
-0.055,1.528,-1.773,215.766,-16.809,-38.990,Shake
0.049,1.629,-1.210,55.764,-16.634,-17.876,Shake
0.063,0.908,-0.709,-150.754,49.595,15.881,Shake
-0.310,0.017,0.711,-187.408,-9.328,3.132,Shake
-0.217,-0.278,1.999,-53.681,-149.012,24.876,Shake
-0.176,-0.869,1.999,-7.954,15.470,62.291,Shake
-0.669,1.092,-1.709,73.850,86.739,33.714,Shake
0.153,1.693,-1.243,197.269,-41.204,-25.253,Shake
0.138,1.795,-1.237,-5.390,-31.596,-9.039,Shake
0.058,0.388,-0.160,-197.164,61.556,20.388,Shake
-0.313,-0.387,1.998,-98.455,-85.724,18.603,Shake
-0.274,-0.472,1.999,51.240,-99.190,15.540,Shake
-0.263,-0.474,1.999,-56.114,-18.725,-34.729,Shake
0.117,1.527,-1.465,114.144,144.375,-40.985,Shake
0.155,1.690,-1.481,90.912,56.026,51.371,Shake
-0.139,1.349,-0.691,-67.025,91.315,-1.225,Shake
0.059,0.238,0.830,-133.997,-14.516,-32.961,Shake
-0.277,-0.321,1.999,-63.569,-214.620,5.486,Shake
0.115,-0.794,1.999,-76.195,24.885,9.993,Shake
-0.254,0.142,-1.204,128.975,99.207,-25.147,Shake
0.102,1.582,-1.056,281.601,32.524,-1.566,Shake
0.110,1.519,-1.209,56.289,13.449,-8.444,Shake
0.146,0.285,0.495,-101.264,-25.077,-49.560,Shake
-0.014,0.386,1.999,17.745,-98.201,0.035,Shake
-0.100,-0.330,1.999,36.951,-73.964,49.245,Shake
-0.436,0.023,0.280,-83.125,80.640,23.695,Shake
-0.166,1.182,-1.392,209.956,47.889,-27.869,Shake
-0.123,1.413,-1.270,56.779,6.055,-57.496,Shake
-0.148,0.994,-0.881,-55.195,5.976,-73.780,Shake
0.055,0.218,1.069,-49.018,-54.810,-64.234,Shake
0.111,0.216,1.999,71.619,-75.941,-0.087,Shake
0.033,-0.319,1.999,-62.064,37.415,3.255,Shake
-0.316,0.801,-0.917,-191.599,36.732,-1.829,Shake
-0.051,1.477,-1.417,173.110,7.184,-16.240,Shake
-0.227,1.604,-0.973,-27.571,21.464,-13.344,Shake
-0.199,0.415,0.217,-141.041,11.716,-0.779,Shake
-0.276,-0.163,1.990,-119.726,-165.113,5.758,Shake
0.350,-0.533,1.999,-49.682,-58.126,41.221,Shake
0.156,-0.800,0.822,-155.383,61.364,48.072,Shake
-0.057,1.841,-1.523,283.649,39.515,19.364,Shake
-0.218,1.716,-1.330,209.650,-55.781,-4.734,Shake
-0.294,1.409,-1.167,-23.879,11.392,5.171,Shake
-0.426,0.335,0.755,-85.575,-5.381,-22.733,Shake
0.560,-0.126,1.999,2.870,-45.850,4.541,Shake
0.171,-0.777,1.999,-37.861,80.071,71.164,Shake
-0.098,-0.301,1.703,-47.162,82.784,0.595,Shake
-0.119,1.702,-1.957,209.799,-19.224,-26.583,Shake
-0.221,1.553,-1.051,15.514,-70.131,18.874,Shake
-0.213,1.120,-0.632,-118.956,51.415,4.926,Shake
-0.325,0.139,1.144,-165.611,29.234,-48.606,Shake
-0.258,-0.359,1.999,173.329,-43.068,-7.184,Shake
0.000,-0.251,1.999,-16.581,24.334,-23.074,Shake
-0.263,0.931,-0.818,-140.936,63.061,-2.091,Shake
-0.070,1.511,-1.126,161.210,-42.534,-30.625,Shake
-0.052,1.454,-0.943,-53.025,-2.800,-6.370,Shake
0.121,0.038,0.598,-171.413,16.441,35.936,Shake
-0.383,-0.376,1.999,5.696,-94.990,50.873,Shake
0.130,-0.616,1.999,86.389,-16.870,31.045,Shake
-0.405,0.116,-0.566,2.572,93.923,12.635,Shake
-0.343,1.538,-1.451,211.470,-49.849,-70.306,Shake
-0.239,1.619,-1.353,40.171,-39.646,-43.785,Shake
0.096,1.101,-0.831,-107.887,59.360,-30.590,Shake
0.081,-0.006,1.745,-42.945,-38.561,-1.225,Shake
0.241,-0.180,1.999,-79.599,23.153,71.768,Shake
-0.319,-1.018,1.999,21.919,57.750,62.037,Shake
-0.472,0.975,-1.130,53.629,80.185,-8.076,Shake
-0.100,1.604,-1.564,65.686,-114.870,-95.891,Shake
-0.038,1.699,-1.174,-149.669,-70.849,-48.790,Shake
0.159,0.497,-0.026,-193.288,-22.960,45.920,Shake
0.178,-0.432,1.999,-84.525,-36.444,71.251,Shake
-0.106,-1.058,1.999,55.414,82.863,63.910,Shake
-0.421,0.337,-0.548,111.073,96.014,-46.174,Shake
-0.313,1.517,-1.577,233.607,-19.460,-65.214,Shake
-0.062,1.849,-1.424,9.686,-116.471,-16.686,Shake
-0.012,0.833,-0.384,-155.505,10.561,26.206,Shake
0.156,-0.323,1.945,-121.371,3.325,76.379,Shake
-0.068,-0.329,1.999,72.135,58.634,101.701,Shake
-0.465,-0.701,1.999,42.149,65.546,36.715,Shake
-0.528,0.925,-1.559,-32.375,59.719,-55.939,Shake
-0.038,1.997,-1.506,26.539,-144.620,-100.450,Shake
-0.154,1.552,-0.998,-104.213,-37.861,-1.409,Shake
0.296,0.295,0.241,-195.580,5.705,41.405,Shake
-0.087,-0.730,1.999,-182.236,58.511,26.434,Shake
-0.151,-1.775,1.999,-76.396,168.542,73.141,Shake
-0.606,0.702,0.579,263.244,58.231,-6.011,Shake
-0.180,1.578,-0.777,194.066,-73.798,-32.716,Shake
-0.171,1.938,-1.676,-48.904,-203.682,-80.220,Shake
-0.470,1.140,-0.120,-63.525,-76.764,35.000,Shake
0.491,-0.647,1.762,-33.959,24.824,137.673,Shake
0.289,-0.898,1.999,245.350,221.541,156.914,Shake
-0.768,-0.310,1.988,48.265,-16.669,15.951,Shake
-0.568,1.048,-0.841,-83.536,-185.185,-154.026,Shake
-0.769,1.997,-1.063,-36.803,-5.591,-116.935,Shake
-0.211,1.307,-0.459,-25.611,81.681,2.450,Shake
0.562,0.111,1.518,0.376,-0.569,66.474,Shake
0.475,-0.496,1.999,-46.996,-79.573,75.215,Shake
-0.079,-0.659,1.999,-102.970,-58.397,53.147,Shake
-0.478,1.935,-1.526,117.145,81.918,-11.366,Shake
-0.400,1.858,-1.013,114.940,46.244,-13.790,Shake
-0.077,1.213,-0.591,26.679,155.680,-43.522,Shake
-0.026,-0.139,1.946,-104.702,-160.335,-55.020,Shake
0.210,-0.803,1.999,-273.735,-212.415,18.427,Shake
-0.222,-1.890,0.326,-161.761,-12.670,40.513,Shake
-0.102,1.515,-0.519,246.663,129.535,20.055,Shake
-0.315,1.755,-1.115,125.169,67.716,-4.751,Shake
-0.295,1.063,-0.241,-44.327,22.601,9.275,Shake
-0.420,0.317,1.156,-32.077,-59.176,-23.590,Shake
0.483,-0.539,1.999,47.320,-106.216,39.673,Shake
0.030,-0.703,1.999,-71.173,84.245,32.375,Shake
-0.200,1.052,-0.944,-85.925,184.117,44.222,Shake
-0.318,1.850,-1.243,0.971,86.529,35.306,Shake
-0.488,1.385,-0.588,-58.765,-14.700,-20.694,Shake
0.197,0.012,0.921,-65.835,-75.154,-87.098,Shake
-0.148,-0.793,1.999,85.829,-143.754,-13.597,Shake
0.464,-0.768,1.999,38.264,-21.166,-33.057,Shake
-0.003,0.592,-0.433,-26.381,71.846,34.081,Shake
-0.186,1.956,-1.317,52.964,36.873,46.638,Shake
-0.425,1.435,-0.666,34.982,-14.481,-7.577,Shake
-0.408,0.417,0.749,3.054,-69.440,-25.489,Shake
0.152,-0.521,1.999,-10.028,-247.695,3.544,Shake
0.835,-0.814,1.999,-100.135,-47.574,33.329,Shake
0.003,0.781,-0.219,161.770,175.534,-3.342,Shake
-0.306,1.817,-0.965,170.800,187.539,27.519,Shake
-0.169,1.525,-0.678,-2.476,89.906,-16.319,Shake
-0.179,0.536,0.740,-26.880,-38.360,-51.126,Shake
-0.120,-0.488,1.973,42.796,-252.367,-4.637,Shake
0.153,-0.381,1.999,19.180,-208.399,-10.299,Shake
0.487,0.045,0.199,-182.175,-0.359,-26.600,Shake
-0.288,1.573,-0.913,91.236,164.535,29.260,Shake
-0.284,1.332,-0.714,-6.912,55.370,-9.896,Shake
-0.100,0.646,0.005,-13.974,25.323,-2.809,Shake
0.111,-0.081,1.994,128.503,2.783,42.595,Shake
-0.363,-0.136,1.999,131.898,11.594,-3.281,Shake
-0.016,0.374,1.371,-98.805,80.649,-24.614,Shake
-0.103,1.288,-1.667,-108.132,69.335,-28.175,Shake
-0.264,1.622,-1.034,64.365,-54.250,-65.616,Shake
-0.134,0.023,0.273,-53.436,-138.477,-58.450,Shake
0.046,0.025,1.999,137.139,-46.034,3.859,Shake
0.726,-0.270,1.999,77.647,140.219,21.280,Shake
0.126,0.163,1.648,52.299,187.521,21.507,Shake
-0.705,1.796,-1.905,-139.580,114.389,19.311,Shake
-0.300,1.394,-0.987,-29.409,-107.301,-13.624,Shake
-0.185,0.283,0.433,-94.369,-146.274,-49.306,Shake
-0.126,-0.554,1.842,-18.795,-229.583,-17.500,Shake
0.614,-0.331,1.999,26.792,-39.051,-18.200,Shake
0.399,-0.078,0.959,-87.535,43.741,9.835,Shake
-0.386,1.985,-1.203,111.466,115.728,33.171,Shake
-0.191,1.587,-0.770,93.914,44.345,-1.461,Shake
-0.363,0.916,-0.063,-35.333,53.882,4.445,Shake
-0.050,-0.296,1.177,5.460,-90.816,5.057,Shake
-0.091,0.074,1.999,84.236,-119.131,-18.392,Shake
0.202,-0.305,1.993,18.611,50.452,-48.842,Shake
-0.149,0.882,-0.581,-93.747,136.640,-41.562,Shake
-0.470,1.954,-1.466,7.569,66.395,-44.634,Shake
-0.043,0.760,-0.602,-45.028,-62.676,-50.400,Shake
-0.088,-0.125,0.939,38.675,-154.105,8.899,Shake
0.340,0.400,1.999,72.931,-241.325,15.426,Shake
0.380,-0.602,1.998,-14.980,57.103,54.766,Shake
-0.037,0.536,-0.609,-108.876,116.812,14.604,Shake
-0.866,1.898,-1.599,17.255,126.577,-13.387,Shake
-0.252,0.923,-0.504,-46.331,-35.079,-31.745,Shake
0.181,0.019,1.254,-117.128,-122.710,8.243,Shake
-0.028,-0.790,1.999,81.725,-153.527,48.711,Shake
0.150,-0.379,1.999,195.387,53.568,1.312,Shake
-0.307,0.688,0.386,4.988,53.821,-15.068,Shake
-0.595,1.811,-1.571,2.747,68.408,-17.850,Shake
-0.148,1.242,-0.451,-24.194,14.472,-18.392,Shake
-0.016,0.390,0.929,-79.240,-29.986,12.198,Shake
-0.230,-0.134,1.999,-101.552,-144.296,23.686,Shake
0.316,-0.637,1.999,15.426,-46.533,-4.988,Shake
0.019,0.102,0.230,52.369,51.818,-25.673,Shake
-0.596,1.746,-1.223,144.988,97.099,-37.861,Shake
-0.313,1.511,-0.913,-45.745,89.058,-37.756,Shake
0.015,0.813,-0.281,-101.421,144.585,-48.982,Shake
0.115,0.279,1.825,-28.674,19.836,3.885,Shake
-0.274,-0.235,1.999,9.704,-68.985,126.849,Shake
-0.418,-0.509,1.988,17.876,-132.755,25.603,Shake
-0.446,0.541,-0.636,2.441,0.420,7.997,Shake
-0.588,1.490,-1.074,39.664,30.170,1.260,Shake
0.017,1.019,0.145,-97.405,86.975,-7.490,Shake
0.131,-0.171,1.999,-116.979,-69.046,-18.673,Shake
0.056,-0.312,1.999,-44.371,-165.533,23.765,Shake
-0.033,-0.429,1.981,44.179,-119.779,61.486,Shake
-0.300,1.160,-0.871,109.812,20.405,-0.980,Shake
-0.363,1.142,-0.338,66.736,-18.812,-8.855,Shake
-0.219,1.108,-0.564,-13.536,25.165,-32.139,Shake
-0.066,0.445,0.606,-5.224,106.033,-12.049,Shake
-0.273,0.159,1.999,-114.039,-32.042,63.088,Shake
-0.198,-0.281,1.999,-50.356,6.956,36.881,Shake
-0.118,-0.134,1.005,51.188,-61.486,-22.452,Shake
-0.229,1.576,-1.063,142.590,-138.950,-72.949,Shake
-0.460,1.745,-1.307,59.019,-98.368,-33.583,Shake
-0.214,0.460,-0.331,-100.984,109.279,44.713,Shake
-0.198,0.152,1.593,-72.275,174.685,74.926,Shake
0.294,-0.448,1.999,-49.954,183.321,81.296,Shake
-0.318,-0.512,1.987,17.246,89.574,72.695,Shake
-0.581,1.228,-1.205,24.246,-12.495,-10.185,Shake
-0.384,1.942,-1.413,77.210,-83.729,-34.720,Shake
-0.189,1.265,-0.694,-29.374,-59.185,1.899,Shake
0.109,-0.005,0.346,-78.584,1.461,-25.200,Shake
0.103,0.191,1.999,39.804,-214.559,-12.337,Shake
0.325,-0.600,1.999,-44.616,-139.947,1.015,Shake
0.019,0.162,0.037,-75.495,45.518,-10.211,Shake
-0.246,1.967,-1.908,86.625,111.694,0.333,Shake
-0.075,1.369,-0.551,11.410,105.166,-2.467,Shake
0.097,0.664,-0.107,-48.641,109.287,-17.334,Shake
-0.718,0.037,1.999,17.054,-203.114,-36.041,Shake
-0.009,-0.365,1.999,-127.312,-238.262,-0.534,Shake
0.335,-0.193,0.402,34.344,107.257,-112.324,Shake
-0.347,1.726,-1.770,204.811,214.480,-57.846,Shake
-0.268,1.459,-0.855,104.099,166.040,-43.382,Shake
-0.021,0.734,-0.229,-29.304,183.295,-49.586,Shake
-0.398,0.153,1.999,-28.814,-155.277,-2.074,Shake
-0.359,-0.532,1.999,-97.580,-264.784,42.735,Shake
0.103,-0.528,1.963,-55.405,-139.178,-16.835,Shake
-0.695,1.502,-1.277,-86.345,153.204,-0.770,Shake
-0.430,1.473,-0.852,79.800,-56.499,-20.606,Shake
-0.241,1.182,-0.735,-64.820,44.537,-16.721,Shake
-0.031,0.209,0.018,-84.945,68.434,-6.423,Shake
0.146,-0.243,1.999,73.255,-106.146,-0.455,Shake
0.029,-0.658,1.999,-33.801,40.049,27.221,Shake
-0.145,0.451,0.849,10.351,25.007,-35.210,Shake
-1.120,1.941,-1.678,-4.751,2.686,16.861,Shake
-0.290,1.362,-0.451,24.833,-83.746,-41.221,Shake
0.169,0.409,0.215,-91.000,12.416,15.050,Shake
0.386,0.015,1.990,183.890,43.776,31.649,Shake
0.053,-0.121,1.999,129.115,124.329,57.461,Shake
-0.259,0.089,1.717,-0.656,16.923,25.576,Shake
-1.098,1.751,-1.975,108.255,46.620,1.190,Shake
-0.587,1.440,-1.041,39.725,-222.801,-78.908,Shake
-0.162,1.012,-0.675,-50.776,-155.951,-56.219,Shake
0.413,0.288,1.805,-10.194,14.507,15.453,Shake
0.497,-0.373,1.999,-117.670,189.490,60.743,Shake
-0.111,-0.212,1.321,51.695,128.643,-17.308,Shake
-0.347,0.659,-0.515,52.833,97.598,-2.739,Shake
-0.865,1.971,-1.563,-10.614,-76.711,-32.384,Shake
-0.337,1.082,-0.467,-146.764,23.896,-81.445,Shake
0.121,-0.011,1.285,-88.812,73.229,-46.847,Shake
0.185,-0.614,1.999,16.091,79.363,-6.633,Shake
-0.187,-0.922,1.999,52.920,-144.961,-4.865,Shake
-0.368,1.026,-0.921,-25.804,-160.344,21.385,Shake
-0.715,1.730,-0.833,139.046,-145.276,27.414,Shake
-0.822,1.595,-0.769,30.109,-43.715,32.384,Shake
-0.098,0.826,0.130,-137.585,83.125,20.431,Shake
0.379,-0.600,1.999,-150.089,-29.295,-16.888,Shake
0.251,-0.940,1.999,28.105,29.759,37.275,Shake
-0.016,-0.408,1.999,144.883,-53.760,12.574,Shake
-0.840,1.367,-0.864,191.196,110.863,6.396,Shake
-0.403,1.535,-0.987,39.489,-24.561,-27.388,Shake
-0.473,1.191,-0.268,-135.450,71.724,-24.999,Shake
-0.328,0.709,0.377,-174.781,48.002,-57.943,Shake
0.692,-0.661,1.941,-58.914,-5.031,32.874,Shake
-0.164,-0.676,1.999,111.878,-252.989,49.298,Shake
-0.118,0.146,0.503,207.559,-5.784,-64.190,Shake
-0.647,1.597,-0.830,97.711,97.982,-29.829,Shake
-0.729,1.537,-1.262,-37.327,181.134,10.176,Shake
-0.147,1.009,-0.358,-151.182,229.399,22.006,Shake
-0.102,-0.122,1.394,-157.176,-12.976,-22.374,Shake
-0.486,-0.252,1.999,-49.411,-10.377,81.804,Shake
-0.437,-1.366,1.999,-68.512,-273.866,14.866,Shake
-0.396,0.901,-0.797,182.893,-20.466,-18.261,Shake
-0.412,1.707,-0.801,154.613,-55.641,-10.115,Shake
-0.278,1.599,-0.800,-118.370,103.757,6.983,Shake
-0.215,0.740,-0.143,-150.246,199.745,-5.766,Shake
0.200,-0.528,1.979,-104.169,89.040,-36.995,Shake
-0.940,-1.110,1.999,68.548,68.425,80.876,Shake
-0.418,-0.017,1.174,35.088,-189.753,29.155,Shake
-0.595,1.415,-0.840,166.679,-66.010,7.613,Shake
-0.025,1.653,-0.776,52.176,-112.490,-1.295,Shake
-0.510,1.303,-0.571,-82.521,63.455,15.033,Shake
-0.161,0.128,1.155,-151.760,29.006,-15.208,Shake
0.326,-0.749,1.999,-123.856,-130.524,5.320,Shake
0.111,-0.546,1.999,34.195,-63.236,34.055,Shake
-0.468,0.217,0.211,172.742,82.915,-28.411,Shake
-0.234,1.444,-1.455,23.669,210.061,15.995,Shake
-0.270,1.466,-0.986,-64.951,88.401,-3.124,Shake
-0.016,0.513,0.464,-196.044,1.925,-48.501,Shake
-0.063,-0.717,1.999,-138.565,-258.108,-7.079,Shake
-0.057,-1.026,1.999,234.771,-219.818,70.114,Shake
0.284,-0.458,1.307,116.016,97.956,-67.576,Shake
-0.381,1.400,-1.041,119.700,222.495,-41.029,Shake
-0.336,1.672,-0.982,-4.611,137.716,-27.991,Shake
-0.171,0.775,0.116,-101.281,128.004,-46.489,Shake
-0.515,0.037,1.684,-139.143,-116.007,-40.066,Shake
-0.122,-0.490,1.999,19.775,-74.541,3.281,Shake
0.117,-0.793,1.797,111.186,-59.535,-54.162,Shake
-0.502,1.690,-1.868,204.540,107.415,-69.510,Shake
-0.489,1.764,-1.159,-9.581,-40.338,-45.220,Shake
-0.268,1.282,-0.660,-155.636,-16.879,-56.901,Shake
0.122,0.035,1.382,-151.734,-24.211,-35.919,Shake
-0.343,-0.642,1.999,-14.341,-77.647,74.830,Shake
0.027,-0.867,1.984,49.875,-104.064,18.253,Shake
-0.072,0.571,-0.394,87.684,237.624,-10.045,Shake
-0.539,1.474,-1.148,87.395,105.473,-36.006,Shake
-0.521,1.476,-0.550,-72.012,25.611,-33.057,Shake
0.028,0.397,0.573,-155.470,4.366,-13.956,Shake
0.260,-0.347,1.884,-66.946,-215.066,65.774,Shake
-0.041,-1.016,1.999,150.754,-75.810,139.930,Shake
-0.488,-0.551,0.643,126.647,-2.721,60.778,Shake
-0.542,1.299,-0.808,192.404,84.910,37.546,Shake
-0.308,1.579,-0.990,58.336,-3.780,-33.880,Shake
-0.082,1.676,-0.605,-78.671,1.295,-50.855,Shake
-0.185,0.923,0.161,-172.156,10.080,6.983,Shake
0.143,-0.641,1.983,-77.604,-42.096,89.924,Shake
-0.494,-0.621,1.999,-25.944,50.409,92.514,Shake
-0.546,-0.683,1.996,39.349,-45.938,21.858,Shake
-0.719,0.871,-0.848,156.012,-107.835,-51.380,Shake
-0.088,1.436,-1.073,208.775,-104.799,-69.239,Shake
-0.368,1.394,-0.630,19.731,23.240,-24.544,Shake
-0.145,1.130,-0.158,-162.225,170.223,-16.362,Shake
-0.561,0.211,1.576,-272.125,131.915,-18.007,Shake
-0.147,-1.211,1.999,-140.114,27.825,-62.711,Shake
-0.653,-0.438,1.509,126.000,31.649,-8.251,Shake
-0.493,0.911,-0.010,194.206,-86.345,-82.224,Shake
-0.342,1.504,-0.862,97.842,-73.684,-81.865,Shake
-0.129,1.553,-1.232,-42.149,2.310,-26.110,Shake
0.293,0.675,0.157,-10.264,54.644,37.074,Shake
-0.260,-0.178,1.999,-102.673,108.649,65.371,Shake
-0.419,-0.829,1.999,-44.485,85.234,73.001,Shake
-0.918,-0.084,1.999,69.029,-79.809,58.643,Shake
-0.340,0.480,-0.979,112.499,-87.430,34.571,Shake
-0.155,1.283,-1.325,174.571,-45.150,24.955,Shake
-0.192,1.545,-1.084,58.940,-56.403,34.685,Shake
-0.016,0.657,-0.132,-109.287,-3.062,21.140,Shake
-0.063,0.447,1.999,-3.920,157.316,88.209,Shake
-0.928,-0.192,1.999,-8.855,70.534,48.974,Shake
-1.088,0.336,1.857,48.449,-59.693,32.734,Shake
-0.452,0.924,-1.084,154.639,-170.494,-53.200,Shake
0.013,1.448,-1.600,68.355,-110.478,-93.485,Shake
-0.017,1.287,-0.702,-120.942,66.771,-49.219,Shake
-0.030,0.506,0.190,-182.928,204.461,-0.324,Shake
-0.394,-0.267,1.999,-75.320,157.798,-24.789,Shake
-0.912,-0.426,1.999,-42.499,116.821,-1.041,Shake
-0.622,0.617,-0.648,34.431,-147.569,-89.478,Shake
-0.225,1.501,-1.968,199.658,-134.383,-115.885,Shake
-0.366,1.345,-1.100,11.104,-142.467,-89.250,Shake
0.149,0.591,-0.448,-143.027,15.627,-5.968,Shake
-0.583,0.241,1.999,-93.879,121.511,-21.551,Shake
-0.146,-1.083,1.999,-57.365,-57.006,-17.185,Shake
-0.686,0.079,1.013,78.461,-31.202,-1.575,Shake
-0.590,0.591,-0.405,188.396,-44.590,-74.620,Shake
-0.607,0.991,-1.051,58.599,-44.056,-41.029,Shake
-0.420,1.115,-0.704,20.589,-35.289,-5.740,Shake
-0.063,0.790,0.162,1.715,37.975,10.815,Shake
0.459,0.299,1.999,-160.186,-92.619,35.298,Shake
-0.196,-0.060,1.997,-27.458,-96.582,90.169,Shake
-0.692,0.621,0.479,207.445,-21.341,59.920,Shake
-0.484,0.981,-0.419,137.637,34.300,24.089,Shake
-0.650,1.197,-0.737,-104.370,0.280,79.520,Shake
-0.356,0.612,0.159,-188.562,1.383,32.182,Shake
0.425,0.207,1.999,-80.334,-94.308,4.786,Shake
0.172,0.053,1.999,-25.716,-94.325,46.576,Shake
-0.066,0.307,1.300,148.768,16.450,23.310,Shake
-0.521,1.159,-0.311,2.599,124.084,43.208,Shake
-0.473,1.346,-1.076,-123.454,91.866,12.521,Shake
-0.204,1.058,-0.239,-119.402,-33.854,-18.760,Shake
0.719,0.146,1.344,52.482,-106.479,5.215,Shake
0.020,-0.107,1.999,208.810,30.144,82.766,Shake
-0.215,-0.165,1.925,2.301,-72.529,69.169,Shake
-0.418,0.493,0.032,-100.109,47.688,39.690,Shake
-0.381,1.701,-1.882,85.811,153.484,-14.341,Shake
-0.238,1.488,-0.785,-22.208,28.831,-8.190,Shake
0.066,0.339,-0.147,-69.545,-25.401,-33.162,Shake
-0.274,-0.007,1.948,70.534,-205.520,-38.710,Shake
0.313,0.046,1.999,-26.469,-98.753,8.006,Shake
0.064,-0.069,1.586,-32.025,56.560,-38.342,Shake
-0.476,1.483,-1.997,-9.914,186.191,-55.099,Shake
-0.283,1.843,-1.212,39.331,51.853,-38.938,Shake
-0.018,1.419,-0.534,-95.069,-15.750,-30.476,Shake
-0.028,0.398,0.518,-52.614,-107.817,-5.206,Shake
0.276,-0.217,1.999,170.152,-20.081,85.951,Shake
-0.627,-0.774,1.999,85.286,42.341,27.930,Shake
-0.190,0.415,0.775,-111.939,1.452,-29.575,Shake
-0.649,1.806,-1.893,34.554,28.639,-90.344,Shake
-0.132,1.731,-0.539,0.919,82.031,-98.219,Shake
0.340,0.912,-0.330,-28.910,-1.601,-1.102,Shake
-0.065,-0.046,1.999,80.334,-66.815,49.280,Shake
-0.193,-0.004,1.999,69.493,-26.285,107.581,Shake
-0.422,0.095,1.427,-79.537,-18.769,36.295,Shake
-0.470,0.986,-1.997,83.493,165.725,-21.368,Shake
-0.491,1.570,-1.182,56.114,-41.597,-63.525,Shake
0.025,1.258,-0.410,-95.550,-36.732,-70.534,Shake
0.188,0.103,1.830,-42.210,-78.960,41.624,Shake
0.007,-0.046,1.999,64.619,57.636,84.753,Shake
-0.324,-0.403,1.999,76.177,96.399,41.667,Shake
-0.400,0.836,-0.214,-119.009,102.567,18.506,Shake
-0.372,1.671,-1.557,136.509,-27.781,-29.278,Shake
-0.263,1.623,-0.843,-50.164,-45.421,-44.678,Shake
0.137,0.650,-0.361,-120.566,-41.011,-45.640,Shake
0.241,0.105,1.999,121.249,-110.539,35.709,Shake
-0.492,-0.121,1.999,147.735,129.789,58.590,Shake
-0.565,0.062,1.585,-11.664,27.239,-23.109,Shake
-0.307,1.250,-1.595,-233.791,-36.505,-35.350,Shake
-0.395,1.639,-1.271,69.361,-100.800,-83.081,Shake
-0.015,1.117,-0.559,-74.349,2.485,-65.923,Shake
0.112,0.146,1.846,-86.363,16.914,12.294,Shake
-0.135,-0.037,1.999,-4.060,29.032,41.816,Shake
-0.721,-0.361,1.999,67.988,55.029,22.076,Shake
-0.267,0.658,0.224,-110.154,19.714,-64.645,Shake
-0.418,1.720,-1.865,81.988,-74.506,-85.890,Shake
-0.354,1.485,-1.003,18.961,-113.076,-72.931,Shake
-0.172,0.955,-0.392,-129.649,7.770,-19.224,Shake
0.213,0.052,1.838,8.864,26.696,57.129,Shake
-0.481,-0.445,1.999,75.871,92.619,94.019,Shake
-0.812,-0.189,1.999,102.235,-22.794,43.041,Shake
-0.425,1.231,-0.898,-136.658,-54.810,-18.226,Shake
-0.257,1.513,-1.141,147.420,-77.394,-39.025,Shake
-0.235,1.222,-0.364,-73.439,-1.234,-10.421,Shake
0.000,0.457,1.233,-78.129,81.357,14.438,Shake
0.061,-0.036,1.999,34.755,-4.323,0.770,Shake
-0.572,-0.079,1.999,33.880,-46.042,34.318,Shake
-0.346,0.403,0.166,-64.671,34.615,-0.752,Shake
-0.540,1.056,-1.835,126.683,-89.075,-60.419,Shake
-0.499,1.639,-1.021,19.836,-66.999,-42.691,Shake
-0.041,0.704,-0.175,-126.831,95.585,-22.181,Shake
0.330,-0.116,1.999,43.881,92.838,-19.836,Shake
-0.506,-0.329,1.999,17.185,89.504,48.904,Shake
-1.122,-0.029,1.999,63.123,-49.481,-3.859,Shake
-0.190,1.260,-0.796,-157.316,-85.295,-53.917,Shake
-0.285,1.768,-0.896,60.016,-98.228,-49.980,Shake
-0.318,1.095,-0.366,-78.164,-25.699,21.796,Shake
0.047,0.577,0.299,-97.991,33.101,34.886,Shake
0.208,-0.339,1.999,115.526,150.010,104.134,Shake
-1.255,-0.500,1.999,83.921,30.371,58.914,Shake
-0.636,0.839,-0.646,-108.692,-92.706,-52.430,Shake
-0.029,1.212,-1.991,169.663,-159.075,-77.184,Shake
-0.605,1.637,-0.917,58.301,-42.682,-29.059,Shake
-0.370,0.774,-0.401,-57.610,137.891,14.403,Shake
0.695,0.187,1.999,82.976,272.186,80.369,Shake
-1.258,0.035,1.999,86.957,117.416,126.446,Shake
-1.198,0.142,1.961,130.419,-24.806,96.215,Shake
-0.398,1.062,-0.403,-117.906,-141.846,-8.995,Shake
-0.085,1.425,-1.751,-134.286,-286.545,-29.260,Shake
-0.696,1.278,-0.447,-87.027,-106.540,-47.285,Shake
-0.102,0.322,0.842,5.854,101.832,13.466,Shake
0.228,0.194,1.999,143.360,286.685,7.744,Shake
-1.113,0.161,1.999,214.305,272.589,20.528,Shake
-0.596,0.467,1.503,-71.339,-58.625,-52.859,Shake
0.328,1.104,-1.997,-47.827,-286.685,-86.931,Shake
-0.451,1.429,-1.004,82.871,-99.452,-20.615,Shake
-0.242,0.571,-0.249,5.530,4.742,-37.100,Shake
-0.053,0.697,1.938,-57.461,182.866,-14.858,Shake
-1.175,0.030,1.999,27.029,240.529,2.957,Shake
-1.157,0.006,1.999,100.993,22.479,-24.483,Shake
-0.456,0.887,-0.519,4.226,-196.035,-92.400,Shake
0.016,1.203,-1.275,-1.942,-216.458,-57.592,Shake
-0.528,1.002,-0.938,-39.139,86.511,-27.519,Shake
-0.459,0.555,0.054,-27.458,160.571,-20.808,Shake
-0.184,0.303,1.999,25.821,156.345,-88.016,Shake
-1.209,0.119,1.999,-30.923,-19.915,38.780,Shake
-0.670,0.279,0.866,-50.671,-264.049,-10.141,Shake
-0.243,0.696,-0.610,39.375,-127.890,19.014,Shake
-0.506,1.154,-1.325,82.985,8.164,23.817,Shake
-0.549,0.898,-0.392,45.631,58.739,3.360,Shake
-0.358,0.298,1.042,-44.126,155.715,-1.496,Shake
-0.540,0.158,1.999,-20.195,27.300,-44.800,Shake
-0.406,0.434,1.999,-4.008,-105.787,28.026,Shake
-0.461,0.914,1.137,-52.220,-138.110,103.040,Shake
-0.667,1.219,-0.554,-118.309,18.086,-8.172,Shake
-0.264,0.768,-1.569,-67.121,75.302,-62.107,Shake
-0.596,1.005,0.009,-38.509,-18.900,6.615,Shake
-0.179,0.206,1.116,-93.126,-35.429,-5.827,Shake
-0.020,-0.235,1.999,-66.946,-147.280,4.576,Shake
-0.152,-0.557,1.999,20.851,-37.914,96.364,Shake
-0.559,0.379,0.430,80.771,-58.371,69.213,Shake
-0.163,0.931,-0.503,207.462,53.847,-6.965,Shake
-0.212,1.100,-0.727,58.266,64.277,-12.425,Shake
-0.137,0.991,-0.455,-2.476,17.763,73.132,Shake
0.010,0.945,1.032,-91.088,-50.312,132.003,Shake
-0.032,0.025,1.999,-112.402,-69.387,161.857,Shake
-0.799,-0.108,1.999,116.777,-104.055,141.829,Shake
-0.254,0.299,0.819,123.926,-91.980,83.580,Shake
-0.578,0.929,-1.134,177.030,95.550,26.618,Shake
-0.427,1.278,-1.367,58.476,-26.224,-46.314,Shake
0.064,1.181,0.347,-129.762,19.985,-18.900,Shake
0.259,0.132,1.998,-79.686,-32.961,-68.215,Shake
-0.042,0.049,1.999,133.516,-41.580,-56.499,Shake
-0.092,0.354,1.626,133.367,66.378,-48.816,Shake
-0.155,0.839,-1.450,161.700,203.219,-44.179,Shake
-0.479,1.345,-1.997,41.772,29.706,-33.259,Shake
-0.161,1.078,-1.180,-62.396,-13.746,-64.286,Shake
0.209,0.302,1.369,-281.059,-153.247,-52.351,Shake
-0.011,-0.221,1.999,-247.188,-118.930,-32.165,Shake
-0.236,-0.230,1.999,128.327,96.084,25.970,Shake
-0.295,0.609,0.561,196.945,102.769,33.268,Shake
-0.195,1.341,-1.010,128.887,4.629,8.689,Shake
-0.454,1.398,-0.911,-63.018,-62.431,0.359,Shake
-0.259,0.801,-0.044,-105.831,-97.764,11.550,Shake
-0.194,0.234,0.920,-78.120,67.637,65.783,Shake
-0.333,0.184,1.999,42.446,186.515,85.050,Shake
-0.468,0.260,1.999,115.981,198.144,81.926,Shake
-0.220,0.644,0.709,-76.562,-143.675,-44.048,Shake
0.546,1.563,-1.604,-125.064,15.881,-41.956,Shake
0.064,1.129,-0.110,-58.861,-23.161,69.702,Shake
-0.090,0.489,1.114,-209.659,-29.881,60.620,Shake
-0.698,-0.387,1.999,-219.625,-121.599,-3.465,Shake
-0.143,-0.323,1.685,12.460,-127.146,53.611,Shake
-0.019,0.075,0.597,183.654,-36.540,14.630,Shake
0.053,1.369,-0.973,253.102,129.658,-45.115,Shake
-0.175,1.506,-1.133,44.415,87.272,-34.956,Shake
-0.065,0.660,0.007,-189.577,54.670,-57.636,Shake
-0.531,0.237,1.589,-232.811,-79.476,-41.414,Shake
0.419,-0.561,1.999,-116.865,-130.401,16.188,Shake
-0.275,-0.626,1.823,99.015,-11.559,77.122,Shake
-0.019,0.841,-0.156,194.548,75.626,-26.600,Shake
0.129,1.433,-1.198,110.679,87.964,-8.015,Shake
-0.116,1.601,-0.941,-44.240,45.789,11.550,Shake
-0.077,0.678,0.030,-168.201,32.393,33.478,Shake
-0.635,-0.725,1.999,-183.601,-152.451,31.071,Shake
-0.207,-0.627,1.999,9.328,-85.120,34.125,Shake
-0.465,-0.382,1.575,136.124,-25.218,-13.458,Shake
0.008,0.900,-0.356,243.469,72.581,-70.114,Shake
-0.150,1.762,-1.494,151.288,37.537,-52.964,Shake
0.095,1.242,-0.892,-87.054,8.601,-33.355,Shake
0.214,0.513,0.454,-148.094,38.106,1.942,Shake
0.033,-0.439,1.999,-205.923,-24.080,32.349,Shake
-0.617,-1.081,1.999,-3.876,10.640,65.695,Shake
-0.524,0.130,1.274,185.946,78.479,-0.761,Shake
-0.500,1.133,-0.429,202.090,101.745,-29.085,Shake
0.031,1.762,-1.839,87.395,11.086,-53.357,Shake
0.143,1.294,-0.680,-109.620,0.543,-50.855,Shake
0.219,0.235,1.266,-141.348,8.164,16.940,Shake
-0.194,-0.390,1.999,-144.393,-115.500,49.779,Shake
-0.363,-0.555,1.999,20.991,-81.270,102.410,Shake
-0.317,-0.142,0.965,104.466,15.400,34.834,Shake
-0.080,1.648,-1.722,231.893,31.456,17.552,Shake
-0.114,1.863,-1.520,115.535,-86.012,-27.956,Shake
-0.139,1.308,-0.848,-35.333,-44.030,-22.689,Shake
-0.164,0.156,1.061,-170.100,13.720,-1.881,Shake
-0.058,-0.734,1.999,-174.440,-18.830,19.022,Shake
-0.298,-0.795,1.999,95.253,11.839,16.109,Shake
-0.315,0.390,0.410,199.290,2.118,-12.049,Shake
0.039,1.597,-1.473,168.306,-32.996,-21.411,Shake
-0.187,1.695,-1.281,-8.006,-102.244,-9.266,Shake
-0.212,1.256,-0.347,-198.389,92.802,35.525,Shake
-0.119,0.338,0.999,-212.188,166.215,10.500,Shake
-0.289,-0.831,1.999,-150.010,53.882,-34.519,Shake
-0.625,-0.579,1.999,62.213,-49.193,-29.129,Shake
-0.405,0.258,-1.481,227.955,-84.507,-25.121,Shake
-0.065,1.655,-1.266,281.715,-196.271,-70.044,Shake
0.178,1.401,-1.170,-13.309,-49.096,-32.121,Shake
0.185,0.619,0.024,-209.720,167.239,26.959,Shake
-0.267,-0.385,1.999,-189.709,181.685,34.746,Shake
-0.712,-1.112,1.999,-44.546,57.768,54.827,Shake
-0.472,-0.167,1.858,137.996,-75.845,29.907,Shake
-0.339,1.414,-1.136,270.699,-149.432,-26.626,Shake
-0.062,1.475,-0.972,77.534,-173.731,-31.019,Shake
-0.259,1.398,-0.687,-180.941,27.851,7.866,Shake
0.281,0.514,0.312,-239.663,168.735,38.028,Shake
0.162,-0.504,1.999,-131.591,239.916,34.116,Shake
-0.974,-0.784,1.999,66.439,80.299,30.782,Shake
-1.056,-0.018,1.242,99.514,-117.618,-27.440,Shake
-0.588,1.424,-1.429,101.036,-217.744,-56.096,Shake
-0.126,1.585,-0.688,96.040,-219.870,-87.386,Shake
-0.046,1.239,-0.590,-143.010,6.379,-48.606,Shake
0.264,0.474,0.690,-188.536,211.732,27.344,Shake
0.019,-0.424,1.961,-87.027,198.756,12.084,Shake
-0.728,-0.922,1.999,37.222,99.348,19.688,Shake
-0.909,0.021,1.517,45.124,-37.205,0.298,Shake
-0.286,1.981,-1.342,183.715,-92.838,-4.463,Shake
0.006,1.568,-1.137,142.240,-118.729,-25.987,Shake
0.207,1.100,-0.483,-93.800,54.766,18.025,Shake
-0.006,0.336,0.992,-132.283,119.210,37.380,Shake
-0.314,-0.870,1.999,-129.754,-80.211,53.331,Shake
-0.808,-0.638,1.999,-24.378,-70.954,62.195,Shake
-0.966,0.694,-0.059,142.240,-28.333,27.528,Shake
-0.271,1.354,-0.728,233.607,-138.819,8.059,Shake
-0.011,1.425,-0.945,60.393,-41.160,-0.989,Shake
0.016,1.367,-0.197,-70.455,93.467,33.661,Shake
0.155,0.422,0.799,-228.629,183.951,-17.990,Shake
-0.246,-0.758,1.999,-133.018,-96.049,-48.772,Shake
-0.667,-0.417,1.980,111.641,-94.552,-11.891,Shake
-0.567,0.490,-0.410,256.524,-56.096,15.059,Shake
-0.316,1.413,-1.281,249.839,-91.857,-13.816,Shake
0.098,1.601,-0.805,-36.146,72.616,-27.282,Shake
0.336,0.739,0.215,-282.695,218.033,-31.176,Shake
-0.103,0.368,1.999,-257.163,29.864,-53.226,Shake
-0.516,-1.127,1.999,-97.755,-120.243,-2.520,Shake
-0.897,-0.207,1.666,154.254,-137.445,41.974,Shake
-0.421,1.070,-0.334,228.777,-115.281,0.087,Shake
-0.315,1.450,-1.777,124.486,-122.080,-88.463,Shake
0.244,1.376,-0.978,-15.505,12.145,-93.765,Shake
0.109,0.634,-0.063,-202.807,217.026,47.985,Shake
-0.703,-0.011,1.999,-179.288,283.115,81.375,Shake
-1.416,-0.933,1.999,18.524,43.444,66.876,Shake
-1.384,-0.284,1.721,172.865,-142.695,29.531,Shake
-0.124,1.009,-0.345,263.401,-269.701,-32.506,Shake
0.074,1.261,-0.892,209.738,-95.830,-46.034,Shake
-0.061,1.364,-1.045,-42.919,115.832,-22.785,Shake
0.256,0.924,0.092,-132.562,249.541,-33.478,Shake
-0.011,0.411,1.358,-166.023,134.006,-44.240,Shake
-0.786,-0.601,1.999,-44.144,-261.214,51.853,Shake
-1.048,0.134,1.775,136.798,-109.646,7.175,Shake
-0.486,0.770,-0.607,186.008,117.084,52.439,Shake
0.146,1.451,-1.615,96.967,123.261,21.481,Shake
0.277,1.489,-0.636,-87.981,135.905,-50.006,Shake
0.452,0.632,0.310,-171.526,187.128,-34.589,Shake
-0.191,-0.210,1.999,-217.901,-80.999,14.945,Shake
-1.963,-0.560,1.999,-97.396,-248.553,79.993,Shake
-0.491,-0.033,1.234,186.629,-119.831,8.417,Shake
0.173,1.221,-1.326,204.102,13.116,-36.916,Shake
0.335,1.823,-1.454,23.660,-56.507,-79.721,Shake
0.405,1.418,-1.076,-87.876,-31.491,-84.805,Shake
0.069,0.153,1.058,-187.040,-8.374,21.271,Shake
-0.845,-0.370,1.999,-200.865,-69.982,65.319,Shake
-0.544,-0.736,1.999,105.350,-23.712,0.000,Shake
-0.520,0.101,1.061,224.884,-31.141,-47.005,Shake
0.029,1.552,-1.891,225.146,84.866,-98.219,Shake
0.285,1.898,-1.843,-35.096,-34.213,-72.459,Shake
0.319,0.749,-0.639,-206.771,-17.815,4.716,Shake
-0.442,0.191,1.779,-176.356,0.954,71.619,Shake
-0.349,-1.045,1.999,-163.992,-48.904,68.661,Shake
-0.497,-0.380,1.990,124.040,-60.944,14.682,Shake
-0.292,1.040,-1.115,220.264,5.407,-83.396,Shake
-0.262,1.742,-1.927,227.325,23.441,-65.966,Shake
-0.204,1.677,-1.558,-77.289,-85.488,-14.193,Shake
0.204,0.419,0.155,-240.485,46.576,21.105,Shake
-0.608,-0.336,1.999,-228.891,42.770,52.229,Shake
0.062,-1.341,1.999,-74.524,39.699,17.369,Shake
-0.444,-0.112,1.797,224.009,69.895,12.661,Shake
-0.234,1.393,-1.705,258.475,-15.076,-46.935,Shake
-0.170,1.697,-1.587,27.554,-123.156,-28.989,Shake
-0.233,1.604,-1.053,-121.511,-101.745,1.015,Shake
0.163,0.053,0.762,-196.630,-22.452,24.710,Shake
-0.082,-0.620,1.999,-156.363,97.493,25.034,Shake
-0.515,-0.589,1.999,110.906,85.785,-10.701,Shake
-0.649,0.400,1.009,134.356,67.952,-4.244,Shake
-0.336,1.254,-1.321,180.539,24.491,17.351,Shake
-0.238,1.675,-1.677,57.181,-63.298,-8.164,Shake
-0.050,1.260,-0.396,-156.949,-21.962,-16.214,Shake
0.549,0.386,1.121,-211.173,37.520,30.782,Shake
-0.197,-0.584,1.999,-199.824,-6.282,25.734,Shake
-0.475,-0.928,1.999,115.290,-81.183,33.941,Shake
-0.253,0.392,0.470,286.685,12.276,38.719,Shake
-0.620,1.261,-1.595,285.478,41.597,28.079,Shake
-0.486,1.660,-1.366,15.873,-1.732,-13.842,Shake
-0.241,1.153,-0.388,-204.111,65.993,-68.486,Shake
1.317,0.013,1.978,-191.765,-30.310,-88.384,Shake
-0.243,-0.466,1.999,-179.856,-166.005,-6.142,Shake
-0.163,-0.841,1.822,128.739,-168.376,7.805,Shake
-0.596,0.900,0.226,265.615,84.341,57.041,Shake
-0.273,1.510,-1.625,99.698,69.431,21.271,Shake
-0.354,1.533,-0.683,-118.466,-13.379,-19.994,Shake
-0.147,1.012,-0.212,-189.044,35.639,-27.046,Shake
-0.363,-0.181,1.803,-127.120,25.786,-34.379,Shake
-0.226,-0.547,1.999,-8.155,-21.385,-35.805,Shake
-0.200,-0.242,1.172,35.560,24.876,-20.212,Shake
-0.021,0.628,-0.727,172.961,18.200,13.983,Shake
-0.079,1.638,-1.096,286.615,1.951,8.426,Shake
-0.434,1.331,-1.177,32.585,-104.221,-11.191,Shake
-0.328,0.854,0.188,-194.346,-176.461,-38.281,Shake
0.029,-0.099,1.966,-235.917,-70.805,13.536,Shake
0.184,-0.494,1.999,-118.808,60.287,61.548,Shake
0.180,-0.134,1.959,167.396,178.867,78.636,Shake
-0.449,0.919,-0.771,133.271,31.561,24.815,Shake
-0.360,1.828,-1.424,-18.121,-100.476,-16.844,Shake
-0.534,1.645,-0.863,-127.190,-94.246,-14.368,Shake
0.005,0.596,0.122,-250.346,2.135,-7.140,Shake
-0.357,-0.692,1.999,-257.845,96.040,48.624,Shake
-0.213,-1.102,1.999,-1.697,32.979,2.047,Shake
-0.442,0.009,0.800,185.456,-31.430,19.399,Shake
0.166,0.899,-0.901,206.089,13.300,28.910,Shake
-0.327,1.992,-1.951,80.334,14.691,41.860,Shake
-0.200,1.461,-0.565,-101.281,-4.961,-35.499,Shake
-0.032,-0.267,1.300,-71.724,9.914,-83.335,Shake
-0.014,-0.023,1.999,-112.683,-174.134,-53.987,Shake
0.136,-1.255,1.999,-49.805,-131.976,133.018,Shake
0.255,0.124,0.130,280.061,-1.837,31.491,Shake
-0.703,1.798,-1.997,286.685,49.901,11.270,Shake
-0.168,1.690,-1.997,205.520,-9.852,-63.053,Shake
0.179,1.316,-1.022,-233.520,11.620,-79.021,Shake
-0.491,0.181,1.999,-283.080,4.323,-88.620,Shake
-0.106,-0.817,1.999,-281.925,-31.622,49.507,Shake
0.360,-1.886,1.627,-99.426,-13.352,64.006,Shake
0.220,0.989,0.034,286.633,11.568,49.595,Shake
-0.510,1.883,-1.385,83.702,-7.367,32.357,Shake
-0.689,1.755,-1.077,-126.324,-57.654,36.006,Shake
-0.776,0.896,-0.271,-152.583,22.146,-3.964,Shake
-0.124,-0.388,1.999,-149.476,27.816,-109.340,Shake
0.790,-1.426,1.999,-96.548,99.382,22.216,Shake
-0.046,0.214,0.662,172.988,75.416,107.923,Shake
-0.567,1.414,-0.508,138.985,-62.405,31.911,Shake
-0.256,1.788,-0.791,-15.120,-72.529,26.889,Shake
-0.325,1.237,-0.494,-58.135,49.735,22.173,Shake
-0.398,0.093,1.465,-0.472,21.254,2.940,Shake
0.078,-0.586,1.999,2.835,5.443,-16.389,Shake
-0.123,-0.691,1.999,8.374,5.941,5.040,Shake
-0.378,0.629,-0.498,121.537,-57.820,63.061,Shake
-0.207,1.864,-1.182,152.477,-116.471,-76.475,Shake
-0.212,1.599,-0.879,-39.690,-22.461,-59.815,Shake
0.086,1.038,-0.447,-122.692,71.969,-23.791,Shake
-0.413,-0.200,1.969,-63.910,101.360,7.219,Shake
0.223,-0.456,1.999,-47.285,26.066,16.914,Shake
-0.146,-0.307,1.897,29.461,-43.181,33.390,Shake
-0.682,0.815,-0.723,60.463,-86.993,15.592,Shake
-0.201,1.682,-1.151,244.221,-14.805,-33.635,Shake
-0.269,1.527,-0.781,-40.478,41.265,-46.016,Shake
-0.285,0.505,0.205,-166.425,122.509,-77.516,Shake
-0.356,-0.049,1.605,-102.463,57.094,-44.432,Shake
-0.010,-0.270,1.999,-102.253,-147.630,-9.249,Shake
-0.040,-0.382,1.143,-11.025,-98.262,13.344,Shake
-0.259,1.167,-0.796,180.163,5.040,25.699,Shake
-0.345,1.923,-1.267,49.009,36.925,-5.582,Shake
-0.407,1.688,-1.242,-74.637,46.821,-22.916,Shake
-0.216,0.576,-0.128,-124.661,107.065,-25.007,Shake
0.277,-0.205,1.999,-92.076,7.026,6.046,Shake
-0.408,-1.229,1.999,-106.452,-90.965,63.577,Shake
-0.317,-0.651,1.808,82.338,-69.746,59.045,Shake
-0.273,1.026,-1.148,264.749,-21.017,69.615,Shake
-0.283,1.755,-1.330,127.137,-10.150,-0.569,Shake
-0.190,1.410,-0.789,-120.899,61.661,-61.583,Shake
-0.105,0.678,-0.254,-155.601,133.271,-100.686,Shake
0.608,0.067,1.999,-66.832,12.075,-52.404,Shake
-0.558,-0.820,1.999,-88.183,-157.833,58.564,Shake
-0.237,-0.115,0.518,78.522,-91.262,43.768,Shake
-0.410,1.319,-1.026,248.447,-41.632,26.093,Shake
-0.206,1.797,-1.090,101.955,-99.234,-14.805,Shake
-0.221,1.299,-0.647,-104.921,-5.119,-5.093,Shake
0.059,-0.096,1.567,-74.743,98.674,-2.065,Shake
-0.110,-0.138,1.999,-85.356,93.643,28.901,Shake
-0.302,-0.713,1.999,-75.504,93.660,30.826,Shake
-0.182,0.376,-0.116,120.601,-30.459,-43.347,Shake
-0.060,1.798,-1.284,183.409,-39.996,-70.052,Shake
0.081,1.893,-1.174,-58.266,-58.914,-69.493,Shake
0.228,1.005,-0.490,-130.462,-4.961,-12.994,Shake
-0.756,0.309,1.884,-101.631,4.804,18.130,Shake
-0.029,-1.109,1.999,-126.884,56.612,40.110,Shake
-0.531,-0.375,1.803,23.984,22.234,52.334,Shake
-0.615,0.438,-0.195,103.574,-49.149,30.494,Shake
-0.029,1.797,-0.670,76.921,-68.731,-23.284,Shake
-0.293,1.850,-1.157,-70.341,82.460,-22.417,Shake
-0.368,0.680,-0.443,-111.466,138.521,-1.234,Shake
0.048,-0.347,1.654,68.320,52.097,-35.376,Shake
-0.417,-0.335,1.999,67.270,-79.704,-20.046,Shake
-0.549,-0.605,1.811,-46.769,-39.314,23.135,Shake
0.155,1.463,-1.316,6.974,-2.126,42.586,Shake
-0.069,1.997,-1.695,85.426,101.614,24.999,Shake
-0.069,1.327,-0.960,44.520,133.980,-23.433,Shake
-0.388,0.297,0.926,100.109,60.156,-81.567,Shake
-0.012,0.383,1.999,-55.221,-286.492,-47.399,Shake
-0.270,-0.606,1.999,-142.144,-189.053,72.756,Shake
0.028,-0.097,-0.288,-75.880,-53.217,78.426,Shake
-0.153,1.914,-1.254,252.193,125.195,86.109,Shake
-0.362,1.475,-1.103,65.021,110.031,4.568,Shake
-0.154,1.067,-0.537,-26.381,151.716,-77.035,Shake
-0.599,0.127,1.558,-13.449,7.079,-111.624,Shake
-0.240,0.081,1.999,-39.077,-207.051,23.677,Shake
-0.239,-0.250,1.739,-140.962,-162.811,44.100,Shake
-0.228,1.191,-1.054,48.799,46.077,38.019,Shake
-0.216,1.973,-1.488,67.113,119.753,-8.794,Shake
-0.234,1.294,-0.871,-92.391,101.911,-48.676,Shake
0.054,0.286,1.142,-45.001,116.419,-70.228,Shake
-0.909,-0.244,1.999,93.564,-44.091,12.460,Shake
-0.948,-0.412,1.999,41.423,-104.160,32.620,Shake
-0.248,0.079,-0.032,-168.210,-91.735,57.724,Shake
0.052,1.892,-1.293,149.126,16.503,27.597,Shake
-0.135,1.434,-0.822,23.704,15.540,-21.131,Shake
-0.214,1.024,-0.687,-76.274,80.675,-38.456,Shake
-0.234,0.112,1.696,10.911,65.599,0.026,Shake
-0.627,-0.256,1.999,164.885,-7.035,74.393,Shake
-0.403,0.118,1.973,0.788,-115.316,43.356,Shake
-0.194,1.119,-0.710,-133.411,-105.543,39.673,Shake
0.062,1.377,-1.077,110.495,-15.033,-27.615,Shake
-0.394,1.342,-0.438,-20.274,40.434,-44.126,Shake
-0.310,0.468,0.641,-75.836,118.020,-40.583,Shake
-0.531,0.085,1.999,29.750,81.139,-20.772,Shake
-0.656,-0.126,1.999,25.611,-38.377,-11.550,Shake
-0.314,0.163,1.722,-99.059,-112.875,9.677,Shake
-0.054,1.390,-1.565,128.301,17.780,37.896,Shake
0.011,1.707,-0.963,141.505,2.704,-14.796,Shake
-0.349,1.174,-0.535,-81.349,26.854,-38.824,Shake
-0.189,0.394,1.356,-69.991,-10.229,-45.955,Shake
-0.045,-0.279,1.999,43.846,-45.474,-11.349,Shake
-0.420,-0.453,1.999,5.539,-12.626,55.519,Shake
-0.433,0.372,-0.675,-20.073,-0.875,73.272,Shake
-0.083,1.688,-1.336,80.771,14.149,26.862,Shake
-0.103,1.541,-1.183,-82.040,32.454,-47.425,Shake
-0.188,0.694,-0.657,-102.926,96.259,-45.876,Shake
-0.119,-0.119,1.986,48.256,62.965,-17.806,Shake
-0.638,-0.306,1.999,58.013,-40.101,35.201,Shake
-0.461,0.145,1.591,-120.811,-82.049,48.501,Shake
-0.301,0.694,-1.386,160.965,-39.130,42.805,Shake
0.056,1.728,-1.215,141.199,40.224,-20.405,Shake
-0.276,1.189,-0.822,-89.154,108.762,-43.391,Shake
-0.504,0.326,0.898,-115.631,75.740,-56.446,Shake
-0.620,-0.458,1.999,124.478,-86.004,-61.154,Shake
-0.623,0.144,1.999,53.506,-163.424,4.401,Shake
0.118,-0.175,0.259,-98.228,-145.801,35.709,Shake
-0.168,1.769,-1.278,181.466,86.520,74.401,Shake
0.132,1.682,-1.575,39.025,28.805,-6.694,Shake
-0.208,1.137,-0.927,-35.586,88.305,-27.011,Shake
-0.570,0.586,1.129,-15.251,117.022,-13.904,Shake
-0.625,-0.234,1.999,75.618,64.207,22.470,Shake
-1.082,-0.017,1.999,-0.858,-124.863,29.312,Shake
-0.558,0.150,1.389,-57.706,-220.622,28.586,Shake
0.102,1.278,-1.279,-25.200,-35.490,100.643,Shake
0.158,1.818,-1.044,-37.327,29.934,13.230,Shake
0.027,1.311,-0.656,-108.071,154.761,-17.859,Shake
0.036,0.535,0.896,-102.988,174.869,16.485,Shake
-0.842,-0.282,1.999,21.560,116.366,86.695,Shake
-1.200,-0.041,1.999,112.936,-172.445,-19.854,Shake
0.156,0.130,0.088,-191.091,-274.426,-50.986,Shake
0.001,1.007,-1.223,33.241,-100.826,-6.291,Shake
-0.030,1.546,-0.761,161.193,-35.263,-53.603,Shake
-0.018,0.891,-0.378,27.965,137.769,-59.745,Shake
-0.166,0.476,1.697,83.431,153.300,-48.037,Shake
-0.411,0.440,1.999,32.778,56.350,-20.878,Shake
-0.702,0.048,1.999,-62.388,-114.800,54.215,Shake
-0.126,0.387,-0.062,-83.834,-163.319,23.529,Shake
