2026-07-31 09:34:56,349 [INFO] Activator:176 - 


2026-07-31 09:34:56,349 [INFO] Activator:177 - !SESSION log4j initialized
2026-07-31 09:35:00,491 [INFO] LogOutputStream:77 - [STDOUT_REDIRECT] 
2026-07-31 09:35:06,546 [INFO] ApplicationProperties:184 - Using Application install path: C:\ST\STM32CubeIDE_1.19.0\STM32CubeIDE\plugins\com.st.stm32cube.common.mx_6.15.0.202507011659
2026-07-31 09:35:06,561 [INFO] DbMcusXml:78 - Set database path to: C:\ST\STM32CubeIDE_1.19.0\STM32CubeIDE\plugins\com.st.stm32cube.common.mx_6.15.0.202507011659\\db\/mcu/
2026-07-31 09:35:06,562 [INFO] ApiDb:274 - Set plugin database path to: C:\ST\STM32CubeIDE_1.19.0\STM32CubeIDE\plugins\com.st.stm32cube.common.mx_6.15.0.202507011659\\db\/plugins/boardmanager/
2026-07-31 09:35:06,562 [WARN] ApiDb:259 - Overriding images path with different value:  => C:\ST\STM32CubeIDE_1.19.0\STM32CubeIDE\plugins\com.st.stm32cube.common.mx_6.15.0.202507011659\\db\/plugins/mcufinder/images/
2026-07-31 09:35:06,568 [INFO] ApiDb:250 - Set database path to: C:\Users\ADMIN\.stmcufinder\plugins\mcufinder//mcu/
2026-07-31 09:35:06,569 [INFO] DbMcusAds:125 - Set database path to: C:\Users\ADMIN\.stmcufinder\plugins\mcufinder//mcu/
2026-07-31 09:35:06,571 [INFO] CrossReferenceDbSqlite:203 - Set database path to: C:\Users\ADMIN\.stmcufinder\plugins\mcufinder//mcu/cs/
2026-07-31 09:35:06,657 [INFO] RulesReader:64 - Compatibility file has been processed (317 Rules)
2026-07-31 09:35:06,713 [INFO] DbMcusXml:78 - Set database path to: C:\ST\STM32CubeIDE_1.19.0\STM32CubeIDE\plugins\com.st.stm32cube.common.mx_6.15.0.202507011659\\db\/mcu/
2026-07-31 09:35:06,713 [INFO] ApiDb:274 - Set plugin database path to: C:\ST\STM32CubeIDE_1.19.0\STM32CubeIDE\plugins\com.st.stm32cube.common.mx_6.15.0.202507011659\\db\/plugins/boardmanager/
2026-07-31 09:35:06,713 [INFO] ApiDb:261 - Set plugin images path to: C:\ST\STM32CubeIDE_1.19.0\STM32CubeIDE\plugins\com.st.stm32cube.common.mx_6.15.0.202507011659\\db\/plugins/mcufinder/images/
2026-07-31 09:35:06,713 [WARN] DbFile:41 - Overriding database path with different value: C:\Users\ADMIN\.stmcufinder\plugins\mcufinder/ => C:\Users\ADMIN\.stmcufinder\plugins\mcufinder
2026-07-31 09:35:06,713 [INFO] ApiDb:250 - Set database path to: C:\Users\ADMIN\.stmcufinder\plugins\mcufinder//mcu/
2026-07-31 09:35:06,713 [WARN] DbFile:41 - Overriding database path with different value: C:\Users\ADMIN\.stmcufinder\plugins\mcufinder/ => C:\Users\ADMIN\.stmcufinder\plugins\mcufinder
2026-07-31 09:35:06,713 [INFO] DbMcusAds:125 - Set database path to: C:\Users\ADMIN\.stmcufinder\plugins\mcufinder//mcu/
2026-07-31 09:35:06,713 [WARN] DbFile:41 - Overriding database path with different value: C:\Users\ADMIN\.stmcufinder\plugins\mcufinder/ => C:\Users\ADMIN\.stmcufinder\plugins\mcufinder
2026-07-31 09:35:06,713 [WARN] DbFile:41 - Overriding database path with different value: C:\Users\ADMIN\.stmcufinder\plugins\mcufinder/ => C:\Users\ADMIN\.stmcufinder\plugins\mcufinder
2026-07-31 09:35:06,713 [INFO] CrossReferenceDbSqlite:203 - Set database path to: C:\Users\ADMIN\.stmcufinder\plugins\mcufinder//mcu/cs/
2026-07-31 09:35:06,769 [INFO] MainPanel:274 - HeapMemory: 270532608
2026-07-31 09:35:06,863 [INFO] DbMcusXml:78 - Set database path to: C:\ST\STM32CubeIDE_1.19.0\STM32CubeIDE\plugins\com.st.stm32cube.common.mx_6.15.0.202507011659\\db\/mcu/
2026-07-31 09:35:06,863 [INFO] ApiDb:274 - Set plugin database path to: C:\ST\STM32CubeIDE_1.19.0\STM32CubeIDE\plugins\com.st.stm32cube.common.mx_6.15.0.202507011659\\db\/plugins/boardmanager/
2026-07-31 09:35:06,863 [INFO] ApiDb:261 - Set plugin images path to: C:\ST\STM32CubeIDE_1.19.0\STM32CubeIDE\plugins\com.st.stm32cube.common.mx_6.15.0.202507011659\\db\/plugins/mcufinder/images/
2026-07-31 09:35:06,863 [WARN] DbFile:41 - Overriding database path with different value: C:\Users\ADMIN\.stmcufinder\plugins\mcufinder/ => C:\Users\ADMIN\.stmcufinder\plugins\mcufinder
2026-07-31 09:35:06,863 [INFO] ApiDb:250 - Set database path to: C:\Users\ADMIN\.stmcufinder\plugins\mcufinder//mcu/
2026-07-31 09:35:06,863 [WARN] DbFile:41 - Overriding database path with different value: C:\Users\ADMIN\.stmcufinder\plugins\mcufinder/ => C:\Users\ADMIN\.stmcufinder\plugins\mcufinder
2026-07-31 09:35:06,863 [INFO] DbMcusAds:125 - Set database path to: C:\Users\ADMIN\.stmcufinder\plugins\mcufinder//mcu/
2026-07-31 09:35:06,863 [WARN] DbFile:41 - Overriding database path with different value: C:\Users\ADMIN\.stmcufinder\plugins\mcufinder/ => C:\Users\ADMIN\.stmcufinder\plugins\mcufinder
2026-07-31 09:35:06,863 [WARN] DbFile:41 - Overriding database path with different value: C:\Users\ADMIN\.stmcufinder\plugins\mcufinder/ => C:\Users\ADMIN\.stmcufinder\plugins\mcufinder
2026-07-31 09:35:06,864 [INFO] CrossReferenceDbSqlite:203 - Set database path to: C:\Users\ADMIN\.stmcufinder\plugins\mcufinder//mcu/cs/
2026-07-31 09:35:06,875 [INFO] ApplicationProperties:184 - Using Application install path: C:\ST\STM32CubeIDE_1.19.0\STM32CubeIDE\plugins\com.st.stm32cube.common.mx_6.15.0.202507011659
2026-07-31 09:35:06,876 [INFO] PluginManage:196 - Search for loadable plugins [exclusion list=, ]
2026-07-31 09:35:06,877 [INFO] PluginManage:310 - Check plugin analytics
2026-07-31 09:35:11,985 [INFO] AnalyticsPlugin:253 - Accepted Software Licenses: 
2026-07-31 09:35:11,986 [INFO] AnalyticsPlugin:255 - Accepted CMSIS Pack Licenses: STMicroelectronics.X-CUBE-AI.10.2.1
2026-07-31 09:35:11,986 [INFO] AnalyticsPlugin:257 - Accepted Firmware Licenses: FW.L4.1.18.0
2026-07-31 09:35:11,987 [INFO] PluginManage:359 - Loaded plugin analytics (category:tool,tabindex:-1)
2026-07-31 09:35:11,987 [INFO] PluginManage:310 - Check plugin cadmodel
2026-07-31 09:35:11,993 [INFO] CADModel:105 - Init CAD model plugin
2026-07-31 09:35:11,993 [INFO] PluginManage:359 - Loaded plugin cadmodel (category:power,tabindex:5)
2026-07-31 09:35:11,993 [INFO] PluginManage:310 - Check plugin clock
2026-07-31 09:35:12,000 [INFO] PluginManage:359 - Loaded plugin clock (category:base,tabindex:2)
2026-07-31 09:35:12,000 [INFO] PluginManage:310 - Check plugin ddr
2026-07-31 09:35:12,002 [INFO] PluginManage:359 - Loaded plugin ddr (category:tool,tabindex:6)
2026-07-31 09:35:12,002 [INFO] PluginManage:310 - Check plugin filemanager
2026-07-31 09:35:12,119 [INFO] PluginManage:359 - Loaded plugin filemanager (category:base,tabindex:10)
2026-07-31 09:35:12,119 [INFO] PluginManage:310 - Check plugin ipmanager
2026-07-31 09:35:12,124 [INFO] PluginManage:359 - Loaded plugin ipmanager (category:base,tabindex:5)
2026-07-31 09:35:12,124 [INFO] PluginManage:310 - Check plugin lpbam
2026-07-31 09:35:12,131 [INFO] PluginManage:359 - Loaded plugin lpbam (category:base,tabindex:0)
2026-07-31 09:35:12,131 [INFO] PluginManage:310 - Check plugin memorymap
2026-07-31 09:35:12,141 [INFO] PluginManage:359 - Loaded plugin memorymap (category:base,tabindex:4)
2026-07-31 09:35:12,141 [INFO] PluginManage:310 - Check plugin pinoutandconfiguration
2026-07-31 09:35:12,148 [INFO] PluginManage:359 - Loaded plugin pinoutandconfiguration (category:base,tabindex:1)
2026-07-31 09:35:12,148 [INFO] PluginManage:310 - Check plugin pinoutconfig
2026-07-31 09:35:12,216 [WARN] SupportedApi:132 - Cannot load RTOS API schema: s4s-elt-must-match.1: The content of 'definitions' must match (annotation?, (simpleType | complexType)?, (unique | key | keyref)*)). A problem was found starting at: attribute.
2026-07-31 09:35:12,323 [INFO] PluginManage:359 - Loaded plugin pinoutconfig (category:base,tabindex:0)
2026-07-31 09:35:12,324 [INFO] PluginManage:310 - Check plugin power
2026-07-31 09:35:12,331 [INFO] PluginManage:359 - Loaded plugin power (category:power,tabindex:4)
2026-07-31 09:35:12,331 [INFO] PluginManage:310 - Check plugin projectmanager
2026-07-31 09:35:12,344 [INFO] PluginManage:359 - Loaded plugin projectmanager (category:projectmanager,tabindex:4)
2026-07-31 09:35:12,345 [INFO] PluginManage:310 - Check plugin rif
2026-07-31 09:35:12,353 [INFO] PluginManage:359 - Loaded plugin rif (category:base,tabindex:3)
2026-07-31 09:35:12,353 [INFO] PluginManage:310 - Check plugin thirdparty
2026-07-31 09:35:12,460 [INFO] PluginManage:359 - Loaded plugin thirdparty (category:base,tabindex:-1)
2026-07-31 09:35:12,460 [WARN] IntegrityCheckThread:84 - waiting for thirdparty lock release [integrity check]
2026-07-31 09:35:12,461 [INFO] IntegrityCheckThread:86 - entering critical section [integrity check]
2026-07-31 09:35:12,461 [INFO] PluginManage:310 - Check plugin tools
2026-07-31 09:35:12,461 [INFO] ThirdPartyUpdaterWithRetryManager:70 - Updater plugin not ready yet. [1/15]
2026-07-31 09:35:12,463 [INFO] PluginManage:359 - Loaded plugin tools (category:base,tabindex:7)
2026-07-31 09:35:12,463 [INFO] PluginManage:310 - Check plugin tutovideos
2026-07-31 09:35:12,615 [INFO] PluginManage:359 - Loaded plugin tutovideos (category:base,tabindex:-1)
2026-07-31 09:35:12,616 [INFO] PluginManage:310 - Check plugin updater
2026-07-31 09:35:12,633 [INFO] PluginManage:359 - Loaded plugin updater (category:base,tabindex:12)
2026-07-31 09:35:12,633 [INFO] PluginManage:310 - Check plugin userauth
2026-07-31 09:35:12,636 [INFO] UserAuth:118 - Init User Auth plugin
2026-07-31 09:35:12,637 [INFO] PluginManage:359 - Loaded plugin userauth (category:base,tabindex:14)
2026-07-31 09:35:12,637 [INFO] PluginManage:283 - PluginManage : Loaded plugins [18]
2026-07-31 09:35:12,788 [INFO] PinOutPanel:1589 - setPackage(No Configuration,No Configuration)
2026-07-31 09:35:12,851 [INFO] CADModel:165 - CPN selected for project level
2026-07-31 09:35:12,851 [INFO] CADModel:114 - Register for checkConnection events
2026-07-31 09:35:12,866 [INFO] IPUIPlugin:80 - create IPUIPlugin
2026-07-31 09:35:12,866 [INFO] PluginManager:220 - loadIPPluginJar : add adc
2026-07-31 09:35:12,868 [INFO] IPUIPlugin:80 - create IPUIPlugin
2026-07-31 09:35:12,868 [INFO] PluginManager:220 - loadIPPluginJar : add aes
2026-07-31 09:35:12,871 [INFO] IPUIPlugin:80 - create IPUIPlugin
2026-07-31 09:35:12,871 [INFO] PluginManager:220 - loadIPPluginJar : add can
2026-07-31 09:35:12,873 [INFO] IPUIPlugin:80 - create IPUIPlugin
2026-07-31 09:35:12,873 [INFO] PluginManager:220 - loadIPPluginJar : add comp
2026-07-31 09:35:12,876 [INFO] IPUIPlugin:80 - create IPUIPlugin
2026-07-31 09:35:12,876 [INFO] PluginManager:220 - loadIPPluginJar : add cryp
2026-07-31 09:35:12,879 [INFO] IPUIPlugin:80 - create IPUIPlugin
2026-07-31 09:35:12,879 [INFO] PluginManager:220 - loadIPPluginJar : add ddr_ctrl_phy
2026-07-31 09:35:12,880 [INFO] IPUIPlugin:80 - create IPUIPlugin
2026-07-31 09:35:12,880 [INFO] PluginManager:220 - loadIPPluginJar : add dfsdm
2026-07-31 09:35:12,885 [INFO] IPUIPlugin:80 - create IPUIPlugin
2026-07-31 09:35:12,885 [INFO] PluginManager:220 - loadIPPluginJar : add dma
2026-07-31 09:35:12,887 [INFO] IPUIPlugin:80 - create IPUIPlugin
2026-07-31 09:35:12,887 [INFO] PluginManager:220 - loadIPPluginJar : add dma3
2026-07-31 09:35:12,889 [INFO] IPUIPlugin:80 - create IPUIPlugin
2026-07-31 09:35:12,889 [INFO] PluginManager:220 - loadIPPluginJar : add extmemmanager
2026-07-31 09:35:12,891 [INFO] IPUIPlugin:80 - create IPUIPlugin
2026-07-31 09:35:12,891 [INFO] PluginManager:220 - loadIPPluginJar : add fatfs
2026-07-31 09:35:12,894 [INFO] IPUIPlugin:80 - create IPUIPlugin
2026-07-31 09:35:12,894 [INFO] PluginManager:220 - loadIPPluginJar : add fmc
2026-07-31 09:35:12,899 [INFO] IPUIPlugin:80 - create IPUIPlugin
2026-07-31 09:35:12,899 [INFO] PluginManager:220 - loadIPPluginJar : add freertos
2026-07-31 09:35:12,900 [INFO] IPUIPlugin:80 - create IPUIPlugin
2026-07-31 09:35:12,900 [INFO] PluginManager:220 - loadIPPluginJar : add genericplugin
2026-07-31 09:35:12,902 [INFO] IPUIPlugin:80 - create IPUIPlugin
2026-07-31 09:35:12,902 [INFO] PluginManager:220 - loadIPPluginJar : add gfxmmu
2026-07-31 09:35:12,906 [INFO] IPUIPlugin:80 - create IPUIPlugin
2026-07-31 09:35:12,906 [INFO] PluginManager:220 - loadIPPluginJar : add gic
2026-07-31 09:35:12,909 [INFO] IPUIPlugin:80 - create IPUIPlugin
2026-07-31 09:35:12,910 [INFO] PluginManager:220 - loadIPPluginJar : add gpio
2026-07-31 09:35:12,912 [INFO] IPUIPlugin:80 - create IPUIPlugin
2026-07-31 09:35:12,912 [INFO] PluginManager:220 - loadIPPluginJar : add gtzc
2026-07-31 09:35:12,914 [INFO] IPUIPlugin:80 - create IPUIPlugin
2026-07-31 09:35:12,914 [INFO] PluginManager:220 - loadIPPluginJar : add hash
2026-07-31 09:35:12,916 [INFO] IPUIPlugin:80 - create IPUIPlugin
2026-07-31 09:35:12,916 [INFO] PluginManager:220 - loadIPPluginJar : add i2c
2026-07-31 09:35:12,919 [INFO] IPUIPlugin:80 - create IPUIPlugin
2026-07-31 09:35:12,919 [INFO] PluginManager:220 - loadIPPluginJar : add i2s
2026-07-31 09:35:12,921 [INFO] IPUIPlugin:80 - create IPUIPlugin
2026-07-31 09:35:12,921 [INFO] PluginManager:220 - loadIPPluginJar : add i3c
2026-07-31 09:35:12,924 [INFO] IPUIPlugin:80 - create IPUIPlugin
2026-07-31 09:35:12,924 [INFO] PluginManager:220 - loadIPPluginJar : add ipddr
2026-07-31 09:35:12,930 [INFO] IPUIPlugin:80 - create IPUIPlugin
2026-07-31 09:35:12,931 [INFO] PluginManager:220 - loadIPPluginJar : add linkedlist
2026-07-31 09:35:12,933 [INFO] IPUIPlugin:80 - create IPUIPlugin
2026-07-31 09:35:12,933 [INFO] PluginManager:220 - loadIPPluginJar : add lorawan
2026-07-31 09:35:12,935 [INFO] IPUIPlugin:80 - create IPUIPlugin
2026-07-31 09:35:12,935 [INFO] PluginManager:220 - loadIPPluginJar : add ltdc
2026-07-31 09:35:12,940 [INFO] IPUIPlugin:80 - create IPUIPlugin
2026-07-31 09:35:12,940 [INFO] PluginManager:220 - loadIPPluginJar : add mdma
2026-07-31 09:35:12,944 [INFO] IPUIPlugin:80 - create IPUIPlugin
2026-07-31 09:35:12,944 [INFO] PluginManager:220 - loadIPPluginJar : add nvic
2026-07-31 09:35:12,946 [INFO] IPUIPlugin:80 - create IPUIPlugin
2026-07-31 09:35:12,946 [INFO] PluginManager:220 - loadIPPluginJar : add opamp
2026-07-31 09:35:12,949 [INFO] IPUIPlugin:80 - create IPUIPlugin
2026-07-31 09:35:12,949 [INFO] PluginManager:220 - loadIPPluginJar : add openamp
2026-07-31 09:35:12,951 [INFO] IPUIPlugin:80 - create IPUIPlugin
2026-07-31 09:35:12,951 [INFO] PluginManager:220 - loadIPPluginJar : add pdm2pcm
2026-07-31 09:35:12,956 [INFO] IPUIPlugin:80 - create IPUIPlugin
2026-07-31 09:35:12,958 [INFO] PluginManager:220 - loadIPPluginJar : add plateformsettings
2026-07-31 09:35:12,959 [INFO] IPUIPlugin:80 - create IPUIPlugin
2026-07-31 09:35:12,959 [INFO] PluginManager:220 - loadIPPluginJar : add quadspi
2026-07-31 09:35:12,961 [INFO] IPUIPlugin:80 - create IPUIPlugin
2026-07-31 09:35:12,961 [INFO] PluginManager:220 - loadIPPluginJar : add radio
2026-07-31 09:35:12,964 [INFO] IPUIPlugin:80 - create IPUIPlugin
2026-07-31 09:35:12,964 [INFO] PluginManager:220 - loadIPPluginJar : add resmgrutility
2026-07-31 09:35:12,966 [INFO] IPUIPlugin:80 - create IPUIPlugin
2026-07-31 09:35:12,966 [INFO] PluginManager:220 - loadIPPluginJar : add sai
2026-07-31 09:35:12,968 [INFO] IPUIPlugin:80 - create IPUIPlugin
2026-07-31 09:35:12,968 [INFO] PluginManager:220 - loadIPPluginJar : add spi
2026-07-31 09:35:12,972 [INFO] IPUIPlugin:80 - create IPUIPlugin
2026-07-31 09:35:12,972 [INFO] PluginManager:220 - loadIPPluginJar : add stm32_wpan
2026-07-31 09:35:12,973 [INFO] IPUIPlugin:80 - create IPUIPlugin
2026-07-31 09:35:12,973 [INFO] PluginManager:220 - loadIPPluginJar : add tim
2026-07-31 09:35:12,975 [INFO] IPUIPlugin:80 - create IPUIPlugin
2026-07-31 09:35:12,975 [INFO] PluginManager:220 - loadIPPluginJar : add touchsensing
2026-07-31 09:35:12,977 [INFO] IPUIPlugin:80 - create IPUIPlugin
2026-07-31 09:35:12,977 [INFO] PluginManager:220 - loadIPPluginJar : add tracer_emb
2026-07-31 09:35:12,979 [INFO] IPUIPlugin:80 - create IPUIPlugin
2026-07-31 09:35:12,979 [INFO] PluginManager:220 - loadIPPluginJar : add ts
2026-07-31 09:35:12,980 [INFO] IPUIPlugin:80 - create IPUIPlugin
2026-07-31 09:35:12,980 [INFO] PluginManager:220 - loadIPPluginJar : add tsc
2026-07-31 09:35:12,981 [INFO] IPUIPlugin:80 - create IPUIPlugin
2026-07-31 09:35:12,981 [INFO] PluginManager:220 - loadIPPluginJar : add ucpd
2026-07-31 09:35:12,983 [INFO] IPUIPlugin:80 - create IPUIPlugin
2026-07-31 09:35:12,983 [INFO] PluginManager:220 - loadIPPluginJar : add usart
2026-07-31 09:35:12,985 [INFO] IPUIPlugin:80 - create IPUIPlugin
2026-07-31 09:35:12,985 [INFO] PluginManager:220 - loadIPPluginJar : add usbx
2026-07-31 09:35:13,096 [FATAL] Updater:351 - Updater called before beeing initialized
2026-07-31 09:35:13,127 [INFO] RulesReader:64 - Compatibility file has been processed (317 Rules)
2026-07-31 09:35:13,140 [INFO] RulesReader:64 - Compatibility file has been processed (317 Rules)
2026-07-31 09:35:13,151 [INFO] CADModel:165 - CPN selected for project level
2026-07-31 09:35:13,151 [INFO] CADModel:114 - Register for checkConnection events
2026-07-31 09:35:13,151 [FATAL] Updater:351 - Updater called before beeing initialized
2026-07-31 09:35:13,151 [ERROR] CADModel:125 - Updater not yet initialized, retry later 
2026-07-31 09:35:13,254 [FATAL] Updater:351 - Updater called before beeing initialized
2026-07-31 09:35:13,256 [INFO] CADModel:165 - CPN selected for project level
2026-07-31 09:35:13,256 [INFO] CADModel:114 - Register for checkConnection events
2026-07-31 09:35:13,256 [FATAL] Updater:351 - Updater called before beeing initialized
2026-07-31 09:35:13,256 [ERROR] CADModel:125 - Updater not yet initialized, retry later 
2026-07-31 09:35:13,259 [FATAL] Updater:351 - Updater called before beeing initialized
2026-07-31 09:35:13,346 [FATAL] Updater:351 - Updater called before beeing initialized
2026-07-31 09:35:13,349 [INFO] DbMcusAds:53 - JSON generation date=Wed Jul 15 15:16:00 IST 2026 (1784108760991)
2026-07-31 09:35:13,349 [FATAL] Updater:351 - Updater called before beeing initialized
2026-07-31 09:35:13,376 [WARN] DetailPanel:346 - Failed to get advertising image, set to default
2026-07-31 09:35:13,432 [FATAL] Updater:351 - Updater called before beeing initialized
2026-07-31 09:35:13,433 [FATAL] Updater:351 - Updater called before beeing initialized
2026-07-31 09:35:13,433 [FATAL] Updater:351 - Updater called before beeing initialized
2026-07-31 09:35:13,434 [WARN] DetailPanel:346 - Failed to get advertising image, set to default
2026-07-31 09:35:13,434 [FATAL] Updater:351 - Updater called before beeing initialized
2026-07-31 09:35:13,465 [ERROR] Updater:1198 - MainUpdater not yet initialized. External WinMGr cannot be set.
2026-07-31 09:35:13,466 [INFO] Updater:1134 - Updater Version found : 6.15.0
2026-07-31 09:35:13,480 [INFO] ApplicationProperties:184 - Using Application install path: C:\ST\STM32CubeIDE_1.19.0\STM32CubeIDE\plugins\com.st.stm32cube.common.mx_6.15.0.202507011659
2026-07-31 09:35:15,061 [ERROR] LogOutputStream:75 - [STDERR_REDIRECT] Jul 31, 2026 9:35:15 AM java.util.prefs.WindowsPreferences <init>
2026-07-31 09:35:15,062 [ERROR] LogOutputStream:75 - [STDERR_REDIRECT] WARNING: Could not open/create prefs root node Software\JavaSoft\Prefs at root 0xffffffff80000002. Windows RegCreateKeyEx(...) returned error code 5.
2026-07-31 09:35:15,062 [ERROR] LogOutputStream:75 - [STDERR_REDIRECT] 
2026-07-31 09:35:15,338 [INFO] MainUpdater:2872 - connection check result : 10
2026-07-31 09:35:15,339 [INFO] MainUpdater:289 - Updater Check For Update Now.
2026-07-31 09:35:15,339 [INFO] MicroXplorer:498 - Change Database Version : DB.6.0.150
2026-07-31 09:35:15,346 [INFO] McuFinderGlobals:63 - Set McuFinder mode to 2 (CubeIDE integrated)
2026-07-31 09:35:15,348 [INFO] UserAuth:487 - Internet connection configuration mode: 1
2026-07-31 09:35:15,381 [INFO] JxBrowserEngine:152 - Initiate JxBrowser Engine with user profile folder
2026-07-31 09:35:15,463 [WARN] MainUpdater:1193 - Updater busy. Cannot search thirdparties
2026-07-31 09:35:15,463 [INFO] ThirdPartyUpdaterWithRetryManager:96 - Updater plugin is busy. [1/15]
2026-07-31 09:35:15,511 [INFO] CheckServerUpdateThread:120 - End of CheckServer Thread
2026-07-31 09:35:16,241 [INFO] WebApp:169 - Instantiating new browser for Auth
2026-07-31 09:35:16,880 [INFO] WebApp:463 - Apply proxy settings
2026-07-31 09:35:16,880 [INFO] WebApp:548 - Chromium requires no authentication
2026-07-31 09:35:16,908 [INFO] WebApp:491 - Direct internet connection detected
2026-07-31 09:35:16,958 [INFO] WebApp:900 - Register for checkConnection events
2026-07-31 09:35:16,958 [INFO] WebApp:463 - Apply proxy settings
2026-07-31 09:35:16,958 [INFO] WebApp:548 - Chromium requires no authentication
2026-07-31 09:35:16,958 [INFO] WebApp:491 - Direct internet connection detected
2026-07-31 09:35:17,169 [INFO] WebApp:225 - Starting web application
2026-07-31 09:35:17,169 [INFO] WebApp:593 - Web application path used C:\ST\STM32CubeIDE_1.19.0\STM32CubeIDE\plugins\com.st.stm32cube.common.mx_6.15.0.202507011659\db\plugins\mcufinder\reactClient1\index.html
2026-07-31 09:35:17,235 [INFO] WebApp:191 - Connection restablished
2026-07-31 09:35:17,325 [INFO] UserAuth:487 - Internet connection configuration mode: 1
2026-07-31 09:35:18,638 [WARN] PackLoader:240 - Cannot read IP mode file for STMicroelectronics.X-CUBE-AZRTOS-H7.3.5.0
2026-07-31 09:35:18,646 [WARN] PackLoader:240 - Cannot read IP mode file for STMicroelectronics.FP-ATR-ASTRA1.2.0.3
2026-07-31 09:35:18,652 [ERROR] Engine:466 - C:\Users\ADMIN\.stm32cubemx\thirdparties\pdsc\STMicroelectronics.X-CUBE-SMBUS.2.1.1.pdsc: PDSC version is not supported
2026-07-31 09:35:18,664 [WARN] PackLoader:240 - Cannot read IP mode file for STMicroelectronics.X-CUBE-AZRTOS-F7.1.1.0
2026-07-31 09:35:18,672 [WARN] PackLoader:240 - Cannot read IP mode file for STMicroelectronics.X-CUBE-FREERTOS.1.6.0
2026-07-31 09:35:18,676 [WARN] PackLoader:240 - Cannot read IP mode file for STMicroelectronics.FP-SNS-MOTENV1.5.1.0
2026-07-31 09:35:18,691 [WARN] PackLoader:240 - Cannot read IP mode file for STMicroelectronics.X-CUBE-AZRTOS-H7RS.1.3.0
2026-07-31 09:35:18,710 [WARN] PackLoader:240 - Cannot read IP mode file for WES.I-CUBE-Cesium.1.4.0
2026-07-31 09:35:18,719 [WARN] PackLoader:240 - Cannot read IP mode file for STMicroelectronics.X-CUBE-DISPLAY.3.0.0
2026-07-31 09:35:18,733 [WARN] PackLoader:240 - Cannot read IP mode file for STMicroelectronics.X-CUBE-GNSS1.7.1.1
2026-07-31 09:35:18,740 [WARN] PackLoader:240 - Cannot read IP mode file for STMicroelectronics.FP-SNS-MOTENVWB1.1.5.0
2026-07-31 09:35:18,745 [WARN] PackLoader:240 - Cannot read IP mode file for STMicroelectronics.X-CUBE-NFC10.1.0.0
2026-07-31 09:35:18,752 [WARN] PackLoader:240 - Cannot read IP mode file for STMicroelectronics.X-CUBE-ST60.1.1.0
2026-07-31 09:35:18,757 [WARN] PackLoader:240 - Cannot read IP mode file for emotas.I-CUBE-CANOPEN.1.3.0
2026-07-31 09:35:18,761 [WARN] PackLoader:240 - Cannot read IP mode file for wolfSSL.I-CUBE-wolfSSL.5.9.2
2026-07-31 09:35:18,765 [ERROR] Engine:466 - C:\Users\ADMIN\.stm32cubemx\thirdparties\pdsc\STMicroelectronics.X-CUBE-WBA.1.1.0.pdsc: PDSC version is not supported
2026-07-31 09:35:18,772 [WARN] PackLoader:240 - Cannot read IP mode file for STMicroelectronics.FP-SNS-STBOX1.2.1.0
2026-07-31 09:35:18,777 [WARN] PackLoader:240 - Cannot read IP mode file for STMicroelectronics.FP-SNS-SMARTAG2.1.2.0
2026-07-31 09:35:18,779 [WARN] PackLoader:240 - Cannot read IP mode file for STMicroelectronics.FP-SNS-FLIGHT1.5.1.0
2026-07-31 09:35:18,786 [INFO] LogOutputStream:77 - [STDOUT_REDIRECT] 1 : Invalid condition id : UX_CORESTACK_Condition cause : null
2026-07-31 09:35:18,787 [INFO] LogOutputStream:77 - [STDOUT_REDIRECT] 1 : Invalid condition id : UX_CORESTACK_Condition cause : null
2026-07-31 09:35:18,788 [INFO] LogOutputStream:77 - [STDOUT_REDIRECT] 1 : Invalid condition id : UX_CORESTACK_Condition cause : null
2026-07-31 09:35:18,788 [INFO] LogOutputStream:77 - [STDOUT_REDIRECT] 1 : Invalid condition id : UX_CORESTACK_Condition cause : null
2026-07-31 09:35:18,789 [INFO] LogOutputStream:77 - [STDOUT_REDIRECT] 1 : Invalid condition id : UX_CORESTACK_Condition cause : null
2026-07-31 09:35:18,791 [WARN] PackLoader:240 - Cannot read IP mode file for STMicroelectronics.X-CUBE-AZRTOS-WL.2.0.0
2026-07-31 09:35:18,795 [WARN] PackLoader:240 - Cannot read IP mode file for STMicroelectronics.X-CUBE-BLE2.3.3.0
2026-07-31 09:35:18,819 [WARN] PackLoader:240 - Cannot read IP mode file for Infineon.AIROC-Wi-Fi-Bluetooth-STM32.1.8.0
2026-07-31 09:35:18,826 [WARN] PackLoader:240 - Cannot read IP mode file for STMicroelectronics.X-CUBE-NFC9.1.0.0
2026-07-31 09:35:18,829 [WARN] PackLoader:240 - Cannot read IP mode file for STMicroelectronics.X-CUBE-BLE1.7.1.0
2026-07-31 09:35:18,832 [WARN] PackLoader:240 - Cannot read IP mode file for wolfSSL.I-CUBE-wolfMQTT.1.19.2
2026-07-31 09:35:18,837 [WARN] PackLoader:240 - Cannot read IP mode file for STMicroelectronics.X-CUBE-EEPRMA1.5.2.0
2026-07-31 09:35:18,842 [WARN] PackLoader:240 - Cannot read IP mode file for STMicroelectronics.FP-SNS-STAIOTCFT.1.1.0
2026-07-31 09:35:18,851 [WARN] PackLoader:240 - Cannot read IP mode file for STMicroelectronics.X-CUBE-AZRTOS-G0.1.1.0
2026-07-31 09:35:18,859 [WARN] PackLoader:240 - Cannot read IP mode file for STMicroelectronics.X-CUBE-NFC4.3.0.0
2026-07-31 09:35:18,864 [WARN] PackLoader:240 - Cannot read IP mode file for EmbeddedOffice.I-CUBE-FS-RTOS.1.0.1
2026-07-31 09:35:18,868 [WARN] PackLoader:240 - Cannot read IP mode file for wolfSSL.I-CUBE-wolfTPM.3.8.0
2026-07-31 09:35:18,873 [WARN] PackLoader:240 - Cannot read IP mode file for STMicroelectronics.X-CUBE-TCPP.4.2.0
2026-07-31 09:35:18,877 [WARN] PackLoader:240 - Cannot read IP mode file for RealThread.X-CUBE-RT-Thread_Nano.4.1.1
2026-07-31 09:35:18,880 [WARN] PackLoader:240 - Cannot read IP mode file for STMicroelectronics.FP-ATR-SIGFOX1.3.2.0
2026-07-31 09:35:18,886 [WARN] PackLoader:240 - Cannot read IP mode file for ITTIA_DB.I-CUBE-ITTIADB.8.9.0
2026-07-31 09:35:18,893 [WARN] PackLoader:240 - Cannot read IP mode file for Cesanta.I-CUBE-Mongoose.7.21.7
2026-07-31 09:35:18,898 [WARN] PackLoader:240 - Cannot read IP mode file for STMicroelectronics.X-CUBE-NFC6.3.2.0
2026-07-31 09:35:18,909 [WARN] PackLoader:240 - Cannot read IP mode file for STMicroelectronics.X-CUBE-AI.10.2.1
2026-07-31 09:35:19,035 [WARN] PackLoader:240 - Cannot read IP mode file for SEGGER.I-CUBE-embOS.1.3.1
2026-07-31 09:35:19,071 [WARN] PackLoader:240 - Cannot read IP mode file for STMicroelectronics.X-CUBE-NFC13.1.0.0
2026-07-31 09:35:19,077 [WARN] PackLoader:240 - Cannot read IP mode file for STMicroelectronics.X-CUBE-PM33A1.1.0.0
2026-07-31 09:35:19,118 [WARN] PackLoader:240 - Cannot read IP mode file for STMicroelectronics.X-CUBE-AZRTOS-F4.1.1.0
2026-07-31 09:35:19,128 [WARN] PackLoader:240 - Cannot read IP mode file for STMicroelectronics.X-CUBE-ISPU.2.1.0
2026-07-31 09:35:19,145 [WARN] PackLoader:240 - Cannot read IP mode file for STMicroelectronics.X-CUBE-IPS.3.2.0
2026-07-31 09:35:19,156 [WARN] PackLoader:240 - Cannot read IP mode file for STMicroelectronics.eDS-WB_DPC_TT-BIDIR.2.1.1
2026-07-31 09:35:19,162 [WARN] PackLoader:240 - Cannot read IP mode file for STMicroelectronics.X-CUBE-NFC12.1.0.0
2026-07-31 09:35:19,175 [WARN] PackLoader:240 - Cannot read IP mode file for STMicroelectronics.X-CUBE-AZRTOS-L5.2.0.0
2026-07-31 09:35:19,184 [WARN] PackLoader:240 - Cannot read IP mode file for STMicroelectronics.X-CUBE-ALGOBUILD.1.5.0
2026-07-31 09:35:19,188 [WARN] PackLoader:240 - Cannot read IP mode file for STMicroelectronics.eDS-WB_DPC_VIENNA.1.2.0
2026-07-31 09:35:19,214 [WARN] PackLoader:240 - Cannot read IP mode file for STMicroelectronics.X-CUBE-MEMS1.13.0.0
2026-07-31 09:35:19,257 [WARN] PackLoader:240 - Cannot read IP mode file for STMicroelectronics.eDS-WB_DPC_3PH2L-BIDIR.1.1.1
2026-07-31 09:35:19,259 [ERROR] Engine:466 - C:\Users\ADMIN\.stm32cubemx\thirdparties\pdsc\STMicroelectronics.X-CUBE-ST67W61.1.3.0.pdsc: PDSC version is not supported
2026-07-31 09:35:19,266 [WARN] PackLoader:240 - Cannot read IP mode file for STMicroelectronics.X-CUBE-TOUCHGFX.4.26.1
2026-07-31 09:35:19,271 [WARN] PackLoader:240 - Cannot read IP mode file for STMicroelectronics.X-CUBE-DPower.1.3.0
2026-07-31 09:35:19,281 [WARN] ConditionMgr:438 - getConditionDescription Invalid condition id : LAN8742 Phy interface Condition cause : null
2026-07-31 09:35:19,281 [WARN] PackLoader:240 - Cannot read IP mode file for STMicroelectronics.X-CUBE-AZRTOS-L4.2.0.0
2026-07-31 09:35:19,282 [WARN] ConditionMgr:1044 - genDependencies : Invalid condition id : LAN8742 Phy interface Condition cause : null
2026-07-31 09:35:19,282 [WARN] ConditionMgr:1044 - genDependencies : Invalid condition id : LAN8742 Phy interface Condition cause : null
2026-07-31 09:35:19,282 [WARN] ConditionMgr:1044 - genDependencies : Invalid condition id : LAN8742 Phy interface Condition cause : null
2026-07-31 09:35:19,288 [WARN] PackLoader:240 - Cannot read IP mode file for STMicroelectronics.X-CUBE-SFXS2LP1.4.0.0
2026-07-31 09:35:19,291 [WARN] PackLoader:240 - Cannot read IP mode file for STMicroelectronics.X-CUBE-WB05N.2.1.0
2026-07-31 09:35:19,298 [WARN] ConditionMgr:438 - getConditionDescription Invalid condition id : UX DEVICE CLASS RTOS Condition cause : null
2026-07-31 09:35:19,298 [WARN] ConditionMgr:438 - getConditionDescription Invalid condition id : UX DEVICE CLASS RTOS Condition cause : null
2026-07-31 09:35:19,299 [WARN] PackLoader:240 - Cannot read IP mode file for STMicroelectronics.X-CUBE-AZRTOS-WB.2.0.0
2026-07-31 09:35:19,300 [WARN] ConditionMgr:1044 - genDependencies : Invalid condition id : UX DEVICE CLASS RTOS Condition cause : null
2026-07-31 09:35:19,300 [WARN] ConditionMgr:1044 - genDependencies : Invalid condition id : UX DEVICE CLASS RTOS Condition cause : null
2026-07-31 09:35:19,301 [WARN] ConditionMgr:1044 - genDependencies : Invalid condition id : UX DEVICE CLASS RTOS Condition cause : null
2026-07-31 09:35:19,301 [WARN] ConditionMgr:1044 - genDependencies : Invalid condition id : UX DEVICE CLASS RTOS Condition cause : null
2026-07-31 09:35:19,301 [WARN] ConditionMgr:1044 - genDependencies : Invalid condition id : UX DEVICE CLASS RTOS Condition cause : null
2026-07-31 09:35:19,306 [WARN] ConditionMgr:438 - getConditionDescription Invalid condition id : Cortex-A Device cause : null
2026-07-31 09:35:19,314 [WARN] ConditionMgr:1044 - genDependencies : Invalid condition id : Cortex-A Device cause : null
2026-07-31 09:35:19,314 [WARN] ConditionMgr:1044 - genDependencies : Invalid condition id : Cortex-A Device cause : null
2026-07-31 09:35:19,314 [WARN] ConditionMgr:1044 - genDependencies : Invalid condition id : Cortex-A Device cause : null
2026-07-31 09:35:19,323 [WARN] PackLoader:240 - Cannot read IP mode file for STMicroelectronics.X-CUBE-STSE01.2.0.0
2026-07-31 09:35:19,333 [WARN] PackLoader:240 - Cannot read IP mode file for STMicroelectronics.X-CUBE-SUBG2.5.0.0
2026-07-31 09:35:19,344 [WARN] PackLoader:240 - Cannot read IP mode file for STMicroelectronics.X-CUBE-AZRTOS-G4.2.0.0
2026-07-31 09:35:19,348 [WARN] PackLoader:240 - Cannot read IP mode file for wolfSSL.I-CUBE-wolfSSH.1.4.20
2026-07-31 09:35:19,352 [WARN] PackLoader:240 - Cannot read IP mode file for STMicroelectronics.X-CUBE-NFC7.2.0.0
2026-07-31 09:35:19,356 [ERROR] Engine:466 - C:\Users\ADMIN\.stm32cubemx\thirdparties\pdsc\STMicroelectronics.X-CUBE-BLEMGR.4.2.0.pdsc: PDSC version is not supported
2026-07-31 09:35:19,359 [WARN] PackLoader:240 - Cannot read IP mode file for STMicroelectronics.X-CUBE-ALS.1.0.2
2026-07-31 09:35:19,364 [WARN] PackLoader:240 - Cannot read IP mode file for STMicroelectronics.X-CUBE-TOF1.3.4.3
2026-07-31 09:35:19,368 [INFO] ThirdParty:978 - Integrity check success = true
2026-07-31 09:35:19,368 [INFO] IntegrityCheckThread:100 - exiting critical section [integrity check]
2026-07-31 09:35:19,368 [INFO] IntegrityCheckThread:103 - End integrity checks thread
2026-07-31 10:02:18,562 [INFO] McuFinderGlobals:63 - Set McuFinder mode to 2 (CubeIDE integrated)
2026-07-31 10:02:18,565 [INFO] MainUpdater:2872 - connection check result : 10
2026-07-31 10:02:18,569 [INFO] McuFinderGlobals:76 - Set McuFinderConnectedMode to true
2026-07-31 10:02:18,946 [INFO] ServerAccessManage:452 - Complete download http(s) 200
2026-07-31 10:02:18,951 [INFO] ServerAccessManage:509 - Download File mcusAds.json._tmp_
2026-07-31 10:02:19,075 [INFO] LoadUrlFilesThread:156 - End of LoadUrlFiles Thread
2026-07-31 10:02:19,559 [INFO] ServerAccessManage:452 - Complete download http(s) 200
2026-07-31 10:02:19,561 [INFO] ServerAccessManage:509 - Download File cube-finder-db.zip
2026-07-31 10:03:05,559 [INFO] FileExtend:248 - Unzip File : cube-finder-db.zip
2026-07-31 10:03:05,560 [INFO] FileExtend:263 - Standard Zip Deflate
2026-07-31 10:03:06,078 [INFO] LoadUrlFilesThread:156 - End of LoadUrlFiles Thread
2026-07-31 10:03:27,196 [ERROR] ServerAccessManage:1295 - Problem during Server Connection :  IO error Connection timed out: getsockopt
2026-07-31 10:03:27,197 [ERROR] ServerAccessManage:740 - Problem during Server Connection :  : crdb.zip.
2026-07-31 10:03:31,058 [INFO] LoadUrlFilesThread:156 - End of LoadUrlFiles Thread
2026-07-31 10:03:31,956 [INFO] DbMcusAds:53 - JSON generation date=Wed Jul 15 15:14:54 IST 2026 (1784108694001)
2026-07-31 10:03:31,962 [ERROR] TargetSelectorAdapter:267 - Unable to refresh data
2026-07-31 10:03:32,188 [INFO] ApiDb:581 - Connected to CubeFinder SQLite database (C:\Users\ADMIN\.stmcufinder\plugins\mcufinder\mcu\cube-finder-db.db)
2026-07-31 10:03:32,246 [INFO] ApiDb:668 - CubeFinder database Data Model version=2.1
2026-07-31 10:03:32,246 [INFO] ApiDb:669 - CubeFinder database Configuration version=3.0.42
2026-07-31 10:03:32,246 [INFO] ApiDb:670 - CubeFinder database generation date=2026-06-23 (1782213372)
2026-07-31 10:03:32,246 [INFO] ApiDb:671 - CubeFinder database FW Pack versions=[FP-ATR-ASTRA1_V2.0.0, FP-SNS-FLIGHT1_V5.1.0, FP-SNS-MOTENV1_V5.1.0, FP-SNS-MOTENVWB1_V1.5.0, FP-SNS-SMARTAG2_V1.2.0, FP-SNS-STBOX1_V2.1.0, STM32Cube_FW_C0_V1.4.0, STM32Cube_FW_F4_V1.28.3, STM32Cube_FW_F7_V1.17.4, STM32Cube_FW_G0_V1.6.3, STM32Cube_FW_G4_V1.6.2, STM32Cube_FW_H5_V1.7.0, STM32Cube_FW_H7RS_V1.3.0, STM32Cube_FW_H7_V1.13.0, STM32Cube_FW_L0_V1.12.2, STM32Cube_FW_L4_V1.18.2, STM32Cube_FW_L5_V1.6.0, STM32Cube_FW_N6_V1.4.0, STM32Cube_FW_U0_V1.3.0, STM32Cube_FW_U3_V1.4.0, STM32Cube_FW_U5_V1.9.0, STM32Cube_FW_WB0_V1.5.0, STM32Cube_FW_WBA_V1.10.0, STM32Cube_FW_WB_V1.24.0, STM32Cube_FW_WL3_V1.5.0, STM32Cube_FW_WL_V1.6.0, X-CUBE-ALGOBUILD_V1.5.0, X-CUBE-ALS_V1.0.2, X-CUBE-AZRTOS-F4_V1.1.0, X-CUBE-AZRTOS-F7_V1.1.0, X-CUBE-AZRTOS-G0_V1.1.0, X-CUBE-AZRTOS-G4_V2.0.0, X-CUBE-AZRTOS-H7RS_V1.1.0, X-CUBE-AZRTOS-H7_V3.5.0, X-CUBE-AZRTOS-L4_V2.0.0, X-CUBE-AZRTOS-L5_V2.0.0, X-CUBE-AZRTOS-WB_V2.0.0, X-CUBE-AZRTOS-WL_V2.0.0, X-CUBE-BLE1_V7.1.0, X-CUBE-BLE2_V3.3.0, X-CUBE-BLEMGR_V4.1.0, X-CUBE-EEPRMA1_V5.2.0, X-CUBE-FREERTOS_V1.5.0, X-CUBE-GNSS1_V7.1.1, X-CUBE-MEMS1_V12.1.0, X-CUBE-NFC4_V3.0.0, X-CUBE-NFC7_V2.0.0, X-CUBE-SFXS2LP1_V4.0.0, X-CUBE-ST67W61_V1.3.0, X-CUBE-SUBG2_V5.0.0, X-CUBE-TOF1_V3.4.3]
2026-07-31 10:03:33,668 [INFO] ApiDb:240 - Found 880 in-development CPN: [B-G473E-ZEST1S, B-WB1M-WPAN1, B-WBA5M-WPAN, B-WL5M-SUBG1, NUCLEO-C031C6, NUCLEO-C051C8, NUCLEO-C071RB, NUCLEO-C092RC, NUCLEO-H503RB, NUCLEO-H533RE, NUCLEO-H563ZI, NUCLEO-H7S3L8, NUCLEO-N657X0-Q, NUCLEO-U031R8, NUCLEO-U083RC, NUCLEO-U385RG-Q, NUCLEO-U545RE-Q, NUCLEO-U5A5ZJ-Q, NUCLEO-WB05KZ, NUCLEO-WB07CC, NUCLEO-WB09KE, NUCLEO-WBA52CG, NUCLEO-WBA55CG, NUCLEO-WL33CC1, NUCLEO-WL33CC2, STEVAL-PROTEUS1, STEVAL-SMARTAG2, STEVAL-STWINBX1, STM320518-EVAL, STM32C0116-DK, STM32C011D6Y3TR, STM32C011D6Y6TR, STM32C011F4P3, STM32C011F4P6, STM32C011F4U3, STM32C011F4U6TR, STM32C011F6P3, STM32C011F6P6, STM32C011F6U3, STM32C011F6U6TR, STM32C011J4M3, STM32C011J4M6, STM32C011J6M3, STM32C011J6M6, STM32C0316-DK, STM32C031C4T3, STM32C031C4T6, STM32C031C4U3, STM32C031C4U6, STM32C031C6T3, STM32C031C6T6, STM32C031C6U3, STM32C031C6U6, STM32C031F4P3, STM32C031F4P6, STM32C031F6P3, STM32C031F6P6, STM32C031G4U3, STM32C031G4U6, STM32C031G6U3, STM32C031G6U6, STM32C031K4T3, STM32C031K4T6, STM32C031K4U3, STM32C031K4U6, STM32C031K6T3, STM32C031K6T6, STM32C031K6U3, STM32C031K6U6, STM32C051C6T6, STM32C051C6U6, STM32C051C8T6, STM32C051C8U6, STM32C051D8Y6TR, STM32C051F6P6, STM32C051F8P6, STM32C051G6U6, STM32C051G8U6, STM32C051K6T6, STM32C051K6U6, STM32C051K8T6, STM32C071C8T6, STM32C071C8T6N, STM32C071C8U6, STM32C071C8U6N, STM32C071CBT6, STM32C071CBT6N, STM32C071CBU6, STM32C071CBU6N, STM32C071F8P6, STM32C071F8P6N, STM32C071FBP6, STM32C071FBP6N, STM32C071FBY6TR, STM32C071G8U6, STM32C071G8U6N, STM32C071GBU6, STM32C071GBU6N, STM32C071K8T6, STM32C071K8T6N, STM32C071K8U6, STM32C071K8U6N, STM32C071KBT6, STM32C071KBT6N, STM32C071KBU6, STM32C071KBU6N, STM32C071R8T6, STM32C071R8T6N, STM32C071RBI6N, STM32C071RBT6, STM32C071RBT6N, STM32C091CBT6, STM32C091CBU6, STM32C091CCT6, STM32C091CCU6, STM32C091ECY6TR, STM32C091FBP6, STM32C091FCP6, STM32C091GBU6, STM32C091GCU6, STM32C091KBT6, STM32C091KBU6, STM32C091KCT6, STM32C091KCU6, STM32C091RBT6, STM32C091RCI6, STM32C091RCT6, STM32C092CBT6, STM32C092CBU6, STM32C092CCT6, STM32C092CCU6, STM32C092ECY6TR, STM32C092FBP6, STM32C092FCP6, STM32C092GBU6, STM32C092GCU6, STM32C092KBT6, STM32C092KBU6, STM32C092KCT6, STM32C092KCU6, STM32C092RBT6, STM32C092RCI6, STM32C092RCT6, STM32G071K8TXN, STM32G071K8UXN, STM32G081GBU6N, STM32G081KBT6N, STM32G081KBUXN, STM32G0B1CCT6N, STM32G0B1KCT6, STM32G0B1NEY6TR, STM32G0B1RCT6N, STM32G0C1CCT6, STM32G0C1CCT6N, STM32G0C1CCU6N, STM32G0C1CET6N, STM32G0C1CEU6N, STM32G0C1KCT6, STM32G0C1NEY6TR, STM32G0C1RCI6N, STM32G0C1RCT6N, STM32G0C1REI6N, STM32G0C1RET6N, STM32G0C1VCI6, STM32G0C1VEI6, STM32G411C6T3, STM32G411C6T6, STM32G411C6U3, STM32G411C6U6, STM32G411C8T3, STM32G411C8T6, STM32G411C8U3, STM32G411C8U6, STM32G411CBT3, STM32G411CBT6, STM32G411CBU3, STM32G411CBU6, STM32G411K6T3, STM32G411K6T6, STM32G411K6U3, STM32G411K6U6, STM32G411K8T3, STM32G411K8T6, STM32G411K8U3, STM32G411K8U6, STM32G411KBT3, STM32G411KBT6, STM32G411KBU3, STM32G411KBU6, STM32G411M6T3, STM32G411M6T6, STM32G411M8T3, STM32G411M8T6, STM32G411MBT3, STM32G411MBT6, STM32G411R6T3, STM32G411R6T6, STM32G411R8T3, STM32G411R8T6, STM32G411RBT3, STM32G411RBT6, STM32G414CBT3, STM32G414CBT6, STM32G414CBU3, STM32G414CBU6, STM32G414CCT3, STM32G414CCT6, STM32G414CCU3, STM32G414CCU6, STM32G414MBT3, STM32G414MBT6, STM32G414MCT3, STM32G414MCT6, STM32G414RBT3, STM32G414RBT6, STM32G414RCT3, STM32G414RCT6, STM32G414VBT3, STM32G414VBT6, STM32G414VCT3, STM32G414VCT6, STM32G431CBT3Z, STM32G431RBT3Z, STM32G471CCT6, STM32G471CCU6, STM32G471CET3, STM32G471CET6, STM32G471CEU3, STM32G471CEU6, STM32G471MCT6, STM32G471MET3, STM32G471MET6, STM32G471MEY6TR, STM32G471QCT6, STM32G471QET3, STM32G471RCT6, STM32G471RET3, STM32G471RET6, STM32G471VCH6, STM32G471VCI6, STM32G471VCT6, STM32G471VEH3, STM32G471VEH6, STM32G471VEI3, STM32G471VEI6, STM32G471VET3, STM32G471VET6, STM32G473QET3Z, STM32G473RET3Z, STM32G474CCT6, STM32G491RET3Z, STM32H503CBT6, STM32H503CBU6, STM32H503EBY6TR, STM32H503KBU6, STM32H503RBT6, STM32H523CCT6, STM32H523CCU6, STM32H523CET6, STM32H523CEU6, STM32H523HEY6TR, STM32H523RCT6, STM32H523RET6, STM32H523VCI6, STM32H523VCT6, STM32H523VEI6, STM32H523VET6, STM32H523ZCJ6, STM32H523ZCT6, STM32H523ZEJ6, STM32H523ZET6, STM32H533CET6, STM32H533CEU6, STM32H533HEY6TR, STM32H533RET6, STM32H533VEI6, STM32H533VET6, STM32H533ZEJ6, STM32H533ZET6, STM32H562AGI6, STM32H562AII6, STM32H562IGK6, STM32H562IGT6, STM32H562IIK6, STM32H562IIT6, STM32H562RGT6, STM32H562RGV6, STM32H562RIT6, STM32H562RIV6, STM32H562VGT6, STM32H562VIT6, STM32H562ZGT6, STM32H562ZIT6, STM32H563AGI6, STM32H563AII3Q, STM32H563AII6, STM32H563IGK6, STM32H563IGT6, STM32H563IIK3Q, STM32H563IIK6, STM32H563IIT3Q, STM32H563IIT6, STM32H563MIY3QTR, STM32H563RGT6, STM32H563RGV6, STM32H563RIT6, STM32H563RIV6, STM32H563VGT6, STM32H563VIT3Q, STM32H563VIT6, STM32H563ZGT6, STM32H563ZIT3Q, STM32H563ZIT6, STM32H573AII3Q, STM32H573AII6, STM32H573I-DK, STM32H573IIK3Q, STM32H573IIK6, STM32H573IIT3Q, STM32H573IIT6, STM32H573MIY3QTR, STM32H573RIT6, STM32H573RIV6, STM32H573VIT3Q, STM32H573VIT6, STM32H573ZIT3Q, STM32H573ZIT6, STM32H7R3A8I6, STM32H7R3I8K6, STM32H7R3I8T6, STM32H7R3L8H6, STM32H7R3L8H6H, STM32H7R3R8V6, STM32H7R3V8H6, STM32H7R3V8T6, STM32H7R3V8Y6TR, STM32H7R3Z8J6, STM32H7R3Z8T6, STM32H7R7A8I6, STM32H7R7I8K6, STM32H7R7I8T6, STM32H7R7L8H6, STM32H7R7L8H6H, STM32H7R7Z8J6, STM32H7S3A8I6, STM32H7S3I8K6, STM32H7S3I8T6, STM32H7S3L8H6, STM32H7S3L8H6H, STM32H7S3R8V6, STM32H7S3V8H6, STM32H7S3V8T6, STM32H7S3V8Y6TR, STM32H7S3Z8J6, STM32H7S3Z8T6, STM32H7S78-DK, STM32H7S7A8I6, STM32H7S7I8K6, STM32H7S7I8T6, STM32H7S7L8H6, STM32H7S7L8H6H, STM32H7S7Z8J6, STM32L4R5QGI6STR, STM32MP131AAE3, STM32MP131AAF3, STM32MP131AAG3, STM32MP131CAE3, STM32MP131CAF3, STM32MP131CAG3, STM32MP131DAE7, STM32MP131DAF7, STM32MP131DAG7, STM32MP131FAE7, STM32MP131FAF7, STM32MP131FAG7, STM32MP133AAE3, STM32MP133AAF3, STM32MP133AAG3, STM32MP133CAE3, STM32MP133CAF3, STM32MP133CAG3, STM32MP133DAE7, STM32MP133DAF7, STM32MP133DAG7, STM32MP133FAE7, STM32MP133FAF7, STM32MP133FAG7, STM32MP135AAE3, STM32MP135AAF3, STM32MP135AAG3, STM32MP135CAE3, STM32MP135CAF3, STM32MP135CAG3, STM32MP135DAE7, STM32MP135DAF7, STM32MP135DAG7, STM32MP135F-DK, STM32MP135FAE7, STM32MP135FAF7, STM32MP135FAF7T, STM32MP135FAF7U, STM32MP135FAG7, STM32MP211AAL3, STM32MP211AAM3, STM32MP211AAN3, STM32MP211AAO3, STM32MP211CAL3, STM32MP211CAM3, STM32MP211CAN3, STM32MP211CAO3, STM32MP211DAL3, STM32MP211DAM3, STM32MP211DAN3, STM32MP211DAO3, STM32MP211FAL3, STM32MP211FAM3, STM32MP211FAN3, STM32MP211FAO3, STM32MP213AAL3, STM32MP213AAM3, STM32MP213AAN3, STM32MP213AAO3, STM32MP213CAL3, STM32MP213CAM3, STM32MP213CAN3, STM32MP213CAO3, STM32MP213DAL3, STM32MP213DAM3, STM32MP213DAN3, STM32MP213DAO3, STM32MP213FAL3, STM32MP213FAM3, STM32MP213FAN3, STM32MP213FAO3, STM32MP215AAL3, STM32MP215AAM3, STM32MP215AAN3, STM32MP215AAO3, STM32MP215CAL3, STM32MP215CAM3, STM32MP215CAN3, STM32MP215CAO3, STM32MP215DAL3, STM32MP215DAM3, STM32MP215DAN3, STM32MP215DAO3, STM32MP215F-DK, STM32MP215FAL3, STM32MP215FAM3, STM32MP215FAN3, STM32MP215FAO3, STM32MP231AAJ3, STM32MP231AAK3, STM32MP231AAL3, STM32MP231CAJ3, STM32MP231CAK3, STM32MP231CAL3, STM32MP231DAJ3, STM32MP231DAK3, STM32MP231DAL3, STM32MP231FAJ3, STM32MP231FAK3, STM32MP231FAL3, STM32MP233AAJ3, STM32MP233AAK3, STM32MP233AAL3, STM32MP233CAJ3, STM32MP233CAK3, STM32MP233CAL3, STM32MP233DAJ3, STM32MP233DAK3, STM32MP233DAL3, STM32MP233FAJ3, STM32MP233FAK3, STM32MP233FAL3, STM32MP235AAJ3, STM32MP235AAK3, STM32MP235AAL3, STM32MP235CAJ3, STM32MP235CAK3, STM32MP235CAL3, STM32MP235DAJ3, STM32MP235DAK3, STM32MP235DAL3, STM32MP235FAJ3, STM32MP235FAK3, STM32MP235FAL3, STM32MP251AAI3, STM32MP251AAK3, STM32MP251AAL3, STM32MP251CAI3, STM32MP251CAK3, STM32MP251CAL3, STM32MP251DAI3, STM32MP251DAK3, STM32MP251DAL3, STM32MP251FAI3, STM32MP251FAK3, STM32MP251FAL3, STM32MP253AAI3, STM32MP253AAK3, STM32MP253AAL3, STM32MP253CAI3, STM32MP253CAK3, STM32MP253CAL3, STM32MP253DAI3, STM32MP253DAK3, STM32MP253DAL3, STM32MP253FAI3, STM32MP253FAK3, STM32MP253FAL3, STM32MP255AAI3, STM32MP255AAK3, STM32MP255AAL3, STM32MP255CAI3, STM32MP255CAK3, STM32MP255CAL3, STM32MP255DAI3, STM32MP255DAK3, STM32MP255DAL3, STM32MP255FAI3, STM32MP255FAK3, STM32MP255FAL3, STM32MP257AAI3, STM32MP257AAK3, STM32MP257AAL3, STM32MP257CAI3, STM32MP257CAK3, STM32MP257CAL3, STM32MP257DAI3, STM32MP257DAK3, STM32MP257DAL3, STM32MP257F-DK, STM32MP257F-EV1, STM32MP257FAI3, STM32MP257FAK3, STM32MP257FAL3, STM32N645A0H3Q, STM32N645B0H3Q, STM32N645I0H3Q, STM32N645L0H3Q, STM32N645X0H3Q, STM32N645Z0H3Q, STM32N647A0H3Q, STM32N647B0H3Q, STM32N647I0H3Q, STM32N647L0H3Q, STM32N647X0H3Q, STM32N647Z0H3Q, STM32N655A0H3Q, STM32N655B0H3Q, STM32N655I0H3Q, STM32N655L0H3Q, STM32N655X0H3Q, STM32N655Z0H3Q, STM32N6570-DK, STM32N657A0H3Q, STM32N657B0H3Q, STM32N657I0H3Q, STM32N657L0H3Q, STM32N657X0H3Q, STM32N657Z0H3Q, STM32U031C6T6, STM32U031C6U6, STM32U031C8T6, STM32U031C8U6, STM32U031F4P6, STM32U031F6P6, STM32U031F8P6, STM32U031G6Y6TR, STM32U031G8Y6TR, STM32U031K4U6, STM32U031K6U6, STM32U031K8U6, STM32U031R6I6, STM32U031R6T6, STM32U031R8I6, STM32U031R8T6, STM32U073C8T6, STM32U073C8U6, STM32U073CBT6, STM32U073CBU6, STM32U073CCT6, STM32U073CCU6, STM32U073H8Y6TR, STM32U073HBY6TR, STM32U073HCY6TR, STM32U073K8U6, STM32U073KBU6, STM32U073KCU6, STM32U073M8I6, STM32U073M8T6, STM32U073MBI6, STM32U073MBT6, STM32U073MCI6, STM32U073MCT6, STM32U073R8I6, STM32U073R8T6, STM32U073RBI6, STM32U073RBT6, STM32U073RCI6, STM32U073RCT6, STM32U083C-DK, STM32U083CCT6, STM32U083CCU6, STM32U083HCY6TR, STM32U083KCU6, STM32U083MCI6, STM32U083MCT6, STM32U083RCI6, STM32U083RCT6, STM32U375CET6, STM32U375CET6Q, STM32U375CEU6, STM32U375CEU6Q, STM32U375CEY6QTR, STM32U375CGT6, STM32U375CGT6Q, STM32U375CGU6, STM32U375CGU6Q, STM32U375CGY6QTR, STM32U375KEU6, STM32U375KGU6, STM32U375REI6, STM32U375REI6Q, STM32U375RET6, STM32U375RET6Q, STM32U375REY6GTR, STM32U375REY6QTR, STM32U375RGI6, STM32U375RGI6Q, STM32U375RGT6, STM32U375RGT6Q, STM32U375RGY6GTR, STM32U375RGY6QTR, STM32U375VEI6, STM32U375VEI6Q, STM32U375VET6, STM32U375VET6Q, STM32U375VGI6, STM32U375VGI6Q, STM32U375VGT6, STM32U375VGT6Q, STM32U385CGT6, STM32U385CGT6Q, STM32U385CGU6, STM32U385CGU6Q, STM32U385CGY6QTR, STM32U385KGU6, STM32U385RGI6, STM32U385RGI6Q, STM32U385RGT6, STM32U385RGT6Q, STM32U385RGY6GTR, STM32U385RGY6QTR, STM32U385VGI6, STM32U385VGI6Q, STM32U385VGT6, STM32U385VGT6Q, STM32U535CBT6, STM32U535CBT6Q, STM32U535CBU6, STM32U535CBU6Q, STM32U535CCT6, STM32U535CCT6Q, STM32U535CCU6, STM32U535CCU6Q, STM32U535CET6, STM32U535CET6Q, STM32U535CEU6, STM32U535CEU6Q, STM32U535JEY6QTR, STM32U535NCY6QTR, STM32U535NEY6QTR, STM32U535RBI6, STM32U535RBI6Q, STM32U535RBT6, STM32U535RBT6Q, STM32U535RCI6, STM32U535RCI6Q, STM32U535RCT6, STM32U535RCT6Q, STM32U535REI6, STM32U535REI6Q, STM32U535RET6, STM32U535RET6Q, STM32U535VCI6, STM32U535VCI6Q, STM32U535VCT6, STM32U535VCT6Q, STM32U535VEI6, STM32U535VEI6Q, STM32U535VET6, STM32U535VET6Q, STM32U545CET6, STM32U545CET6Q, STM32U545CEU6, STM32U545CEU6Q, STM32U545JEY6QTR, STM32U545NEY6QTR, STM32U545REI6, STM32U545REI6Q, STM32U545RET6, STM32U545RET6Q, STM32U545VEI6, STM32U545VEI6Q, STM32U545VET6, STM32U545VET6Q, STM32U595AIH6, STM32U595AIH6Q, STM32U595AJH6, STM32U595AJH6Q, STM32U595QII6, STM32U595QII6Q, STM32U595QJI6, STM32U595QJI6Q, STM32U595RIT6, STM32U595RIT6Q, STM32U595RJT6, STM32U595RJT6Q, STM32U595VIT6, STM32U595VIT6Q, STM32U595VJT6, STM32U595VJT6Q, STM32U595ZIT6, STM32U595ZIT6Q, STM32U595ZIY6QTR, STM32U595ZJT6, STM32U595ZJT6Q, STM32U595ZJY6QTR, STM32U599BJY6QTR, STM32U599NIH6Q, STM32U599NJH6Q, STM32U599VIT6Q, STM32U599VJT6, STM32U599VJT6Q, STM32U599ZIT6Q, STM32U599ZIY6QTR, STM32U599ZJT6Q, STM32U599ZJY6QTR, STM32U5A5AJH6, STM32U5A5AJH6Q, STM32U5A5QII3Q , STM32U5A5QJI6, STM32U5A5QJI6Q, STM32U5A5RJT6, STM32U5A5RJT6Q, STM32U5A5VJT6, STM32U5A5VJT6Q, STM32U5A5ZJT6, STM32U5A5ZJT6Q, STM32U5A5ZJY6QTR, STM32U5A9BJY6QTR, STM32U5A9J-DK, STM32U5A9NJH6Q, STM32U5A9VJT6Q, STM32U5A9ZJT6Q, STM32U5A9ZJY6QTR, STM32U5F7VIT6, STM32U5F7VIT6Q, STM32U5F7VJT6, STM32U5F7VJT6Q, STM32U5F9BJY6QTR, STM32U5F9NJH6Q, STM32U5F9VIT6Q, STM32U5F9VJT6Q, STM32U5F9ZIJ6QTR, STM32U5F9ZIT6Q, STM32U5F9ZJJ6QTR, STM32U5F9ZJT6Q, STM32U5G7VJT6, STM32U5G7VJT6Q, STM32U5G9BJY6QTR, STM32U5G9J-DK1, STM32U5G9J-DK2, STM32U5G9NJH6Q, STM32U5G9VJT6Q, STM32U5G9ZJJ6QTR, STM32U5G9ZJT6Q, STM32WB05KZV6TR, STM32WB05KZV7TR, STM32WB05TZF6TR, STM32WB05TZF7TR, STM32WB06CCF6TR, STM32WB06CCF7TR, STM32WB06CCV6TR, STM32WB06CCV7TR, STM32WB06KCV6TR, STM32WB06KCV7TR, STM32WB07CCF6TR, STM32WB07CCF7TR, STM32WB07CCV6TR, STM32WB07CCV7TR, STM32WB07KCV6TR, STM32WB07KCV7TR, STM32WB09KEV6TR, STM32WB09KEV7TR, STM32WB09TEF6TR, STM32WB09TEF7TR, STM32WB1MMCH6, STM32WBA50KGU6, STM32WBA50KGU6TR, STM32WBA52CEU6, STM32WBA52CEU6TR, STM32WBA52CEU7, STM32WBA52CEU7TR, STM32WBA52CGU6, STM32WBA52CGU6TR, STM32WBA52CGU6U, STM32WBA52CGU7, STM32WBA52CGU7TR, STM32WBA52KEU6, STM32WBA52KEU6TR, STM32WBA52KGU6, STM32WBA52KGU6TR, STM32WBA54CEU6, STM32WBA54CEU6TR, STM32WBA54CEU7, STM32WBA54CEU7TR, STM32WBA54CGU6, STM32WBA54CGU6TR, STM32WBA54CGU7, STM32WBA54CGU7TR, STM32WBA54KEU6, STM32WBA54KEU6TR, STM32WBA54KEU7, STM32WBA54KEU7TR, STM32WBA54KGU6, STM32WBA54KGU6TR, STM32WBA54KGU7, STM32WBA54KGU7TR, STM32WBA55CEU6, STM32WBA55CEU6TR, STM32WBA55CEU7, STM32WBA55CEU7TR, STM32WBA55CGU6, STM32WBA55CGU6TR, STM32WBA55CGU6U, STM32WBA55CGU7, STM32WBA55CGU7TR, STM32WBA55G-DK1, STM32WBA55HEF6, STM32WBA55HEF7, STM32WBA55HGF6, STM32WBA55HGF7, STM32WBA55UEI6, STM32WBA55UEI6TR, STM32WBA55UEI7, STM32WBA55UEI7TR, STM32WBA55UGI6, STM32WBA55UGI6TR, STM32WBA55UGI7, STM32WBA55UGI7TR, STM32WBA5MMGH6TR, STM32WBA62MGF6, STM32WBA62MIF6, STM32WBA65MGF7, STM32WBA65MIF6, STM32WBA65MIF7, STM32WL30K8V6, STM32WL30KBV6, STM32WL31C8V6, STM32WL31CBV6, STM32WL31K8V6, STM32WL31KBV6, STM32WL33C8V6, STM32WL33C8V6X, STM32WL33CBV6, STM32WL33CBV6X, STM32WL33CCV6, STM32WL33CCV6A, STM32WL33CCV6X, STM32WL33K8V7, STM32WL33K8V7X, STM32WL33KBV7 , STM32WL33KBV7X, STM32WL33KCV7, STM32WL33KCV7X, STM32WL5MOCH6, STM32WL5MOCH6TR]
2026-07-31 10:03:33,672 [INFO] DbMcus:218 - Found 5250 MCUs, 5097 are supported
2026-07-31 10:03:33,672 [INFO] ApiDb:423 - Load user favorites file C:\Users\ADMIN/.stm32cubeide/favorites.mcus.txt: 0 item(s)
2026-07-31 10:03:33,673 [INFO] ApiDb:427 - User favorites MCUs=[]
2026-07-31 10:03:33,673 [INFO] DbMcus:224 - Set 0 / 0 favorites MCUs
2026-07-31 10:03:33,926 [INFO] ApiDb:668 - CubeFinder database Data Model version=2.1
2026-07-31 10:03:33,926 [INFO] ApiDb:669 - CubeFinder database Configuration version=3.0.42
2026-07-31 10:03:33,926 [INFO] ApiDb:670 - CubeFinder database generation date=2026-06-23 (1782213372)
2026-07-31 10:03:33,926 [INFO] ApiDb:671 - CubeFinder database FW Pack versions=[FP-ATR-ASTRA1_V2.0.0, FP-SNS-FLIGHT1_V5.1.0, FP-SNS-MOTENV1_V5.1.0, FP-SNS-MOTENVWB1_V1.5.0, FP-SNS-SMARTAG2_V1.2.0, FP-SNS-STBOX1_V2.1.0, STM32Cube_FW_C0_V1.4.0, STM32Cube_FW_F4_V1.28.3, STM32Cube_FW_F7_V1.17.4, STM32Cube_FW_G0_V1.6.3, STM32Cube_FW_G4_V1.6.2, STM32Cube_FW_H5_V1.7.0, STM32Cube_FW_H7RS_V1.3.0, STM32Cube_FW_H7_V1.13.0, STM32Cube_FW_L0_V1.12.2, STM32Cube_FW_L4_V1.18.2, STM32Cube_FW_L5_V1.6.0, STM32Cube_FW_N6_V1.4.0, STM32Cube_FW_U0_V1.3.0, STM32Cube_FW_U3_V1.4.0, STM32Cube_FW_U5_V1.9.0, STM32Cube_FW_WB0_V1.5.0, STM32Cube_FW_WBA_V1.10.0, STM32Cube_FW_WB_V1.24.0, STM32Cube_FW_WL3_V1.5.0, STM32Cube_FW_WL_V1.6.0, X-CUBE-ALGOBUILD_V1.5.0, X-CUBE-ALS_V1.0.2, X-CUBE-AZRTOS-F4_V1.1.0, X-CUBE-AZRTOS-F7_V1.1.0, X-CUBE-AZRTOS-G0_V1.1.0, X-CUBE-AZRTOS-G4_V2.0.0, X-CUBE-AZRTOS-H7RS_V1.1.0, X-CUBE-AZRTOS-H7_V3.5.0, X-CUBE-AZRTOS-L4_V2.0.0, X-CUBE-AZRTOS-L5_V2.0.0, X-CUBE-AZRTOS-WB_V2.0.0, X-CUBE-AZRTOS-WL_V2.0.0, X-CUBE-BLE1_V7.1.0, X-CUBE-BLE2_V3.3.0, X-CUBE-BLEMGR_V4.1.0, X-CUBE-EEPRMA1_V5.2.0, X-CUBE-FREERTOS_V1.5.0, X-CUBE-GNSS1_V7.1.1, X-CUBE-MEMS1_V12.1.0, X-CUBE-NFC4_V3.0.0, X-CUBE-NFC7_V2.0.0, X-CUBE-SFXS2LP1_V4.0.0, X-CUBE-ST67W61_V1.3.0, X-CUBE-SUBG2_V5.0.0, X-CUBE-TOF1_V3.4.3]
2026-07-31 10:03:33,956 [INFO] DbBoardsSqlite:226 - include board P-NUCLEO-WB55-NUCLEO as a kit item of type 'Nucleo-64'
2026-07-31 10:03:33,956 [INFO] DbBoardsSqlite:226 - include board P-NUCLEO-WB55-USBDONGLE as a kit item of type 'Nucleo USB Dongle'
2026-07-31 10:03:33,956 [INFO] DbBoardsSqlite:226 - include board STEVAL-IDP005V1 as a kit item of type 'Evaluation Board'
2026-07-31 10:03:33,956 [INFO] DbBoardsSqlite:226 - include board STEVAL-IDP005V2 as a kit item of type 'Evaluation Board'
2026-07-31 10:03:33,999 [INFO] ApiDb:240 - Found 880 in-development CPN: [B-G473E-ZEST1S, B-WB1M-WPAN1, B-WBA5M-WPAN, B-WL5M-SUBG1, NUCLEO-C031C6, NUCLEO-C051C8, NUCLEO-C071RB, NUCLEO-C092RC, NUCLEO-H503RB, NUCLEO-H533RE, NUCLEO-H563ZI, NUCLEO-H7S3L8, NUCLEO-N657X0-Q, NUCLEO-U031R8, NUCLEO-U083RC, NUCLEO-U385RG-Q, NUCLEO-U545RE-Q, NUCLEO-U5A5ZJ-Q, NUCLEO-WB05KZ, NUCLEO-WB07CC, NUCLEO-WB09KE, NUCLEO-WBA52CG, NUCLEO-WBA55CG, NUCLEO-WL33CC1, NUCLEO-WL33CC2, STEVAL-PROTEUS1, STEVAL-SMARTAG2, STEVAL-STWINBX1, STM320518-EVAL, STM32C0116-DK, STM32C011D6Y3TR, STM32C011D6Y6TR, STM32C011F4P3, STM32C011F4P6, STM32C011F4U3, STM32C011F4U6TR, STM32C011F6P3, STM32C011F6P6, STM32C011F6U3, STM32C011F6U6TR, STM32C011J4M3, STM32C011J4M6, STM32C011J6M3, STM32C011J6M6, STM32C0316-DK, STM32C031C4T3, STM32C031C4T6, STM32C031C4U3, STM32C031C4U6, STM32C031C6T3, STM32C031C6T6, STM32C031C6U3, STM32C031C6U6, STM32C031F4P3, STM32C031F4P6, STM32C031F6P3, STM32C031F6P6, STM32C031G4U3, STM32C031G4U6, STM32C031G6U3, STM32C031G6U6, STM32C031K4T3, STM32C031K4T6, STM32C031K4U3, STM32C031K4U6, STM32C031K6T3, STM32C031K6T6, STM32C031K6U3, STM32C031K6U6, STM32C051C6T6, STM32C051C6U6, STM32C051C8T6, STM32C051C8U6, STM32C051D8Y6TR, STM32C051F6P6, STM32C051F8P6, STM32C051G6U6, STM32C051G8U6, STM32C051K6T6, STM32C051K6U6, STM32C051K8T6, STM32C071C8T6, STM32C071C8T6N, STM32C071C8U6, STM32C071C8U6N, STM32C071CBT6, STM32C071CBT6N, STM32C071CBU6, STM32C071CBU6N, STM32C071F8P6, STM32C071F8P6N, STM32C071FBP6, STM32C071FBP6N, STM32C071FBY6TR, STM32C071G8U6, STM32C071G8U6N, STM32C071GBU6, STM32C071GBU6N, STM32C071K8T6, STM32C071K8T6N, STM32C071K8U6, STM32C071K8U6N, STM32C071KBT6, STM32C071KBT6N, STM32C071KBU6, STM32C071KBU6N, STM32C071R8T6, STM32C071R8T6N, STM32C071RBI6N, STM32C071RBT6, STM32C071RBT6N, STM32C091CBT6, STM32C091CBU6, STM32C091CCT6, STM32C091CCU6, STM32C091ECY6TR, STM32C091FBP6, STM32C091FCP6, STM32C091GBU6, STM32C091GCU6, STM32C091KBT6, STM32C091KBU6, STM32C091KCT6, STM32C091KCU6, STM32C091RBT6, STM32C091RCI6, STM32C091RCT6, STM32C092CBT6, STM32C092CBU6, STM32C092CCT6, STM32C092CCU6, STM32C092ECY6TR, STM32C092FBP6, STM32C092FCP6, STM32C092GBU6, STM32C092GCU6, STM32C092KBT6, STM32C092KBU6, STM32C092KCT6, STM32C092KCU6, STM32C092RBT6, STM32C092RCI6, STM32C092RCT6, STM32G071K8TXN, STM32G071K8UXN, STM32G081GBU6N, STM32G081KBT6N, STM32G081KBUXN, STM32G0B1CCT6N, STM32G0B1KCT6, STM32G0B1NEY6TR, STM32G0B1RCT6N, STM32G0C1CCT6, STM32G0C1CCT6N, STM32G0C1CCU6N, STM32G0C1CET6N, STM32G0C1CEU6N, STM32G0C1KCT6, STM32G0C1NEY6TR, STM32G0C1RCI6N, STM32G0C1RCT6N, STM32G0C1REI6N, STM32G0C1RET6N, STM32G0C1VCI6, STM32G0C1VEI6, STM32G411C6T3, STM32G411C6T6, STM32G411C6U3, STM32G411C6U6, STM32G411C8T3, STM32G411C8T6, STM32G411C8U3, STM32G411C8U6, STM32G411CBT3, STM32G411CBT6, STM32G411CBU3, STM32G411CBU6, STM32G411K6T3, STM32G411K6T6, STM32G411K6U3, STM32G411K6U6, STM32G411K8T3, STM32G411K8T6, STM32G411K8U3, STM32G411K8U6, STM32G411KBT3, STM32G411KBT6, STM32G411KBU3, STM32G411KBU6, STM32G411M6T3, STM32G411M6T6, STM32G411M8T3, STM32G411M8T6, STM32G411MBT3, STM32G411MBT6, STM32G411R6T3, STM32G411R6T6, STM32G411R8T3, STM32G411R8T6, STM32G411RBT3, STM32G411RBT6, STM32G414CBT3, STM32G414CBT6, STM32G414CBU3, STM32G414CBU6, STM32G414CCT3, STM32G414CCT6, STM32G414CCU3, STM32G414CCU6, STM32G414MBT3, STM32G414MBT6, STM32G414MCT3, STM32G414MCT6, STM32G414RBT3, STM32G414RBT6, STM32G414RCT3, STM32G414RCT6, STM32G414VBT3, STM32G414VBT6, STM32G414VCT3, STM32G414VCT6, STM32G431CBT3Z, STM32G431RBT3Z, STM32G471CCT6, STM32G471CCU6, STM32G471CET3, STM32G471CET6, STM32G471CEU3, STM32G471CEU6, STM32G471MCT6, STM32G471MET3, STM32G471MET6, STM32G471MEY6TR, STM32G471QCT6, STM32G471QET3, STM32G471RCT6, STM32G471RET3, STM32G471RET6, STM32G471VCH6, STM32G471VCI6, STM32G471VCT6, STM32G471VEH3, STM32G471VEH6, STM32G471VEI3, STM32G471VEI6, STM32G471VET3, STM32G471VET6, STM32G473QET3Z, STM32G473RET3Z, STM32G474CCT6, STM32G491RET3Z, STM32H503CBT6, STM32H503CBU6, STM32H503EBY6TR, STM32H503KBU6, STM32H503RBT6, STM32H523CCT6, STM32H523CCU6, STM32H523CET6, STM32H523CEU6, STM32H523HEY6TR, STM32H523RCT6, STM32H523RET6, STM32H523VCI6, STM32H523VCT6, STM32H523VEI6, STM32H523VET6, STM32H523ZCJ6, STM32H523ZCT6, STM32H523ZEJ6, STM32H523ZET6, STM32H533CET6, STM32H533CEU6, STM32H533HEY6TR, STM32H533RET6, STM32H533VEI6, STM32H533VET6, STM32H533ZEJ6, STM32H533ZET6, STM32H562AGI6, STM32H562AII6, STM32H562IGK6, STM32H562IGT6, STM32H562IIK6, STM32H562IIT6, STM32H562RGT6, STM32H562RGV6, STM32H562RIT6, STM32H562RIV6, STM32H562VGT6, STM32H562VIT6, STM32H562ZGT6, STM32H562ZIT6, STM32H563AGI6, STM32H563AII3Q, STM32H563AII6, STM32H563IGK6, STM32H563IGT6, STM32H563IIK3Q, STM32H563IIK6, STM32H563IIT3Q, STM32H563IIT6, STM32H563MIY3QTR, STM32H563RGT6, STM32H563RGV6, STM32H563RIT6, STM32H563RIV6, STM32H563VGT6, STM32H563VIT3Q, STM32H563VIT6, STM32H563ZGT6, STM32H563ZIT3Q, STM32H563ZIT6, STM32H573AII3Q, STM32H573AII6, STM32H573I-DK, STM32H573IIK3Q, STM32H573IIK6, STM32H573IIT3Q, STM32H573IIT6, STM32H573MIY3QTR, STM32H573RIT6, STM32H573RIV6, STM32H573VIT3Q, STM32H573VIT6, STM32H573ZIT3Q, STM32H573ZIT6, STM32H7R3A8I6, STM32H7R3I8K6, STM32H7R3I8T6, STM32H7R3L8H6, STM32H7R3L8H6H, STM32H7R3R8V6, STM32H7R3V8H6, STM32H7R3V8T6, STM32H7R3V8Y6TR, STM32H7R3Z8J6, STM32H7R3Z8T6, STM32H7R7A8I6, STM32H7R7I8K6, STM32H7R7I8T6, STM32H7R7L8H6, STM32H7R7L8H6H, STM32H7R7Z8J6, STM32H7S3A8I6, STM32H7S3I8K6, STM32H7S3I8T6, STM32H7S3L8H6, STM32H7S3L8H6H, STM32H7S3R8V6, STM32H7S3V8H6, STM32H7S3V8T6, STM32H7S3V8Y6TR, STM32H7S3Z8J6, STM32H7S3Z8T6, STM32H7S78-DK, STM32H7S7A8I6, STM32H7S7I8K6, STM32H7S7I8T6, STM32H7S7L8H6, STM32H7S7L8H6H, STM32H7S7Z8J6, STM32L4R5QGI6STR, STM32MP131AAE3, STM32MP131AAF3, STM32MP131AAG3, STM32MP131CAE3, STM32MP131CAF3, STM32MP131CAG3, STM32MP131DAE7, STM32MP131DAF7, STM32MP131DAG7, STM32MP131FAE7, STM32MP131FAF7, STM32MP131FAG7, STM32MP133AAE3, STM32MP133AAF3, STM32MP133AAG3, STM32MP133CAE3, STM32MP133CAF3, STM32MP133CAG3, STM32MP133DAE7, STM32MP133DAF7, STM32MP133DAG7, STM32MP133FAE7, STM32MP133FAF7, STM32MP133FAG7, STM32MP135AAE3, STM32MP135AAF3, STM32MP135AAG3, STM32MP135CAE3, STM32MP135CAF3, STM32MP135CAG3, STM32MP135DAE7, STM32MP135DAF7, STM32MP135DAG7, STM32MP135F-DK, STM32MP135FAE7, STM32MP135FAF7, STM32MP135FAF7T, STM32MP135FAF7U, STM32MP135FAG7, STM32MP211AAL3, STM32MP211AAM3, STM32MP211AAN3, STM32MP211AAO3, STM32MP211CAL3, STM32MP211CAM3, STM32MP211CAN3, STM32MP211CAO3, STM32MP211DAL3, STM32MP211DAM3, STM32MP211DAN3, STM32MP211DAO3, STM32MP211FAL3, STM32MP211FAM3, STM32MP211FAN3, STM32MP211FAO3, STM32MP213AAL3, STM32MP213AAM3, STM32MP213AAN3, STM32MP213AAO3, STM32MP213CAL3, STM32MP213CAM3, STM32MP213CAN3, STM32MP213CAO3, STM32MP213DAL3, STM32MP213DAM3, STM32MP213DAN3, STM32MP213DAO3, STM32MP213FAL3, STM32MP213FAM3, STM32MP213FAN3, STM32MP213FAO3, STM32MP215AAL3, STM32MP215AAM3, STM32MP215AAN3, STM32MP215AAO3, STM32MP215CAL3, STM32MP215CAM3, STM32MP215CAN3, STM32MP215CAO3, STM32MP215DAL3, STM32MP215DAM3, STM32MP215DAN3, STM32MP215DAO3, STM32MP215F-DK, STM32MP215FAL3, STM32MP215FAM3, STM32MP215FAN3, STM32MP215FAO3, STM32MP231AAJ3, STM32MP231AAK3, STM32MP231AAL3, STM32MP231CAJ3, STM32MP231CAK3, STM32MP231CAL3, STM32MP231DAJ3, STM32MP231DAK3, STM32MP231DAL3, STM32MP231FAJ3, STM32MP231FAK3, STM32MP231FAL3, STM32MP233AAJ3, STM32MP233AAK3, STM32MP233AAL3, STM32MP233CAJ3, STM32MP233CAK3, STM32MP233CAL3, STM32MP233DAJ3, STM32MP233DAK3, STM32MP233DAL3, STM32MP233FAJ3, STM32MP233FAK3, STM32MP233FAL3, STM32MP235AAJ3, STM32MP235AAK3, STM32MP235AAL3, STM32MP235CAJ3, STM32MP235CAK3, STM32MP235CAL3, STM32MP235DAJ3, STM32MP235DAK3, STM32MP235DAL3, STM32MP235FAJ3, STM32MP235FAK3, STM32MP235FAL3, STM32MP251AAI3, STM32MP251AAK3, STM32MP251AAL3, STM32MP251CAI3, STM32MP251CAK3, STM32MP251CAL3, STM32MP251DAI3, STM32MP251DAK3, STM32MP251DAL3, STM32MP251FAI3, STM32MP251FAK3, STM32MP251FAL3, STM32MP253AAI3, STM32MP253AAK3, STM32MP253AAL3, STM32MP253CAI3, STM32MP253CAK3, STM32MP253CAL3, STM32MP253DAI3, STM32MP253DAK3, STM32MP253DAL3, STM32MP253FAI3, STM32MP253FAK3, STM32MP253FAL3, STM32MP255AAI3, STM32MP255AAK3, STM32MP255AAL3, STM32MP255CAI3, STM32MP255CAK3, STM32MP255CAL3, STM32MP255DAI3, STM32MP255DAK3, STM32MP255DAL3, STM32MP255FAI3, STM32MP255FAK3, STM32MP255FAL3, STM32MP257AAI3, STM32MP257AAK3, STM32MP257AAL3, STM32MP257CAI3, STM32MP257CAK3, STM32MP257CAL3, STM32MP257DAI3, STM32MP257DAK3, STM32MP257DAL3, STM32MP257F-DK, STM32MP257F-EV1, STM32MP257FAI3, STM32MP257FAK3, STM32MP257FAL3, STM32N645A0H3Q, STM32N645B0H3Q, STM32N645I0H3Q, STM32N645L0H3Q, STM32N645X0H3Q, STM32N645Z0H3Q, STM32N647A0H3Q, STM32N647B0H3Q, STM32N647I0H3Q, STM32N647L0H3Q, STM32N647X0H3Q, STM32N647Z0H3Q, STM32N655A0H3Q, STM32N655B0H3Q, STM32N655I0H3Q, STM32N655L0H3Q, STM32N655X0H3Q, STM32N655Z0H3Q, STM32N6570-DK, STM32N657A0H3Q, STM32N657B0H3Q, STM32N657I0H3Q, STM32N657L0H3Q, STM32N657X0H3Q, STM32N657Z0H3Q, STM32U031C6T6, STM32U031C6U6, STM32U031C8T6, STM32U031C8U6, STM32U031F4P6, STM32U031F6P6, STM32U031F8P6, STM32U031G6Y6TR, STM32U031G8Y6TR, STM32U031K4U6, STM32U031K6U6, STM32U031K8U6, STM32U031R6I6, STM32U031R6T6, STM32U031R8I6, STM32U031R8T6, STM32U073C8T6, STM32U073C8U6, STM32U073CBT6, STM32U073CBU6, STM32U073CCT6, STM32U073CCU6, STM32U073H8Y6TR, STM32U073HBY6TR, STM32U073HCY6TR, STM32U073K8U6, STM32U073KBU6, STM32U073KCU6, STM32U073M8I6, STM32U073M8T6, STM32U073MBI6, STM32U073MBT6, STM32U073MCI6, STM32U073MCT6, STM32U073R8I6, STM32U073R8T6, STM32U073RBI6, STM32U073RBT6, STM32U073RCI6, STM32U073RCT6, STM32U083C-DK, STM32U083CCT6, STM32U083CCU6, STM32U083HCY6TR, STM32U083KCU6, STM32U083MCI6, STM32U083MCT6, STM32U083RCI6, STM32U083RCT6, STM32U375CET6, STM32U375CET6Q, STM32U375CEU6, STM32U375CEU6Q, STM32U375CEY6QTR, STM32U375CGT6, STM32U375CGT6Q, STM32U375CGU6, STM32U375CGU6Q, STM32U375CGY6QTR, STM32U375KEU6, STM32U375KGU6, STM32U375REI6, STM32U375REI6Q, STM32U375RET6, STM32U375RET6Q, STM32U375REY6GTR, STM32U375REY6QTR, STM32U375RGI6, STM32U375RGI6Q, STM32U375RGT6, STM32U375RGT6Q, STM32U375RGY6GTR, STM32U375RGY6QTR, STM32U375VEI6, STM32U375VEI6Q, STM32U375VET6, STM32U375VET6Q, STM32U375VGI6, STM32U375VGI6Q, STM32U375VGT6, STM32U375VGT6Q, STM32U385CGT6, STM32U385CGT6Q, STM32U385CGU6, STM32U385CGU6Q, STM32U385CGY6QTR, STM32U385KGU6, STM32U385RGI6, STM32U385RGI6Q, STM32U385RGT6, STM32U385RGT6Q, STM32U385RGY6GTR, STM32U385RGY6QTR, STM32U385VGI6, STM32U385VGI6Q, STM32U385VGT6, STM32U385VGT6Q, STM32U535CBT6, STM32U535CBT6Q, STM32U535CBU6, STM32U535CBU6Q, STM32U535CCT6, STM32U535CCT6Q, STM32U535CCU6, STM32U535CCU6Q, STM32U535CET6, STM32U535CET6Q, STM32U535CEU6, STM32U535CEU6Q, STM32U535JEY6QTR, STM32U535NCY6QTR, STM32U535NEY6QTR, STM32U535RBI6, STM32U535RBI6Q, STM32U535RBT6, STM32U535RBT6Q, STM32U535RCI6, STM32U535RCI6Q, STM32U535RCT6, STM32U535RCT6Q, STM32U535REI6, STM32U535REI6Q, STM32U535RET6, STM32U535RET6Q, STM32U535VCI6, STM32U535VCI6Q, STM32U535VCT6, STM32U535VCT6Q, STM32U535VEI6, STM32U535VEI6Q, STM32U535VET6, STM32U535VET6Q, STM32U545CET6, STM32U545CET6Q, STM32U545CEU6, STM32U545CEU6Q, STM32U545JEY6QTR, STM32U545NEY6QTR, STM32U545REI6, STM32U545REI6Q, STM32U545RET6, STM32U545RET6Q, STM32U545VEI6, STM32U545VEI6Q, STM32U545VET6, STM32U545VET6Q, STM32U595AIH6, STM32U595AIH6Q, STM32U595AJH6, STM32U595AJH6Q, STM32U595QII6, STM32U595QII6Q, STM32U595QJI6, STM32U595QJI6Q, STM32U595RIT6, STM32U595RIT6Q, STM32U595RJT6, STM32U595RJT6Q, STM32U595VIT6, STM32U595VIT6Q, STM32U595VJT6, STM32U595VJT6Q, STM32U595ZIT6, STM32U595ZIT6Q, STM32U595ZIY6QTR, STM32U595ZJT6, STM32U595ZJT6Q, STM32U595ZJY6QTR, STM32U599BJY6QTR, STM32U599NIH6Q, STM32U599NJH6Q, STM32U599VIT6Q, STM32U599VJT6, STM32U599VJT6Q, STM32U599ZIT6Q, STM32U599ZIY6QTR, STM32U599ZJT6Q, STM32U599ZJY6QTR, STM32U5A5AJH6, STM32U5A5AJH6Q, STM32U5A5QII3Q , STM32U5A5QJI6, STM32U5A5QJI6Q, STM32U5A5RJT6, STM32U5A5RJT6Q, STM32U5A5VJT6, STM32U5A5VJT6Q, STM32U5A5ZJT6, STM32U5A5ZJT6Q, STM32U5A5ZJY6QTR, STM32U5A9BJY6QTR, STM32U5A9J-DK, STM32U5A9NJH6Q, STM32U5A9VJT6Q, STM32U5A9ZJT6Q, STM32U5A9ZJY6QTR, STM32U5F7VIT6, STM32U5F7VIT6Q, STM32U5F7VJT6, STM32U5F7VJT6Q, STM32U5F9BJY6QTR, STM32U5F9NJH6Q, STM32U5F9VIT6Q, STM32U5F9VJT6Q, STM32U5F9ZIJ6QTR, STM32U5F9ZIT6Q, STM32U5F9ZJJ6QTR, STM32U5F9ZJT6Q, STM32U5G7VJT6, STM32U5G7VJT6Q, STM32U5G9BJY6QTR, STM32U5G9J-DK1, STM32U5G9J-DK2, STM32U5G9NJH6Q, STM32U5G9VJT6Q, STM32U5G9ZJJ6QTR, STM32U5G9ZJT6Q, STM32WB05KZV6TR, STM32WB05KZV7TR, STM32WB05TZF6TR, STM32WB05TZF7TR, STM32WB06CCF6TR, STM32WB06CCF7TR, STM32WB06CCV6TR, STM32WB06CCV7TR, STM32WB06KCV6TR, STM32WB06KCV7TR, STM32WB07CCF6TR, STM32WB07CCF7TR, STM32WB07CCV6TR, STM32WB07CCV7TR, STM32WB07KCV6TR, STM32WB07KCV7TR, STM32WB09KEV6TR, STM32WB09KEV7TR, STM32WB09TEF6TR, STM32WB09TEF7TR, STM32WB1MMCH6, STM32WBA50KGU6, STM32WBA50KGU6TR, STM32WBA52CEU6, STM32WBA52CEU6TR, STM32WBA52CEU7, STM32WBA52CEU7TR, STM32WBA52CGU6, STM32WBA52CGU6TR, STM32WBA52CGU6U, STM32WBA52CGU7, STM32WBA52CGU7TR, STM32WBA52KEU6, STM32WBA52KEU6TR, STM32WBA52KGU6, STM32WBA52KGU6TR, STM32WBA54CEU6, STM32WBA54CEU6TR, STM32WBA54CEU7, STM32WBA54CEU7TR, STM32WBA54CGU6, STM32WBA54CGU6TR, STM32WBA54CGU7, STM32WBA54CGU7TR, STM32WBA54KEU6, STM32WBA54KEU6TR, STM32WBA54KEU7, STM32WBA54KEU7TR, STM32WBA54KGU6, STM32WBA54KGU6TR, STM32WBA54KGU7, STM32WBA54KGU7TR, STM32WBA55CEU6, STM32WBA55CEU6TR, STM32WBA55CEU7, STM32WBA55CEU7TR, STM32WBA55CGU6, STM32WBA55CGU6TR, STM32WBA55CGU6U, STM32WBA55CGU7, STM32WBA55CGU7TR, STM32WBA55G-DK1, STM32WBA55HEF6, STM32WBA55HEF7, STM32WBA55HGF6, STM32WBA55HGF7, STM32WBA55UEI6, STM32WBA55UEI6TR, STM32WBA55UEI7, STM32WBA55UEI7TR, STM32WBA55UGI6, STM32WBA55UGI6TR, STM32WBA55UGI7, STM32WBA55UGI7TR, STM32WBA5MMGH6TR, STM32WBA62MGF6, STM32WBA62MIF6, STM32WBA65MGF7, STM32WBA65MIF6, STM32WBA65MIF7, STM32WL30K8V6, STM32WL30KBV6, STM32WL31C8V6, STM32WL31CBV6, STM32WL31K8V6, STM32WL31KBV6, STM32WL33C8V6, STM32WL33C8V6X, STM32WL33CBV6, STM32WL33CBV6X, STM32WL33CCV6, STM32WL33CCV6A, STM32WL33CCV6X, STM32WL33K8V7, STM32WL33K8V7X, STM32WL33KBV7 , STM32WL33KBV7X, STM32WL33KCV7, STM32WL33KCV7X, STM32WL5MOCH6, STM32WL5MOCH6TR]
2026-07-31 10:03:34,121 [INFO] BoardInfo:889 - No configuration file found for board NUCLEO-H5E5ZJ
2026-07-31 10:03:34,122 [INFO] DbBoards:161 - Board is not supported: NUCLEO-H5E5ZJ
2026-07-31 10:03:34,169 [INFO] BoardInfo:889 - No configuration file found for board NUCLEO-U3C5ZI-Q
2026-07-31 10:03:34,170 [INFO] DbBoards:161 - Board is not supported: NUCLEO-U3C5ZI-Q
2026-07-31 10:03:34,182 [INFO] BoardInfo:889 - No configuration file found for board NUCLEO-WBA25CE1
2026-07-31 10:03:34,184 [INFO] DbBoards:161 - Board is not supported: NUCLEO-WBA25CE1
2026-07-31 10:03:34,191 [INFO] BoardInfo:889 - No configuration file found for board NUCLEO-WL3RKB1
2026-07-31 10:03:34,192 [INFO] DbBoards:161 - Board is not supported: NUCLEO-WL3RKB1
2026-07-31 10:03:34,193 [INFO] BoardInfo:889 - No configuration file found for board NUCLEO-WL3RKB2
2026-07-31 10:03:34,194 [INFO] DbBoards:161 - Board is not supported: NUCLEO-WL3RKB2
2026-07-31 10:03:34,201 [INFO] BoardInfo:889 - No configuration file found for board P-NUCLEO-WB55
2026-07-31 10:03:34,202 [INFO] DbBoards:161 - Kit is not supported: P-NUCLEO-WB55
2026-07-31 10:03:34,207 [INFO] BoardInfo:889 - No configuration file found for board STEVAL-BFA001V1B
2026-07-31 10:03:34,208 [INFO] DbBoards:161 - Kit is not supported: STEVAL-BFA001V1B
2026-07-31 10:03:34,208 [INFO] BoardInfo:889 - No configuration file found for board STEVAL-BFA001V2B
2026-07-31 10:03:34,209 [INFO] DbBoards:161 - Kit is not supported: STEVAL-BFA001V2B
2026-07-31 10:03:34,302 [INFO] BoardInfo:889 - No configuration file found for board STM32H5F5J-DK
2026-07-31 10:03:34,303 [INFO] DbBoards:161 - Board is not supported: STM32H5F5J-DK
2026-07-31 10:03:34,367 [INFO] DbBoards:168 - Found 218 boards, 209 are supported
2026-07-31 10:03:34,367 [INFO] DbBoards:169 - Found 218 boards, 43 of them is supported for  Bsp
2026-07-31 10:03:34,370 [INFO] ApiDb:423 - Load user favorites file C:\Users\ADMIN/.stm32cubeide/favorites.boards.txt: 0 item(s)
2026-07-31 10:03:34,370 [INFO] ApiDb:427 - User favorites Boards=[]
2026-07-31 10:03:34,370 [INFO] DbBoards:198 - Set 0 / 0 favorites Boards
2026-07-31 10:03:34,370 [INFO] McuFinderGlobals:76 - Set McuFinderConnectedMode to true
2026-07-31 10:03:34,377 [INFO] MultiScanPanel:200 - Auto-refresh data requested => check proxy status ongoing
2026-07-31 10:03:34,379 [INFO] FinderPluginLoader:96 - Searching for filters in installed packs
2026-07-31 10:03:34,380 [INFO] FinderPluginLoader:109 - Found C:\Users\ADMIN\STM32Cube\Repository\Packs\STMicroelectronics\X-CUBE-AI\10.2.1\CubeMX\plugins\ip\ai.10.2.1.jar
2026-07-31 10:03:34,380 [INFO] FinderPluginLoader:119 - Loading ai.10.2.1
2026-07-31 10:03:34,415 [INFO] McuExtendedFiltersManager:95 - Add MCU extended filter: Artificial Intelligence
2026-07-31 10:03:35,130 [INFO] AInterface:116 - AInterface using toolDir: C:/Users/ADMIN/STM32Cube/Repository//Packs/STMicroelectronics/X-CUBE-AI/10.2.1/Utilities/windows
2026-07-31 10:03:35,556 [INFO] LoadUrlFilesThread:185 - End of LoadServerUrlFiles without Thread
2026-07-31 10:03:35,566 [INFO] DetailPanel:341 - Set advertising image to C:/Users/ADMIN/STM32Cube/Repository/\en.stm32h5cubemxbanner.png
2026-07-31 10:03:38,457 [INFO] MultiScanPanel:200 - Auto-refresh data requested => check proxy status ongoing
2026-07-31 10:03:38,548 [INFO] LoadUrlFilesThread:185 - End of LoadServerUrlFiles without Thread
2026-07-31 10:03:38,548 [INFO] DetailPanel:341 - Set advertising image to C:/Users/ADMIN/STM32Cube/Repository/\en.stm32h5cubemxbanner.png
2026-07-31 10:03:38,560 [INFO] DbBoards:642 - Loading board mini-images...
2026-07-31 10:03:40,192 [INFO] DbBoards:665 - Loaded 218 board mini-images
2026-07-31 10:04:27,776 [INFO] MainUpdater:2872 - connection check result : 10
2026-07-31 10:04:27,776 [INFO] MainUpdater:2872 - connection check result : 10
2026-07-31 10:04:27,788 [INFO] MicroXplorer:468 - Change Database Path : 
2026-07-31 10:04:27,788 [INFO] MicroXplorer:498 - Change Database Version : DB.6.0.150
2026-07-31 10:04:27,792 [WARN] ThirdParty:871 - waiting for thirdparty lock release [close project]
2026-07-31 10:04:27,792 [INFO] ThirdParty:873 - entering critical section [close project]
2026-07-31 10:04:27,793 [INFO] ThirdParty:883 - exiting critical section [close project]
2026-07-31 10:04:27,797 [INFO] PinOutPanel:1589 - setPackage(No Configuration,No Configuration)
2026-07-31 10:04:27,798 [INFO] UtilMem:75 - Begin LoadConfig() Used Memory: 803651496 Bytes (1073741824)
2026-07-31 10:04:27,805 [INFO] OpenFileManager:355 - Change cursor
2026-07-31 10:04:27,858 [INFO] ProjectFactory:514 - No CPN specified for board B-L4S5I-IOT01A => set CPN to STM32L4S5VIT6
2026-07-31 10:04:27,858 [INFO] Mcu:2029 - Initializing MCU STM32L4S5VITx STM32L4S5VITx STM32L4S5VIT6
2026-07-31 10:04:29,473 [INFO] Context:786 - Trying to add GPIOservice into a context  which must be forbidden
2026-07-31 10:04:29,913 [INFO] Rule:233 - rule 117617 - U5Cobra4M][GTZC] default value MPCBB3 and MPCBB5 - Not Secured memory - MPCBB1 is applicable
2026-07-31 10:04:29,913 [INFO] Rule:233 - rule 117617 - U5Cobra4M][GTZC] default value MPCBB3 and MPCBB5 - Not Secured memory - MPCBB1 is applicable
2026-07-31 10:04:29,913 [INFO] Rule:233 - rule 117617 - U5Cobra4M][GTZC] default value MPCBB3 and MPCBB5 - Not Secured memory - MPCBB2 is applicable
2026-07-31 10:04:29,913 [INFO] Rule:233 - rule 117617 - U5Cobra4M][GTZC] default value MPCBB3 and MPCBB5 - Not Secured memory - MPCBB2 is applicable
2026-07-31 10:04:29,913 [INFO] Rule:233 - rule 117617 - U5Cobra4M][GTZC] default value MPCBB3 and MPCBB5 - Not Secured memory - MPCBB3 is applicable
2026-07-31 10:04:29,913 [INFO] Rule:233 - rule 117617 - U5Cobra4M][GTZC] default value MPCBB3 and MPCBB5 - Not Secured memory - MPCBB3 is applicable
2026-07-31 10:04:29,913 [INFO] Rule:233 - rule 117617 - U5Cobra4M][GTZC] default value MPCBB3 and MPCBB5 - Not Secured memory - MPCBB4 is applicable
2026-07-31 10:04:29,913 [INFO] Rule:233 - rule 117617 - U5Cobra4M][GTZC] default value MPCBB3 and MPCBB5 - Not Secured memory - MPCBB4 is applicable
2026-07-31 10:04:29,913 [INFO] Rule:233 - rule 117617 - U5Cobra4M][GTZC] default value MPCBB3 and MPCBB5 - Secured memory - MPCBB1 is applicable
2026-07-31 10:04:29,913 [INFO] Rule:233 - rule 117617 - U5Cobra4M][GTZC] default value MPCBB3 and MPCBB5 - Secured memory - MPCBB2 is applicable
2026-07-31 10:04:29,913 [INFO] Rule:233 - rule 117617 - U5Cobra4M][GTZC] default value MPCBB3 and MPCBB5 - Secured memory - MPCBB3 is applicable
2026-07-31 10:04:29,914 [INFO] Rule:233 - rule 117617 - U5Cobra4M][GTZC] default value MPCBB3 and MPCBB5 - Secured memory - MPCBB4 is applicable
2026-07-31 10:04:29,914 [INFO] Rule:233 - rule 117617 - U5Cobra4M][GTZC] default value MPCBB3 and MPCBB5 - Privileged memory - MPCBB1 is applicable
2026-07-31 10:04:29,914 [INFO] Rule:233 - rule 117617 - U5Cobra4M][GTZC] default value MPCBB3 and MPCBB5 - Privileged memory - MPCBB2 is applicable
2026-07-31 10:04:29,914 [INFO] Rule:233 - rule 117617 - U5Cobra4M][GTZC] default value MPCBB3 and MPCBB5 - Privileged memory - MPCBB3 is applicable
2026-07-31 10:04:29,914 [INFO] Rule:233 - rule 117617 - U5Cobra4M][GTZC] default value MPCBB3 and MPCBB5 - Privileged memory - MPCBB4 is applicable
2026-07-31 10:04:29,914 [INFO] Rule:233 - rule 117617 - U5Cobra4M][GTZC] default value MPCBB3 and MPCBB5 - Not Privileged memory - MPCBB1 is applicable
2026-07-31 10:04:29,914 [INFO] Rule:233 - rule 117617 - U5Cobra4M][GTZC] default value MPCBB3 and MPCBB5 - Not Privileged memory - MPCBB2 is applicable
2026-07-31 10:04:29,914 [INFO] Rule:233 - rule 117617 - U5Cobra4M][GTZC] default value MPCBB3 and MPCBB5 - Not Privileged memory - MPCBB3 is applicable
2026-07-31 10:04:29,914 [INFO] Rule:233 - rule 117617 - U5Cobra4M][GTZC] default value MPCBB3 and MPCBB5 - Not Privileged memory - MPCBB4 is applicable
2026-07-31 10:04:29,914 [INFO] Rule:233 - rule 117617 - U5Cobra4M][GTZC] default value MPCBB3 and MPCBB5 - Privileged memory - MPCBB1 is applicable
2026-07-31 10:04:29,914 [INFO] Rule:233 - rule 117617 - U5Cobra4M][GTZC] default value MPCBB3 and MPCBB5 - Privileged memory - MPCBB2 is applicable
2026-07-31 10:04:29,914 [INFO] Rule:233 - rule 117617 - U5Cobra4M][GTZC] default value MPCBB3 and MPCBB5 - Privileged memory - MPCBB3 is applicable
2026-07-31 10:04:29,914 [INFO] Rule:233 - rule 117617 - U5Cobra4M][GTZC] default value MPCBB3 and MPCBB5 - Privileged memory - MPCBB4 is applicable
2026-07-31 10:04:29,914 [INFO] Rule:233 - rule 117617 - U5Cobra4M][GTZC] default value MPCBB3 and MPCBB5 - Privileged memory - MPCBB1 is applicable
2026-07-31 10:04:29,914 [INFO] Rule:233 - rule 117617 - U5Cobra4M][GTZC] default value MPCBB3 and MPCBB5 - Privileged memory - MPCBB2 is applicable
2026-07-31 10:04:29,914 [INFO] Rule:233 - rule 117617 - U5Cobra4M][GTZC] default value MPCBB3 and MPCBB5 - Privileged memory - MPCBB3 is applicable
2026-07-31 10:04:29,914 [INFO] Rule:233 - rule 117617 - U5Cobra4M][GTZC] default value MPCBB3 and MPCBB5 - Privileged memory - MPCBB4 is applicable
2026-07-31 10:04:29,914 [INFO] Rule:233 - rule 117617 - U5Cobra4M][GTZC] default value MPCBB3 and MPCBB5 - Not Privileged memory - MPCBB1 is applicable
2026-07-31 10:04:29,914 [INFO] Rule:233 - rule 117617 - U5Cobra4M][GTZC] default value MPCBB3 and MPCBB5 - Not Privileged memory - MPCBB2 is applicable
2026-07-31 10:04:29,914 [INFO] Rule:233 - rule 117617 - U5Cobra4M][GTZC] default value MPCBB3 and MPCBB5 - Not Privileged memory - MPCBB3 is applicable
2026-07-31 10:04:29,914 [INFO] Rule:233 - rule 117617 - U5Cobra4M][GTZC] default value MPCBB3 and MPCBB5 - Not Privileged memory - MPCBB4 is applicable
2026-07-31 10:04:29,914 [INFO] Rule:233 - rule 117617 - U5Cobra4M][GTZC] default value MPCBB3 and MPCBB5 - Privileged memory - MPCBB1 is applicable
2026-07-31 10:04:29,914 [INFO] Rule:233 - rule 117617 - U5Cobra4M][GTZC] default value MPCBB3 and MPCBB5 - Privileged memory - MPCBB2 is applicable
2026-07-31 10:04:29,914 [INFO] Rule:233 - rule 117617 - U5Cobra4M][GTZC] default value MPCBB3 and MPCBB5 - Privileged memory - MPCBB3 is applicable
2026-07-31 10:04:29,914 [INFO] Rule:233 - rule 117617 - U5Cobra4M][GTZC] default value MPCBB3 and MPCBB5 - Privileged memory - MPCBB4 is applicable
2026-07-31 10:04:29,915 [INFO] Rule:233 - rule WakeUp0 Mode is applicable
2026-07-31 10:04:29,915 [INFO] Rule:233 - rule WakeUp0 SIGNAL is applicable
2026-07-31 10:04:29,915 [INFO] Rule:233 - rule WakeUp1 Mode is applicable
2026-07-31 10:04:29,915 [INFO] Rule:233 - rule WakeUp1 SIGNAL is applicable
2026-07-31 10:04:29,915 [INFO] Rule:233 - rule WakeUp2 Mode is applicable
2026-07-31 10:04:29,915 [INFO] Rule:233 - rule WakeUp2 SIGNAL is applicable
2026-07-31 10:04:29,915 [INFO] Rule:233 - rule WakeUp4 Mode is applicable
2026-07-31 10:04:29,915 [INFO] Rule:233 - rule WakeUp4 SIGNAL is applicable
2026-07-31 10:04:29,915 [INFO] Rule:233 - rule WakeUp5 Mode is applicable
2026-07-31 10:04:29,915 [INFO] Rule:233 - rule WakeUp5 SIGNAL is applicable
2026-07-31 10:04:29,915 [INFO] Rule:233 - rule Change Default Value for LSE Drive Capability for WB family is applicable
2026-07-31 10:04:29,915 [INFO] Rule:233 - rule change FDCAN default value is applicable
2026-07-31 10:04:29,915 [INFO] Rule:233 - rule Adapt Old IOC before rework replace old CORTEX_M33/CORTEX_M55 attributes by the new one. is applicable
2026-07-31 10:04:29,915 [INFO] Rule:233 - rule Rename parametre of RCC RCC_APBDBG_DIV2 to RCC_TIMPRES_DIV2 is applicable
2026-07-31 10:04:29,915 [INFO] Rule:233 - rule Rename DIE493 pin PA10 [PA12] -> PA10 is applicable
2026-07-31 10:04:29,915 [INFO] Rule:233 - rule Rename DIE493 pin PA9 [PA11] -> PA9 is applicable
2026-07-31 10:04:29,915 [INFO] Rule:233 - rule Rename DIE492 PartNumber CPN STM32WBA5MJGHx -> STM32WBA5MMGHx is applicable
2026-07-31 10:04:29,915 [INFO] Rule:233 - rule Rename DIE492 PartNumber  Name STM32WBA5MJGHx -> STM32WBA5MMGHx is applicable
2026-07-31 10:04:29,915 [INFO] Rule:233 - rule Rename DIE492 PartNumber UserName STM32WBA5MJGHx -> STM32WBA5MMGHx is applicable
2026-07-31 10:04:29,916 [INFO] Rule:233 - rule Rename DIE492 PartNumber DeviceId STM32WBA5MJGHx -> STM32WBA5MMGHx is applicable
2026-07-31 10:04:29,916 [INFO] Rule:233 - rule Adapt Old IOC CSI. is applicable
2026-07-31 10:04:29,916 [INFO] Rule:233 - rule Adapt Old IOC DCMIPP. is applicable
2026-07-31 10:04:29,916 [INFO] Rule:233 - rule Adapt Old IOC DCMIPP Mode Parallel. is applicable
2026-07-31 10:04:29,916 [INFO] Rule:233 - rule Adapt Old IOC LTDC. is applicable
2026-07-31 10:04:29,916 [INFO] Rule:233 - rule Rename STM32MP2 RIF Peripheral LTDC RIF.RISUP.LTDC_L0L1.Privilege -> RIF.RISUP.LTDC_L1L2.Privilege is applicable
2026-07-31 10:04:29,916 [INFO] Rule:233 - rule Rename STM32MP2 RIF Peripheral LTDC RIF.RISUP.LTDC_L0L1.Privilege -> RIF.RISUP.LTDC_L1L2.Privilege is applicable
2026-07-31 10:04:29,916 [INFO] Rule:233 - rule Rename STM32MP2 RIF Peripheral LTDC RIF.RISUP.LTDC_L0L1.Lock -> RIF.RISUP.LTDC_L1L2.Lock is applicable
2026-07-31 10:04:29,916 [INFO] Rule:233 - rule Rename STM32MP2 RIF Peripheral LTDC RIF.RISUP.LTDC_L2.Lock -> RIF.RISUP.LTDC_L3.Lock is applicable
2026-07-31 10:04:29,916 [INFO] Rule:233 - rule Adapt the old IOC example for updating the SYS when it is misconfigured. is applicable
2026-07-31 10:04:29,916 [INFO] Rule:233 - rule Rename STM32C09 Mcu.Package LQFP64 -> LQFP48 is applicable
2026-07-31 10:04:29,916 [INFO] Rule:233 - rule Adapt the old IOC example for updating the SYS when it is misconfigured. is applicable
2026-07-31 10:04:29,916 [INFO] Rule:233 - rule Adapt the old IOC example for updating the SYS when it is misconfigured. is applicable
2026-07-31 10:04:29,926 [INFO] DbConfProperties:307 - Apply Compatibility (5/68 Rules)
2026-07-31 10:04:29,966 [INFO] ImportTextPane:234 - (OptionalMessage_ERROR) Pin84 (VP_RIF_VS_RIF1) cannot be retrieved for this MCU
2026-07-31 10:04:30,125 [INFO] RtosManager:558 - Registered RTOS mode: class=CMSIS, group=RTOS, mode=CMSIS_V1, owner=FREERTOS
2026-07-31 10:04:30,126 [INFO] RtosManager:558 - Registered RTOS mode: class=CMSIS, group=RTOS2, mode=CMSIS_V2, owner=FREERTOS
2026-07-31 10:04:30,126 [INFO] RtosManager:558 - Registered RTOS mode: class=RTOS, group=Core, mode=CMSIS_V1, owner=FREERTOS
2026-07-31 10:04:30,126 [INFO] RtosManager:558 - Registered RTOS mode: class=RTOS, group=Core, mode=CMSIS_V2, owner=FREERTOS
2026-07-31 10:04:30,126 [WARN] ModelIntegratedComponent:184 - Missing modes for component STMicroelectronics:FreeRTOS:0.0.1:STMicroelectronics:RTOS:FreeRTOS:Core:::10.2.0:
2026-07-31 10:04:30,172 [WARN] ModelIntegratedComponent:63 - No mode defined for component null
2026-07-31 10:04:30,173 [WARN] ModelIntegratedComponent:63 - No mode defined for component null
2026-07-31 10:04:30,173 [WARN] ModelIntegratedComponent:63 - No mode defined for component null
2026-07-31 10:04:30,173 [WARN] ModelIntegratedComponent:63 - No mode defined for component null
2026-07-31 10:04:30,173 [WARN] ModelIntegratedComponent:63 - No mode defined for component null
2026-07-31 10:04:30,173 [WARN] ModelIntegratedComponent:63 - No mode defined for component null
2026-07-31 10:04:30,173 [WARN] ModelIntegratedComponent:63 - No mode defined for component null
2026-07-31 10:04:30,173 [WARN] ModelIntegratedComponent:63 - No mode defined for component null
2026-07-31 10:04:30,173 [WARN] ModelIntegratedComponent:63 - No mode defined for component null
2026-07-31 10:04:30,173 [WARN] ModelIntegratedComponent:63 - No mode defined for component null
2026-07-31 10:04:30,173 [WARN] ModelIntegratedComponent:63 - No mode defined for component null
2026-07-31 10:04:30,173 [WARN] ModelIntegratedComponent:63 - No mode defined for component null
2026-07-31 10:04:30,173 [WARN] ModelIntegratedComponent:63 - No mode defined for component null
2026-07-31 10:04:30,173 [WARN] ModelIntegratedComponent:63 - No mode defined for component null
2026-07-31 10:04:30,173 [WARN] ModelIntegratedComponent:63 - No mode defined for component null
2026-07-31 10:04:30,173 [WARN] ModelIntegratedComponent:63 - No mode defined for component null
2026-07-31 10:04:30,173 [WARN] ModelIntegratedComponent:63 - No mode defined for component null
2026-07-31 10:04:30,173 [WARN] ModelIntegratedComponent:63 - No mode defined for component null
2026-07-31 10:04:30,173 [WARN] ModelIntegratedComponent:63 - No mode defined for component null
2026-07-31 10:04:30,173 [WARN] ModelIntegratedComponent:63 - No mode defined for component null
2026-07-31 10:04:30,173 [WARN] ModelIntegratedComponent:63 - No mode defined for component null
2026-07-31 10:04:30,173 [WARN] ModelIntegratedComponent:63 - No mode defined for component null
2026-07-31 10:04:30,173 [WARN] ModelIntegratedComponent:63 - No mode defined for component null
2026-07-31 10:04:30,173 [WARN] ModelIntegratedComponent:63 - No mode defined for component null
2026-07-31 10:04:30,173 [WARN] ModelIntegratedComponent:63 - No mode defined for component null
2026-07-31 10:04:30,173 [WARN] ModelIntegratedComponent:63 - No mode defined for component null
2026-07-31 10:04:30,173 [WARN] ModelIntegratedComponent:63 - No mode defined for component null
2026-07-31 10:04:30,173 [WARN] ModelIntegratedComponent:63 - No mode defined for component null
2026-07-31 10:04:30,173 [WARN] ModelIntegratedComponent:63 - No mode defined for component null
2026-07-31 10:04:30,173 [WARN] ModelIntegratedComponent:63 - No mode defined for component null
2026-07-31 10:04:30,173 [WARN] ModelIntegratedComponent:63 - No mode defined for component null
2026-07-31 10:04:30,173 [WARN] ModelIntegratedComponent:63 - No mode defined for component null
2026-07-31 10:04:30,173 [WARN] ModelIntegratedComponent:63 - No mode defined for component null
2026-07-31 10:04:30,173 [WARN] ModelIntegratedComponent:63 - No mode defined for component null
2026-07-31 10:04:30,173 [WARN] ModelIntegratedComponent:63 - No mode defined for component null
2026-07-31 10:04:30,173 [WARN] ModelPack:524 - Component already loaded: STMicroelectronics:HAL Drivers:0.0.0:STMicroelectronics:Device:STMicro_Driver:XSPI:HAL::0.0.1:HAL_XSPI
2026-07-31 10:04:30,203 [INFO] ThirdPartyModel:298 - Start build external matchings
2026-07-31 10:04:30,419 [INFO] ThirdPartyModel:316 - End build external matchings
2026-07-31 10:04:30,436 [WARN] IP:2250 - MaxTran not found: check if there is a RefParameter without a condition.
2026-07-31 10:04:30,437 [WARN] IP:2250 - Refresh not found: check if there is a RefParameter without a condition.
2026-07-31 10:04:30,437 [INFO] ImportTextPane:234 - (OptionalMessage_ERROR) IP (RCC) : Invalid parameter (FamilyName)
2026-07-31 10:04:30,664 [INFO] UtilMem:75 - End LoadConfig() Used Memory: 968034304 Bytes (1073741824)
2026-07-31 10:04:30,754 [WARN] ThirdParty:833 - waiting for thirdparty lock release [change project]
2026-07-31 10:04:30,754 [INFO] ThirdParty:835 - entering critical section [change project]
2026-07-31 10:04:30,754 [INFO] ThirdParty:1030 - CMSIS Pack Vendor :STMicroelectronics X-CUBE-AZRTOS-H7 3.5.0
2026-07-31 10:04:30,754 [INFO] ThirdParty:1030 - CMSIS Pack Vendor :STMicroelectronics X-CUBE-PM33A1 1.0.0
2026-07-31 10:04:30,754 [INFO] ThirdParty:1030 - CMSIS Pack Vendor :STMicroelectronics USBPD 4.1
2026-07-31 10:04:30,754 [INFO] ThirdParty:1030 - CMSIS Pack Vendor :STMicroelectronics X-CUBE-NFC9 1.0.0
2026-07-31 10:04:30,754 [INFO] ThirdParty:1030 - CMSIS Pack Vendor :STMicroelectronics USB_HOST 2.0.0
2026-07-31 10:04:30,754 [INFO] ThirdParty:1030 - CMSIS Pack Vendor :STMicroelectronics FP-ATR-ASTRA1 2.0.3
2026-07-31 10:04:30,755 [INFO] ThirdParty:1030 - CMSIS Pack Vendor :STMicroelectronics X-CUBE-AZRTOS-F4 1.1.0
2026-07-31 10:04:30,755 [INFO] ThirdParty:1030 - CMSIS Pack Vendor :STMicroelectronics LIBJPEG 8.0.0
2026-07-31 10:04:30,755 [INFO] ThirdParty:1030 - CMSIS Pack Vendor :STMicroelectronics X-CUBE-BLE1 7.1.0
2026-07-31 10:04:30,755 [INFO] ThirdParty:1030 - CMSIS Pack Vendor :wolfSSL I-CUBE-wolfMQTT 1.19.2
2026-07-31 10:04:30,755 [INFO] ThirdParty:1030 - CMSIS Pack Vendor :STMicroelectronics USB_DEVICE 3.0.0
2026-07-31 10:04:30,755 [INFO] ThirdParty:1030 - CMSIS Pack Vendor :STMicroelectronics X-CUBE-ISPU 2.1.0
2026-07-31 10:04:30,755 [INFO] ThirdParty:1030 - CMSIS Pack Vendor :STMicroelectronics X-CUBE-EEPRMA1 5.2.0
2026-07-31 10:04:30,755 [INFO] ThirdParty:1030 - CMSIS Pack Vendor :STMicroelectronics X-CUBE-IPS 3.2.0
2026-07-31 10:04:30,755 [INFO] ThirdParty:1030 - CMSIS Pack Vendor :STMicroelectronics eDS-WB_DPC_TT-BIDIR 2.1.1
2026-07-31 10:04:30,755 [INFO] ThirdParty:1030 - CMSIS Pack Vendor :STMicroelectronics X-CUBE-AZRTOS-WB 2.0.0
2026-07-31 10:04:30,755 [INFO] ThirdParty:1030 - CMSIS Pack Vendor :STMicroelectronics X-CUBE-NFC12 1.0.0
2026-07-31 10:04:30,755 [INFO] ThirdParty:1030 - CMSIS Pack Vendor :STMicroelectronics X-CUBE-AZRTOS-F7 1.1.0
2026-07-31 10:04:30,755 [INFO] ThirdParty:1030 - CMSIS Pack Vendor :STMicroelectronics X-CUBE-AZRTOS-L5 2.0.0
2026-07-31 10:04:30,755 [INFO] ThirdParty:1030 - CMSIS Pack Vendor :STMicroelectronics USB_DEVICE 2.0.0
2026-07-31 10:04:30,755 [INFO] ThirdParty:1030 - CMSIS Pack Vendor :STMicroelectronics X-CUBE-FREERTOS 1.6.0
2026-07-31 10:04:30,755 [INFO] ThirdParty:1030 - CMSIS Pack Vendor :STMicroelectronics FP-SNS-STAIOTCFT 1.1.0
2026-07-31 10:04:30,755 [INFO] ThirdParty:1030 - CMSIS Pack Vendor :quantropi X-CUBE-qispace-sdk-base 2.1.0
2026-07-31 10:04:30,755 [INFO] ThirdParty:1030 - CMSIS Pack Vendor :STMicroelectronics X-CUBE-STSE01 2.0.0
2026-07-31 10:04:30,755 [INFO] ThirdParty:1030 - CMSIS Pack Vendor :STMicroelectronics X-CUBE-ALGOBUILD 1.5.0
2026-07-31 10:04:30,755 [INFO] ThirdParty:1030 - CMSIS Pack Vendor :STMicroelectronics FP-SNS-MOTENV1 5.1.0
2026-07-31 10:04:30,755 [INFO] ThirdParty:1030 - CMSIS Pack Vendor :STMicroelectronics FreeRTOS 0.0.1
2026-07-31 10:04:30,755 [INFO] ThirdParty:1030 - CMSIS Pack Vendor :STMicroelectronics X-CUBE-AZRTOS-H7RS 1.3.0
2026-07-31 10:04:30,755 [INFO] ThirdParty:1030 - CMSIS Pack Vendor :STMicroelectronics X-CUBE-AZRTOS-G0 1.1.0
2026-07-31 10:04:30,755 [INFO] ThirdParty:1030 - CMSIS Pack Vendor :STMicroelectronics X-CUBE-NFC4 3.0.0
2026-07-31 10:04:30,755 [INFO] ThirdParty:1030 - CMSIS Pack Vendor :STMicroelectronics X-CUBE-SUBG2 5.0.0
2026-07-31 10:04:30,755 [INFO] ThirdParty:1030 - CMSIS Pack Vendor :STMicroelectronics STM32_WPAN 1.0.0
2026-07-31 10:04:30,755 [INFO] ThirdParty:1030 - CMSIS Pack Vendor :STMicroelectronics eDS-WB_DPC_VIENNA 1.2.0
2026-07-31 10:04:30,755 [INFO] ThirdParty:1030 - CMSIS Pack Vendor :EmbeddedOffice I-CUBE-FS-RTOS 1.0.1
2026-07-31 10:04:30,755 [INFO] ThirdParty:1030 - CMSIS Pack Vendor :STMicroelectronics lwIP 2.0.3
2026-07-31 10:04:30,755 [INFO] ThirdParty:1030 - CMSIS Pack Vendor :WES I-CUBE-Cesium 1.4.0
2026-07-31 10:04:30,755 [INFO] ThirdParty:1030 - CMSIS Pack Vendor :STMicroelectronics X-CUBE-MEMS1 13.0.0
2026-07-31 10:04:30,755 [INFO] ThirdParty:1030 - CMSIS Pack Vendor :STMicroelectronics eDS-WB_DPC_3PH2L-BIDIR 1.1.1
2026-07-31 10:04:30,755 [INFO] ThirdParty:1030 - CMSIS Pack Vendor :STMicroelectronics USB_HOST 1.0.0
2026-07-31 10:04:30,755 [INFO] ThirdParty:1030 - CMSIS Pack Vendor :STMicroelectronics X-CUBE-AZRTOS-G4 2.0.0
2026-07-31 10:04:30,755 [INFO] ThirdParty:1030 - CMSIS Pack Vendor :STMicroelectronics PDM2PCM 3.1.0
2026-07-31 10:04:30,755 [INFO] ThirdParty:1030 - CMSIS Pack Vendor :STMicroelectronics PDM2PCM 3.3.0
2026-07-31 10:04:30,755 [INFO] ThirdParty:1030 - CMSIS Pack Vendor :wolfSSL I-CUBE-wolfTPM 3.8.0
2026-07-31 10:04:30,755 [INFO] ThirdParty:1030 - CMSIS Pack Vendor :STMicroelectronics X-CUBE-DISPLAY 3.0.0
2026-07-31 10:04:30,755 [INFO] ThirdParty:1030 - CMSIS Pack Vendor :wolfSSL I-CUBE-wolfSSH 1.4.20
2026-07-31 10:04:30,755 [INFO] ThirdParty:1030 - CMSIS Pack Vendor :STMicroelectronics X-CUBE-NFC7 2.0.0
2026-07-31 10:04:30,755 [INFO] ThirdParty:1030 - CMSIS Pack Vendor :STMicroelectronics X-CUBE-GNSS1 7.1.1
2026-07-31 10:04:30,755 [INFO] ThirdParty:1030 - CMSIS Pack Vendor :STMicroelectronics FP-SNS-MOTENVWB1 1.5.0
2026-07-31 10:04:30,755 [INFO] ThirdParty:1030 - CMSIS Pack Vendor :STMicroelectronics X-CUBE-TCPP 4.2.0
2026-07-31 10:04:30,755 [INFO] ThirdParty:1030 - CMSIS Pack Vendor :RealThread X-CUBE-RT-Thread_Nano 4.1.1
2026-07-31 10:04:30,755 [INFO] ThirdParty:1030 - CMSIS Pack Vendor :STMicroelectronics FP-ATR-SIGFOX1 3.2.0
2026-07-31 10:04:30,756 [INFO] ThirdParty:1030 - CMSIS Pack Vendor :STMicroelectronics X-CUBE-NFC10 1.0.0
2026-07-31 10:04:30,756 [INFO] ThirdParty:1030 - CMSIS Pack Vendor :STMicroelectronics HAL Drivers 0.0.0
2026-07-31 10:04:30,756 [INFO] ThirdParty:1030 - CMSIS Pack Vendor :STMicroelectronics MBEDTLS 2.16.2
2026-07-31 10:04:30,756 [INFO] ThirdParty:1030 - CMSIS Pack Vendor :STMicroelectronics X-CUBE-ST60 1.1.0
2026-07-31 10:04:30,756 [INFO] ThirdParty:1030 - CMSIS Pack Vendor :STMicroelectronics X-CUBE-ALS 1.0.2
2026-07-31 10:04:30,756 [INFO] ThirdParty:1030 - CMSIS Pack Vendor :emotas I-CUBE-CANOPEN 1.3.0
2026-07-31 10:04:30,756 [INFO] ThirdParty:1030 - CMSIS Pack Vendor :wolfSSL I-CUBE-wolfSSL 5.9.2
2026-07-31 10:04:30,756 [INFO] ThirdParty:1030 - CMSIS Pack Vendor :STMicroelectronics MBEDTLS 2.14.1
2026-07-31 10:04:30,756 [INFO] ThirdParty:1030 - CMSIS Pack Vendor :ITTIA_DB I-CUBE-ITTIADB 8.9.0
2026-07-31 10:04:30,756 [INFO] ThirdParty:1030 - CMSIS Pack Vendor :Cesanta I-CUBE-Mongoose 7.21.7
2026-07-31 10:04:30,756 [INFO] ThirdParty:1030 - CMSIS Pack Vendor :STMicroelectronics X-CUBE-TOUCHGFX 4.26.1
2026-07-31 10:04:30,756 [INFO] ThirdParty:1030 - CMSIS Pack Vendor :STMicroelectronics X-CUBE-NFC6 3.2.0
2026-07-31 10:04:30,756 [INFO] ThirdParty:1030 - CMSIS Pack Vendor :STMicroelectronics FP-SNS-STBOX1 2.1.0
2026-07-31 10:04:30,756 [INFO] ThirdParty:1030 - CMSIS Pack Vendor :STMicroelectronics X-CUBE-AI 10.2.1
2026-07-31 10:04:30,756 [INFO] ThirdParty:1030 - CMSIS Pack Vendor :STMicroelectronics ThreadX 1.0.0
2026-07-31 10:04:30,756 [INFO] ThirdParty:1030 - CMSIS Pack Vendor :STMicroelectronics FP-SNS-SMARTAG2 1.2.0
2026-07-31 10:04:30,756 [INFO] ThirdParty:1030 - CMSIS Pack Vendor :STMicroelectronics FP-SNS-FLIGHT1 5.1.0
2026-07-31 10:04:30,756 [INFO] ThirdParty:1030 - CMSIS Pack Vendor :STMicroelectronics X-CUBE-AZRTOS-WL 2.0.0
2026-07-31 10:04:30,756 [INFO] ThirdParty:1030 - CMSIS Pack Vendor :SEGGER I-CUBE-embOS 1.3.1
2026-07-31 10:04:30,756 [INFO] ThirdParty:1030 - CMSIS Pack Vendor :STMicroelectronics X-CUBE-DPower 1.3.0
2026-07-31 10:04:30,756 [INFO] ThirdParty:1030 - CMSIS Pack Vendor :STMicroelectronics USB_DEVICE 1.0.0
2026-07-31 10:04:30,756 [INFO] ThirdParty:1030 - CMSIS Pack Vendor :STMicroelectronics X-CUBE-AZRTOS-L4 2.0.0
2026-07-31 10:04:30,756 [INFO] ThirdParty:1030 - CMSIS Pack Vendor :STMicroelectronics ThreadX 0.0.2
2026-07-31 10:04:30,756 [INFO] ThirdParty:1030 - CMSIS Pack Vendor :STMicroelectronics lwIP 2.1.2
2026-07-31 10:04:30,756 [INFO] ThirdParty:1030 - CMSIS Pack Vendor :STMicroelectronics X-CUBE-SFXS2LP1 4.0.0
2026-07-31 10:04:30,756 [INFO] ThirdParty:1030 - CMSIS Pack Vendor :STMicroelectronics X-CUBE-BLE2 3.3.0
2026-07-31 10:04:30,756 [INFO] ThirdParty:1030 - CMSIS Pack Vendor :Avnet-IOTCONNECT X-CUBE-iotc-st67-sdk 1.0.0
2026-07-31 10:04:30,756 [INFO] ThirdParty:1030 - CMSIS Pack Vendor :STMicroelectronics X-CUBE-TOF1 3.4.3
2026-07-31 10:04:30,756 [INFO] ThirdParty:1030 - CMSIS Pack Vendor :Infineon AIROC-Wi-Fi-Bluetooth-STM32 1.8.0
2026-07-31 10:04:30,756 [INFO] ThirdParty:1030 - CMSIS Pack Vendor :STMicroelectronics X-CUBE-NFC13 1.0.0
2026-07-31 10:04:30,756 [INFO] ThirdParty:1030 - CMSIS Pack Vendor :STMicroelectronics PDM2PCM 3.2.0
2026-07-31 10:04:30,756 [INFO] ThirdParty:1030 - CMSIS Pack Vendor :STMicroelectronics X-CUBE-WB05N 2.1.0
2026-07-31 10:04:30,756 [INFO] ThirdParty:841 - exiting critical section [change project]
2026-07-31 10:04:31,127 [INFO] PinOutPanel:1589 - setPackage(No Configuration,No Configuration)
2026-07-31 10:04:31,128 [INFO] PinOutPanel:1589 - setPackage(STM32L4S5VITx,LQFP100)
2026-07-31 10:04:31,595 [INFO] UtilMem:75 - Before build in PCC Used Memory: 974024936 Bytes (1073741824)
2026-07-31 10:04:32,504 [INFO] UtilMem:75 - After build in PCC Used Memory: 849718960 Bytes (1073741824)
2026-07-31 10:04:32,532 [INFO] IPUIPlugin:80 - create IPUIPlugin
2026-07-31 10:04:32,532 [INFO] IPUIPlugin:80 - create IPUIPlugin
2026-07-31 10:04:32,532 [INFO] IPUIPlugin:80 - create IPUIPlugin
2026-07-31 10:04:32,532 [INFO] IPUIPlugin:80 - create IPUIPlugin
2026-07-31 10:04:32,532 [INFO] IPUIPlugin:80 - create IPUIPlugin
2026-07-31 10:04:32,532 [INFO] IPUIPlugin:80 - create IPUIPlugin
2026-07-31 10:04:32,532 [INFO] IPUIPlugin:80 - create IPUIPlugin
2026-07-31 10:04:32,532 [INFO] IPUIPlugin:80 - create IPUIPlugin
2026-07-31 10:04:32,533 [INFO] IPUIPlugin:80 - create IPUIPlugin
2026-07-31 10:04:32,533 [INFO] IPUIPlugin:80 - create IPUIPlugin
2026-07-31 10:04:32,533 [INFO] IPUIPlugin:80 - create IPUIPlugin
2026-07-31 10:04:32,533 [INFO] IPUIPlugin:80 - create IPUIPlugin
2026-07-31 10:04:32,533 [INFO] IPUIPlugin:80 - create IPUIPlugin
2026-07-31 10:04:32,533 [INFO] IPUIPlugin:80 - create IPUIPlugin
2026-07-31 10:04:32,534 [INFO] IPUIPlugin:80 - create IPUIPlugin
2026-07-31 10:04:32,534 [INFO] IPUIPlugin:80 - create IPUIPlugin
2026-07-31 10:04:32,534 [INFO] IPUIPlugin:80 - create IPUIPlugin
2026-07-31 10:04:32,534 [INFO] IPUIPlugin:80 - create IPUIPlugin
2026-07-31 10:04:32,534 [INFO] IPUIPlugin:80 - create IPUIPlugin
2026-07-31 10:04:32,534 [INFO] IPUIPlugin:80 - create IPUIPlugin
2026-07-31 10:04:32,534 [INFO] IPUIPlugin:80 - create IPUIPlugin
2026-07-31 10:04:32,534 [INFO] IPUIPlugin:80 - create IPUIPlugin
2026-07-31 10:04:32,535 [INFO] IPUIPlugin:80 - create IPUIPlugin
2026-07-31 10:04:32,535 [INFO] IPUIPlugin:80 - create IPUIPlugin
2026-07-31 10:04:32,535 [INFO] IPUIPlugin:80 - create IPUIPlugin
2026-07-31 10:04:32,535 [INFO] IPUIPlugin:80 - create IPUIPlugin
2026-07-31 10:04:32,535 [INFO] IPUIPlugin:80 - create IPUIPlugin
2026-07-31 10:04:32,535 [INFO] IPUIPlugin:80 - create IPUIPlugin
2026-07-31 10:04:32,535 [INFO] IPUIPlugin:80 - create IPUIPlugin
2026-07-31 10:04:32,535 [INFO] IPUIPlugin:80 - create IPUIPlugin
2026-07-31 10:04:32,535 [INFO] IPUIPlugin:80 - create IPUIPlugin
2026-07-31 10:04:32,535 [INFO] IPUIPlugin:80 - create IPUIPlugin
2026-07-31 10:04:32,536 [INFO] IPUIPlugin:80 - create IPUIPlugin
2026-07-31 10:04:32,536 [INFO] IPUIPlugin:80 - create IPUIPlugin
2026-07-31 10:04:32,536 [INFO] IPUIPlugin:80 - create IPUIPlugin
2026-07-31 10:04:32,536 [INFO] IPUIPlugin:80 - create IPUIPlugin
2026-07-31 10:04:32,536 [INFO] IPUIPlugin:80 - create IPUIPlugin
2026-07-31 10:04:32,536 [INFO] IPUIPlugin:80 - create IPUIPlugin
2026-07-31 10:04:32,536 [INFO] IPUIPlugin:80 - create IPUIPlugin
2026-07-31 10:04:32,536 [INFO] IPUIPlugin:80 - create IPUIPlugin
2026-07-31 10:04:32,536 [INFO] IPUIPlugin:80 - create IPUIPlugin
2026-07-31 10:04:32,537 [INFO] IPUIPlugin:80 - create IPUIPlugin
2026-07-31 10:04:32,537 [INFO] IPUIPlugin:80 - create IPUIPlugin
2026-07-31 10:04:32,537 [INFO] IPUIPlugin:80 - create IPUIPlugin
2026-07-31 10:04:32,537 [INFO] IPUIPlugin:80 - create IPUIPlugin
2026-07-31 10:04:32,537 [INFO] IPUIPlugin:80 - create IPUIPlugin
2026-07-31 10:04:32,537 [INFO] IPUIPlugin:80 - create IPUIPlugin
2026-07-31 10:04:32,537 [INFO] IPUIPlugin:80 - create IPUIPlugin
2026-07-31 10:04:32,537 [INFO] IPUIPlugin:80 - create IPUIPlugin
2026-07-31 10:04:32,538 [INFO] IPUIPlugin:80 - create IPUIPlugin
2026-07-31 10:04:32,538 [INFO] IPUIPlugin:80 - create IPUIPlugin
2026-07-31 10:04:32,538 [INFO] IPUIPlugin:80 - create IPUIPlugin
2026-07-31 10:04:32,538 [INFO] IPUIPlugin:80 - create IPUIPlugin
2026-07-31 10:04:32,538 [INFO] IPUIPlugin:80 - create IPUIPlugin
2026-07-31 10:04:32,538 [INFO] IPUIPlugin:80 - create IPUIPlugin
2026-07-31 10:04:32,539 [INFO] IPUIPlugin:80 - create IPUIPlugin
2026-07-31 10:04:32,539 [INFO] IPUIPlugin:80 - create IPUIPlugin
2026-07-31 10:04:32,539 [INFO] IPUIPlugin:80 - create IPUIPlugin
2026-07-31 10:04:32,539 [INFO] IPUIPlugin:80 - create IPUIPlugin
2026-07-31 10:04:32,539 [INFO] IPUIPlugin:80 - create IPUIPlugin
2026-07-31 10:04:32,540 [INFO] IPUIPlugin:80 - create IPUIPlugin
2026-07-31 10:04:32,540 [INFO] IPUIPlugin:80 - create IPUIPlugin
2026-07-31 10:04:32,540 [INFO] IPUIPlugin:80 - create IPUIPlugin
2026-07-31 10:04:32,707 [INFO] CADModel:165 - CPN selected for project levelSTM32L4S5VIT6
2026-07-31 10:04:32,707 [INFO] CADModel:114 - Register for checkConnection events
2026-07-31 10:04:32,750 [INFO] OpenFileManager:386 - Restore cursor
2026-07-31 10:04:33,025 [WARN] IP:2250 - MaxTran not found: check if there is a RefParameter without a condition.
2026-07-31 10:04:33,025 [WARN] IP:2250 - Refresh not found: check if there is a RefParameter without a condition.
2026-07-31 10:04:33,025 [WARN] IP:2250 - MaxTran not found: check if there is a RefParameter without a condition.
2026-07-31 10:04:33,025 [WARN] IP:2250 - Refresh not found: check if there is a RefParameter without a condition.
2026-07-31 10:04:33,844 [INFO] UtilMem:75 - End SaveConfig() Used Memory: 928588400 Bytes (1073741824)
2026-07-31 10:04:33,922 [INFO] UtilMem:75 - End SaveConfig() Used Memory: 946927752 Bytes (1073741824)
2026-07-31 10:04:34,290 [INFO] BlockDiagram:2775 - set Specific Code input for plugin: SPI
2026-07-31 10:04:34,290 [INFO] BlockDiagram:2775 - set Specific Code input for plugin: SPI
2026-07-31 10:04:34,290 [INFO] BlockDiagram:2775 - set Specific Code input for plugin: DFSDM
2026-07-31 10:04:34,290 [INFO] BlockDiagram:2775 - set Specific Code input for plugin: SYS
2026-07-31 10:04:34,290 [INFO] BlockDiagram:2775 - set Specific Code input for plugin: ADC
2026-07-31 10:04:34,290 [INFO] BlockDiagram:2775 - set Specific Code input for plugin: RCC
2026-07-31 10:04:34,290 [INFO] BlockDiagram:2775 - set Specific Code input for plugin: I2C
2026-07-31 10:04:34,291 [INFO] BlockDiagram:2775 - set Specific Code input for plugin: I2C
2026-07-31 10:04:34,291 [INFO] BlockDiagram:2775 - set Specific Code input for plugin: USB_OTG_FS
2026-07-31 10:04:34,291 [INFO] BlockDiagram:2775 - set Specific Code input for plugin: NVIC
2026-07-31 10:04:34,291 [INFO] BlockDiagram:2775 - set Specific Code input for plugin: USART
2026-07-31 10:04:34,291 [INFO] BlockDiagram:2775 - set Specific Code input for plugin: USART
2026-07-31 10:04:34,291 [INFO] BlockDiagram:2775 - set Specific Code input for plugin: USART
2026-07-31 10:04:34,291 [INFO] BlockDiagram:2775 - set Specific Code input for plugin: OCTOSPI
2026-07-31 10:04:34,291 [INFO] BlockDiagram:2775 - set Specific Code input for plugin: UART
2026-07-31 10:04:34,291 [INFO] BlockDiagram:2775 - set Specific Code input for plugin: GPIO
2026-07-31 10:04:34,292 [INFO] CodeGenerator:892 - code generatio: config db path: C:\ST\STM32CubeIDE_1.19.0\STM32CubeIDE\plugins\com.st.stm32cube.common.mx_6.15.0.202507011659\\db\
2026-07-31 10:04:34,328 [WARN] IP:2250 - MaxTran not found: check if there is a RefParameter without a condition.
2026-07-31 10:04:34,328 [WARN] IP:2250 - Refresh not found: check if there is a RefParameter without a condition.
2026-07-31 10:04:34,478 [INFO] CodeEngine:265 - oldGeneratedFile, D:\RKS_TinyML_Workspace\TinyML_Workshop_Nitte\STM32\DL_Inference\MXTmpFiles\license.tmp_save
2026-07-31 10:04:34,735 [INFO] CodeEngine:289 - Generated code: D:\RKS_TinyML_Workspace\TinyML_Workshop_Nitte\STM32\DL_Inference\MXTmpFiles\license.tmp
2026-07-31 10:04:35,007 [INFO] CodeEngine:265 - oldGeneratedFile, D:\RKS_TinyML_Workspace\TinyML_Workshop_Nitte\STM32\DL_Inference\MXTmpFiles\gpio.tmp_save
2026-07-31 10:04:35,134 [INFO] CodeEngine:289 - Generated code: D:\RKS_TinyML_Workspace\TinyML_Workshop_Nitte\STM32\DL_Inference\MXTmpFiles\gpio.tmp
2026-07-31 10:04:36,613 [WARN] IPConfigManager:103 - WARNING: Missing Config File for USB ip!!
2026-07-31 10:04:36,697 [WARN] IPConfigManager:3238 - Warning: the RefConfig PWREx_EnableUSBVoltageDetector is not available in your config.xml file
2026-07-31 10:04:36,714 [INFO] CodeEngine:265 - oldGeneratedFile, D:\RKS_TinyML_Workspace\TinyML_Workshop_Nitte\STM32\DL_Inference\Core\Src\stm32l4xx_it.c_save
2026-07-31 10:04:36,798 [INFO] CodeEngine:289 - Generated code: D:\RKS_TinyML_Workspace\TinyML_Workshop_Nitte\STM32\DL_Inference\Core\Src\stm32l4xx_it.c
2026-07-31 10:04:36,802 [INFO] CodeEngine:265 - oldGeneratedFile, D:\RKS_TinyML_Workspace\TinyML_Workshop_Nitte\STM32\DL_Inference\Core\Inc\stm32l4xx_it.h_save
2026-07-31 10:04:36,840 [INFO] CodeEngine:289 - Generated code: D:\RKS_TinyML_Workspace\TinyML_Workshop_Nitte\STM32\DL_Inference\Core\Inc\stm32l4xx_it.h
2026-07-31 10:04:36,850 [INFO] CodeEngine:265 - oldGeneratedFile, D:\RKS_TinyML_Workspace\TinyML_Workshop_Nitte\STM32\DL_Inference\Core\Src\stm32l4xx_hal_msp.c_save
2026-07-31 10:04:36,968 [INFO] CodeEngine:289 - Generated code: D:\RKS_TinyML_Workspace\TinyML_Workshop_Nitte\STM32\DL_Inference\Core\Src\stm32l4xx_hal_msp.c
2026-07-31 10:04:36,971 [INFO] CodeEngine:265 - oldGeneratedFile, D:\RKS_TinyML_Workspace\TinyML_Workshop_Nitte\STM32\DL_Inference\MXTmpFiles\system.tmp_save
2026-07-31 10:04:37,008 [INFO] CodeEngine:289 - Generated code: D:\RKS_TinyML_Workspace\TinyML_Workshop_Nitte\STM32\DL_Inference\MXTmpFiles\system.tmp
2026-07-31 10:04:37,016 [INFO] CodeEngine:321 - oldGeneratedFile, D:\RKS_TinyML_Workspace\TinyML_Workshop_Nitte\STM32\DL_Inference\Core\Inc\stm32l4xx_hal_conf.h_save
2026-07-31 10:04:37,058 [INFO] CodeEngine:345 - Generated code: D:\RKS_TinyML_Workspace\TinyML_Workshop_Nitte\STM32\DL_Inference\Core\Inc\stm32l4xx_hal_conf.h
2026-07-31 10:04:37,094 [INFO] ApiDbMcu:532 - Load IP Config File for ADC1
2026-07-31 10:04:37,105 [INFO] ApiDbMcu:532 - Load IP Config File for DFSDM1
2026-07-31 10:04:37,109 [INFO] ApiDbMcu:532 - Load IP Config File for I2C1
2026-07-31 10:04:37,111 [INFO] ApiDbMcu:532 - Load IP Config File for I2C2
2026-07-31 10:04:37,113 [INFO] ApiDbMcu:532 - Load IP Config File for OCTOSPI1
2026-07-31 10:04:37,116 [INFO] ApiDbMcu:532 - Load IP Config File for SPI1
2026-07-31 10:04:37,119 [INFO] ApiDbMcu:532 - Load IP Config File for SPI3
2026-07-31 10:04:37,126 [INFO] ApiDbMcu:532 - Load IP Config File for UART4
2026-07-31 10:04:37,133 [INFO] ApiDbMcu:532 - Load IP Config File for USART1
2026-07-31 10:04:37,139 [INFO] ApiDbMcu:532 - Load IP Config File for USART2
2026-07-31 10:04:37,146 [INFO] ApiDbMcu:532 - Load IP Config File for USART3
2026-07-31 10:04:37,146 [ERROR] ApiDbMcu:560 - Cannot parse USB_OTG_FS_Config file : file do not exist
2026-07-31 10:04:37,146 [ERROR] ApiDbMcu:560 - Cannot parse USB_OTG_FS_Config file : file do not exist
2026-07-31 10:04:37,149 [INFO] ApiDbMcu:532 - Load IP Config File for RCC
2026-07-31 10:04:37,152 [WARN] IPConfigManager:3811 - IP not found : USB_OTG
2026-07-31 10:04:37,154 [WARN] CodeGenerator:4259 - IP not found : null
2026-07-31 10:04:37,158 [INFO] CodeEngine:265 - oldGeneratedFile, D:\RKS_TinyML_Workspace\TinyML_Workshop_Nitte\STM32\DL_Inference\Core\Inc\main.h_save
2026-07-31 10:04:37,218 [INFO] CodeEngine:289 - Generated code: D:\RKS_TinyML_Workspace\TinyML_Workshop_Nitte\STM32\DL_Inference\Core\Inc\main.h
2026-07-31 10:04:37,221 [INFO] CodeEngine:265 - oldGeneratedFile, D:\RKS_TinyML_Workspace\TinyML_Workshop_Nitte\STM32\DL_Inference\Core\Src\main.c_save
2026-07-31 10:04:37,329 [INFO] CodeEngine:289 - Generated code: D:\RKS_TinyML_Workspace\TinyML_Workshop_Nitte\STM32\DL_Inference\Core\Src\main.c
2026-07-31 10:04:37,531 [INFO] ProjectBuilder:3606 - Time for Copy HAL[1] : 102mS.
2026-07-31 10:04:37,536 [INFO] ProjectBuilder:5216 - Project Generator version: 4.7.0-B52
2026-07-31 10:04:37,582 [INFO] ConfigFileManager:1595 - The Die is : DIE470
2026-07-31 10:04:37,588 [INFO] ApiDbMcu:532 - Load IP Config File for FATFS
2026-07-31 10:04:37,591 [INFO] ApiDbMcu:532 - Load IP Config File for FREERTOS
2026-07-31 10:04:37,598 [INFO] ApiDbMcu:532 - Load IP Config File for TOUCHSENSING
2026-07-31 10:04:37,602 [INFO] ApiDbMcu:532 - Load IP Config File for USB_DEVICE
2026-07-31 10:04:37,605 [INFO] ApiDbMcu:532 - Load IP Config File for USB_HOST
2026-07-31 10:04:37,926 [INFO] LogOutputStream:77 - [STDOUT_REDIRECT] 
2026-07-31 10:04:39,763 [INFO] ProjectBuilder:5496 - Time for Generating toolchain IDE Files: 2227mS.
2026-07-31 10:04:39,764 [INFO] ProjectBuilder:3463 - Time for Copy CMSIS : 0mS.
2026-07-31 10:04:39,764 [INFO] ProjectBuilder:3463 - Time for Copy CMSIS : 0mS.
2026-07-31 10:04:40,667 [INFO] McuFinderGlobals:76 - Set McuFinderConnectedMode to true
2026-07-31 10:04:40,670 [INFO] ApiDb:448 - Save user favorites file C:\Users\ADMIN/.stm32cubeide/favorites.mcus.txt: 0 item(s)
2026-07-31 10:04:40,671 [INFO] ApiDb:452 - User favorites MCUs=[]
2026-07-31 10:04:40,672 [INFO] ApiDb:448 - Save user favorites file C:\Users\ADMIN/.stm32cubeide/favorites.boards.txt: 0 item(s)
2026-07-31 10:04:40,672 [INFO] ApiDb:452 - User favorites Boards=[]
2026-07-31 10:05:08,880 [INFO] ApiDbMcu:532 - Load IP Config File for STMicroelectronics.X-CUBE-AI.10.2.1
2026-07-31 10:05:09,038 [WARN] SupportedApi:132 - Cannot load RTOS API schema: s4s-elt-must-match.1: The content of 'definitions' must match (annotation?, (simpleType | complexType)?, (unique | key | keyref)*)). A problem was found starting at: attribute.
2026-07-31 10:05:09,057 [INFO] IPUIPlugin:80 - create IPUIPlugin
2026-07-31 10:05:09,088 [INFO] PluginManager:220 - loadIPPluginJar : add ai.10.2.1
2026-07-31 10:05:09,560 [INFO] IPUIPlugin:80 - create IPUIPlugin
2026-07-31 10:05:10,064 [INFO] ServerAccessManage:452 - Complete download http(s) 200
2026-07-31 10:05:10,064 [INFO] ServerAccessManage:509 - Download File 
2026-07-31 10:05:10,065 [INFO] LoadUrlFilesThread:185 - End of LoadServerUrlFiles without Thread
2026-07-31 10:06:15,322 [INFO] I2cTimingTraitement:330 - 0x30A175AB
2026-07-31 10:06:30,420 [INFO] AIMainUI:1269 - Restoring parameters from IP...
2026-07-31 10:06:30,420 [INFO] AIMainUI:1392 - No old model detected
2026-07-31 10:06:30,436 [INFO] AI:955 - getUI adding AI com.st.microxplorer.plugins.ip.ai.AI@58ebf6e4 on STMicroelectronics.X-CUBE-AI.10.2.1
2026-07-31 10:06:32,846 [INFO] AInterface:116 - AInterface using toolDir: C:/Users/ADMIN/STM32Cube/Repository//Packs/STMicroelectronics/X-CUBE-AI/10.2.1/Utilities/windows
2026-07-31 10:06:32,867 [INFO] AIModelDetailledView:2264 - Analysis status: -
2026-07-31 10:06:32,868 [INFO] AIModelDetailledView:898 - Selected model: Keras
2026-07-31 10:06:37,481 [INFO] AIModelDetailledView:898 - Selected model: ONNX
2026-07-31 10:07:26,118 [INFO] AInterface:259 - ModelName:network; files:[D:\RKS_TinyML_Workspace\TinyML_Workshop_Nitte\ONNX\random_forest_model.onnx]; type:ONNX; compression:None
2026-07-31 10:07:26,119 [INFO] AInterface:526 - workspaceTempDir: C:/Users/ADMIN/AppData/Local/Temp/mxAI_workspace104581556322446005844367260887347768
2026-07-31 10:07:26,120 [INFO] AInterface:1179 - Setting Env: C:/Users/ADMIN/STM32Cube/Repository//Packs/STMicroelectronics/X-CUBE-AI/10.2.1/Utilities/windows
2026-07-31 10:07:26,246 [INFO] STM32CubeIDEBuilder:265 - Looking for gnu-tools-for-stm32 tools/bin/arm-none-eabi-gcc.exe in C:\ST\STM32CubeIDE_1.19.0\STM32CubeIDE
2026-07-31 10:07:26,248 [INFO] STM32CubeIDEBuilder:294 - checking C:\ST\STM32CubeIDE_1.19.0\STM32CubeIDE\plugins\com.st.stm32cube.ide.mcu.externaltools.gnu-tools-for-stm32.13.3.rel1.win32_1.0.0.202411081344\tools\bin\arm-none-eabi-gcc.exe
2026-07-31 10:07:26,248 [INFO] STM32CubeIDEBuilder:297 - ret=C:\ST\STM32CubeIDE_1.19.0\STM32CubeIDE\plugins\com.st.stm32cube.ide.mcu.externaltools.gnu-tools-for-stm32.13.3.rel1.win32_1.0.0.202411081344\tools\bin\arm-none-eabi-gcc.exe
2026-07-31 10:07:26,248 [INFO] STM32CubeIDEBuilder:311 - returning C:\ST\STM32CubeIDE_1.19.0\STM32CubeIDE\plugins\com.st.stm32cube.ide.mcu.externaltools.gnu-tools-for-stm32.13.3.rel1.win32_1.0.0.202411081344\tools\bin\arm-none-eabi-gcc.exe
2026-07-31 10:07:26,249 [INFO] AInterface:1236 - Custom PATH variable: C:/Users/ADMIN/STM32Cube/Repository//Packs/STMicroelectronics/X-CUBE-AI/10.2.1/Utilities/windows;C:/Users/ADMIN/STM32Cube/Repository//Packs/STMicroelectronics/X-CUBE-AI/10.2.1/Utilities/windows/mingw64/bin;C:/Users/ADMIN/STM32Cube/Repository//Packs/STMicroelectronics/X-CUBE-AI/10.2.1/Utilities/windows/mingw64/libexec/gcc/x86_64-w64-mingw32/7.3.0;;C:\ST\STM32CubeIDE_1.19.0\STM32CubeIDE\plugins\com.st.stm32cube.ide.mcu.externaltools.gnu-tools-for-stm32.13.3.rel1.win32_1.0.0.202411081344\tools\bin
2026-07-31 10:07:26,255 [INFO] CmdLine:115 - Command: C:/Users/ADMIN/STM32Cube/Repository//Packs/STMicroelectronics/X-CUBE-AI/10.2.1/Utilities/windows/stedgeai.exe analyze --target stm32l4 --name network -m D:/RKS_TinyML_Workspace/TinyML_Workshop_Nitte/ONNX/random_forest_model.onnx --compression none --verbosity 1 --workspace C:/Users/ADMIN/AppData/Local/Temp/mxAI_workspace104581556322446005844367260887347768 --output C:/Users/ADMIN/.stm32cubemx/network_output
2026-07-31 10:07:26,261 [INFO] AIModelDetailledView:2264 - Analysis status: pending
2026-07-31 10:07:34,864 [INFO] CmdLine:76 - ST Edge AI Core v2.2.0-20266 2adc00962
2026-07-31 10:08:31,155 [INFO] AInterface:738 - Canceling stedgeai execution
2026-07-31 10:08:31,156 [INFO] CmdLine:76 - Creating c (debug) info json file C:\Users\ADMIN\.stm32cubemx\network_output\network_c_info.json
2026-07-31 10:08:31,217 [INFO] CmdLine:148 - stedgeai exit with status: 1
2026-07-31 10:08:31,217 [ERROR] CmdLine:151 - stedgeai return with an error
2026-07-31 10:08:31,237 [ERROR] AIModelDetailledView:2643 - Analyze fail on the AI model
2026-07-31 10:08:31,240 [INFO] AIModelDetailledView:2264 - Analysis status: error
2026-07-31 10:08:37,302 [INFO] AIModelDetailledView:2264 - Analysis status: -
2026-07-31 10:08:39,819 [INFO] AInterface:259 - ModelName:network; files:[D:\RKS_TinyML_Workspace\TinyML_Workshop_Nitte\ONNX\mlp_model.onnx]; type:ONNX; compression:None
2026-07-31 10:08:39,820 [INFO] AInterface:526 - workspaceTempDir: C:/Users/ADMIN/AppData/Local/Temp/mxAI_workspace104582293328852008361358338836489328
2026-07-31 10:08:39,820 [INFO] AInterface:1179 - Setting Env: C:/Users/ADMIN/STM32Cube/Repository//Packs/STMicroelectronics/X-CUBE-AI/10.2.1/Utilities/windows
2026-07-31 10:08:39,824 [INFO] STM32CubeIDEBuilder:265 - Looking for gnu-tools-for-stm32 tools/bin/arm-none-eabi-gcc.exe in C:\ST\STM32CubeIDE_1.19.0\STM32CubeIDE
2026-07-31 10:08:39,825 [INFO] STM32CubeIDEBuilder:294 - checking C:\ST\STM32CubeIDE_1.19.0\STM32CubeIDE\plugins\com.st.stm32cube.ide.mcu.externaltools.gnu-tools-for-stm32.13.3.rel1.win32_1.0.0.202411081344\tools\bin\arm-none-eabi-gcc.exe
2026-07-31 10:08:39,825 [INFO] STM32CubeIDEBuilder:297 - ret=C:\ST\STM32CubeIDE_1.19.0\STM32CubeIDE\plugins\com.st.stm32cube.ide.mcu.externaltools.gnu-tools-for-stm32.13.3.rel1.win32_1.0.0.202411081344\tools\bin\arm-none-eabi-gcc.exe
2026-07-31 10:08:39,825 [INFO] STM32CubeIDEBuilder:311 - returning C:\ST\STM32CubeIDE_1.19.0\STM32CubeIDE\plugins\com.st.stm32cube.ide.mcu.externaltools.gnu-tools-for-stm32.13.3.rel1.win32_1.0.0.202411081344\tools\bin\arm-none-eabi-gcc.exe
2026-07-31 10:08:39,826 [INFO] AInterface:1236 - Custom PATH variable: C:/Users/ADMIN/STM32Cube/Repository//Packs/STMicroelectronics/X-CUBE-AI/10.2.1/Utilities/windows;C:/Users/ADMIN/STM32Cube/Repository//Packs/STMicroelectronics/X-CUBE-AI/10.2.1/Utilities/windows/mingw64/bin;C:/Users/ADMIN/STM32Cube/Repository//Packs/STMicroelectronics/X-CUBE-AI/10.2.1/Utilities/windows/mingw64/libexec/gcc/x86_64-w64-mingw32/7.3.0;;C:\ST\STM32CubeIDE_1.19.0\STM32CubeIDE\plugins\com.st.stm32cube.ide.mcu.externaltools.gnu-tools-for-stm32.13.3.rel1.win32_1.0.0.202411081344\tools\bin
2026-07-31 10:08:39,827 [INFO] CmdLine:115 - Command: C:/Users/ADMIN/STM32Cube/Repository//Packs/STMicroelectronics/X-CUBE-AI/10.2.1/Utilities/windows/stedgeai.exe analyze --target stm32l4 --name network -m D:/RKS_TinyML_Workspace/TinyML_Workshop_Nitte/ONNX/mlp_model.onnx --compression none --verbosity 1 --workspace C:/Users/ADMIN/AppData/Local/Temp/mxAI_workspace104582293328852008361358338836489328 --output C:/Users/ADMIN/.stm32cubemx/network_output
2026-07-31 10:08:39,839 [INFO] AIModelDetailledView:2264 - Analysis status: pending
2026-07-31 10:08:40,194 [INFO] CmdLine:76 - ST Edge AI Core v2.2.0-20266 2adc00962
2026-07-31 10:08:44,052 [INFO] CmdLine:76 - Creating c (debug) info json file C:\Users\ADMIN\.stm32cubemx\network_output\network_c_info.json
2026-07-31 10:08:44,074 [INFO] CmdLine:76 -  
2026-07-31 10:08:44,074 [INFO] CmdLine:76 -  Exec/report summary (analyze)
2026-07-31 10:08:44,075 [INFO] CmdLine:76 -  --------------------------------------------------------------------------------------------------------------
2026-07-31 10:08:44,075 [INFO] CmdLine:76 -  model file         :   D:\RKS_TinyML_Workspace\TinyML_Workshop_Nitte\ONNX\mlp_model.onnx                      
2026-07-31 10:08:44,075 [INFO] CmdLine:76 -  type               :   onnx                                                                                   
2026-07-31 10:08:44,075 [INFO] CmdLine:76 -  c_name             :   network                                                                                
2026-07-31 10:08:44,076 [INFO] CmdLine:76 -  compression        :   none                                                                                   
2026-07-31 10:08:44,076 [INFO] CmdLine:76 -  options            :   allocate-inputs, allocate-outputs                                                      
2026-07-31 10:08:44,076 [INFO] CmdLine:76 -  optimization       :   balanced                                                                               
2026-07-31 10:08:44,076 [INFO] CmdLine:76 -  target/series      :   stm32l4                                                                                
2026-07-31 10:08:44,076 [INFO] CmdLine:76 -  workspace dir      :   C:\Users\ADMIN\AppData\Local\Temp\mxAI_workspace104582293328852008361358338836489328   
2026-07-31 10:08:44,077 [INFO] CmdLine:76 -  output dir         :   C:\Users\ADMIN\.stm32cubemx\network_output                                             
2026-07-31 10:08:44,077 [INFO] CmdLine:76 -  model_fmt          :   float                                                                                  
2026-07-31 10:08:44,077 [INFO] CmdLine:76 -  model_name         :   mlp_model                                                                              
2026-07-31 10:08:44,078 [INFO] CmdLine:76 -  model_hash         :   0x9730d768958be9e4562e5107bd0a979c                                                     
2026-07-31 10:08:44,078 [INFO] CmdLine:76 -  params #           :   2,693 items (10.52 KiB)                                                                
2026-07-31 10:08:44,079 [INFO] CmdLine:76 -  --------------------------------------------------------------------------------------------------------------
2026-07-31 10:08:44,079 [INFO] CmdLine:76 -  input 1/1          :   'input', f32(1x6), 24 Bytes, activations                                               
2026-07-31 10:08:44,080 [INFO] CmdLine:76 -  output 1/1         :   'output', f32(1x5), 20 Bytes, activations                                              
2026-07-31 10:08:44,080 [INFO] CmdLine:76 -  macc               :   2,789                                                                                  
2026-07-31 10:08:44,080 [INFO] CmdLine:76 -  weights (ro)       :   10,772 B (10.52 KiB) (1 segment)                                                       
2026-07-31 10:08:44,080 [INFO] CmdLine:76 -  activations (rw)   :   384 B (384 B) (1 segment) *                                                            
2026-07-31 10:08:44,080 [INFO] CmdLine:76 -  ram (total)        :   384 B (384 B) = 384 + 0 + 0                                                            
2026-07-31 10:08:44,080 [INFO] CmdLine:76 -  --------------------------------------------------------------------------------------------------------------
2026-07-31 10:08:44,081 [INFO] CmdLine:76 -  (*) 'input'/'output' buffers are allocated in the activations buffer
2026-07-31 10:08:44,081 [INFO] CmdLine:76 - Computing AI RT data/code size (target=stm32l4)..
2026-07-31 10:08:46,529 [INFO] CmdLine:76 -  Model name - mlp_model
2026-07-31 10:08:46,529 [INFO] CmdLine:76 -  ------ ------------------- ------------- ------------- ------- --------------
2026-07-31 10:08:46,530 [INFO] CmdLine:76 -  m_id   layer (original)    oshape        param/size       macc   connected to
2026-07-31 10:08:46,531 [INFO] CmdLine:76 -  ------ ------------------- ------------- ------------- ------- --------------
2026-07-31 10:08:46,532 [INFO] CmdLine:76 -  1      fc1_weight (Gemm)   [b:64,c:6]    384/1,536
2026-07-31 10:08:46,532 [INFO] CmdLine:76 -         fc1_bias (Gemm)     [b:64]        64/256
2026-07-31 10:08:46,534 [INFO] CmdLine:76 -  ------ ------------------- ------------- ------------- ------- --------------
2026-07-31 10:08:46,534 [INFO] CmdLine:76 -  3      fc2_weight (Gemm)   [b:32,c:64]   2,048/8,192
2026-07-31 10:08:46,534 [INFO] CmdLine:76 -         fc2_bias (Gemm)     [b:32]        32/128
2026-07-31 10:08:46,535 [INFO] CmdLine:76 -  ------ ------------------- ------------- ------------- ------- --------------
2026-07-31 10:08:46,535 [INFO] CmdLine:76 -  5      fc3_weight (Gemm)   [b:5,c:32]    160/640
2026-07-31 10:08:46,535 [INFO] CmdLine:76 -         fc3_bias (Gemm)     [b:5]         5/20
2026-07-31 10:08:46,535 [INFO] CmdLine:76 -  ------ ------------------- ------------- ------------- ------- --------------
2026-07-31 10:08:46,536 [INFO] CmdLine:76 -  0      input ()            [b:1,c:6]
2026-07-31 10:08:46,536 [INFO] CmdLine:76 -  ------ ------------------- ------------- ------------- ------- --------------
2026-07-31 10:08:46,536 [INFO] CmdLine:76 -  1      linear (Gemm)       [b:1,c:64]                      448          input
2026-07-31 10:08:46,536 [INFO] CmdLine:76 -                                                                     fc1_weight
2026-07-31 10:08:46,537 [INFO] CmdLine:76 -                                                                       fc1_bias
2026-07-31 10:08:46,537 [INFO] CmdLine:76 -  ------ ------------------- ------------- ------------- ------- --------------
2026-07-31 10:08:46,537 [INFO] CmdLine:76 -  2      relu (Relu)         [b:1,c:64]                       64         linear
2026-07-31 10:08:46,537 [INFO] CmdLine:76 -  ------ ------------------- ------------- ------------- ------- --------------
2026-07-31 10:08:46,537 [INFO] CmdLine:76 -  3      linear_1 (Gemm)     [b:1,c:32]                    2,080           relu
2026-07-31 10:08:46,537 [INFO] CmdLine:76 -                                                                     fc2_weight
2026-07-31 10:08:46,538 [INFO] CmdLine:76 -                                                                       fc2_bias
2026-07-31 10:08:46,538 [INFO] CmdLine:76 -  ------ ------------------- ------------- ------------- ------- --------------
2026-07-31 10:08:46,538 [INFO] CmdLine:76 -  4      relu_1 (Relu)       [b:1,c:32]                       32       linear_1
2026-07-31 10:08:46,538 [INFO] CmdLine:76 -  ------ ------------------- ------------- ------------- ------- --------------
2026-07-31 10:08:46,538 [INFO] CmdLine:76 -  5      output (Gemm)       [b:1,c:5]                       165         relu_1
2026-07-31 10:08:46,538 [INFO] CmdLine:76 -                                                                     fc3_weight
2026-07-31 10:08:46,538 [INFO] CmdLine:76 -                                                                       fc3_bias
2026-07-31 10:08:46,538 [INFO] CmdLine:76 -  ------ ------------------- ------------- ------------- ------- --------------
2026-07-31 10:08:46,539 [INFO] CmdLine:76 -  model: macc=2,789 weights=10,772 activations=-- io=--
2026-07-31 10:08:46,540 [INFO] CmdLine:76 -  Number of operations per c-layer
2026-07-31 10:08:46,540 [INFO] CmdLine:76 -  ------- ------ ----------------------- ------- --------------
2026-07-31 10:08:46,540 [INFO] CmdLine:76 -  c_id    m_id   name (type)                 #op           type
2026-07-31 10:08:46,540 [INFO] CmdLine:76 -  ------- ------ ----------------------- ------- --------------
2026-07-31 10:08:46,541 [INFO] CmdLine:76 -  0       1      linear (Dense)              448   smul_f32_f32
2026-07-31 10:08:46,541 [INFO] CmdLine:76 -  1       2      relu (Nonlinearity)          64     op_f32_f32
2026-07-31 10:08:46,541 [INFO] CmdLine:76 -  2       3      linear_1 (Dense)          2,080   smul_f32_f32
2026-07-31 10:08:46,541 [INFO] CmdLine:76 -  3       4      relu_1 (Nonlinearity)        32     op_f32_f32
2026-07-31 10:08:46,541 [INFO] CmdLine:76 -  4       5      output (Dense)              165   smul_f32_f32
2026-07-31 10:08:46,541 [INFO] CmdLine:76 -  ------- ------ ----------------------- ------- --------------
2026-07-31 10:08:46,541 [INFO] CmdLine:76 -  total                                    2,789
2026-07-31 10:08:46,541 [INFO] CmdLine:76 -  Number of operation types
2026-07-31 10:08:46,541 [INFO] CmdLine:76 -  ---------------- ------- -----------
2026-07-31 10:08:46,542 [INFO] CmdLine:76 -  operation type         #           %
2026-07-31 10:08:46,542 [INFO] CmdLine:76 -  ---------------- ------- -----------
2026-07-31 10:08:46,542 [INFO] CmdLine:76 -  smul_f32_f32       2,693       96.6%
2026-07-31 10:08:46,542 [INFO] CmdLine:76 -  op_f32_f32            96        3.4%
2026-07-31 10:08:46,542 [INFO] CmdLine:76 -  Complexity report (model)
2026-07-31 10:08:46,542 [INFO] CmdLine:76 -  ------ ------------ ------------------------- ------------------------- ------
2026-07-31 10:08:46,542 [INFO] CmdLine:76 -  m_id   name         c_macc                    c_rom                     c_id
2026-07-31 10:08:46,543 [INFO] CmdLine:76 -  ------ ------------ ------------------------- ------------------------- ------
2026-07-31 10:08:46,543 [INFO] CmdLine:76 -  1      fc1_weight   ||||              16.1%   ||||              16.6%   [0]
2026-07-31 10:08:46,543 [INFO] CmdLine:76 -  3      fc2_weight   ||||||||||||||||  74.6%   ||||||||||||||||  77.2%   [2]
2026-07-31 10:08:46,543 [INFO] CmdLine:76 -  5      fc3_weight   ||                 5.9%   ||                 6.1%   [4]
2026-07-31 10:08:46,544 [INFO] CmdLine:76 -  2      relu         |                  2.3%   |                  0.0%   [1]
2026-07-31 10:08:46,544 [INFO] CmdLine:76 -  4      relu_1       |                  1.1%   |                  0.0%   [3]
2026-07-31 10:08:46,544 [INFO] CmdLine:76 -  ------ ------------ ------------------------- ------------------------- ------
2026-07-31 10:08:46,545 [INFO] CmdLine:76 -  macc=2,789 weights=10,772 act=384 ram_io=0
2026-07-31 10:08:46,545 [INFO] CmdLine:76 -  Requested memory size by section - "stm32l4" target
2026-07-31 10:08:46,545 [INFO] CmdLine:76 -  ------------------------------ ------- -------- ------- -----
2026-07-31 10:08:46,545 [INFO] CmdLine:76 -  module                            text   rodata    data   bss
2026-07-31 10:08:46,545 [INFO] CmdLine:76 -  ------------------------------ ------- -------- ------- -----
2026-07-31 10:08:46,545 [INFO] CmdLine:76 -  NetworkRuntime1020_CM4_GCC.a     6,452        0       0     0
2026-07-31 10:08:46,546 [INFO] CmdLine:76 -  network.o                          528       40   1,584   140
2026-07-31 10:08:46,546 [INFO] CmdLine:76 -  network_data.o                      48       16      88     0
2026-07-31 10:08:46,546 [INFO] CmdLine:76 -  lib (toolchain)*                     0        0       0     0
2026-07-31 10:08:46,546 [INFO] CmdLine:76 -  ------------------------------ ------- -------- ------- -----
2026-07-31 10:08:46,546 [INFO] CmdLine:76 -  RT total**                       7,028       56   1,672   140
2026-07-31 10:08:46,546 [INFO] CmdLine:76 -  ------------------------------ ------- -------- ------- -----
2026-07-31 10:08:46,546 [INFO] CmdLine:76 -  weights                              0   10,776       0     0
2026-07-31 10:08:46,547 [INFO] CmdLine:76 -  activations                          0        0       0   384
2026-07-31 10:08:46,547 [INFO] CmdLine:76 -  io                                   0        0       0     0
2026-07-31 10:08:46,548 [INFO] CmdLine:76 -  ------------------------------ ------- -------- ------- -----
2026-07-31 10:08:46,548 [INFO] CmdLine:76 -  TOTAL                            7,028   10,832   1,672   524
2026-07-31 10:08:46,548 [INFO] CmdLine:76 -  ------------------------------ ------- -------- ------- -----
2026-07-31 10:08:46,548 [INFO] CmdLine:76 -  *  toolchain objects (libm/libgcc*)
2026-07-31 10:08:46,549 [INFO] CmdLine:76 -  ** RT AI runtime objects (kernels+infrastructure)
2026-07-31 10:08:46,549 [INFO] CmdLine:76 -   Summary - "stm32l4" target
2026-07-31 10:08:46,550 [INFO] CmdLine:76 -   ---------------------------------------------------
2026-07-31 10:08:46,550 [INFO] CmdLine:76 -                FLASH (ro)      %*   RAM (rw)       %
2026-07-31 10:08:46,550 [INFO] CmdLine:76 -   ---------------------------------------------------
2026-07-31 10:08:46,550 [INFO] CmdLine:76 -   RT total          8,756   44.8%      1,812   82.5%
2026-07-31 10:08:46,551 [INFO] CmdLine:76 -   ---------------------------------------------------
2026-07-31 10:08:46,551 [INFO] CmdLine:76 -   TOTAL            19,532              2,196
2026-07-31 10:08:46,556 [INFO] CmdLine:76 -   ---------------------------------------------------
2026-07-31 10:08:46,556 [INFO] CmdLine:76 -   *  rt/total
2026-07-31 10:08:46,556 [INFO] CmdLine:76 - Creating txt report file C:\Users\ADMIN\.stm32cubemx\network_output\network_analyze_report.txt
2026-07-31 10:08:56,946 [INFO] CmdLine:76 - elapsed time (analyze): 16.751s
2026-07-31 10:08:57,345 [INFO] CmdLine:148 - stedgeai exit with status: 0
2026-07-31 10:08:57,353 [INFO] AIModelDetailledView:1077 - Model file:      mlp_model.onnx
2026-07-31 10:08:57,353 [INFO] AIModelDetailledView:1077 - Total Flash:     19528 B (19.07 KiB)
2026-07-31 10:08:57,354 [INFO] AIModelDetailledView:1077 -     Weights:     10772 B (10.52 KiB)
2026-07-31 10:08:57,354 [INFO] AIModelDetailledView:1077 -     Library:     8756 B (8.55 KiB)
2026-07-31 10:08:57,354 [INFO] AIModelDetailledView:1077 - Total Ram:       2196 B (2.14 KiB)
2026-07-31 10:08:57,354 [INFO] AIModelDetailledView:1077 -     Activations: 384 B
2026-07-31 10:08:57,355 [INFO] AIModelDetailledView:1077 -     Library:     1812 B (1.77 KiB)
2026-07-31 10:08:57,355 [INFO] AIModelDetailledView:1077 -     Input:       24 B (included in Activations)
2026-07-31 10:08:57,355 [INFO] AIModelDetailledView:1077 -     Output:      20 B (included in Activations)
2026-07-31 10:08:57,355 [INFO] AIModelDetailledView:1077 - Done
2026-07-31 10:08:57,356 [INFO] AIModelDetailledView:2598 - Analyze complete on AI model
2026-07-31 10:08:57,432 [INFO] AIModelDetailledView:2264 - Analysis status: done
2026-07-31 10:09:15,345 [INFO] UtilMem:75 - End SaveConfig() Used Memory: 945230456 Bytes (1073741824)
2026-07-31 10:09:15,472 [INFO] AIModelDetailledView:2264 - Analysis status: -
2026-07-31 10:09:15,473 [INFO] AInterface:259 - ModelName:network; files:[D:\RKS_TinyML_Workspace\TinyML_Workshop_Nitte\ONNX\mlp_model.onnx]; type:ONNX; compression:None
2026-07-31 10:09:15,474 [INFO] AInterface:526 - workspaceTempDir: C:/Users/ADMIN/AppData/Local/Temp/mxAI_workspace1045826498716720010256227508205311336
2026-07-31 10:09:15,474 [INFO] AInterface:1179 - Setting Env: C:/Users/ADMIN/STM32Cube/Repository//Packs/STMicroelectronics/X-CUBE-AI/10.2.1/Utilities/windows
2026-07-31 10:09:15,476 [INFO] STM32CubeIDEBuilder:265 - Looking for gnu-tools-for-stm32 tools/bin/arm-none-eabi-gcc.exe in C:\ST\STM32CubeIDE_1.19.0\STM32CubeIDE
2026-07-31 10:09:15,477 [INFO] STM32CubeIDEBuilder:294 - checking C:\ST\STM32CubeIDE_1.19.0\STM32CubeIDE\plugins\com.st.stm32cube.ide.mcu.externaltools.gnu-tools-for-stm32.13.3.rel1.win32_1.0.0.202411081344\tools\bin\arm-none-eabi-gcc.exe
2026-07-31 10:09:15,478 [INFO] STM32CubeIDEBuilder:297 - ret=C:\ST\STM32CubeIDE_1.19.0\STM32CubeIDE\plugins\com.st.stm32cube.ide.mcu.externaltools.gnu-tools-for-stm32.13.3.rel1.win32_1.0.0.202411081344\tools\bin\arm-none-eabi-gcc.exe
2026-07-31 10:09:15,478 [INFO] STM32CubeIDEBuilder:311 - returning C:\ST\STM32CubeIDE_1.19.0\STM32CubeIDE\plugins\com.st.stm32cube.ide.mcu.externaltools.gnu-tools-for-stm32.13.3.rel1.win32_1.0.0.202411081344\tools\bin\arm-none-eabi-gcc.exe
2026-07-31 10:09:15,478 [INFO] AInterface:1236 - Custom PATH variable: C:/Users/ADMIN/STM32Cube/Repository//Packs/STMicroelectronics/X-CUBE-AI/10.2.1/Utilities/windows;C:/Users/ADMIN/STM32Cube/Repository//Packs/STMicroelectronics/X-CUBE-AI/10.2.1/Utilities/windows/mingw64/bin;C:/Users/ADMIN/STM32Cube/Repository//Packs/STMicroelectronics/X-CUBE-AI/10.2.1/Utilities/windows/mingw64/libexec/gcc/x86_64-w64-mingw32/7.3.0;;C:\ST\STM32CubeIDE_1.19.0\STM32CubeIDE\plugins\com.st.stm32cube.ide.mcu.externaltools.gnu-tools-for-stm32.13.3.rel1.win32_1.0.0.202411081344\tools\bin
2026-07-31 10:09:15,479 [INFO] CmdLine:115 - Command: C:/Users/ADMIN/STM32Cube/Repository//Packs/STMicroelectronics/X-CUBE-AI/10.2.1/Utilities/windows/stedgeai.exe analyze --target stm32l4 --name network -m D:/RKS_TinyML_Workspace/TinyML_Workshop_Nitte/ONNX/mlp_model.onnx --compression none --verbosity 1 --workspace C:/Users/ADMIN/AppData/Local/Temp/mxAI_workspace1045826498716720010256227508205311336 --output C:/Users/ADMIN/.stm32cubemx/network_output
2026-07-31 10:09:15,479 [INFO] AIModelDetailledView:2264 - Analysis status: pending
2026-07-31 10:09:15,804 [INFO] CmdLine:76 - ST Edge AI Core v2.2.0-20266 2adc00962
2026-07-31 10:09:19,778 [INFO] CmdLine:76 - Creating c (debug) info json file C:\Users\ADMIN\.stm32cubemx\network_output\network_c_info.json
2026-07-31 10:09:19,801 [INFO] CmdLine:76 -  
2026-07-31 10:09:19,801 [INFO] CmdLine:76 -  Exec/report summary (analyze)
2026-07-31 10:09:19,801 [INFO] CmdLine:76 -  ---------------------------------------------------------------------------------------------------------------
2026-07-31 10:09:19,801 [INFO] CmdLine:76 -  model file         :   D:\RKS_TinyML_Workspace\TinyML_Workshop_Nitte\ONNX\mlp_model.onnx                       
2026-07-31 10:09:19,801 [INFO] CmdLine:76 -  type               :   onnx                                                                                    
2026-07-31 10:09:19,801 [INFO] CmdLine:76 -  c_name             :   network                                                                                 
2026-07-31 10:09:19,802 [INFO] CmdLine:76 -  compression        :   none                                                                                    
2026-07-31 10:09:19,802 [INFO] CmdLine:76 -  options            :   allocate-inputs, allocate-outputs                                                       
2026-07-31 10:09:19,802 [INFO] CmdLine:76 -  optimization       :   balanced                                                                                
2026-07-31 10:09:19,802 [INFO] CmdLine:76 -  target/series      :   stm32l4                                                                                 
2026-07-31 10:09:19,802 [INFO] CmdLine:76 -  workspace dir      :   C:\Users\ADMIN\AppData\Local\Temp\mxAI_workspace1045826498716720010256227508205311336   
2026-07-31 10:09:19,802 [INFO] CmdLine:76 -  output dir         :   C:\Users\ADMIN\.stm32cubemx\network_output                                              
2026-07-31 10:09:19,802 [INFO] CmdLine:76 -  model_fmt          :   float                                                                                   
2026-07-31 10:09:19,802 [INFO] CmdLine:76 -  model_name         :   mlp_model                                                                               
2026-07-31 10:09:19,802 [INFO] CmdLine:76 -  model_hash         :   0x9730d768958be9e4562e5107bd0a979c                                                      
2026-07-31 10:09:19,802 [INFO] CmdLine:76 -  params #           :   2,693 items (10.52 KiB)                                                                 
2026-07-31 10:09:19,802 [INFO] CmdLine:76 -  ---------------------------------------------------------------------------------------------------------------
2026-07-31 10:09:19,802 [INFO] CmdLine:76 -  input 1/1          :   'input', f32(1x6), 24 Bytes, activations                                                
2026-07-31 10:09:19,802 [INFO] CmdLine:76 -  output 1/1         :   'output', f32(1x5), 20 Bytes, activations                                               
2026-07-31 10:09:19,802 [INFO] CmdLine:76 -  macc               :   2,789                                                                                   
2026-07-31 10:09:19,802 [INFO] CmdLine:76 -  weights (ro)       :   10,772 B (10.52 KiB) (1 segment)                                                        
2026-07-31 10:09:19,802 [INFO] CmdLine:76 -  activations (rw)   :   384 B (384 B) (1 segment) *                                                             
2026-07-31 10:09:19,802 [INFO] CmdLine:76 -  ram (total)        :   384 B (384 B) = 384 + 0 + 0                                                             
2026-07-31 10:09:19,803 [INFO] CmdLine:76 -  ---------------------------------------------------------------------------------------------------------------
2026-07-31 10:09:19,803 [INFO] CmdLine:76 -  (*) 'input'/'output' buffers are allocated in the activations buffer
2026-07-31 10:09:19,804 [INFO] CmdLine:76 - Computing AI RT data/code size (target=stm32l4)..
2026-07-31 10:09:20,470 [INFO] CmdLine:76 -  Model name - mlp_model
2026-07-31 10:09:20,471 [INFO] CmdLine:76 -  ------ ------------------- ------------- ------------- ------- --------------
2026-07-31 10:09:20,471 [INFO] CmdLine:76 -  m_id   layer (original)    oshape        param/size       macc   connected to
2026-07-31 10:09:20,471 [INFO] CmdLine:76 -  ------ ------------------- ------------- ------------- ------- --------------
2026-07-31 10:09:20,471 [INFO] CmdLine:76 -  1      fc1_weight (Gemm)   [b:64,c:6]    384/1,536
2026-07-31 10:09:20,471 [INFO] CmdLine:76 -         fc1_bias (Gemm)     [b:64]        64/256
2026-07-31 10:09:20,471 [INFO] CmdLine:76 -  ------ ------------------- ------------- ------------- ------- --------------
2026-07-31 10:09:20,471 [INFO] CmdLine:76 -  3      fc2_weight (Gemm)   [b:32,c:64]   2,048/8,192
2026-07-31 10:09:20,471 [INFO] CmdLine:76 -         fc2_bias (Gemm)     [b:32]        32/128
2026-07-31 10:09:20,471 [INFO] CmdLine:76 -  ------ ------------------- ------------- ------------- ------- --------------
2026-07-31 10:09:20,471 [INFO] CmdLine:76 -  5      fc3_weight (Gemm)   [b:5,c:32]    160/640
2026-07-31 10:09:20,471 [INFO] CmdLine:76 -         fc3_bias (Gemm)     [b:5]         5/20
2026-07-31 10:09:20,472 [INFO] CmdLine:76 -  ------ ------------------- ------------- ------------- ------- --------------
2026-07-31 10:09:20,472 [INFO] CmdLine:76 -  0      input ()            [b:1,c:6]
2026-07-31 10:09:20,472 [INFO] CmdLine:76 -  ------ ------------------- ------------- ------------- ------- --------------
2026-07-31 10:09:20,472 [INFO] CmdLine:76 -  1      linear (Gemm)       [b:1,c:64]                      448          input
2026-07-31 10:09:20,472 [INFO] CmdLine:76 -                                                                     fc1_weight
2026-07-31 10:09:20,472 [INFO] CmdLine:76 -                                                                       fc1_bias
2026-07-31 10:09:20,472 [INFO] CmdLine:76 -  ------ ------------------- ------------- ------------- ------- --------------
2026-07-31 10:09:20,472 [INFO] CmdLine:76 -  2      relu (Relu)         [b:1,c:64]                       64         linear
2026-07-31 10:09:20,473 [INFO] CmdLine:76 -  ------ ------------------- ------------- ------------- ------- --------------
2026-07-31 10:09:20,473 [INFO] CmdLine:76 -  3      linear_1 (Gemm)     [b:1,c:32]                    2,080           relu
2026-07-31 10:09:20,473 [INFO] CmdLine:76 -                                                                     fc2_weight
2026-07-31 10:09:20,473 [INFO] CmdLine:76 -                                                                       fc2_bias
2026-07-31 10:09:20,473 [INFO] CmdLine:76 -  ------ ------------------- ------------- ------------- ------- --------------
2026-07-31 10:09:20,473 [INFO] CmdLine:76 -  4      relu_1 (Relu)       [b:1,c:32]                       32       linear_1
2026-07-31 10:09:20,473 [INFO] CmdLine:76 -  ------ ------------------- ------------- ------------- ------- --------------
2026-07-31 10:09:20,474 [INFO] CmdLine:76 -  5      output (Gemm)       [b:1,c:5]                       165         relu_1
2026-07-31 10:09:20,474 [INFO] CmdLine:76 -                                                                     fc3_weight
2026-07-31 10:09:20,474 [INFO] CmdLine:76 -                                                                       fc3_bias
2026-07-31 10:09:20,474 [INFO] CmdLine:76 -  ------ ------------------- ------------- ------------- ------- --------------
2026-07-31 10:09:20,474 [INFO] CmdLine:76 -  model: macc=2,789 weights=10,772 activations=-- io=--
2026-07-31 10:09:20,474 [INFO] CmdLine:76 -  Number of operations per c-layer
2026-07-31 10:09:20,474 [INFO] CmdLine:76 -  ------- ------ ----------------------- ------- --------------
2026-07-31 10:09:20,474 [INFO] CmdLine:76 -  c_id    m_id   name (type)                 #op           type
2026-07-31 10:09:20,474 [INFO] CmdLine:76 -  ------- ------ ----------------------- ------- --------------
2026-07-31 10:09:20,474 [INFO] CmdLine:76 -  0       1      linear (Dense)              448   smul_f32_f32
2026-07-31 10:09:20,474 [INFO] CmdLine:76 -  1       2      relu (Nonlinearity)          64     op_f32_f32
2026-07-31 10:09:20,474 [INFO] CmdLine:76 -  2       3      linear_1 (Dense)          2,080   smul_f32_f32
2026-07-31 10:09:20,474 [INFO] CmdLine:76 -  3       4      relu_1 (Nonlinearity)        32     op_f32_f32
2026-07-31 10:09:20,474 [INFO] CmdLine:76 -  4       5      output (Dense)              165   smul_f32_f32
2026-07-31 10:09:20,474 [INFO] CmdLine:76 -  ------- ------ ----------------------- ------- --------------
2026-07-31 10:09:20,475 [INFO] CmdLine:76 -  total                                    2,789
2026-07-31 10:09:20,475 [INFO] CmdLine:76 -  Number of operation types
2026-07-31 10:09:20,475 [INFO] CmdLine:76 -  ---------------- ------- -----------
2026-07-31 10:09:20,475 [INFO] CmdLine:76 -  operation type         #           %
2026-07-31 10:09:20,475 [INFO] CmdLine:76 -  ---------------- ------- -----------
2026-07-31 10:09:20,475 [INFO] CmdLine:76 -  smul_f32_f32       2,693       96.6%
2026-07-31 10:09:20,475 [INFO] CmdLine:76 -  op_f32_f32            96        3.4%
2026-07-31 10:09:20,475 [INFO] CmdLine:76 -  Complexity report (model)
2026-07-31 10:09:20,475 [INFO] CmdLine:76 -  ------ ------------ ------------------------- ------------------------- ------
2026-07-31 10:09:20,475 [INFO] CmdLine:76 -  m_id   name         c_macc                    c_rom                     c_id
2026-07-31 10:09:20,475 [INFO] CmdLine:76 -  ------ ------------ ------------------------- ------------------------- ------
2026-07-31 10:09:20,475 [INFO] CmdLine:76 -  1      fc1_weight   ||||              16.1%   ||||              16.6%   [0]
2026-07-31 10:09:20,475 [INFO] CmdLine:76 -  3      fc2_weight   ||||||||||||||||  74.6%   ||||||||||||||||  77.2%   [2]
2026-07-31 10:09:20,475 [INFO] CmdLine:76 -  5      fc3_weight   ||                 5.9%   ||                 6.1%   [4]
2026-07-31 10:09:20,476 [INFO] CmdLine:76 -  2      relu         |                  2.3%   |                  0.0%   [1]
2026-07-31 10:09:20,476 [INFO] CmdLine:76 -  4      relu_1       |                  1.1%   |                  0.0%   [3]
2026-07-31 10:09:20,476 [INFO] CmdLine:76 -  ------ ------------ ------------------------- ------------------------- ------
2026-07-31 10:09:20,476 [INFO] CmdLine:76 -  macc=2,789 weights=10,772 act=384 ram_io=0
2026-07-31 10:09:20,476 [INFO] CmdLine:76 -  Requested memory size by section - "stm32l4" target
2026-07-31 10:09:20,476 [INFO] CmdLine:76 -  ------------------------------ ------- -------- ------- -----
2026-07-31 10:09:20,476 [INFO] CmdLine:76 -  module                            text   rodata    data   bss
2026-07-31 10:09:20,476 [INFO] CmdLine:76 -  ------------------------------ ------- -------- ------- -----
2026-07-31 10:09:20,476 [INFO] CmdLine:76 -  NetworkRuntime1020_CM4_GCC.a     6,452        0       0     0
2026-07-31 10:09:20,476 [INFO] CmdLine:76 -  network.o                          528       40   1,584   140
2026-07-31 10:09:20,476 [INFO] CmdLine:76 -  network_data.o                      48       16      88     0
2026-07-31 10:09:20,476 [INFO] CmdLine:76 -  lib (toolchain)*                     0        0       0     0
2026-07-31 10:09:20,476 [INFO] CmdLine:76 -  ------------------------------ ------- -------- ------- -----
2026-07-31 10:09:20,476 [INFO] CmdLine:76 -  RT total**                       7,028       56   1,672   140
2026-07-31 10:09:20,477 [INFO] CmdLine:76 -  ------------------------------ ------- -------- ------- -----
2026-07-31 10:09:20,477 [INFO] CmdLine:76 -  weights                              0   10,776       0     0
2026-07-31 10:09:20,477 [INFO] CmdLine:76 -  activations                          0        0       0   384
2026-07-31 10:09:20,477 [INFO] CmdLine:76 -  io                                   0        0       0     0
2026-07-31 10:09:20,477 [INFO] CmdLine:76 -  ------------------------------ ------- -------- ------- -----
2026-07-31 10:09:20,477 [INFO] CmdLine:76 -  TOTAL                            7,028   10,832   1,672   524
2026-07-31 10:09:20,477 [INFO] CmdLine:76 -  ------------------------------ ------- -------- ------- -----
2026-07-31 10:09:20,477 [INFO] CmdLine:76 -  *  toolchain objects (libm/libgcc*)
2026-07-31 10:09:20,477 [INFO] CmdLine:76 -  ** RT AI runtime objects (kernels+infrastructure)
2026-07-31 10:09:20,477 [INFO] CmdLine:76 -   Summary - "stm32l4" target
2026-07-31 10:09:20,477 [INFO] CmdLine:76 -   ---------------------------------------------------
2026-07-31 10:09:20,477 [INFO] CmdLine:76 -                FLASH (ro)      %*   RAM (rw)       %
2026-07-31 10:09:20,477 [INFO] CmdLine:76 -   ---------------------------------------------------
2026-07-31 10:09:20,477 [INFO] CmdLine:76 -   RT total          8,756   44.8%      1,812   82.5%
2026-07-31 10:09:20,477 [INFO] CmdLine:76 -   ---------------------------------------------------
2026-07-31 10:09:20,478 [INFO] CmdLine:76 -   TOTAL            19,532              2,196
2026-07-31 10:09:20,478 [INFO] CmdLine:76 -   ---------------------------------------------------
2026-07-31 10:09:20,478 [INFO] CmdLine:76 -   *  rt/total
2026-07-31 10:09:20,478 [INFO] CmdLine:76 - Creating txt report file C:\Users\ADMIN\.stm32cubemx\network_output\network_analyze_report.txt
2026-07-31 10:09:21,364 [INFO] CmdLine:76 - elapsed time (analyze): 5.560s
2026-07-31 10:09:21,721 [INFO] CmdLine:148 - stedgeai exit with status: 0
2026-07-31 10:09:21,727 [INFO] AIModelDetailledView:2598 - Analyze complete on AI model
2026-07-31 10:09:21,728 [INFO] AIModelDetailledView:2264 - Analysis status: done
2026-07-31 10:09:21,731 [ERROR] LogOutputStream:75 - [STDERR_REDIRECT] Exception in thread "AWT-EventQueue-0" java.lang.ClassCastException: class javax.swing.SwingUtilities$SharedOwnerFrame cannot be cast to class com.st.microxplorer.maingui.MainFrame (javax.swing.SwingUtilities$SharedOwnerFrame is in module java.desktop of loader 'bootstrap'; com.st.microxplorer.maingui.MainFrame is in unnamed module of loader org.eclipse.osgi.internal.loader.EquinoxClassLoader @1cc708a7)
2026-07-31 10:09:21,732 [ERROR] LogOutputStream:75 - [STDERR_REDIRECT] 	at com.st.microxplorer.plugins.ip.ai.model.AIAdvancedSettingsData.saveSettings(AIAdvancedSettingsData.java:655)
2026-07-31 10:09:21,734 [ERROR] LogOutputStream:75 - [STDERR_REDIRECT] 	at com.st.microxplorer.plugins.ip.ai.model.AIAdvancedSettingsData.cmdSaveSettings(AIAdvancedSettingsData.java:527)
2026-07-31 10:09:21,734 [ERROR] LogOutputStream:75 - [STDERR_REDIRECT] 	at com.st.microxplorer.plugins.ip.ai.gui.AIModelDetailledView.saveData(AIModelDetailledView.java:471)
2026-07-31 10:09:21,736 [ERROR] LogOutputStream:75 - [STDERR_REDIRECT] 	at com.st.microxplorer.plugins.ip.ai.gui.AIMainUI.saveModelDataNeededForGeneration(AIMainUI.java:912)
2026-07-31 10:09:21,736 [ERROR] LogOutputStream:75 - [STDERR_REDIRECT] 	at com.st.microxplorer.plugins.ip.ai.gui.AITopWindow.saveModelsData(AITopWindow.java:253)
2026-07-31 10:09:21,737 [ERROR] LogOutputStream:75 - [STDERR_REDIRECT] 	at com.st.microxplorer.plugins.ip.ai.AI.propertyChange(AI.java:1654)
2026-07-31 10:09:21,737 [ERROR] LogOutputStream:75 - [STDERR_REDIRECT] 	at java.desktop/java.beans.PropertyChangeSupport.fire(PropertyChangeSupport.java:343)
2026-07-31 10:09:21,738 [ERROR] LogOutputStream:75 - [STDERR_REDIRECT] 	at java.desktop/java.beans.PropertyChangeSupport.firePropertyChange(PropertyChangeSupport.java:335)
2026-07-31 10:09:21,738 [ERROR] LogOutputStream:75 - [STDERR_REDIRECT] 	at java.desktop/java.beans.PropertyChangeSupport.firePropertyChange(PropertyChangeSupport.java:268)
2026-07-31 10:09:21,739 [ERROR] LogOutputStream:75 - [STDERR_REDIRECT] 	at com.st.microxplorer.util.MXPropertyChangeSupport.firePropertyChange(MXPropertyChangeSupport.java:54)
2026-07-31 10:09:21,739 [ERROR] LogOutputStream:75 - [STDERR_REDIRECT] 	at com.st.microxplorer.mxsystem.MxSystem.completeSaveConfig(MxSystem.java:843)
2026-07-31 10:09:21,740 [ERROR] LogOutputStream:75 - [STDERR_REDIRECT] 	at com.st.microxplorer.plugins.filemanager.engine.SaveFileManager.saveConfiguration(SaveFileManager.java:125)
2026-07-31 10:09:21,741 [ERROR] LogOutputStream:75 - [STDERR_REDIRECT] 	at com.st.microxplorer.plugins.filemanager.engine.MainFileManager.userSaveConfig(MainFileManager.java:482)
2026-07-31 10:09:21,741 [ERROR] LogOutputStream:75 - [STDERR_REDIRECT] 	at com.st.microxplorer.plugins.filemanager.FileManagerView.getSpecificTask(FileManagerView.java:280)
2026-07-31 10:09:21,742 [ERROR] LogOutputStream:75 - [STDERR_REDIRECT] 	at com.st.stm32cube.common.mx.editor.CubeMxEditor$9.run(CubeMxEditor.java:690)
2026-07-31 10:09:21,742 [ERROR] LogOutputStream:75 - [STDERR_REDIRECT] 	at com.st.stm32cube.common.mx.oss.core.awtswtbridge.AwtEnvironment$2.run(AwtEnvironment.java:166)
2026-07-31 10:09:21,743 [ERROR] LogOutputStream:75 - [STDERR_REDIRECT] 	at java.desktop/java.awt.event.InvocationEvent.dispatch(InvocationEvent.java:318)
2026-07-31 10:09:21,743 [ERROR] LogOutputStream:75 - [STDERR_REDIRECT] 	at java.desktop/java.awt.EventQueue.dispatchEventImpl(EventQueue.java:773)
2026-07-31 10:09:21,743 [ERROR] LogOutputStream:75 - [STDERR_REDIRECT] 	at java.desktop/java.awt.EventQueue$4.run(EventQueue.java:720)
2026-07-31 10:09:21,744 [ERROR] LogOutputStream:75 - [STDERR_REDIRECT] 	at java.desktop/java.awt.EventQueue$4.run(EventQueue.java:714)
2026-07-31 10:09:21,744 [ERROR] LogOutputStream:75 - [STDERR_REDIRECT] 	at java.base/java.security.AccessController.doPrivileged(AccessController.java:400)
2026-07-31 10:09:21,745 [ERROR] LogOutputStream:75 - [STDERR_REDIRECT] 	at java.base/java.security.ProtectionDomain$JavaSecurityAccessImpl.doIntersectionPrivilege(ProtectionDomain.java:87)
2026-07-31 10:09:21,746 [ERROR] LogOutputStream:75 - [STDERR_REDIRECT] 	at java.desktop/java.awt.EventQueue.dispatchEvent(EventQueue.java:742)
2026-07-31 10:09:21,746 [ERROR] LogOutputStream:75 - [STDERR_REDIRECT] 	at java.desktop/java.awt.EventDispatchThread.pumpOneEventForFilters(EventDispatchThread.java:203)
2026-07-31 10:09:21,747 [ERROR] LogOutputStream:75 - [STDERR_REDIRECT] 	at java.desktop/java.awt.EventDispatchThread.pumpEventsForFilter(EventDispatchThread.java:124)
2026-07-31 10:09:21,747 [ERROR] LogOutputStream:75 - [STDERR_REDIRECT] 	at java.desktop/java.awt.EventDispatchThread.pumpEventsForHierarchy(EventDispatchThread.java:113)
2026-07-31 10:09:21,748 [ERROR] LogOutputStream:75 - [STDERR_REDIRECT] 	at java.desktop/java.awt.EventDispatchThread.pumpEvents(EventDispatchThread.java:109)
2026-07-31 10:09:21,748 [ERROR] LogOutputStream:75 - [STDERR_REDIRECT] 	at java.desktop/java.awt.EventDispatchThread.pumpEvents(EventDispatchThread.java:101)
2026-07-31 10:09:21,749 [ERROR] LogOutputStream:75 - [STDERR_REDIRECT] 	at java.desktop/java.awt.EventDispatchThread.run(EventDispatchThread.java:90)
2026-07-31 10:09:47,070 [INFO] UtilMem:75 - End SaveConfig() Used Memory: 834556216 Bytes (1073741824)
2026-07-31 10:09:48,410 [INFO] UtilMem:75 - End SaveConfig() Used Memory: 757573200 Bytes (1073741824)
2026-07-31 10:09:50,059 [INFO] UtilMem:75 - End SaveConfig() Used Memory: 813230232 Bytes (1073741824)
2026-07-31 10:09:50,481 [INFO] BlockDiagram:2775 - set Specific Code input for plugin: SYS
2026-07-31 10:09:50,482 [INFO] BlockDiagram:2775 - set Specific Code input for plugin: RCC
2026-07-31 10:09:50,482 [INFO] BlockDiagram:2775 - set Specific Code input for plugin: I2C
2026-07-31 10:09:50,482 [INFO] BlockDiagram:2775 - set Specific Code input for plugin: NVIC
2026-07-31 10:09:50,482 [INFO] BlockDiagram:2775 - set Specific Code input for plugin: USART
2026-07-31 10:09:50,482 [INFO] BlockDiagram:2775 - set Specific Code input for plugin: STMicroelectronics.X-CUBE-AI.10.2.1
2026-07-31 10:09:50,482 [INFO] BlockDiagram:2775 - set Specific Code input for plugin: GPIO
2026-07-31 10:09:50,490 [INFO] CodeGenerator:892 - code generatio: config db path: C:\ST\STM32CubeIDE_1.19.0\STM32CubeIDE\plugins\com.st.stm32cube.common.mx_6.15.0.202507011659\\db\
2026-07-31 10:09:50,540 [INFO] IP:3329 - RTE Config file name : RTE_Component
2026-07-31 10:09:50,540 [INFO] IP:3347 - RTE template : RTE_Components.ftl
2026-07-31 10:09:50,546 [INFO] CodeEngine:265 - oldGeneratedFile, D:\RKS_TinyML_Workspace\TinyML_Workshop_Nitte\STM32\DL_Inference\MXTmpFiles\license.tmp_save
2026-07-31 10:09:50,643 [INFO] CodeEngine:289 - Generated code: D:\RKS_TinyML_Workspace\TinyML_Workshop_Nitte\STM32\DL_Inference\MXTmpFiles\license.tmp
2026-07-31 10:09:50,655 [INFO] CodeEngine:265 - oldGeneratedFile, D:\RKS_TinyML_Workspace\TinyML_Workshop_Nitte\STM32\DL_Inference\MXTmpFiles\gpio.tmp_save
2026-07-31 10:09:50,727 [INFO] CodeEngine:289 - Generated code: D:\RKS_TinyML_Workspace\TinyML_Workshop_Nitte\STM32\DL_Inference\MXTmpFiles\gpio.tmp
2026-07-31 10:09:50,817 [INFO] Middleware:1452 - No code input for Bsp Dependency
2026-07-31 10:09:50,819 [INFO] Middleware:1452 - No code input for Bsp Dependency
2026-07-31 10:09:50,825 [INFO] CodeEngine:265 - oldGeneratedFile, D:\RKS_TinyML_Workspace\TinyML_Workshop_Nitte\STM32\DL_Inference\Core\Src\stm32l4xx_it.c_save
2026-07-31 10:09:50,897 [INFO] CodeEngine:289 - Generated code: D:\RKS_TinyML_Workspace\TinyML_Workshop_Nitte\STM32\DL_Inference\Core\Src\stm32l4xx_it.c
2026-07-31 10:09:50,901 [INFO] CodeEngine:265 - oldGeneratedFile, D:\RKS_TinyML_Workspace\TinyML_Workshop_Nitte\STM32\DL_Inference\Core\Inc\stm32l4xx_it.h_save
2026-07-31 10:09:50,945 [INFO] CodeEngine:289 - Generated code: D:\RKS_TinyML_Workspace\TinyML_Workshop_Nitte\STM32\DL_Inference\Core\Inc\stm32l4xx_it.h
2026-07-31 10:09:50,955 [INFO] CodeEngine:265 - oldGeneratedFile, D:\RKS_TinyML_Workspace\TinyML_Workshop_Nitte\STM32\DL_Inference\Core\Src\stm32l4xx_hal_msp.c_save
2026-07-31 10:09:51,036 [INFO] CodeEngine:289 - Generated code: D:\RKS_TinyML_Workspace\TinyML_Workshop_Nitte\STM32\DL_Inference\Core\Src\stm32l4xx_hal_msp.c
2026-07-31 10:09:51,038 [INFO] CodeEngine:265 - oldGeneratedFile, D:\RKS_TinyML_Workspace\TinyML_Workshop_Nitte\STM32\DL_Inference\MXTmpFiles\system.tmp_save
2026-07-31 10:09:51,079 [INFO] CodeEngine:289 - Generated code: D:\RKS_TinyML_Workspace\TinyML_Workshop_Nitte\STM32\DL_Inference\MXTmpFiles\system.tmp
2026-07-31 10:09:51,086 [INFO] CodeEngine:321 - oldGeneratedFile, D:\RKS_TinyML_Workspace\TinyML_Workshop_Nitte\STM32\DL_Inference\Core\Inc\stm32l4xx_hal_conf.h_save
2026-07-31 10:09:51,146 [INFO] CodeEngine:345 - Generated code: D:\RKS_TinyML_Workspace\TinyML_Workshop_Nitte\STM32\DL_Inference\Core\Inc\stm32l4xx_hal_conf.h
2026-07-31 10:09:51,169 [INFO] CodeEngine:265 - oldGeneratedFile, D:\RKS_TinyML_Workspace\TinyML_Workshop_Nitte\STM32\DL_Inference\Core\Inc\main.h_save
2026-07-31 10:09:51,221 [INFO] CodeEngine:289 - Generated code: D:\RKS_TinyML_Workspace\TinyML_Workshop_Nitte\STM32\DL_Inference\Core\Inc\main.h
2026-07-31 10:09:51,224 [INFO] CodeEngine:265 - oldGeneratedFile, D:\RKS_TinyML_Workspace\TinyML_Workshop_Nitte\STM32\DL_Inference\Core\Src\main.c_save
2026-07-31 10:09:51,300 [INFO] CodeEngine:289 - Generated code: D:\RKS_TinyML_Workspace\TinyML_Workshop_Nitte\STM32\DL_Inference\Core\Src\main.c
2026-07-31 10:09:51,415 [INFO] AInterface:322 - ModelName:network; files:[D:\RKS_TinyML_Workspace\TinyML_Workshop_Nitte\ONNX\mlp_model.onnx]; type:ONNX; compression:None
2026-07-31 10:09:51,417 [INFO] AInterface:526 - workspaceTempDir: C:/Users/ADMIN/AppData/Local/Temp/mxAI_workspace104583009285433004698191179177397575
2026-07-31 10:09:51,417 [INFO] AInterface:1179 - Setting Env: C:/Users/ADMIN/STM32Cube/Repository//Packs/STMicroelectronics/X-CUBE-AI/10.2.1/Utilities/windows
2026-07-31 10:09:51,420 [INFO] STM32CubeIDEBuilder:265 - Looking for gnu-tools-for-stm32 tools/bin/arm-none-eabi-gcc.exe in C:\ST\STM32CubeIDE_1.19.0\STM32CubeIDE
2026-07-31 10:09:51,422 [INFO] STM32CubeIDEBuilder:294 - checking C:\ST\STM32CubeIDE_1.19.0\STM32CubeIDE\plugins\com.st.stm32cube.ide.mcu.externaltools.gnu-tools-for-stm32.13.3.rel1.win32_1.0.0.202411081344\tools\bin\arm-none-eabi-gcc.exe
2026-07-31 10:09:51,422 [INFO] STM32CubeIDEBuilder:297 - ret=C:\ST\STM32CubeIDE_1.19.0\STM32CubeIDE\plugins\com.st.stm32cube.ide.mcu.externaltools.gnu-tools-for-stm32.13.3.rel1.win32_1.0.0.202411081344\tools\bin\arm-none-eabi-gcc.exe
2026-07-31 10:09:51,422 [INFO] STM32CubeIDEBuilder:311 - returning C:\ST\STM32CubeIDE_1.19.0\STM32CubeIDE\plugins\com.st.stm32cube.ide.mcu.externaltools.gnu-tools-for-stm32.13.3.rel1.win32_1.0.0.202411081344\tools\bin\arm-none-eabi-gcc.exe
2026-07-31 10:09:51,422 [INFO] AInterface:1236 - Custom PATH variable: C:/Users/ADMIN/STM32Cube/Repository//Packs/STMicroelectronics/X-CUBE-AI/10.2.1/Utilities/windows;C:/Users/ADMIN/STM32Cube/Repository//Packs/STMicroelectronics/X-CUBE-AI/10.2.1/Utilities/windows/mingw64/bin;C:/Users/ADMIN/STM32Cube/Repository//Packs/STMicroelectronics/X-CUBE-AI/10.2.1/Utilities/windows/mingw64/libexec/gcc/x86_64-w64-mingw32/7.3.0;;C:\ST\STM32CubeIDE_1.19.0\STM32CubeIDE\plugins\com.st.stm32cube.ide.mcu.externaltools.gnu-tools-for-stm32.13.3.rel1.win32_1.0.0.202411081344\tools\bin
2026-07-31 10:09:51,423 [INFO] CmdLine:115 - Command: C:/Users/ADMIN/STM32Cube/Repository//Packs/STMicroelectronics/X-CUBE-AI/10.2.1/Utilities/windows/stedgeai.exe generate --target stm32l4 --name network -m D:/RKS_TinyML_Workspace/TinyML_Workshop_Nitte/ONNX/mlp_model.onnx --compression none --verbosity 1 --workspace C:/Users/ADMIN/AppData/Local/Temp/mxAI_workspace104583009285433004698191179177397575 --output C:/Users/ADMIN/.stm32cubemx/network_output
2026-07-31 10:09:51,424 [INFO] AIModelDetailledView:2264 - Analysis status: pending
2026-07-31 10:09:51,848 [INFO] CmdLine:76 - ST Edge AI Core v2.2.0-20266 2adc00962
2026-07-31 10:09:56,012 [INFO] CmdLine:76 - Creating c (debug) info json file C:\Users\ADMIN\.stm32cubemx\network_output\network_c_info.json
2026-07-31 10:09:56,028 [INFO] CmdLine:76 -  
2026-07-31 10:09:56,028 [INFO] CmdLine:76 -  Exec/report summary (generate)
2026-07-31 10:09:56,029 [INFO] CmdLine:76 -  --------------------------------------------------------------------------------------------------------------
2026-07-31 10:09:56,029 [INFO] CmdLine:76 -  model file         :   D:\RKS_TinyML_Workspace\TinyML_Workshop_Nitte\ONNX\mlp_model.onnx                      
2026-07-31 10:09:56,029 [INFO] CmdLine:76 -  type               :   onnx                                                                                   
2026-07-31 10:09:56,029 [INFO] CmdLine:76 -  c_name             :   network                                                                                
2026-07-31 10:09:56,029 [INFO] CmdLine:76 -  compression        :   none                                                                                   
2026-07-31 10:09:56,029 [INFO] CmdLine:76 -  options            :   allocate-inputs, allocate-outputs                                                      
2026-07-31 10:09:56,029 [INFO] CmdLine:76 -  optimization       :   balanced                                                                               
2026-07-31 10:09:56,029 [INFO] CmdLine:76 -  target/series      :   stm32l4                                                                                
2026-07-31 10:09:56,029 [INFO] CmdLine:76 -  workspace dir      :   C:\Users\ADMIN\AppData\Local\Temp\mxAI_workspace104583009285433004698191179177397575   
2026-07-31 10:09:56,029 [INFO] CmdLine:76 -  output dir         :   C:\Users\ADMIN\.stm32cubemx\network_output                                             
2026-07-31 10:09:56,029 [INFO] CmdLine:76 -  model_fmt          :   float                                                                                  
2026-07-31 10:09:56,029 [INFO] CmdLine:76 -  model_name         :   mlp_model                                                                              
2026-07-31 10:09:56,029 [INFO] CmdLine:76 -  model_hash         :   0x9730d768958be9e4562e5107bd0a979c                                                     
2026-07-31 10:09:56,029 [INFO] CmdLine:76 -  params #           :   2,693 items (10.52 KiB)                                                                
2026-07-31 10:09:56,029 [INFO] CmdLine:76 -  --------------------------------------------------------------------------------------------------------------
2026-07-31 10:09:56,029 [INFO] CmdLine:76 -  input 1/1          :   'input', f32(1x6), 24 Bytes, activations                                               
2026-07-31 10:09:56,029 [INFO] CmdLine:76 -  output 1/1         :   'output', f32(1x5), 20 Bytes, activations                                              
2026-07-31 10:09:56,029 [INFO] CmdLine:76 -  macc               :   2,789                                                                                  
2026-07-31 10:09:56,029 [INFO] CmdLine:76 -  weights (ro)       :   10,772 B (10.52 KiB) (1 segment)                                                       
2026-07-31 10:09:56,029 [INFO] CmdLine:76 -  activations (rw)   :   384 B (384 B) (1 segment) *                                                            
2026-07-31 10:09:56,029 [INFO] CmdLine:76 -  ram (total)        :   384 B (384 B) = 384 + 0 + 0                                                            
2026-07-31 10:09:56,029 [INFO] CmdLine:76 -  --------------------------------------------------------------------------------------------------------------
2026-07-31 10:09:56,029 [INFO] CmdLine:76 -  (*) 'input'/'output' buffers are allocated in the activations buffer
2026-07-31 10:09:56,031 [INFO] CmdLine:76 - Computing AI RT data/code size (target=stm32l4)..
2026-07-31 10:09:56,812 [INFO] CmdLine:76 -  Requested memory size by section - "stm32l4" target
2026-07-31 10:09:56,812 [INFO] CmdLine:76 -  ------------------------------ ------- -------- ------- -----
2026-07-31 10:09:56,812 [INFO] CmdLine:76 -  module                            text   rodata    data   bss
2026-07-31 10:09:56,812 [INFO] CmdLine:76 -  ------------------------------ ------- -------- ------- -----
2026-07-31 10:09:56,813 [INFO] CmdLine:76 -  NetworkRuntime1020_CM4_GCC.a     6,452        0       0     0
2026-07-31 10:09:56,813 [INFO] CmdLine:76 -  network.o                          528       40   1,584   140
2026-07-31 10:09:56,813 [INFO] CmdLine:76 -  network_data.o                      48       16      88     0
2026-07-31 10:09:56,813 [INFO] CmdLine:76 -  lib (toolchain)*                     0        0       0     0
2026-07-31 10:09:56,813 [INFO] CmdLine:76 -  ------------------------------ ------- -------- ------- -----
2026-07-31 10:09:56,813 [INFO] CmdLine:76 -  RT total**                       7,028       56   1,672   140
2026-07-31 10:09:56,813 [INFO] CmdLine:76 -  ------------------------------ ------- -------- ------- -----
2026-07-31 10:09:56,813 [INFO] CmdLine:76 -  weights                              0   10,776       0     0
2026-07-31 10:09:56,813 [INFO] CmdLine:76 -  activations                          0        0       0   384
2026-07-31 10:09:56,813 [INFO] CmdLine:76 -  io                                   0        0       0     0
2026-07-31 10:09:56,813 [INFO] CmdLine:76 -  ------------------------------ ------- -------- ------- -----
2026-07-31 10:09:56,813 [INFO] CmdLine:76 -  TOTAL                            7,028   10,832   1,672   524
2026-07-31 10:09:56,813 [INFO] CmdLine:76 -  ------------------------------ ------- -------- ------- -----
2026-07-31 10:09:56,813 [INFO] CmdLine:76 -  *  toolchain objects (libm/libgcc*)
2026-07-31 10:09:56,813 [INFO] CmdLine:76 -  ** RT AI runtime objects (kernels+infrastructure)
2026-07-31 10:09:56,813 [INFO] CmdLine:76 -   Summary - "stm32l4" target
2026-07-31 10:09:56,813 [INFO] CmdLine:76 -   ---------------------------------------------------
2026-07-31 10:09:56,813 [INFO] CmdLine:76 -                FLASH (ro)      %*   RAM (rw)       %
2026-07-31 10:09:56,813 [INFO] CmdLine:76 -   ---------------------------------------------------
2026-07-31 10:09:56,813 [INFO] CmdLine:76 -   RT total          8,756   44.8%      1,812   82.5%
2026-07-31 10:09:56,814 [INFO] CmdLine:76 -   ---------------------------------------------------
2026-07-31 10:09:56,814 [INFO] CmdLine:76 -   TOTAL            19,532              2,196
2026-07-31 10:09:56,814 [INFO] CmdLine:76 -   ---------------------------------------------------
2026-07-31 10:09:56,814 [INFO] CmdLine:76 -   *  rt/total
2026-07-31 10:09:56,814 [INFO] CmdLine:76 -  Generated files (7)
2026-07-31 10:09:56,814 [INFO] CmdLine:76 -  ------------------------------------------------------------------
2026-07-31 10:09:56,814 [INFO] CmdLine:76 -  C:\Users\ADMIN\.stm32cubemx\network_output\network_data_params.h
2026-07-31 10:09:56,814 [INFO] CmdLine:76 -  C:\Users\ADMIN\.stm32cubemx\network_output\network_data_params.c
2026-07-31 10:09:56,814 [INFO] CmdLine:76 -  C:\Users\ADMIN\.stm32cubemx\network_output\network_data.h
2026-07-31 10:09:56,814 [INFO] CmdLine:76 -  C:\Users\ADMIN\.stm32cubemx\network_output\network_data.c
2026-07-31 10:09:56,814 [INFO] CmdLine:76 -  C:\Users\ADMIN\.stm32cubemx\network_output\network_config.h
2026-07-31 10:09:56,814 [INFO] CmdLine:76 -  C:\Users\ADMIN\.stm32cubemx\network_output\network.h
2026-07-31 10:09:56,814 [INFO] CmdLine:76 -  C:\Users\ADMIN\.stm32cubemx\network_output\network.c
2026-07-31 10:09:56,814 [INFO] CmdLine:76 - Creating txt report file C:\Users\ADMIN\.stm32cubemx\network_output\network_generate_report.txt
2026-07-31 10:10:08,068 [INFO] CmdLine:76 - elapsed time (generate): 16.219s
2026-07-31 10:10:08,428 [INFO] CmdLine:148 - stedgeai exit with status: 0
2026-07-31 10:10:08,436 [INFO] AIModelDetailledView:2264 - Analysis status: done
2026-07-31 10:10:08,634 [INFO] ProjectBuilder:3606 - Time for Copy HAL[1] : 67mS.
2026-07-31 10:10:08,635 [ERROR] Middleware:2950 - Invalid RefComponent list
2026-07-31 10:10:08,635 [ERROR] Middleware:2950 - Invalid RefComponent list
2026-07-31 10:10:08,635 [ERROR] Middleware:2950 - Invalid RefComponent list
2026-07-31 10:10:08,635 [ERROR] Middleware:2950 - Invalid RefComponent list
2026-07-31 10:10:08,635 [ERROR] Middleware:2950 - Invalid RefComponent list
2026-07-31 10:10:08,635 [ERROR] Middleware:2950 - Invalid RefComponent list
2026-07-31 10:10:08,635 [ERROR] Middleware:2950 - Invalid RefComponent list
2026-07-31 10:10:08,635 [ERROR] Middleware:2950 - Invalid RefComponent list
2026-07-31 10:10:08,635 [ERROR] Middleware:2950 - Invalid RefComponent list
2026-07-31 10:10:08,635 [ERROR] Middleware:2950 - Invalid RefComponent list
2026-07-31 10:10:08,635 [ERROR] Middleware:2950 - Invalid RefComponent list
2026-07-31 10:10:08,635 [ERROR] Middleware:2950 - Invalid RefComponent list
2026-07-31 10:10:08,635 [ERROR] Middleware:2950 - Invalid RefComponent list
2026-07-31 10:10:08,635 [ERROR] Middleware:2950 - Invalid RefComponent list
2026-07-31 10:10:08,635 [ERROR] Middleware:2950 - Invalid RefComponent list
2026-07-31 10:10:08,635 [ERROR] Middleware:2950 - Invalid RefComponent list
2026-07-31 10:10:08,635 [ERROR] Middleware:2950 - Invalid RefComponent list
2026-07-31 10:10:08,635 [ERROR] Middleware:2950 - Invalid RefComponent list
2026-07-31 10:10:08,635 [ERROR] Middleware:2950 - Invalid RefComponent list
2026-07-31 10:10:08,635 [ERROR] Middleware:2950 - Invalid RefComponent list
2026-07-31 10:10:08,635 [ERROR] Middleware:2950 - Invalid RefComponent list
2026-07-31 10:10:08,635 [ERROR] Middleware:2950 - Invalid RefComponent list
2026-07-31 10:10:08,635 [ERROR] Middleware:2950 - Invalid RefComponent list
2026-07-31 10:10:08,635 [ERROR] Middleware:2950 - Invalid RefComponent list
2026-07-31 10:10:08,635 [ERROR] Middleware:2950 - Invalid RefComponent list
2026-07-31 10:10:08,635 [ERROR] Middleware:2950 - Invalid RefComponent list
2026-07-31 10:10:08,635 [ERROR] Middleware:2950 - Invalid RefComponent list
2026-07-31 10:10:08,635 [ERROR] Middleware:2950 - Invalid RefComponent list
2026-07-31 10:10:08,635 [ERROR] Middleware:2950 - Invalid RefComponent list
2026-07-31 10:10:08,635 [ERROR] Middleware:2950 - Invalid RefComponent list
2026-07-31 10:10:08,635 [ERROR] Middleware:2950 - Invalid RefComponent list
2026-07-31 10:10:08,635 [ERROR] Middleware:2950 - Invalid RefComponent list
2026-07-31 10:10:08,635 [ERROR] Middleware:2950 - Invalid RefComponent list
2026-07-31 10:10:08,635 [ERROR] Middleware:2950 - Invalid RefComponent list
2026-07-31 10:10:08,635 [ERROR] Middleware:2950 - Invalid RefComponent list
2026-07-31 10:10:08,635 [ERROR] Middleware:2950 - Invalid RefComponent list
2026-07-31 10:10:08,635 [ERROR] Middleware:2950 - Invalid RefComponent list
2026-07-31 10:10:08,635 [ERROR] Middleware:2950 - Invalid RefComponent list
2026-07-31 10:10:08,635 [ERROR] Middleware:2950 - Invalid RefComponent list
2026-07-31 10:10:08,635 [ERROR] Middleware:2950 - Invalid RefComponent list
2026-07-31 10:10:08,635 [ERROR] Middleware:2950 - Invalid RefComponent list
2026-07-31 10:10:08,635 [ERROR] Middleware:2950 - Invalid RefComponent list
2026-07-31 10:10:08,635 [ERROR] Middleware:2950 - Invalid RefComponent list
2026-07-31 10:10:08,635 [ERROR] Middleware:2950 - Invalid RefComponent list
2026-07-31 10:10:08,635 [ERROR] Middleware:2950 - Invalid RefComponent list
2026-07-31 10:10:08,635 [ERROR] Middleware:2950 - Invalid RefComponent list
2026-07-31 10:10:08,635 [ERROR] Middleware:2950 - Invalid RefComponent list
2026-07-31 10:10:08,635 [ERROR] Middleware:2950 - Invalid RefComponent list
2026-07-31 10:10:08,635 [ERROR] Middleware:2950 - Invalid RefComponent list
2026-07-31 10:10:08,635 [ERROR] Middleware:2950 - Invalid RefComponent list
2026-07-31 10:10:08,638 [INFO] ProjectBuilder:5216 - Project Generator version: 4.7.0-B52
2026-07-31 10:10:08,703 [INFO] ConfigFileManager:1595 - The Die is : DIE470
2026-07-31 10:10:09,662 [INFO] ProjectBuilder:5496 - Time for Generating toolchain IDE Files: 1025mS.
2026-07-31 10:10:09,670 [INFO] ProjectBuilder:3463 - Time for Copy CMSIS : 6mS.
2026-07-31 10:10:09,673 [INFO] ProjectBuilder:3463 - Time for Copy CMSIS : 1mS.
2026-07-31 10:16:23,771 [INFO] UtilMem:75 - End SaveConfig() Used Memory: 861423728 Bytes (1073741824)
2026-07-31 10:16:25,006 [INFO] UtilMem:75 - End SaveConfig() Used Memory: 903366768 Bytes (1073741824)
2026-07-31 10:16:25,117 [INFO] UtilMem:75 - End SaveConfig() Used Memory: 991969496 Bytes (1073741824)
2026-07-31 10:16:25,240 [INFO] BlockDiagram:2775 - set Specific Code input for plugin: SYS
2026-07-31 10:16:25,240 [INFO] BlockDiagram:2775 - set Specific Code input for plugin: RCC
2026-07-31 10:16:25,240 [INFO] BlockDiagram:2775 - set Specific Code input for plugin: I2C
2026-07-31 10:16:25,240 [INFO] BlockDiagram:2775 - set Specific Code input for plugin: NVIC
2026-07-31 10:16:25,240 [INFO] BlockDiagram:2775 - set Specific Code input for plugin: USART
2026-07-31 10:16:25,240 [INFO] BlockDiagram:2775 - set Specific Code input for plugin: STMicroelectronics.X-CUBE-AI.10.2.1
2026-07-31 10:16:25,241 [INFO] BlockDiagram:2775 - set Specific Code input for plugin: GPIO
2026-07-31 10:16:25,242 [INFO] CodeGenerator:892 - code generatio: config db path: C:\ST\STM32CubeIDE_1.19.0\STM32CubeIDE\plugins\com.st.stm32cube.common.mx_6.15.0.202507011659\\db\
2026-07-31 10:16:25,290 [INFO] IP:3329 - RTE Config file name : RTE_Component
2026-07-31 10:16:25,290 [INFO] IP:3347 - RTE template : RTE_Components.ftl
2026-07-31 10:16:25,294 [INFO] CodeEngine:265 - oldGeneratedFile, D:\RKS_TinyML_Workspace\TinyML_Workshop_Nitte\STM32\DL_Inference\MXTmpFiles\license.tmp_save
2026-07-31 10:16:25,364 [INFO] CodeEngine:289 - Generated code: D:\RKS_TinyML_Workspace\TinyML_Workshop_Nitte\STM32\DL_Inference\MXTmpFiles\license.tmp
2026-07-31 10:16:25,380 [INFO] CodeEngine:265 - oldGeneratedFile, D:\RKS_TinyML_Workspace\TinyML_Workshop_Nitte\STM32\DL_Inference\MXTmpFiles\gpio.tmp_save
2026-07-31 10:16:25,425 [INFO] CodeEngine:289 - Generated code: D:\RKS_TinyML_Workspace\TinyML_Workshop_Nitte\STM32\DL_Inference\MXTmpFiles\gpio.tmp
2026-07-31 10:16:25,462 [INFO] Middleware:1452 - No code input for Bsp Dependency
2026-07-31 10:16:25,463 [INFO] Middleware:1452 - No code input for Bsp Dependency
2026-07-31 10:16:25,469 [INFO] CodeEngine:265 - oldGeneratedFile, D:\RKS_TinyML_Workspace\TinyML_Workshop_Nitte\STM32\DL_Inference\Core\Src\stm32l4xx_it.c_save
2026-07-31 10:16:25,586 [INFO] CodeEngine:289 - Generated code: D:\RKS_TinyML_Workspace\TinyML_Workshop_Nitte\STM32\DL_Inference\Core\Src\stm32l4xx_it.c
2026-07-31 10:16:25,590 [INFO] CodeEngine:265 - oldGeneratedFile, D:\RKS_TinyML_Workspace\TinyML_Workshop_Nitte\STM32\DL_Inference\Core\Inc\stm32l4xx_it.h_save
2026-07-31 10:16:25,651 [INFO] CodeEngine:289 - Generated code: D:\RKS_TinyML_Workspace\TinyML_Workshop_Nitte\STM32\DL_Inference\Core\Inc\stm32l4xx_it.h
2026-07-31 10:16:25,668 [INFO] CodeEngine:265 - oldGeneratedFile, D:\RKS_TinyML_Workspace\TinyML_Workshop_Nitte\STM32\DL_Inference\Core\Src\stm32l4xx_hal_msp.c_save
2026-07-31 10:16:25,772 [INFO] CodeEngine:289 - Generated code: D:\RKS_TinyML_Workspace\TinyML_Workshop_Nitte\STM32\DL_Inference\Core\Src\stm32l4xx_hal_msp.c
2026-07-31 10:16:25,774 [INFO] CodeEngine:265 - oldGeneratedFile, D:\RKS_TinyML_Workspace\TinyML_Workshop_Nitte\STM32\DL_Inference\MXTmpFiles\system.tmp_save
2026-07-31 10:16:25,812 [INFO] CodeEngine:289 - Generated code: D:\RKS_TinyML_Workspace\TinyML_Workshop_Nitte\STM32\DL_Inference\MXTmpFiles\system.tmp
2026-07-31 10:16:25,820 [INFO] CodeEngine:321 - oldGeneratedFile, D:\RKS_TinyML_Workspace\TinyML_Workshop_Nitte\STM32\DL_Inference\Core\Inc\stm32l4xx_hal_conf.h_save
2026-07-31 10:16:25,865 [INFO] CodeEngine:345 - Generated code: D:\RKS_TinyML_Workspace\TinyML_Workshop_Nitte\STM32\DL_Inference\Core\Inc\stm32l4xx_hal_conf.h
2026-07-31 10:16:25,915 [INFO] CodeEngine:265 - oldGeneratedFile, D:\RKS_TinyML_Workspace\TinyML_Workshop_Nitte\STM32\DL_Inference\Core\Inc\main.h_save
2026-07-31 10:16:25,976 [INFO] CodeEngine:289 - Generated code: D:\RKS_TinyML_Workspace\TinyML_Workshop_Nitte\STM32\DL_Inference\Core\Inc\main.h
2026-07-31 10:16:25,980 [INFO] CodeEngine:265 - oldGeneratedFile, D:\RKS_TinyML_Workspace\TinyML_Workshop_Nitte\STM32\DL_Inference\Core\Src\main.c_save
2026-07-31 10:16:26,046 [INFO] CodeEngine:289 - Generated code: D:\RKS_TinyML_Workspace\TinyML_Workshop_Nitte\STM32\DL_Inference\Core\Src\main.c
2026-07-31 10:16:26,156 [INFO] AInterface:322 - ModelName:network; files:[D:\RKS_TinyML_Workspace\TinyML_Workshop_Nitte\ONNX\mlp_model.onnx]; type:ONNX; compression:None
2026-07-31 10:16:26,157 [INFO] AInterface:526 - workspaceTempDir: C:/Users/ADMIN/AppData/Local/Temp/mxAI_workspace10458695670207200638418726766670136
2026-07-31 10:16:26,157 [INFO] AInterface:1179 - Setting Env: C:/Users/ADMIN/STM32Cube/Repository//Packs/STMicroelectronics/X-CUBE-AI/10.2.1/Utilities/windows
2026-07-31 10:16:26,163 [INFO] STM32CubeIDEBuilder:265 - Looking for gnu-tools-for-stm32 tools/bin/arm-none-eabi-gcc.exe in C:\ST\STM32CubeIDE_1.19.0\STM32CubeIDE
2026-07-31 10:16:26,164 [INFO] STM32CubeIDEBuilder:294 - checking C:\ST\STM32CubeIDE_1.19.0\STM32CubeIDE\plugins\com.st.stm32cube.ide.mcu.externaltools.gnu-tools-for-stm32.13.3.rel1.win32_1.0.0.202411081344\tools\bin\arm-none-eabi-gcc.exe
2026-07-31 10:16:26,164 [INFO] STM32CubeIDEBuilder:297 - ret=C:\ST\STM32CubeIDE_1.19.0\STM32CubeIDE\plugins\com.st.stm32cube.ide.mcu.externaltools.gnu-tools-for-stm32.13.3.rel1.win32_1.0.0.202411081344\tools\bin\arm-none-eabi-gcc.exe
2026-07-31 10:16:26,165 [INFO] STM32CubeIDEBuilder:311 - returning C:\ST\STM32CubeIDE_1.19.0\STM32CubeIDE\plugins\com.st.stm32cube.ide.mcu.externaltools.gnu-tools-for-stm32.13.3.rel1.win32_1.0.0.202411081344\tools\bin\arm-none-eabi-gcc.exe
2026-07-31 10:16:26,165 [INFO] AInterface:1236 - Custom PATH variable: C:/Users/ADMIN/STM32Cube/Repository//Packs/STMicroelectronics/X-CUBE-AI/10.2.1/Utilities/windows;C:/Users/ADMIN/STM32Cube/Repository//Packs/STMicroelectronics/X-CUBE-AI/10.2.1/Utilities/windows/mingw64/bin;C:/Users/ADMIN/STM32Cube/Repository//Packs/STMicroelectronics/X-CUBE-AI/10.2.1/Utilities/windows/mingw64/libexec/gcc/x86_64-w64-mingw32/7.3.0;;C:\ST\STM32CubeIDE_1.19.0\STM32CubeIDE\plugins\com.st.stm32cube.ide.mcu.externaltools.gnu-tools-for-stm32.13.3.rel1.win32_1.0.0.202411081344\tools\bin
2026-07-31 10:16:26,166 [INFO] CmdLine:115 - Command: C:/Users/ADMIN/STM32Cube/Repository//Packs/STMicroelectronics/X-CUBE-AI/10.2.1/Utilities/windows/stedgeai.exe generate --target stm32l4 --name network -m D:/RKS_TinyML_Workspace/TinyML_Workshop_Nitte/ONNX/mlp_model.onnx --compression none --verbosity 1 --workspace C:/Users/ADMIN/AppData/Local/Temp/mxAI_workspace10458695670207200638418726766670136 --output C:/Users/ADMIN/.stm32cubemx/network_output
2026-07-31 10:16:26,167 [INFO] AIModelDetailledView:2264 - Analysis status: pending
2026-07-31 10:16:26,519 [INFO] CmdLine:76 - ST Edge AI Core v2.2.0-20266 2adc00962
2026-07-31 10:16:30,385 [INFO] CmdLine:76 - Creating c (debug) info json file C:\Users\ADMIN\.stm32cubemx\network_output\network_c_info.json
2026-07-31 10:16:30,398 [INFO] CmdLine:76 -  
2026-07-31 10:16:30,398 [INFO] CmdLine:76 -  Exec/report summary (generate)
2026-07-31 10:16:30,398 [INFO] CmdLine:76 -  -------------------------------------------------------------------------------------------------------------
2026-07-31 10:16:30,398 [INFO] CmdLine:76 -  model file         :   D:\RKS_TinyML_Workspace\TinyML_Workshop_Nitte\ONNX\mlp_model.onnx                     
2026-07-31 10:16:30,398 [INFO] CmdLine:76 -  type               :   onnx                                                                                  
2026-07-31 10:16:30,398 [INFO] CmdLine:76 -  c_name             :   network                                                                               
2026-07-31 10:16:30,398 [INFO] CmdLine:76 -  compression        :   none                                                                                  
2026-07-31 10:16:30,398 [INFO] CmdLine:76 -  options            :   allocate-inputs, allocate-outputs                                                     
2026-07-31 10:16:30,399 [INFO] CmdLine:76 -  optimization       :   balanced                                                                              
2026-07-31 10:16:30,399 [INFO] CmdLine:76 -  target/series      :   stm32l4                                                                               
2026-07-31 10:16:30,399 [INFO] CmdLine:76 -  workspace dir      :   C:\Users\ADMIN\AppData\Local\Temp\mxAI_workspace10458695670207200638418726766670136   
2026-07-31 10:16:30,400 [INFO] CmdLine:76 -  output dir         :   C:\Users\ADMIN\.stm32cubemx\network_output                                            
2026-07-31 10:16:30,400 [INFO] CmdLine:76 -  model_fmt          :   float                                                                                 
2026-07-31 10:16:30,400 [INFO] CmdLine:76 -  model_name         :   mlp_model                                                                             
2026-07-31 10:16:30,400 [INFO] CmdLine:76 -  model_hash         :   0x9730d768958be9e4562e5107bd0a979c                                                    
2026-07-31 10:16:30,400 [INFO] CmdLine:76 -  params #           :   2,693 items (10.52 KiB)                                                               
2026-07-31 10:16:30,400 [INFO] CmdLine:76 -  -------------------------------------------------------------------------------------------------------------
2026-07-31 10:16:30,400 [INFO] CmdLine:76 -  input 1/1          :   'input', f32(1x6), 24 Bytes, activations                                              
2026-07-31 10:16:30,400 [INFO] CmdLine:76 -  output 1/1         :   'output', f32(1x5), 20 Bytes, activations                                             
2026-07-31 10:16:30,401 [INFO] CmdLine:76 -  macc               :   2,789                                                                                 
2026-07-31 10:16:30,401 [INFO] CmdLine:76 -  weights (ro)       :   10,772 B (10.52 KiB) (1 segment)                                                      
2026-07-31 10:16:30,401 [INFO] CmdLine:76 -  activations (rw)   :   384 B (384 B) (1 segment) *                                                           
2026-07-31 10:16:30,401 [INFO] CmdLine:76 -  ram (total)        :   384 B (384 B) = 384 + 0 + 0                                                           
2026-07-31 10:16:30,401 [INFO] CmdLine:76 -  -------------------------------------------------------------------------------------------------------------
2026-07-31 10:16:30,401 [INFO] CmdLine:76 -  (*) 'input'/'output' buffers are allocated in the activations buffer
2026-07-31 10:16:30,403 [INFO] CmdLine:76 - Computing AI RT data/code size (target=stm32l4)..
2026-07-31 10:16:31,083 [INFO] CmdLine:76 -  Requested memory size by section - "stm32l4" target
2026-07-31 10:16:31,084 [INFO] CmdLine:76 -  ------------------------------ ------- -------- ------- -----
2026-07-31 10:16:31,084 [INFO] CmdLine:76 -  module                            text   rodata    data   bss
2026-07-31 10:16:31,084 [INFO] CmdLine:76 -  ------------------------------ ------- -------- ------- -----
2026-07-31 10:16:31,085 [INFO] CmdLine:76 -  NetworkRuntime1020_CM4_GCC.a     6,452        0       0     0
2026-07-31 10:16:31,085 [INFO] CmdLine:76 -  network.o                          528       40   1,584   140
2026-07-31 10:16:31,085 [INFO] CmdLine:76 -  network_data.o                      48       16      88     0
2026-07-31 10:16:31,085 [INFO] CmdLine:76 -  lib (toolchain)*                     0        0       0     0
2026-07-31 10:16:31,085 [INFO] CmdLine:76 -  ------------------------------ ------- -------- ------- -----
2026-07-31 10:16:31,085 [INFO] CmdLine:76 -  RT total**                       7,028       56   1,672   140
2026-07-31 10:16:31,085 [INFO] CmdLine:76 -  ------------------------------ ------- -------- ------- -----
2026-07-31 10:16:31,085 [INFO] CmdLine:76 -  weights                              0   10,776       0     0
2026-07-31 10:16:31,086 [INFO] CmdLine:76 -  activations                          0        0       0   384
2026-07-31 10:16:31,086 [INFO] CmdLine:76 -  io                                   0        0       0     0
2026-07-31 10:16:31,086 [INFO] CmdLine:76 -  ------------------------------ ------- -------- ------- -----
2026-07-31 10:16:31,086 [INFO] CmdLine:76 -  TOTAL                            7,028   10,832   1,672   524
2026-07-31 10:16:31,086 [INFO] CmdLine:76 -  ------------------------------ ------- -------- ------- -----
2026-07-31 10:16:31,086 [INFO] CmdLine:76 -  *  toolchain objects (libm/libgcc*)
2026-07-31 10:16:31,087 [INFO] CmdLine:76 -  ** RT AI runtime objects (kernels+infrastructure)
2026-07-31 10:16:31,087 [INFO] CmdLine:76 -   Summary - "stm32l4" target
2026-07-31 10:16:31,087 [INFO] CmdLine:76 -   ---------------------------------------------------
2026-07-31 10:16:31,087 [INFO] CmdLine:76 -                FLASH (ro)      %*   RAM (rw)       %
2026-07-31 10:16:31,088 [INFO] CmdLine:76 -   ---------------------------------------------------
2026-07-31 10:16:31,088 [INFO] CmdLine:76 -   RT total          8,756   44.8%      1,812   82.5%
2026-07-31 10:16:31,088 [INFO] CmdLine:76 -   ---------------------------------------------------
2026-07-31 10:16:31,088 [INFO] CmdLine:76 -   TOTAL            19,532              2,196
2026-07-31 10:16:31,088 [INFO] CmdLine:76 -   ---------------------------------------------------
2026-07-31 10:16:31,088 [INFO] CmdLine:76 -   *  rt/total
2026-07-31 10:16:31,088 [INFO] CmdLine:76 -  Generated files (7)
2026-07-31 10:16:31,088 [INFO] CmdLine:76 -  ------------------------------------------------------------------
2026-07-31 10:16:31,088 [INFO] CmdLine:76 -  C:\Users\ADMIN\.stm32cubemx\network_output\network_data_params.h
2026-07-31 10:16:31,089 [INFO] CmdLine:76 -  C:\Users\ADMIN\.stm32cubemx\network_output\network_data_params.c
2026-07-31 10:16:31,089 [INFO] CmdLine:76 -  C:\Users\ADMIN\.stm32cubemx\network_output\network_data.h
2026-07-31 10:16:31,089 [INFO] CmdLine:76 -  C:\Users\ADMIN\.stm32cubemx\network_output\network_data.c
2026-07-31 10:16:31,089 [INFO] CmdLine:76 -  C:\Users\ADMIN\.stm32cubemx\network_output\network_config.h
2026-07-31 10:16:31,089 [INFO] CmdLine:76 -  C:\Users\ADMIN\.stm32cubemx\network_output\network.h
2026-07-31 10:16:31,089 [INFO] CmdLine:76 -  C:\Users\ADMIN\.stm32cubemx\network_output\network.c
2026-07-31 10:16:31,089 [INFO] CmdLine:76 - Creating txt report file C:\Users\ADMIN\.stm32cubemx\network_output\network_generate_report.txt
2026-07-31 10:16:37,274 [INFO] CmdLine:76 - elapsed time (generate): 10.755s
2026-07-31 10:16:37,644 [INFO] CmdLine:148 - stedgeai exit with status: 0
2026-07-31 10:16:37,651 [INFO] AIModelDetailledView:2264 - Analysis status: done
2026-07-31 10:16:37,841 [INFO] ProjectBuilder:3606 - Time for Copy HAL[1] : 64mS.
2026-07-31 10:16:37,841 [ERROR] Middleware:2950 - Invalid RefComponent list
2026-07-31 10:16:37,841 [ERROR] Middleware:2950 - Invalid RefComponent list
2026-07-31 10:16:37,841 [ERROR] Middleware:2950 - Invalid RefComponent list
2026-07-31 10:16:37,841 [ERROR] Middleware:2950 - Invalid RefComponent list
2026-07-31 10:16:37,841 [ERROR] Middleware:2950 - Invalid RefComponent list
2026-07-31 10:16:37,841 [ERROR] Middleware:2950 - Invalid RefComponent list
2026-07-31 10:16:37,841 [ERROR] Middleware:2950 - Invalid RefComponent list
2026-07-31 10:16:37,841 [ERROR] Middleware:2950 - Invalid RefComponent list
2026-07-31 10:16:37,841 [ERROR] Middleware:2950 - Invalid RefComponent list
2026-07-31 10:16:37,841 [ERROR] Middleware:2950 - Invalid RefComponent list
2026-07-31 10:16:37,841 [ERROR] Middleware:2950 - Invalid RefComponent list
2026-07-31 10:16:37,841 [ERROR] Middleware:2950 - Invalid RefComponent list
2026-07-31 10:16:37,841 [ERROR] Middleware:2950 - Invalid RefComponent list
2026-07-31 10:16:37,841 [ERROR] Middleware:2950 - Invalid RefComponent list
2026-07-31 10:16:37,841 [ERROR] Middleware:2950 - Invalid RefComponent list
2026-07-31 10:16:37,841 [ERROR] Middleware:2950 - Invalid RefComponent list
2026-07-31 10:16:37,841 [ERROR] Middleware:2950 - Invalid RefComponent list
2026-07-31 10:16:37,841 [ERROR] Middleware:2950 - Invalid RefComponent list
2026-07-31 10:16:37,841 [ERROR] Middleware:2950 - Invalid RefComponent list
2026-07-31 10:16:37,841 [ERROR] Middleware:2950 - Invalid RefComponent list
2026-07-31 10:16:37,841 [ERROR] Middleware:2950 - Invalid RefComponent list
2026-07-31 10:16:37,841 [ERROR] Middleware:2950 - Invalid RefComponent list
2026-07-31 10:16:37,841 [ERROR] Middleware:2950 - Invalid RefComponent list
2026-07-31 10:16:37,841 [ERROR] Middleware:2950 - Invalid RefComponent list
2026-07-31 10:16:37,841 [ERROR] Middleware:2950 - Invalid RefComponent list
2026-07-31 10:16:37,841 [ERROR] Middleware:2950 - Invalid RefComponent list
2026-07-31 10:16:37,841 [ERROR] Middleware:2950 - Invalid RefComponent list
2026-07-31 10:16:37,841 [ERROR] Middleware:2950 - Invalid RefComponent list
2026-07-31 10:16:37,841 [ERROR] Middleware:2950 - Invalid RefComponent list
2026-07-31 10:16:37,841 [ERROR] Middleware:2950 - Invalid RefComponent list
2026-07-31 10:16:37,841 [ERROR] Middleware:2950 - Invalid RefComponent list
2026-07-31 10:16:37,841 [ERROR] Middleware:2950 - Invalid RefComponent list
2026-07-31 10:16:37,841 [ERROR] Middleware:2950 - Invalid RefComponent list
2026-07-31 10:16:37,841 [ERROR] Middleware:2950 - Invalid RefComponent list
2026-07-31 10:16:37,841 [ERROR] Middleware:2950 - Invalid RefComponent list
2026-07-31 10:16:37,842 [ERROR] Middleware:2950 - Invalid RefComponent list
2026-07-31 10:16:37,842 [ERROR] Middleware:2950 - Invalid RefComponent list
2026-07-31 10:16:37,842 [ERROR] Middleware:2950 - Invalid RefComponent list
2026-07-31 10:16:37,842 [ERROR] Middleware:2950 - Invalid RefComponent list
2026-07-31 10:16:37,842 [ERROR] Middleware:2950 - Invalid RefComponent list
2026-07-31 10:16:37,842 [ERROR] Middleware:2950 - Invalid RefComponent list
2026-07-31 10:16:37,842 [ERROR] Middleware:2950 - Invalid RefComponent list
2026-07-31 10:16:37,842 [ERROR] Middleware:2950 - Invalid RefComponent list
2026-07-31 10:16:37,842 [ERROR] Middleware:2950 - Invalid RefComponent list
2026-07-31 10:16:37,842 [ERROR] Middleware:2950 - Invalid RefComponent list
2026-07-31 10:16:37,842 [ERROR] Middleware:2950 - Invalid RefComponent list
2026-07-31 10:16:37,842 [ERROR] Middleware:2950 - Invalid RefComponent list
2026-07-31 10:16:37,842 [ERROR] Middleware:2950 - Invalid RefComponent list
2026-07-31 10:16:37,842 [ERROR] Middleware:2950 - Invalid RefComponent list
2026-07-31 10:16:37,842 [ERROR] Middleware:2950 - Invalid RefComponent list
2026-07-31 10:16:37,843 [INFO] ProjectBuilder:5216 - Project Generator version: 4.7.0-B52
2026-07-31 10:16:37,881 [INFO] ConfigFileManager:1595 - The Die is : DIE470
2026-07-31 10:16:38,510 [INFO] ProjectBuilder:5496 - Time for Generating toolchain IDE Files: 667mS.
2026-07-31 10:16:38,511 [INFO] ProjectBuilder:3463 - Time for Copy CMSIS : 1mS.
2026-07-31 10:16:38,512 [INFO] ProjectBuilder:3463 - Time for Copy CMSIS : 0mS.
2026-07-31 10:16:38,685 [INFO] UtilMem:75 - End SaveConfig() Used Memory: 957647392 Bytes (1073741824)
2026-07-31 10:16:40,979 [INFO] UtilMem:75 - End SaveConfig() Used Memory: 981433480 Bytes (1073741824)
2026-07-31 10:16:41,097 [INFO] UtilMem:75 - End SaveConfig() Used Memory: 834756128 Bytes (1073741824)
2026-07-31 10:16:41,234 [INFO] BlockDiagram:2775 - set Specific Code input for plugin: SYS
2026-07-31 10:16:41,235 [INFO] BlockDiagram:2775 - set Specific Code input for plugin: RCC
2026-07-31 10:16:41,235 [INFO] BlockDiagram:2775 - set Specific Code input for plugin: I2C
2026-07-31 10:16:41,235 [INFO] BlockDiagram:2775 - set Specific Code input for plugin: NVIC
2026-07-31 10:16:41,235 [INFO] BlockDiagram:2775 - set Specific Code input for plugin: USART
2026-07-31 10:16:41,235 [INFO] BlockDiagram:2775 - set Specific Code input for plugin: STMicroelectronics.X-CUBE-AI.10.2.1
2026-07-31 10:16:41,235 [INFO] BlockDiagram:2775 - set Specific Code input for plugin: GPIO
2026-07-31 10:16:41,237 [INFO] CodeGenerator:892 - code generatio: config db path: C:\ST\STM32CubeIDE_1.19.0\STM32CubeIDE\plugins\com.st.stm32cube.common.mx_6.15.0.202507011659\\db\
2026-07-31 10:16:41,281 [INFO] IP:3329 - RTE Config file name : RTE_Component
2026-07-31 10:16:41,281 [INFO] IP:3347 - RTE template : RTE_Components.ftl
2026-07-31 10:16:41,288 [INFO] CodeEngine:265 - oldGeneratedFile, D:\RKS_TinyML_Workspace\TinyML_Workshop_Nitte\STM32\DL_Inference\MXTmpFiles\license.tmp_save
2026-07-31 10:16:41,326 [INFO] CodeEngine:289 - Generated code: D:\RKS_TinyML_Workspace\TinyML_Workshop_Nitte\STM32\DL_Inference\MXTmpFiles\license.tmp
2026-07-31 10:16:41,341 [INFO] CodeEngine:265 - oldGeneratedFile, D:\RKS_TinyML_Workspace\TinyML_Workshop_Nitte\STM32\DL_Inference\MXTmpFiles\gpio.tmp_save
2026-07-31 10:16:41,381 [INFO] CodeEngine:289 - Generated code: D:\RKS_TinyML_Workspace\TinyML_Workshop_Nitte\STM32\DL_Inference\MXTmpFiles\gpio.tmp
2026-07-31 10:16:41,447 [INFO] Middleware:1452 - No code input for Bsp Dependency
2026-07-31 10:16:41,448 [INFO] Middleware:1452 - No code input for Bsp Dependency
2026-07-31 10:16:41,455 [INFO] CodeEngine:265 - oldGeneratedFile, D:\RKS_TinyML_Workspace\TinyML_Workshop_Nitte\STM32\DL_Inference\Core\Src\stm32l4xx_it.c_save
2026-07-31 10:16:41,494 [INFO] CodeEngine:289 - Generated code: D:\RKS_TinyML_Workspace\TinyML_Workshop_Nitte\STM32\DL_Inference\Core\Src\stm32l4xx_it.c
2026-07-31 10:16:41,497 [INFO] CodeEngine:265 - oldGeneratedFile, D:\RKS_TinyML_Workspace\TinyML_Workshop_Nitte\STM32\DL_Inference\Core\Inc\stm32l4xx_it.h_save
2026-07-31 10:16:41,528 [INFO] CodeEngine:289 - Generated code: D:\RKS_TinyML_Workspace\TinyML_Workshop_Nitte\STM32\DL_Inference\Core\Inc\stm32l4xx_it.h
2026-07-31 10:16:41,535 [INFO] CodeEngine:265 - oldGeneratedFile, D:\RKS_TinyML_Workspace\TinyML_Workshop_Nitte\STM32\DL_Inference\Core\Src\stm32l4xx_hal_msp.c_save
2026-07-31 10:16:41,587 [INFO] CodeEngine:289 - Generated code: D:\RKS_TinyML_Workspace\TinyML_Workshop_Nitte\STM32\DL_Inference\Core\Src\stm32l4xx_hal_msp.c
2026-07-31 10:16:41,589 [INFO] CodeEngine:265 - oldGeneratedFile, D:\RKS_TinyML_Workspace\TinyML_Workshop_Nitte\STM32\DL_Inference\MXTmpFiles\system.tmp_save
2026-07-31 10:16:41,621 [INFO] CodeEngine:289 - Generated code: D:\RKS_TinyML_Workspace\TinyML_Workshop_Nitte\STM32\DL_Inference\MXTmpFiles\system.tmp
2026-07-31 10:16:41,626 [INFO] CodeEngine:321 - oldGeneratedFile, D:\RKS_TinyML_Workspace\TinyML_Workshop_Nitte\STM32\DL_Inference\Core\Inc\stm32l4xx_hal_conf.h_save
2026-07-31 10:16:41,659 [INFO] CodeEngine:345 - Generated code: D:\RKS_TinyML_Workspace\TinyML_Workshop_Nitte\STM32\DL_Inference\Core\Inc\stm32l4xx_hal_conf.h
2026-07-31 10:16:41,668 [INFO] CodeEngine:265 - oldGeneratedFile, D:\RKS_TinyML_Workspace\TinyML_Workshop_Nitte\STM32\DL_Inference\Core\Inc\main.h_save
2026-07-31 10:16:41,700 [INFO] CodeEngine:289 - Generated code: D:\RKS_TinyML_Workspace\TinyML_Workshop_Nitte\STM32\DL_Inference\Core\Inc\main.h
2026-07-31 10:16:41,702 [INFO] CodeEngine:265 - oldGeneratedFile, D:\RKS_TinyML_Workspace\TinyML_Workshop_Nitte\STM32\DL_Inference\Core\Src\main.c_save
2026-07-31 10:16:41,754 [INFO] CodeEngine:289 - Generated code: D:\RKS_TinyML_Workspace\TinyML_Workshop_Nitte\STM32\DL_Inference\Core\Src\main.c
2026-07-31 10:16:41,857 [INFO] AInterface:322 - ModelName:network; files:[D:\RKS_TinyML_Workspace\TinyML_Workshop_Nitte\ONNX\mlp_model.onnx]; type:ONNX; compression:None
2026-07-31 10:16:41,857 [INFO] AInterface:526 - workspaceTempDir: C:/Users/ADMIN/AppData/Local/Temp/mxAI_workspace104587113705496002547989746730918845
2026-07-31 10:16:41,857 [INFO] AInterface:1179 - Setting Env: C:/Users/ADMIN/STM32Cube/Repository//Packs/STMicroelectronics/X-CUBE-AI/10.2.1/Utilities/windows
2026-07-31 10:16:41,860 [INFO] STM32CubeIDEBuilder:265 - Looking for gnu-tools-for-stm32 tools/bin/arm-none-eabi-gcc.exe in C:\ST\STM32CubeIDE_1.19.0\STM32CubeIDE
2026-07-31 10:16:41,861 [INFO] STM32CubeIDEBuilder:294 - checking C:\ST\STM32CubeIDE_1.19.0\STM32CubeIDE\plugins\com.st.stm32cube.ide.mcu.externaltools.gnu-tools-for-stm32.13.3.rel1.win32_1.0.0.202411081344\tools\bin\arm-none-eabi-gcc.exe
2026-07-31 10:16:41,861 [INFO] STM32CubeIDEBuilder:297 - ret=C:\ST\STM32CubeIDE_1.19.0\STM32CubeIDE\plugins\com.st.stm32cube.ide.mcu.externaltools.gnu-tools-for-stm32.13.3.rel1.win32_1.0.0.202411081344\tools\bin\arm-none-eabi-gcc.exe
2026-07-31 10:16:41,861 [INFO] STM32CubeIDEBuilder:311 - returning C:\ST\STM32CubeIDE_1.19.0\STM32CubeIDE\plugins\com.st.stm32cube.ide.mcu.externaltools.gnu-tools-for-stm32.13.3.rel1.win32_1.0.0.202411081344\tools\bin\arm-none-eabi-gcc.exe
2026-07-31 10:16:41,861 [INFO] AInterface:1236 - Custom PATH variable: C:/Users/ADMIN/STM32Cube/Repository//Packs/STMicroelectronics/X-CUBE-AI/10.2.1/Utilities/windows;C:/Users/ADMIN/STM32Cube/Repository//Packs/STMicroelectronics/X-CUBE-AI/10.2.1/Utilities/windows/mingw64/bin;C:/Users/ADMIN/STM32Cube/Repository//Packs/STMicroelectronics/X-CUBE-AI/10.2.1/Utilities/windows/mingw64/libexec/gcc/x86_64-w64-mingw32/7.3.0;;C:\ST\STM32CubeIDE_1.19.0\STM32CubeIDE\plugins\com.st.stm32cube.ide.mcu.externaltools.gnu-tools-for-stm32.13.3.rel1.win32_1.0.0.202411081344\tools\bin
2026-07-31 10:16:41,862 [INFO] CmdLine:115 - Command: C:/Users/ADMIN/STM32Cube/Repository//Packs/STMicroelectronics/X-CUBE-AI/10.2.1/Utilities/windows/stedgeai.exe generate --target stm32l4 --name network -m D:/RKS_TinyML_Workspace/TinyML_Workshop_Nitte/ONNX/mlp_model.onnx --compression none --verbosity 1 --workspace C:/Users/ADMIN/AppData/Local/Temp/mxAI_workspace104587113705496002547989746730918845 --output C:/Users/ADMIN/.stm32cubemx/network_output
2026-07-31 10:16:41,863 [INFO] AIModelDetailledView:2264 - Analysis status: pending
2026-07-31 10:16:42,187 [INFO] CmdLine:76 - ST Edge AI Core v2.2.0-20266 2adc00962
2026-07-31 10:16:45,925 [INFO] CmdLine:76 - Creating c (debug) info json file C:\Users\ADMIN\.stm32cubemx\network_output\network_c_info.json
2026-07-31 10:16:45,936 [INFO] CmdLine:76 -  
2026-07-31 10:16:45,936 [INFO] CmdLine:76 -  Exec/report summary (generate)
2026-07-31 10:16:45,936 [INFO] CmdLine:76 -  --------------------------------------------------------------------------------------------------------------
2026-07-31 10:16:45,936 [INFO] CmdLine:76 -  model file         :   D:\RKS_TinyML_Workspace\TinyML_Workshop_Nitte\ONNX\mlp_model.onnx                      
2026-07-31 10:16:45,936 [INFO] CmdLine:76 -  type               :   onnx                                                                                   
2026-07-31 10:16:45,936 [INFO] CmdLine:76 -  c_name             :   network                                                                                
2026-07-31 10:16:45,937 [INFO] CmdLine:76 -  compression        :   none                                                                                   
2026-07-31 10:16:45,937 [INFO] CmdLine:76 -  options            :   allocate-inputs, allocate-outputs                                                      
2026-07-31 10:16:45,937 [INFO] CmdLine:76 -  optimization       :   balanced                                                                               
2026-07-31 10:16:45,937 [INFO] CmdLine:76 -  target/series      :   stm32l4                                                                                
2026-07-31 10:16:45,937 [INFO] CmdLine:76 -  workspace dir      :   C:\Users\ADMIN\AppData\Local\Temp\mxAI_workspace104587113705496002547989746730918845   
2026-07-31 10:16:45,937 [INFO] CmdLine:76 -  output dir         :   C:\Users\ADMIN\.stm32cubemx\network_output                                             
2026-07-31 10:16:45,937 [INFO] CmdLine:76 -  model_fmt          :   float                                                                                  
2026-07-31 10:16:45,937 [INFO] CmdLine:76 -  model_name         :   mlp_model                                                                              
2026-07-31 10:16:45,937 [INFO] CmdLine:76 -  model_hash         :   0x9730d768958be9e4562e5107bd0a979c                                                     
2026-07-31 10:16:45,937 [INFO] CmdLine:76 -  params #           :   2,693 items (10.52 KiB)                                                                
2026-07-31 10:16:45,937 [INFO] CmdLine:76 -  --------------------------------------------------------------------------------------------------------------
2026-07-31 10:16:45,937 [INFO] CmdLine:76 -  input 1/1          :   'input', f32(1x6), 24 Bytes, activations                                               
2026-07-31 10:16:45,937 [INFO] CmdLine:76 -  output 1/1         :   'output', f32(1x5), 20 Bytes, activations                                              
2026-07-31 10:16:45,937 [INFO] CmdLine:76 -  macc               :   2,789                                                                                  
2026-07-31 10:16:45,937 [INFO] CmdLine:76 -  weights (ro)       :   10,772 B (10.52 KiB) (1 segment)                                                       
2026-07-31 10:16:45,937 [INFO] CmdLine:76 -  activations (rw)   :   384 B (384 B) (1 segment) *                                                            
2026-07-31 10:16:45,937 [INFO] CmdLine:76 -  ram (total)        :   384 B (384 B) = 384 + 0 + 0                                                            
2026-07-31 10:16:45,937 [INFO] CmdLine:76 -  --------------------------------------------------------------------------------------------------------------
2026-07-31 10:16:45,937 [INFO] CmdLine:76 -  (*) 'input'/'output' buffers are allocated in the activations buffer
2026-07-31 10:16:45,939 [INFO] CmdLine:76 - Computing AI RT data/code size (target=stm32l4)..
2026-07-31 10:16:46,587 [INFO] CmdLine:76 -  Requested memory size by section - "stm32l4" target
2026-07-31 10:16:46,588 [INFO] CmdLine:76 -  ------------------------------ ------- -------- ------- -----
2026-07-31 10:16:46,588 [INFO] CmdLine:76 -  module                            text   rodata    data   bss
2026-07-31 10:16:46,588 [INFO] CmdLine:76 -  ------------------------------ ------- -------- ------- -----
2026-07-31 10:16:46,588 [INFO] CmdLine:76 -  NetworkRuntime1020_CM4_GCC.a     6,452        0       0     0
2026-07-31 10:16:46,588 [INFO] CmdLine:76 -  network.o                          528       40   1,584   140
2026-07-31 10:16:46,588 [INFO] CmdLine:76 -  network_data.o                      48       16      88     0
2026-07-31 10:16:46,588 [INFO] CmdLine:76 -  lib (toolchain)*                     0        0       0     0
2026-07-31 10:16:46,588 [INFO] CmdLine:76 -  ------------------------------ ------- -------- ------- -----
2026-07-31 10:16:46,588 [INFO] CmdLine:76 -  RT total**                       7,028       56   1,672   140
2026-07-31 10:16:46,588 [INFO] CmdLine:76 -  ------------------------------ ------- -------- ------- -----
2026-07-31 10:16:46,588 [INFO] CmdLine:76 -  weights                              0   10,776       0     0
2026-07-31 10:16:46,588 [INFO] CmdLine:76 -  activations                          0        0       0   384
2026-07-31 10:16:46,588 [INFO] CmdLine:76 -  io                                   0        0       0     0
2026-07-31 10:16:46,588 [INFO] CmdLine:76 -  ------------------------------ ------- -------- ------- -----
2026-07-31 10:16:46,588 [INFO] CmdLine:76 -  TOTAL                            7,028   10,832   1,672   524
2026-07-31 10:16:46,588 [INFO] CmdLine:76 -  ------------------------------ ------- -------- ------- -----
2026-07-31 10:16:46,589 [INFO] CmdLine:76 -  *  toolchain objects (libm/libgcc*)
2026-07-31 10:16:46,589 [INFO] CmdLine:76 -  ** RT AI runtime objects (kernels+infrastructure)
2026-07-31 10:16:46,589 [INFO] CmdLine:76 -   Summary - "stm32l4" target
2026-07-31 10:16:46,589 [INFO] CmdLine:76 -   ---------------------------------------------------
2026-07-31 10:16:46,589 [INFO] CmdLine:76 -                FLASH (ro)      %*   RAM (rw)       %
2026-07-31 10:16:46,589 [INFO] CmdLine:76 -   ---------------------------------------------------
2026-07-31 10:16:46,589 [INFO] CmdLine:76 -   RT total          8,756   44.8%      1,812   82.5%
2026-07-31 10:16:46,589 [INFO] CmdLine:76 -   ---------------------------------------------------
2026-07-31 10:16:46,589 [INFO] CmdLine:76 -   TOTAL            19,532              2,196
2026-07-31 10:16:46,589 [INFO] CmdLine:76 -   ---------------------------------------------------
2026-07-31 10:16:46,589 [INFO] CmdLine:76 -   *  rt/total
2026-07-31 10:16:46,589 [INFO] CmdLine:76 -  Generated files (7)
2026-07-31 10:16:46,589 [INFO] CmdLine:76 -  ------------------------------------------------------------------
2026-07-31 10:16:46,589 [INFO] CmdLine:76 -  C:\Users\ADMIN\.stm32cubemx\network_output\network_data_params.h
2026-07-31 10:16:46,589 [INFO] CmdLine:76 -  C:\Users\ADMIN\.stm32cubemx\network_output\network_data_params.c
2026-07-31 10:16:46,589 [INFO] CmdLine:76 -  C:\Users\ADMIN\.stm32cubemx\network_output\network_data.h
2026-07-31 10:16:46,590 [INFO] CmdLine:76 -  C:\Users\ADMIN\.stm32cubemx\network_output\network_data.c
2026-07-31 10:16:46,590 [INFO] CmdLine:76 -  C:\Users\ADMIN\.stm32cubemx\network_output\network_config.h
2026-07-31 10:16:46,590 [INFO] CmdLine:76 -  C:\Users\ADMIN\.stm32cubemx\network_output\network.h
2026-07-31 10:16:46,590 [INFO] CmdLine:76 -  C:\Users\ADMIN\.stm32cubemx\network_output\network.c
2026-07-31 10:16:46,590 [INFO] CmdLine:76 - Creating txt report file C:\Users\ADMIN\.stm32cubemx\network_output\network_generate_report.txt
2026-07-31 10:16:52,876 [INFO] CmdLine:76 - elapsed time (generate): 10.689s
2026-07-31 10:16:53,244 [INFO] CmdLine:148 - stedgeai exit with status: 0
2026-07-31 10:16:53,248 [INFO] AIModelDetailledView:2264 - Analysis status: done
2026-07-31 10:16:53,433 [INFO] ProjectBuilder:3606 - Time for Copy HAL[1] : 64mS.
2026-07-31 10:16:53,433 [ERROR] Middleware:2950 - Invalid RefComponent list
2026-07-31 10:16:53,433 [ERROR] Middleware:2950 - Invalid RefComponent list
2026-07-31 10:16:53,433 [ERROR] Middleware:2950 - Invalid RefComponent list
2026-07-31 10:16:53,433 [ERROR] Middleware:2950 - Invalid RefComponent list
2026-07-31 10:16:53,433 [ERROR] Middleware:2950 - Invalid RefComponent list
2026-07-31 10:16:53,433 [ERROR] Middleware:2950 - Invalid RefComponent list
2026-07-31 10:16:53,433 [ERROR] Middleware:2950 - Invalid RefComponent list
2026-07-31 10:16:53,433 [ERROR] Middleware:2950 - Invalid RefComponent list
2026-07-31 10:16:53,433 [ERROR] Middleware:2950 - Invalid RefComponent list
2026-07-31 10:16:53,433 [ERROR] Middleware:2950 - Invalid RefComponent list
2026-07-31 10:16:53,433 [ERROR] Middleware:2950 - Invalid RefComponent list
2026-07-31 10:16:53,433 [ERROR] Middleware:2950 - Invalid RefComponent list
2026-07-31 10:16:53,433 [ERROR] Middleware:2950 - Invalid RefComponent list
2026-07-31 10:16:53,433 [ERROR] Middleware:2950 - Invalid RefComponent list
2026-07-31 10:16:53,433 [ERROR] Middleware:2950 - Invalid RefComponent list
2026-07-31 10:16:53,433 [ERROR] Middleware:2950 - Invalid RefComponent list
2026-07-31 10:16:53,433 [ERROR] Middleware:2950 - Invalid RefComponent list
2026-07-31 10:16:53,433 [ERROR] Middleware:2950 - Invalid RefComponent list
2026-07-31 10:16:53,433 [ERROR] Middleware:2950 - Invalid RefComponent list
2026-07-31 10:16:53,433 [ERROR] Middleware:2950 - Invalid RefComponent list
2026-07-31 10:16:53,433 [ERROR] Middleware:2950 - Invalid RefComponent list
2026-07-31 10:16:53,433 [ERROR] Middleware:2950 - Invalid RefComponent list
2026-07-31 10:16:53,433 [ERROR] Middleware:2950 - Invalid RefComponent list
2026-07-31 10:16:53,433 [ERROR] Middleware:2950 - Invalid RefComponent list
2026-07-31 10:16:53,433 [ERROR] Middleware:2950 - Invalid RefComponent list
2026-07-31 10:16:53,433 [ERROR] Middleware:2950 - Invalid RefComponent list
2026-07-31 10:16:53,433 [ERROR] Middleware:2950 - Invalid RefComponent list
2026-07-31 10:16:53,433 [ERROR] Middleware:2950 - Invalid RefComponent list
2026-07-31 10:16:53,433 [ERROR] Middleware:2950 - Invalid RefComponent list
2026-07-31 10:16:53,433 [ERROR] Middleware:2950 - Invalid RefComponent list
2026-07-31 10:16:53,433 [ERROR] Middleware:2950 - Invalid RefComponent list
2026-07-31 10:16:53,433 [ERROR] Middleware:2950 - Invalid RefComponent list
2026-07-31 10:16:53,433 [ERROR] Middleware:2950 - Invalid RefComponent list
2026-07-31 10:16:53,433 [ERROR] Middleware:2950 - Invalid RefComponent list
2026-07-31 10:16:53,433 [ERROR] Middleware:2950 - Invalid RefComponent list
2026-07-31 10:16:53,434 [ERROR] Middleware:2950 - Invalid RefComponent list
2026-07-31 10:16:53,434 [ERROR] Middleware:2950 - Invalid RefComponent list
2026-07-31 10:16:53,434 [ERROR] Middleware:2950 - Invalid RefComponent list
2026-07-31 10:16:53,434 [ERROR] Middleware:2950 - Invalid RefComponent list
2026-07-31 10:16:53,434 [ERROR] Middleware:2950 - Invalid RefComponent list
2026-07-31 10:16:53,434 [ERROR] Middleware:2950 - Invalid RefComponent list
2026-07-31 10:16:53,434 [ERROR] Middleware:2950 - Invalid RefComponent list
2026-07-31 10:16:53,434 [ERROR] Middleware:2950 - Invalid RefComponent list
2026-07-31 10:16:53,434 [ERROR] Middleware:2950 - Invalid RefComponent list
2026-07-31 10:16:53,434 [ERROR] Middleware:2950 - Invalid RefComponent list
2026-07-31 10:16:53,434 [ERROR] Middleware:2950 - Invalid RefComponent list
2026-07-31 10:16:53,434 [ERROR] Middleware:2950 - Invalid RefComponent list
2026-07-31 10:16:53,434 [ERROR] Middleware:2950 - Invalid RefComponent list
2026-07-31 10:16:53,434 [ERROR] Middleware:2950 - Invalid RefComponent list
2026-07-31 10:16:53,434 [ERROR] Middleware:2950 - Invalid RefComponent list
2026-07-31 10:16:53,435 [INFO] ProjectBuilder:5216 - Project Generator version: 4.7.0-B52
2026-07-31 10:16:53,472 [INFO] ConfigFileManager:1595 - The Die is : DIE470
2026-07-31 10:16:54,004 [INFO] ProjectBuilder:5496 - Time for Generating toolchain IDE Files: 569mS.
2026-07-31 10:16:54,005 [INFO] ProjectBuilder:3463 - Time for Copy CMSIS : 0mS.
2026-07-31 10:16:54,005 [INFO] ProjectBuilder:3463 - Time for Copy CMSIS : 0mS.
2026-07-31 10:17:16,846 [INFO] UtilMem:75 - End SaveConfig() Used Memory: 961942568 Bytes (1073741824)
2026-07-31 10:17:16,962 [INFO] UtilMem:75 - End SaveConfig() Used Memory: 1004446928 Bytes (1073741824)
2026-07-31 10:17:17,069 [INFO] BlockDiagram:2775 - set Specific Code input for plugin: SYS
2026-07-31 10:17:17,069 [INFO] BlockDiagram:2775 - set Specific Code input for plugin: RCC
2026-07-31 10:17:17,069 [INFO] BlockDiagram:2775 - set Specific Code input for plugin: I2C
2026-07-31 10:17:17,069 [INFO] BlockDiagram:2775 - set Specific Code input for plugin: NVIC
2026-07-31 10:17:17,069 [INFO] BlockDiagram:2775 - set Specific Code input for plugin: USART
2026-07-31 10:17:17,069 [INFO] BlockDiagram:2775 - set Specific Code input for plugin: STMicroelectronics.X-CUBE-AI.10.2.1
2026-07-31 10:17:17,069 [INFO] BlockDiagram:2775 - set Specific Code input for plugin: GPIO
2026-07-31 10:17:17,070 [INFO] CodeGenerator:892 - code generatio: config db path: C:\ST\STM32CubeIDE_1.19.0\STM32CubeIDE\plugins\com.st.stm32cube.common.mx_6.15.0.202507011659\\db\
2026-07-31 10:17:17,108 [INFO] IP:3329 - RTE Config file name : RTE_Component
2026-07-31 10:17:17,108 [INFO] IP:3347 - RTE template : RTE_Components.ftl
2026-07-31 10:17:17,112 [INFO] CodeEngine:265 - oldGeneratedFile, D:\RKS_TinyML_Workspace\TinyML_Workshop_Nitte\STM32\DL_Inference\MXTmpFiles\license.tmp_save
2026-07-31 10:17:17,149 [INFO] CodeEngine:289 - Generated code: D:\RKS_TinyML_Workspace\TinyML_Workshop_Nitte\STM32\DL_Inference\MXTmpFiles\license.tmp
2026-07-31 10:17:17,160 [INFO] CodeEngine:265 - oldGeneratedFile, D:\RKS_TinyML_Workspace\TinyML_Workshop_Nitte\STM32\DL_Inference\MXTmpFiles\gpio.tmp_save
2026-07-31 10:17:17,195 [INFO] CodeEngine:289 - Generated code: D:\RKS_TinyML_Workspace\TinyML_Workshop_Nitte\STM32\DL_Inference\MXTmpFiles\gpio.tmp
2026-07-31 10:17:17,230 [INFO] Middleware:1452 - No code input for Bsp Dependency
2026-07-31 10:17:17,230 [INFO] Middleware:1452 - No code input for Bsp Dependency
2026-07-31 10:17:17,236 [INFO] CodeEngine:265 - oldGeneratedFile, D:\RKS_TinyML_Workspace\TinyML_Workshop_Nitte\STM32\DL_Inference\Core\Src\stm32l4xx_it.c_save
2026-07-31 10:17:17,272 [INFO] CodeEngine:289 - Generated code: D:\RKS_TinyML_Workspace\TinyML_Workshop_Nitte\STM32\DL_Inference\Core\Src\stm32l4xx_it.c
2026-07-31 10:17:17,274 [INFO] CodeEngine:265 - oldGeneratedFile, D:\RKS_TinyML_Workspace\TinyML_Workshop_Nitte\STM32\DL_Inference\Core\Inc\stm32l4xx_it.h_save
2026-07-31 10:17:17,305 [INFO] CodeEngine:289 - Generated code: D:\RKS_TinyML_Workspace\TinyML_Workshop_Nitte\STM32\DL_Inference\Core\Inc\stm32l4xx_it.h
2026-07-31 10:17:17,311 [INFO] CodeEngine:265 - oldGeneratedFile, D:\RKS_TinyML_Workspace\TinyML_Workshop_Nitte\STM32\DL_Inference\Core\Src\stm32l4xx_hal_msp.c_save
2026-07-31 10:17:17,354 [INFO] CodeEngine:289 - Generated code: D:\RKS_TinyML_Workspace\TinyML_Workshop_Nitte\STM32\DL_Inference\Core\Src\stm32l4xx_hal_msp.c
2026-07-31 10:17:17,356 [INFO] CodeEngine:265 - oldGeneratedFile, D:\RKS_TinyML_Workspace\TinyML_Workshop_Nitte\STM32\DL_Inference\MXTmpFiles\system.tmp_save
2026-07-31 10:17:17,380 [INFO] CodeEngine:289 - Generated code: D:\RKS_TinyML_Workspace\TinyML_Workshop_Nitte\STM32\DL_Inference\MXTmpFiles\system.tmp
2026-07-31 10:17:17,385 [INFO] CodeEngine:321 - oldGeneratedFile, D:\RKS_TinyML_Workspace\TinyML_Workshop_Nitte\STM32\DL_Inference\Core\Inc\stm32l4xx_hal_conf.h_save
2026-07-31 10:17:17,418 [INFO] CodeEngine:345 - Generated code: D:\RKS_TinyML_Workspace\TinyML_Workshop_Nitte\STM32\DL_Inference\Core\Inc\stm32l4xx_hal_conf.h
2026-07-31 10:17:17,427 [INFO] CodeEngine:265 - oldGeneratedFile, D:\RKS_TinyML_Workspace\TinyML_Workshop_Nitte\STM32\DL_Inference\Core\Inc\main.h_save
2026-07-31 10:17:17,469 [INFO] CodeEngine:289 - Generated code: D:\RKS_TinyML_Workspace\TinyML_Workshop_Nitte\STM32\DL_Inference\Core\Inc\main.h
2026-07-31 10:17:17,472 [INFO] CodeEngine:265 - oldGeneratedFile, D:\RKS_TinyML_Workspace\TinyML_Workshop_Nitte\STM32\DL_Inference\Core\Src\main.c_save
2026-07-31 10:17:17,518 [INFO] CodeEngine:289 - Generated code: D:\RKS_TinyML_Workspace\TinyML_Workshop_Nitte\STM32\DL_Inference\Core\Src\main.c
2026-07-31 10:17:17,695 [INFO] AInterface:322 - ModelName:network; files:[D:\RKS_TinyML_Workspace\TinyML_Workshop_Nitte\ONNX\mlp_model.onnx]; type:ONNX; compression:None
2026-07-31 10:17:17,696 [INFO] AInterface:526 - workspaceTempDir: C:/Users/ADMIN/AppData/Local/Temp/mxAI_workspace104587472098980005838940382341739555
2026-07-31 10:17:17,696 [INFO] AInterface:1179 - Setting Env: C:/Users/ADMIN/STM32Cube/Repository//Packs/STMicroelectronics/X-CUBE-AI/10.2.1/Utilities/windows
2026-07-31 10:17:17,698 [INFO] STM32CubeIDEBuilder:265 - Looking for gnu-tools-for-stm32 tools/bin/arm-none-eabi-gcc.exe in C:\ST\STM32CubeIDE_1.19.0\STM32CubeIDE
2026-07-31 10:17:17,700 [INFO] STM32CubeIDEBuilder:294 - checking C:\ST\STM32CubeIDE_1.19.0\STM32CubeIDE\plugins\com.st.stm32cube.ide.mcu.externaltools.gnu-tools-for-stm32.13.3.rel1.win32_1.0.0.202411081344\tools\bin\arm-none-eabi-gcc.exe
2026-07-31 10:17:17,700 [INFO] STM32CubeIDEBuilder:297 - ret=C:\ST\STM32CubeIDE_1.19.0\STM32CubeIDE\plugins\com.st.stm32cube.ide.mcu.externaltools.gnu-tools-for-stm32.13.3.rel1.win32_1.0.0.202411081344\tools\bin\arm-none-eabi-gcc.exe
2026-07-31 10:17:17,701 [INFO] STM32CubeIDEBuilder:311 - returning C:\ST\STM32CubeIDE_1.19.0\STM32CubeIDE\plugins\com.st.stm32cube.ide.mcu.externaltools.gnu-tools-for-stm32.13.3.rel1.win32_1.0.0.202411081344\tools\bin\arm-none-eabi-gcc.exe
2026-07-31 10:17:17,701 [INFO] AInterface:1236 - Custom PATH variable: C:/Users/ADMIN/STM32Cube/Repository//Packs/STMicroelectronics/X-CUBE-AI/10.2.1/Utilities/windows;C:/Users/ADMIN/STM32Cube/Repository//Packs/STMicroelectronics/X-CUBE-AI/10.2.1/Utilities/windows/mingw64/bin;C:/Users/ADMIN/STM32Cube/Repository//Packs/STMicroelectronics/X-CUBE-AI/10.2.1/Utilities/windows/mingw64/libexec/gcc/x86_64-w64-mingw32/7.3.0;;C:\ST\STM32CubeIDE_1.19.0\STM32CubeIDE\plugins\com.st.stm32cube.ide.mcu.externaltools.gnu-tools-for-stm32.13.3.rel1.win32_1.0.0.202411081344\tools\bin
2026-07-31 10:17:17,702 [INFO] CmdLine:115 - Command: C:/Users/ADMIN/STM32Cube/Repository//Packs/STMicroelectronics/X-CUBE-AI/10.2.1/Utilities/windows/stedgeai.exe generate --target stm32l4 --name network -m D:/RKS_TinyML_Workspace/TinyML_Workshop_Nitte/ONNX/mlp_model.onnx --compression none --verbosity 1 --workspace C:/Users/ADMIN/AppData/Local/Temp/mxAI_workspace104587472098980005838940382341739555 --output C:/Users/ADMIN/.stm32cubemx/network_output
2026-07-31 10:17:17,703 [INFO] AIModelDetailledView:2264 - Analysis status: pending
2026-07-31 10:17:18,029 [INFO] CmdLine:76 - ST Edge AI Core v2.2.0-20266 2adc00962
2026-07-31 10:17:21,813 [INFO] CmdLine:76 - Creating c (debug) info json file C:\Users\ADMIN\.stm32cubemx\network_output\network_c_info.json
2026-07-31 10:17:21,827 [INFO] CmdLine:76 -  
2026-07-31 10:17:21,828 [INFO] CmdLine:76 -  Exec/report summary (generate)
2026-07-31 10:17:21,828 [INFO] CmdLine:76 -  --------------------------------------------------------------------------------------------------------------
2026-07-31 10:17:21,828 [INFO] CmdLine:76 -  model file         :   D:\RKS_TinyML_Workspace\TinyML_Workshop_Nitte\ONNX\mlp_model.onnx                      
2026-07-31 10:17:21,828 [INFO] CmdLine:76 -  type               :   onnx                                                                                   
2026-07-31 10:17:21,828 [INFO] CmdLine:76 -  c_name             :   network                                                                                
2026-07-31 10:17:21,828 [INFO] CmdLine:76 -  compression        :   none                                                                                   
2026-07-31 10:17:21,828 [INFO] CmdLine:76 -  options            :   allocate-inputs, allocate-outputs                                                      
2026-07-31 10:17:21,828 [INFO] CmdLine:76 -  optimization       :   balanced                                                                               
2026-07-31 10:17:21,828 [INFO] CmdLine:76 -  target/series      :   stm32l4                                                                                
2026-07-31 10:17:21,828 [INFO] CmdLine:76 -  workspace dir      :   C:\Users\ADMIN\AppData\Local\Temp\mxAI_workspace104587472098980005838940382341739555   
2026-07-31 10:17:21,828 [INFO] CmdLine:76 -  output dir         :   C:\Users\ADMIN\.stm32cubemx\network_output                                             
2026-07-31 10:17:21,828 [INFO] CmdLine:76 -  model_fmt          :   float                                                                                  
2026-07-31 10:17:21,828 [INFO] CmdLine:76 -  model_name         :   mlp_model                                                                              
2026-07-31 10:17:21,828 [INFO] CmdLine:76 -  model_hash         :   0x9730d768958be9e4562e5107bd0a979c                                                     
2026-07-31 10:17:21,828 [INFO] CmdLine:76 -  params #           :   2,693 items (10.52 KiB)                                                                
2026-07-31 10:17:21,828 [INFO] CmdLine:76 -  --------------------------------------------------------------------------------------------------------------
2026-07-31 10:17:21,828 [INFO] CmdLine:76 -  input 1/1          :   'input', f32(1x6), 24 Bytes, activations                                               
2026-07-31 10:17:21,828 [INFO] CmdLine:76 -  output 1/1         :   'output', f32(1x5), 20 Bytes, activations                                              
2026-07-31 10:17:21,828 [INFO] CmdLine:76 -  macc               :   2,789                                                                                  
2026-07-31 10:17:21,828 [INFO] CmdLine:76 -  weights (ro)       :   10,772 B (10.52 KiB) (1 segment)                                                       
2026-07-31 10:17:21,828 [INFO] CmdLine:76 -  activations (rw)   :   384 B (384 B) (1 segment) *                                                            
2026-07-31 10:17:21,828 [INFO] CmdLine:76 -  ram (total)        :   384 B (384 B) = 384 + 0 + 0                                                            
2026-07-31 10:17:21,828 [INFO] CmdLine:76 -  --------------------------------------------------------------------------------------------------------------
2026-07-31 10:17:21,828 [INFO] CmdLine:76 -  (*) 'input'/'output' buffers are allocated in the activations buffer
2026-07-31 10:17:21,830 [INFO] CmdLine:76 - Computing AI RT data/code size (target=stm32l4)..
2026-07-31 10:17:22,490 [INFO] CmdLine:76 -  Requested memory size by section - "stm32l4" target
2026-07-31 10:17:22,490 [INFO] CmdLine:76 -  ------------------------------ ------- -------- ------- -----
2026-07-31 10:17:22,490 [INFO] CmdLine:76 -  module                            text   rodata    data   bss
2026-07-31 10:17:22,490 [INFO] CmdLine:76 -  ------------------------------ ------- -------- ------- -----
2026-07-31 10:17:22,490 [INFO] CmdLine:76 -  NetworkRuntime1020_CM4_GCC.a     6,452        0       0     0
2026-07-31 10:17:22,490 [INFO] CmdLine:76 -  network.o                          528       40   1,584   140
2026-07-31 10:17:22,490 [INFO] CmdLine:76 -  network_data.o                      48       16      88     0
2026-07-31 10:17:22,490 [INFO] CmdLine:76 -  lib (toolchain)*                     0        0       0     0
2026-07-31 10:17:22,490 [INFO] CmdLine:76 -  ------------------------------ ------- -------- ------- -----
2026-07-31 10:17:22,490 [INFO] CmdLine:76 -  RT total**                       7,028       56   1,672   140
2026-07-31 10:17:22,490 [INFO] CmdLine:76 -  ------------------------------ ------- -------- ------- -----
2026-07-31 10:17:22,490 [INFO] CmdLine:76 -  weights                              0   10,776       0     0
2026-07-31 10:17:22,491 [INFO] CmdLine:76 -  activations                          0        0       0   384
2026-07-31 10:17:22,491 [INFO] CmdLine:76 -  io                                   0        0       0     0
2026-07-31 10:17:22,491 [INFO] CmdLine:76 -  ------------------------------ ------- -------- ------- -----
2026-07-31 10:17:22,491 [INFO] CmdLine:76 -  TOTAL                            7,028   10,832   1,672   524
2026-07-31 10:17:22,491 [INFO] CmdLine:76 -  ------------------------------ ------- -------- ------- -----
2026-07-31 10:17:22,491 [INFO] CmdLine:76 -  *  toolchain objects (libm/libgcc*)
2026-07-31 10:17:22,491 [INFO] CmdLine:76 -  ** RT AI runtime objects (kernels+infrastructure)
2026-07-31 10:17:22,491 [INFO] CmdLine:76 -   Summary - "stm32l4" target
2026-07-31 10:17:22,491 [INFO] CmdLine:76 -   ---------------------------------------------------
2026-07-31 10:17:22,491 [INFO] CmdLine:76 -                FLASH (ro)      %*   RAM (rw)       %
2026-07-31 10:17:22,491 [INFO] CmdLine:76 -   ---------------------------------------------------
2026-07-31 10:17:22,491 [INFO] CmdLine:76 -   RT total          8,756   44.8%      1,812   82.5%
2026-07-31 10:17:22,491 [INFO] CmdLine:76 -   ---------------------------------------------------
2026-07-31 10:17:22,491 [INFO] CmdLine:76 -   TOTAL            19,532              2,196
2026-07-31 10:17:22,491 [INFO] CmdLine:76 -   ---------------------------------------------------
2026-07-31 10:17:22,491 [INFO] CmdLine:76 -   *  rt/total
2026-07-31 10:17:22,491 [INFO] CmdLine:76 -  Generated files (7)
2026-07-31 10:17:22,491 [INFO] CmdLine:76 -  ------------------------------------------------------------------
2026-07-31 10:17:22,491 [INFO] CmdLine:76 -  C:\Users\ADMIN\.stm32cubemx\network_output\network_data_params.h
2026-07-31 10:17:22,491 [INFO] CmdLine:76 -  C:\Users\ADMIN\.stm32cubemx\network_output\network_data_params.c
2026-07-31 10:17:22,491 [INFO] CmdLine:76 -  C:\Users\ADMIN\.stm32cubemx\network_output\network_data.h
2026-07-31 10:17:22,491 [INFO] CmdLine:76 -  C:\Users\ADMIN\.stm32cubemx\network_output\network_data.c
2026-07-31 10:17:22,492 [INFO] CmdLine:76 -  C:\Users\ADMIN\.stm32cubemx\network_output\network_config.h
2026-07-31 10:17:22,492 [INFO] CmdLine:76 -  C:\Users\ADMIN\.stm32cubemx\network_output\network.h
2026-07-31 10:17:22,492 [INFO] CmdLine:76 -  C:\Users\ADMIN\.stm32cubemx\network_output\network.c
2026-07-31 10:17:22,492 [INFO] CmdLine:76 - Creating txt report file C:\Users\ADMIN\.stm32cubemx\network_output\network_generate_report.txt
2026-07-31 10:17:33,248 [INFO] CmdLine:76 - elapsed time (generate): 15.219s
2026-07-31 10:17:33,606 [INFO] CmdLine:148 - stedgeai exit with status: 0
2026-07-31 10:17:33,613 [INFO] AIModelDetailledView:2264 - Analysis status: done
2026-07-31 10:17:33,796 [INFO] ProjectBuilder:3606 - Time for Copy HAL[1] : 60mS.
2026-07-31 10:17:33,797 [ERROR] Middleware:2950 - Invalid RefComponent list
2026-07-31 10:17:33,797 [ERROR] Middleware:2950 - Invalid RefComponent list
2026-07-31 10:17:33,797 [ERROR] Middleware:2950 - Invalid RefComponent list
2026-07-31 10:17:33,797 [ERROR] Middleware:2950 - Invalid RefComponent list
2026-07-31 10:17:33,797 [ERROR] Middleware:2950 - Invalid RefComponent list
2026-07-31 10:17:33,797 [ERROR] Middleware:2950 - Invalid RefComponent list
2026-07-31 10:17:33,797 [ERROR] Middleware:2950 - Invalid RefComponent list
2026-07-31 10:17:33,797 [ERROR] Middleware:2950 - Invalid RefComponent list
2026-07-31 10:17:33,797 [ERROR] Middleware:2950 - Invalid RefComponent list
2026-07-31 10:17:33,797 [ERROR] Middleware:2950 - Invalid RefComponent list
2026-07-31 10:17:33,797 [ERROR] Middleware:2950 - Invalid RefComponent list
2026-07-31 10:17:33,797 [ERROR] Middleware:2950 - Invalid RefComponent list
2026-07-31 10:17:33,797 [ERROR] Middleware:2950 - Invalid RefComponent list
2026-07-31 10:17:33,797 [ERROR] Middleware:2950 - Invalid RefComponent list
2026-07-31 10:17:33,797 [ERROR] Middleware:2950 - Invalid RefComponent list
2026-07-31 10:17:33,797 [ERROR] Middleware:2950 - Invalid RefComponent list
2026-07-31 10:17:33,797 [ERROR] Middleware:2950 - Invalid RefComponent list
2026-07-31 10:17:33,797 [ERROR] Middleware:2950 - Invalid RefComponent list
2026-07-31 10:17:33,797 [ERROR] Middleware:2950 - Invalid RefComponent list
2026-07-31 10:17:33,797 [ERROR] Middleware:2950 - Invalid RefComponent list
2026-07-31 10:17:33,797 [ERROR] Middleware:2950 - Invalid RefComponent list
2026-07-31 10:17:33,797 [ERROR] Middleware:2950 - Invalid RefComponent list
2026-07-31 10:17:33,797 [ERROR] Middleware:2950 - Invalid RefComponent list
2026-07-31 10:17:33,797 [ERROR] Middleware:2950 - Invalid RefComponent list
2026-07-31 10:17:33,797 [ERROR] Middleware:2950 - Invalid RefComponent list
2026-07-31 10:17:33,797 [ERROR] Middleware:2950 - Invalid RefComponent list
2026-07-31 10:17:33,797 [ERROR] Middleware:2950 - Invalid RefComponent list
2026-07-31 10:17:33,797 [ERROR] Middleware:2950 - Invalid RefComponent list
2026-07-31 10:17:33,797 [ERROR] Middleware:2950 - Invalid RefComponent list
2026-07-31 10:17:33,797 [ERROR] Middleware:2950 - Invalid RefComponent list
2026-07-31 10:17:33,797 [ERROR] Middleware:2950 - Invalid RefComponent list
2026-07-31 10:17:33,797 [ERROR] Middleware:2950 - Invalid RefComponent list
2026-07-31 10:17:33,797 [ERROR] Middleware:2950 - Invalid RefComponent list
2026-07-31 10:17:33,797 [ERROR] Middleware:2950 - Invalid RefComponent list
2026-07-31 10:17:33,797 [ERROR] Middleware:2950 - Invalid RefComponent list
2026-07-31 10:17:33,797 [ERROR] Middleware:2950 - Invalid RefComponent list
2026-07-31 10:17:33,797 [ERROR] Middleware:2950 - Invalid RefComponent list
2026-07-31 10:17:33,797 [ERROR] Middleware:2950 - Invalid RefComponent list
2026-07-31 10:17:33,797 [ERROR] Middleware:2950 - Invalid RefComponent list
2026-07-31 10:17:33,797 [ERROR] Middleware:2950 - Invalid RefComponent list
2026-07-31 10:17:33,797 [ERROR] Middleware:2950 - Invalid RefComponent list
2026-07-31 10:17:33,797 [ERROR] Middleware:2950 - Invalid RefComponent list
2026-07-31 10:17:33,797 [ERROR] Middleware:2950 - Invalid RefComponent list
2026-07-31 10:17:33,797 [ERROR] Middleware:2950 - Invalid RefComponent list
2026-07-31 10:17:33,797 [ERROR] Middleware:2950 - Invalid RefComponent list
2026-07-31 10:17:33,797 [ERROR] Middleware:2950 - Invalid RefComponent list
2026-07-31 10:17:33,797 [ERROR] Middleware:2950 - Invalid RefComponent list
2026-07-31 10:17:33,797 [ERROR] Middleware:2950 - Invalid RefComponent list
2026-07-31 10:17:33,797 [ERROR] Middleware:2950 - Invalid RefComponent list
2026-07-31 10:17:33,797 [ERROR] Middleware:2950 - Invalid RefComponent list
2026-07-31 10:17:33,799 [INFO] ProjectBuilder:5216 - Project Generator version: 4.7.0-B52
2026-07-31 10:17:33,836 [INFO] ConfigFileManager:1595 - The Die is : DIE470
2026-07-31 10:17:34,331 [INFO] ProjectBuilder:5496 - Time for Generating toolchain IDE Files: 532mS.
2026-07-31 10:17:34,332 [INFO] ProjectBuilder:3463 - Time for Copy CMSIS : 1mS.
2026-07-31 10:17:34,334 [INFO] ProjectBuilder:3463 - Time for Copy CMSIS : 0mS.
2026-07-31 10:17:59,168 [INFO] UtilMem:75 - End SaveConfig() Used Memory: 902643272 Bytes (1073741824)
2026-07-31 10:18:00,547 [INFO] UtilMem:75 - End SaveConfig() Used Memory: 943011400 Bytes (1073741824)
2026-07-31 10:18:00,656 [INFO] UtilMem:75 - End SaveConfig() Used Memory: 986003016 Bytes (1073741824)
2026-07-31 10:18:00,778 [INFO] BlockDiagram:2775 - set Specific Code input for plugin: SYS
2026-07-31 10:18:00,779 [INFO] BlockDiagram:2775 - set Specific Code input for plugin: RCC
2026-07-31 10:18:00,779 [INFO] BlockDiagram:2775 - set Specific Code input for plugin: I2C
2026-07-31 10:18:00,779 [INFO] BlockDiagram:2775 - set Specific Code input for plugin: NVIC
2026-07-31 10:18:00,779 [INFO] BlockDiagram:2775 - set Specific Code input for plugin: USART
2026-07-31 10:18:00,779 [INFO] BlockDiagram:2775 - set Specific Code input for plugin: STMicroelectronics.X-CUBE-AI.10.2.1
2026-07-31 10:18:00,779 [INFO] BlockDiagram:2775 - set Specific Code input for plugin: GPIO
2026-07-31 10:18:00,781 [INFO] CodeGenerator:892 - code generatio: config db path: C:\ST\STM32CubeIDE_1.19.0\STM32CubeIDE\plugins\com.st.stm32cube.common.mx_6.15.0.202507011659\\db\
2026-07-31 10:18:00,825 [INFO] IP:3329 - RTE Config file name : RTE_Component
2026-07-31 10:18:00,825 [INFO] IP:3347 - RTE template : RTE_Components.ftl
2026-07-31 10:18:00,829 [INFO] CodeEngine:265 - oldGeneratedFile, D:\RKS_TinyML_Workspace\TinyML_Workshop_Nitte\STM32\DL_Inference\MXTmpFiles\license.tmp_save
2026-07-31 10:18:00,866 [INFO] CodeEngine:289 - Generated code: D:\RKS_TinyML_Workspace\TinyML_Workshop_Nitte\STM32\DL_Inference\MXTmpFiles\license.tmp
2026-07-31 10:18:00,878 [INFO] CodeEngine:265 - oldGeneratedFile, D:\RKS_TinyML_Workspace\TinyML_Workshop_Nitte\STM32\DL_Inference\MXTmpFiles\gpio.tmp_save
2026-07-31 10:18:00,926 [INFO] CodeEngine:289 - Generated code: D:\RKS_TinyML_Workspace\TinyML_Workshop_Nitte\STM32\DL_Inference\MXTmpFiles\gpio.tmp
2026-07-31 10:18:00,976 [INFO] Middleware:1452 - No code input for Bsp Dependency
2026-07-31 10:18:00,977 [INFO] Middleware:1452 - No code input for Bsp Dependency
2026-07-31 10:18:00,984 [INFO] CodeEngine:265 - oldGeneratedFile, D:\RKS_TinyML_Workspace\TinyML_Workshop_Nitte\STM32\DL_Inference\Core\Src\stm32l4xx_it.c_save
2026-07-31 10:18:01,024 [INFO] CodeEngine:289 - Generated code: D:\RKS_TinyML_Workspace\TinyML_Workshop_Nitte\STM32\DL_Inference\Core\Src\stm32l4xx_it.c
2026-07-31 10:18:01,026 [INFO] CodeEngine:265 - oldGeneratedFile, D:\RKS_TinyML_Workspace\TinyML_Workshop_Nitte\STM32\DL_Inference\Core\Inc\stm32l4xx_it.h_save
2026-07-31 10:18:01,060 [INFO] CodeEngine:289 - Generated code: D:\RKS_TinyML_Workspace\TinyML_Workshop_Nitte\STM32\DL_Inference\Core\Inc\stm32l4xx_it.h
2026-07-31 10:18:01,066 [INFO] CodeEngine:265 - oldGeneratedFile, D:\RKS_TinyML_Workspace\TinyML_Workshop_Nitte\STM32\DL_Inference\Core\Src\stm32l4xx_hal_msp.c_save
2026-07-31 10:18:01,114 [INFO] CodeEngine:289 - Generated code: D:\RKS_TinyML_Workspace\TinyML_Workshop_Nitte\STM32\DL_Inference\Core\Src\stm32l4xx_hal_msp.c
2026-07-31 10:18:01,115 [INFO] CodeEngine:265 - oldGeneratedFile, D:\RKS_TinyML_Workspace\TinyML_Workshop_Nitte\STM32\DL_Inference\MXTmpFiles\system.tmp_save
2026-07-31 10:18:01,146 [INFO] CodeEngine:289 - Generated code: D:\RKS_TinyML_Workspace\TinyML_Workshop_Nitte\STM32\DL_Inference\MXTmpFiles\system.tmp
2026-07-31 10:18:01,151 [INFO] CodeEngine:321 - oldGeneratedFile, D:\RKS_TinyML_Workspace\TinyML_Workshop_Nitte\STM32\DL_Inference\Core\Inc\stm32l4xx_hal_conf.h_save
2026-07-31 10:18:01,185 [INFO] CodeEngine:345 - Generated code: D:\RKS_TinyML_Workspace\TinyML_Workshop_Nitte\STM32\DL_Inference\Core\Inc\stm32l4xx_hal_conf.h
2026-07-31 10:18:01,193 [INFO] CodeEngine:265 - oldGeneratedFile, D:\RKS_TinyML_Workspace\TinyML_Workshop_Nitte\STM32\DL_Inference\Core\Inc\main.h_save
2026-07-31 10:18:01,226 [INFO] CodeEngine:289 - Generated code: D:\RKS_TinyML_Workspace\TinyML_Workshop_Nitte\STM32\DL_Inference\Core\Inc\main.h
2026-07-31 10:18:01,229 [INFO] CodeEngine:265 - oldGeneratedFile, D:\RKS_TinyML_Workspace\TinyML_Workshop_Nitte\STM32\DL_Inference\Core\Src\main.c_save
2026-07-31 10:18:01,287 [INFO] CodeEngine:289 - Generated code: D:\RKS_TinyML_Workspace\TinyML_Workshop_Nitte\STM32\DL_Inference\Core\Src\main.c
2026-07-31 10:18:01,435 [INFO] AInterface:322 - ModelName:network; files:[D:\RKS_TinyML_Workspace\TinyML_Workshop_Nitte\ONNX\mlp_model.onnx]; type:ONNX; compression:None
2026-07-31 10:18:01,435 [INFO] AInterface:526 - workspaceTempDir: C:/Users/ADMIN/AppData/Local/Temp/mxAI_workspace104587909488687009107266995181360987
2026-07-31 10:18:01,435 [INFO] AInterface:1179 - Setting Env: C:/Users/ADMIN/STM32Cube/Repository//Packs/STMicroelectronics/X-CUBE-AI/10.2.1/Utilities/windows
2026-07-31 10:18:01,437 [INFO] STM32CubeIDEBuilder:265 - Looking for gnu-tools-for-stm32 tools/bin/arm-none-eabi-gcc.exe in C:\ST\STM32CubeIDE_1.19.0\STM32CubeIDE
2026-07-31 10:18:01,438 [INFO] STM32CubeIDEBuilder:294 - checking C:\ST\STM32CubeIDE_1.19.0\STM32CubeIDE\plugins\com.st.stm32cube.ide.mcu.externaltools.gnu-tools-for-stm32.13.3.rel1.win32_1.0.0.202411081344\tools\bin\arm-none-eabi-gcc.exe
2026-07-31 10:18:01,438 [INFO] STM32CubeIDEBuilder:297 - ret=C:\ST\STM32CubeIDE_1.19.0\STM32CubeIDE\plugins\com.st.stm32cube.ide.mcu.externaltools.gnu-tools-for-stm32.13.3.rel1.win32_1.0.0.202411081344\tools\bin\arm-none-eabi-gcc.exe
2026-07-31 10:18:01,438 [INFO] STM32CubeIDEBuilder:311 - returning C:\ST\STM32CubeIDE_1.19.0\STM32CubeIDE\plugins\com.st.stm32cube.ide.mcu.externaltools.gnu-tools-for-stm32.13.3.rel1.win32_1.0.0.202411081344\tools\bin\arm-none-eabi-gcc.exe
2026-07-31 10:18:01,438 [INFO] AInterface:1236 - Custom PATH variable: C:/Users/ADMIN/STM32Cube/Repository//Packs/STMicroelectronics/X-CUBE-AI/10.2.1/Utilities/windows;C:/Users/ADMIN/STM32Cube/Repository//Packs/STMicroelectronics/X-CUBE-AI/10.2.1/Utilities/windows/mingw64/bin;C:/Users/ADMIN/STM32Cube/Repository//Packs/STMicroelectronics/X-CUBE-AI/10.2.1/Utilities/windows/mingw64/libexec/gcc/x86_64-w64-mingw32/7.3.0;;C:\ST\STM32CubeIDE_1.19.0\STM32CubeIDE\plugins\com.st.stm32cube.ide.mcu.externaltools.gnu-tools-for-stm32.13.3.rel1.win32_1.0.0.202411081344\tools\bin
2026-07-31 10:18:01,439 [INFO] CmdLine:115 - Command: C:/Users/ADMIN/STM32Cube/Repository//Packs/STMicroelectronics/X-CUBE-AI/10.2.1/Utilities/windows/stedgeai.exe generate --target stm32l4 --name network -m D:/RKS_TinyML_Workspace/TinyML_Workshop_Nitte/ONNX/mlp_model.onnx --compression none --verbosity 1 --workspace C:/Users/ADMIN/AppData/Local/Temp/mxAI_workspace104587909488687009107266995181360987 --output C:/Users/ADMIN/.stm32cubemx/network_output
2026-07-31 10:18:01,440 [INFO] AIModelDetailledView:2264 - Analysis status: pending
2026-07-31 10:18:01,751 [INFO] CmdLine:76 - ST Edge AI Core v2.2.0-20266 2adc00962
2026-07-31 10:18:05,446 [INFO] CmdLine:76 - Creating c (debug) info json file C:\Users\ADMIN\.stm32cubemx\network_output\network_c_info.json
2026-07-31 10:18:05,463 [INFO] CmdLine:76 -  
2026-07-31 10:18:05,463 [INFO] CmdLine:76 -  Exec/report summary (generate)
2026-07-31 10:18:05,463 [INFO] CmdLine:76 -  --------------------------------------------------------------------------------------------------------------
2026-07-31 10:18:05,463 [INFO] CmdLine:76 -  model file         :   D:\RKS_TinyML_Workspace\TinyML_Workshop_Nitte\ONNX\mlp_model.onnx                      
2026-07-31 10:18:05,463 [INFO] CmdLine:76 -  type               :   onnx                                                                                   
2026-07-31 10:18:05,463 [INFO] CmdLine:76 -  c_name             :   network                                                                                
2026-07-31 10:18:05,463 [INFO] CmdLine:76 -  compression        :   none                                                                                   
2026-07-31 10:18:05,463 [INFO] CmdLine:76 -  options            :   allocate-inputs, allocate-outputs                                                      
2026-07-31 10:18:05,463 [INFO] CmdLine:76 -  optimization       :   balanced                                                                               
2026-07-31 10:18:05,463 [INFO] CmdLine:76 -  target/series      :   stm32l4                                                                                
2026-07-31 10:18:05,463 [INFO] CmdLine:76 -  workspace dir      :   C:\Users\ADMIN\AppData\Local\Temp\mxAI_workspace104587909488687009107266995181360987   
2026-07-31 10:18:05,463 [INFO] CmdLine:76 -  output dir         :   C:\Users\ADMIN\.stm32cubemx\network_output                                             
2026-07-31 10:18:05,463 [INFO] CmdLine:76 -  model_fmt          :   float                                                                                  
2026-07-31 10:18:05,463 [INFO] CmdLine:76 -  model_name         :   mlp_model                                                                              
2026-07-31 10:18:05,463 [INFO] CmdLine:76 -  model_hash         :   0x9730d768958be9e4562e5107bd0a979c                                                     
2026-07-31 10:18:05,463 [INFO] CmdLine:76 -  params #           :   2,693 items (10.52 KiB)                                                                
2026-07-31 10:18:05,463 [INFO] CmdLine:76 -  --------------------------------------------------------------------------------------------------------------
2026-07-31 10:18:05,463 [INFO] CmdLine:76 -  input 1/1          :   'input', f32(1x6), 24 Bytes, activations                                               
2026-07-31 10:18:05,463 [INFO] CmdLine:76 -  output 1/1         :   'output', f32(1x5), 20 Bytes, activations                                              
2026-07-31 10:18:05,463 [INFO] CmdLine:76 -  macc               :   2,789                                                                                  
2026-07-31 10:18:05,463 [INFO] CmdLine:76 -  weights (ro)       :   10,772 B (10.52 KiB) (1 segment)                                                       
2026-07-31 10:18:05,463 [INFO] CmdLine:76 -  activations (rw)   :   384 B (384 B) (1 segment) *                                                            
2026-07-31 10:18:05,463 [INFO] CmdLine:76 -  ram (total)        :   384 B (384 B) = 384 + 0 + 0                                                            
2026-07-31 10:18:05,463 [INFO] CmdLine:76 -  --------------------------------------------------------------------------------------------------------------
2026-07-31 10:18:05,464 [INFO] CmdLine:76 -  (*) 'input'/'output' buffers are allocated in the activations buffer
2026-07-31 10:18:05,466 [INFO] CmdLine:76 - Computing AI RT data/code size (target=stm32l4)..
2026-07-31 10:18:06,136 [INFO] CmdLine:76 -  Requested memory size by section - "stm32l4" target
2026-07-31 10:18:06,136 [INFO] CmdLine:76 -  ------------------------------ ------- -------- ------- -----
2026-07-31 10:18:06,137 [INFO] CmdLine:76 -  module                            text   rodata    data   bss
2026-07-31 10:18:06,137 [INFO] CmdLine:76 -  ------------------------------ ------- -------- ------- -----
2026-07-31 10:18:06,137 [INFO] CmdLine:76 -  NetworkRuntime1020_CM4_GCC.a     6,452        0       0     0
2026-07-31 10:18:06,137 [INFO] CmdLine:76 -  network.o                          528       40   1,584   140
2026-07-31 10:18:06,137 [INFO] CmdLine:76 -  network_data.o                      48       16      88     0
2026-07-31 10:18:06,137 [INFO] CmdLine:76 -  lib (toolchain)*                     0        0       0     0
2026-07-31 10:18:06,137 [INFO] CmdLine:76 -  ------------------------------ ------- -------- ------- -----
2026-07-31 10:18:06,137 [INFO] CmdLine:76 -  RT total**                       7,028       56   1,672   140
2026-07-31 10:18:06,137 [INFO] CmdLine:76 -  ------------------------------ ------- -------- ------- -----
2026-07-31 10:18:06,137 [INFO] CmdLine:76 -  weights                              0   10,776       0     0
2026-07-31 10:18:06,137 [INFO] CmdLine:76 -  activations                          0        0       0   384
2026-07-31 10:18:06,137 [INFO] CmdLine:76 -  io                                   0        0       0     0
2026-07-31 10:18:06,137 [INFO] CmdLine:76 -  ------------------------------ ------- -------- ------- -----
2026-07-31 10:18:06,137 [INFO] CmdLine:76 -  TOTAL                            7,028   10,832   1,672   524
2026-07-31 10:18:06,137 [INFO] CmdLine:76 -  ------------------------------ ------- -------- ------- -----
2026-07-31 10:18:06,137 [INFO] CmdLine:76 -  *  toolchain objects (libm/libgcc*)
2026-07-31 10:18:06,137 [INFO] CmdLine:76 -  ** RT AI runtime objects (kernels+infrastructure)
2026-07-31 10:18:06,137 [INFO] CmdLine:76 -   Summary - "stm32l4" target
2026-07-31 10:18:06,137 [INFO] CmdLine:76 -   ---------------------------------------------------
2026-07-31 10:18:06,138 [INFO] CmdLine:76 -                FLASH (ro)      %*   RAM (rw)       %
2026-07-31 10:18:06,138 [INFO] CmdLine:76 -   ---------------------------------------------------
2026-07-31 10:18:06,138 [INFO] CmdLine:76 -   RT total          8,756   44.8%      1,812   82.5%
2026-07-31 10:18:06,138 [INFO] CmdLine:76 -   ---------------------------------------------------
2026-07-31 10:18:06,138 [INFO] CmdLine:76 -   TOTAL            19,532              2,196
2026-07-31 10:18:06,138 [INFO] CmdLine:76 -   ---------------------------------------------------
2026-07-31 10:18:06,138 [INFO] CmdLine:76 -   *  rt/total
2026-07-31 10:18:06,138 [INFO] CmdLine:76 -  Generated files (7)
2026-07-31 10:18:06,138 [INFO] CmdLine:76 -  ------------------------------------------------------------------
2026-07-31 10:18:06,138 [INFO] CmdLine:76 -  C:\Users\ADMIN\.stm32cubemx\network_output\network_data_params.h
2026-07-31 10:18:06,138 [INFO] CmdLine:76 -  C:\Users\ADMIN\.stm32cubemx\network_output\network_data_params.c
2026-07-31 10:18:06,138 [INFO] CmdLine:76 -  C:\Users\ADMIN\.stm32cubemx\network_output\network_data.h
2026-07-31 10:18:06,138 [INFO] CmdLine:76 -  C:\Users\ADMIN\.stm32cubemx\network_output\network_data.c
2026-07-31 10:18:06,138 [INFO] CmdLine:76 -  C:\Users\ADMIN\.stm32cubemx\network_output\network_config.h
2026-07-31 10:18:06,138 [INFO] CmdLine:76 -  C:\Users\ADMIN\.stm32cubemx\network_output\network.h
2026-07-31 10:18:06,138 [INFO] CmdLine:76 -  C:\Users\ADMIN\.stm32cubemx\network_output\network.c
2026-07-31 10:18:06,138 [INFO] CmdLine:76 - Creating txt report file C:\Users\ADMIN\.stm32cubemx\network_output\network_generate_report.txt
2026-07-31 10:18:18,651 [INFO] CmdLine:76 - elapsed time (generate): 16.900s
2026-07-31 10:18:19,010 [INFO] CmdLine:148 - stedgeai exit with status: 0
2026-07-31 10:18:19,014 [INFO] AIModelDetailledView:2264 - Analysis status: done
2026-07-31 10:18:19,191 [INFO] ProjectBuilder:3606 - Time for Copy HAL[1] : 63mS.
2026-07-31 10:18:19,191 [ERROR] Middleware:2950 - Invalid RefComponent list
2026-07-31 10:18:19,191 [ERROR] Middleware:2950 - Invalid RefComponent list
2026-07-31 10:18:19,191 [ERROR] Middleware:2950 - Invalid RefComponent list
2026-07-31 10:18:19,191 [ERROR] Middleware:2950 - Invalid RefComponent list
2026-07-31 10:18:19,191 [ERROR] Middleware:2950 - Invalid RefComponent list
2026-07-31 10:18:19,191 [ERROR] Middleware:2950 - Invalid RefComponent list
2026-07-31 10:18:19,191 [ERROR] Middleware:2950 - Invalid RefComponent list
2026-07-31 10:18:19,191 [ERROR] Middleware:2950 - Invalid RefComponent list
2026-07-31 10:18:19,191 [ERROR] Middleware:2950 - Invalid RefComponent list
2026-07-31 10:18:19,191 [ERROR] Middleware:2950 - Invalid RefComponent list
2026-07-31 10:18:19,191 [ERROR] Middleware:2950 - Invalid RefComponent list
2026-07-31 10:18:19,191 [ERROR] Middleware:2950 - Invalid RefComponent list
2026-07-31 10:18:19,191 [ERROR] Middleware:2950 - Invalid RefComponent list
2026-07-31 10:18:19,191 [ERROR] Middleware:2950 - Invalid RefComponent list
2026-07-31 10:18:19,191 [ERROR] Middleware:2950 - Invalid RefComponent list
2026-07-31 10:18:19,191 [ERROR] Middleware:2950 - Invalid RefComponent list
2026-07-31 10:18:19,191 [ERROR] Middleware:2950 - Invalid RefComponent list
2026-07-31 10:18:19,191 [ERROR] Middleware:2950 - Invalid RefComponent list
2026-07-31 10:18:19,191 [ERROR] Middleware:2950 - Invalid RefComponent list
2026-07-31 10:18:19,191 [ERROR] Middleware:2950 - Invalid RefComponent list
2026-07-31 10:18:19,191 [ERROR] Middleware:2950 - Invalid RefComponent list
2026-07-31 10:18:19,191 [ERROR] Middleware:2950 - Invalid RefComponent list
2026-07-31 10:18:19,192 [ERROR] Middleware:2950 - Invalid RefComponent list
2026-07-31 10:18:19,192 [ERROR] Middleware:2950 - Invalid RefComponent list
2026-07-31 10:18:19,192 [ERROR] Middleware:2950 - Invalid RefComponent list
2026-07-31 10:18:19,192 [ERROR] Middleware:2950 - Invalid RefComponent list
2026-07-31 10:18:19,192 [ERROR] Middleware:2950 - Invalid RefComponent list
2026-07-31 10:18:19,192 [ERROR] Middleware:2950 - Invalid RefComponent list
2026-07-31 10:18:19,192 [ERROR] Middleware:2950 - Invalid RefComponent list
2026-07-31 10:18:19,192 [ERROR] Middleware:2950 - Invalid RefComponent list
2026-07-31 10:18:19,192 [ERROR] Middleware:2950 - Invalid RefComponent list
2026-07-31 10:18:19,192 [ERROR] Middleware:2950 - Invalid RefComponent list
2026-07-31 10:18:19,192 [ERROR] Middleware:2950 - Invalid RefComponent list
2026-07-31 10:18:19,192 [ERROR] Middleware:2950 - Invalid RefComponent list
2026-07-31 10:18:19,192 [ERROR] Middleware:2950 - Invalid RefComponent list
2026-07-31 10:18:19,192 [ERROR] Middleware:2950 - Invalid RefComponent list
2026-07-31 10:18:19,192 [ERROR] Middleware:2950 - Invalid RefComponent list
2026-07-31 10:18:19,192 [ERROR] Middleware:2950 - Invalid RefComponent list
2026-07-31 10:18:19,192 [ERROR] Middleware:2950 - Invalid RefComponent list
2026-07-31 10:18:19,192 [ERROR] Middleware:2950 - Invalid RefComponent list
2026-07-31 10:18:19,192 [ERROR] Middleware:2950 - Invalid RefComponent list
2026-07-31 10:18:19,192 [ERROR] Middleware:2950 - Invalid RefComponent list
2026-07-31 10:18:19,192 [ERROR] Middleware:2950 - Invalid RefComponent list
2026-07-31 10:18:19,192 [ERROR] Middleware:2950 - Invalid RefComponent list
2026-07-31 10:18:19,192 [ERROR] Middleware:2950 - Invalid RefComponent list
2026-07-31 10:18:19,192 [ERROR] Middleware:2950 - Invalid RefComponent list
2026-07-31 10:18:19,192 [ERROR] Middleware:2950 - Invalid RefComponent list
2026-07-31 10:18:19,192 [ERROR] Middleware:2950 - Invalid RefComponent list
2026-07-31 10:18:19,192 [ERROR] Middleware:2950 - Invalid RefComponent list
2026-07-31 10:18:19,192 [ERROR] Middleware:2950 - Invalid RefComponent list
2026-07-31 10:18:19,193 [INFO] ProjectBuilder:5216 - Project Generator version: 4.7.0-B52
2026-07-31 10:18:19,230 [INFO] ConfigFileManager:1595 - The Die is : DIE470
2026-07-31 10:18:19,719 [INFO] ProjectBuilder:5496 - Time for Generating toolchain IDE Files: 525mS.
2026-07-31 10:18:19,720 [INFO] ProjectBuilder:3463 - Time for Copy CMSIS : 1mS.
2026-07-31 10:18:19,721 [INFO] ProjectBuilder:3463 - Time for Copy CMSIS : 0mS.
2026-07-31 10:18:19,915 [INFO] UtilMem:75 - End SaveConfig() Used Memory: 930739800 Bytes (1073741824)
2026-07-31 10:18:21,869 [INFO] UtilMem:75 - End SaveConfig() Used Memory: 877262424 Bytes (1073741824)
2026-07-31 10:18:21,980 [INFO] UtilMem:75 - End SaveConfig() Used Memory: 917634648 Bytes (1073741824)
2026-07-31 10:18:22,076 [INFO] BlockDiagram:2775 - set Specific Code input for plugin: SYS
2026-07-31 10:18:22,076 [INFO] BlockDiagram:2775 - set Specific Code input for plugin: RCC
2026-07-31 10:18:22,076 [INFO] BlockDiagram:2775 - set Specific Code input for plugin: I2C
2026-07-31 10:18:22,076 [INFO] BlockDiagram:2775 - set Specific Code input for plugin: NVIC
2026-07-31 10:18:22,076 [INFO] BlockDiagram:2775 - set Specific Code input for plugin: USART
2026-07-31 10:18:22,076 [INFO] BlockDiagram:2775 - set Specific Code input for plugin: STMicroelectronics.X-CUBE-AI.10.2.1
2026-07-31 10:18:22,076 [INFO] BlockDiagram:2775 - set Specific Code input for plugin: GPIO
2026-07-31 10:18:22,077 [INFO] CodeGenerator:892 - code generatio: config db path: C:\ST\STM32CubeIDE_1.19.0\STM32CubeIDE\plugins\com.st.stm32cube.common.mx_6.15.0.202507011659\\db\
2026-07-31 10:18:22,116 [INFO] IP:3329 - RTE Config file name : RTE_Component
2026-07-31 10:18:22,116 [INFO] IP:3347 - RTE template : RTE_Components.ftl
2026-07-31 10:18:22,120 [INFO] CodeEngine:265 - oldGeneratedFile, D:\RKS_TinyML_Workspace\TinyML_Workshop_Nitte\STM32\DL_Inference\MXTmpFiles\license.tmp_save
2026-07-31 10:18:22,152 [INFO] CodeEngine:289 - Generated code: D:\RKS_TinyML_Workspace\TinyML_Workshop_Nitte\STM32\DL_Inference\MXTmpFiles\license.tmp
2026-07-31 10:18:22,161 [INFO] CodeEngine:265 - oldGeneratedFile, D:\RKS_TinyML_Workspace\TinyML_Workshop_Nitte\STM32\DL_Inference\MXTmpFiles\gpio.tmp_save
2026-07-31 10:18:22,209 [INFO] CodeEngine:289 - Generated code: D:\RKS_TinyML_Workspace\TinyML_Workshop_Nitte\STM32\DL_Inference\MXTmpFiles\gpio.tmp
2026-07-31 10:18:22,242 [INFO] Middleware:1452 - No code input for Bsp Dependency
2026-07-31 10:18:22,243 [INFO] Middleware:1452 - No code input for Bsp Dependency
2026-07-31 10:18:22,248 [INFO] CodeEngine:265 - oldGeneratedFile, D:\RKS_TinyML_Workspace\TinyML_Workshop_Nitte\STM32\DL_Inference\Core\Src\stm32l4xx_it.c_save
2026-07-31 10:18:22,278 [INFO] CodeEngine:289 - Generated code: D:\RKS_TinyML_Workspace\TinyML_Workshop_Nitte\STM32\DL_Inference\Core\Src\stm32l4xx_it.c
2026-07-31 10:18:22,281 [INFO] CodeEngine:265 - oldGeneratedFile, D:\RKS_TinyML_Workspace\TinyML_Workshop_Nitte\STM32\DL_Inference\Core\Inc\stm32l4xx_it.h_save
2026-07-31 10:18:22,311 [INFO] CodeEngine:289 - Generated code: D:\RKS_TinyML_Workspace\TinyML_Workshop_Nitte\STM32\DL_Inference\Core\Inc\stm32l4xx_it.h
2026-07-31 10:18:22,319 [INFO] CodeEngine:265 - oldGeneratedFile, D:\RKS_TinyML_Workspace\TinyML_Workshop_Nitte\STM32\DL_Inference\Core\Src\stm32l4xx_hal_msp.c_save
2026-07-31 10:18:22,364 [INFO] CodeEngine:289 - Generated code: D:\RKS_TinyML_Workspace\TinyML_Workshop_Nitte\STM32\DL_Inference\Core\Src\stm32l4xx_hal_msp.c
2026-07-31 10:18:22,366 [INFO] CodeEngine:265 - oldGeneratedFile, D:\RKS_TinyML_Workspace\TinyML_Workshop_Nitte\STM32\DL_Inference\MXTmpFiles\system.tmp_save
2026-07-31 10:18:22,396 [INFO] CodeEngine:289 - Generated code: D:\RKS_TinyML_Workspace\TinyML_Workshop_Nitte\STM32\DL_Inference\MXTmpFiles\system.tmp
2026-07-31 10:18:22,401 [INFO] CodeEngine:321 - oldGeneratedFile, D:\RKS_TinyML_Workspace\TinyML_Workshop_Nitte\STM32\DL_Inference\Core\Inc\stm32l4xx_hal_conf.h_save
2026-07-31 10:18:22,433 [INFO] CodeEngine:345 - Generated code: D:\RKS_TinyML_Workspace\TinyML_Workshop_Nitte\STM32\DL_Inference\Core\Inc\stm32l4xx_hal_conf.h
2026-07-31 10:18:22,443 [INFO] CodeEngine:265 - oldGeneratedFile, D:\RKS_TinyML_Workspace\TinyML_Workshop_Nitte\STM32\DL_Inference\Core\Inc\main.h_save
2026-07-31 10:18:22,475 [INFO] CodeEngine:289 - Generated code: D:\RKS_TinyML_Workspace\TinyML_Workshop_Nitte\STM32\DL_Inference\Core\Inc\main.h
2026-07-31 10:18:22,478 [INFO] CodeEngine:265 - oldGeneratedFile, D:\RKS_TinyML_Workspace\TinyML_Workshop_Nitte\STM32\DL_Inference\Core\Src\main.c_save
2026-07-31 10:18:22,521 [INFO] CodeEngine:289 - Generated code: D:\RKS_TinyML_Workspace\TinyML_Workshop_Nitte\STM32\DL_Inference\Core\Src\main.c
2026-07-31 10:18:22,675 [INFO] AInterface:322 - ModelName:network; files:[D:\RKS_TinyML_Workspace\TinyML_Workshop_Nitte\ONNX\mlp_model.onnx]; type:ONNX; compression:None
2026-07-31 10:18:22,676 [INFO] AInterface:526 - workspaceTempDir: C:/Users/ADMIN/AppData/Local/Temp/mxAI_workspace10458812189073600552905807993804747
2026-07-31 10:18:22,676 [INFO] AInterface:1179 - Setting Env: C:/Users/ADMIN/STM32Cube/Repository//Packs/STMicroelectronics/X-CUBE-AI/10.2.1/Utilities/windows
2026-07-31 10:18:22,678 [INFO] STM32CubeIDEBuilder:265 - Looking for gnu-tools-for-stm32 tools/bin/arm-none-eabi-gcc.exe in C:\ST\STM32CubeIDE_1.19.0\STM32CubeIDE
2026-07-31 10:18:22,679 [INFO] STM32CubeIDEBuilder:294 - checking C:\ST\STM32CubeIDE_1.19.0\STM32CubeIDE\plugins\com.st.stm32cube.ide.mcu.externaltools.gnu-tools-for-stm32.13.3.rel1.win32_1.0.0.202411081344\tools\bin\arm-none-eabi-gcc.exe
2026-07-31 10:18:22,679 [INFO] STM32CubeIDEBuilder:297 - ret=C:\ST\STM32CubeIDE_1.19.0\STM32CubeIDE\plugins\com.st.stm32cube.ide.mcu.externaltools.gnu-tools-for-stm32.13.3.rel1.win32_1.0.0.202411081344\tools\bin\arm-none-eabi-gcc.exe
2026-07-31 10:18:22,679 [INFO] STM32CubeIDEBuilder:311 - returning C:\ST\STM32CubeIDE_1.19.0\STM32CubeIDE\plugins\com.st.stm32cube.ide.mcu.externaltools.gnu-tools-for-stm32.13.3.rel1.win32_1.0.0.202411081344\tools\bin\arm-none-eabi-gcc.exe
2026-07-31 10:18:22,679 [INFO] AInterface:1236 - Custom PATH variable: C:/Users/ADMIN/STM32Cube/Repository//Packs/STMicroelectronics/X-CUBE-AI/10.2.1/Utilities/windows;C:/Users/ADMIN/STM32Cube/Repository//Packs/STMicroelectronics/X-CUBE-AI/10.2.1/Utilities/windows/mingw64/bin;C:/Users/ADMIN/STM32Cube/Repository//Packs/STMicroelectronics/X-CUBE-AI/10.2.1/Utilities/windows/mingw64/libexec/gcc/x86_64-w64-mingw32/7.3.0;;C:\ST\STM32CubeIDE_1.19.0\STM32CubeIDE\plugins\com.st.stm32cube.ide.mcu.externaltools.gnu-tools-for-stm32.13.3.rel1.win32_1.0.0.202411081344\tools\bin
2026-07-31 10:18:22,680 [INFO] CmdLine:115 - Command: C:/Users/ADMIN/STM32Cube/Repository//Packs/STMicroelectronics/X-CUBE-AI/10.2.1/Utilities/windows/stedgeai.exe generate --target stm32l4 --name network -m D:/RKS_TinyML_Workspace/TinyML_Workshop_Nitte/ONNX/mlp_model.onnx --compression none --verbosity 1 --workspace C:/Users/ADMIN/AppData/Local/Temp/mxAI_workspace10458812189073600552905807993804747 --output C:/Users/ADMIN/.stm32cubemx/network_output
2026-07-31 10:18:22,681 [INFO] AIModelDetailledView:2264 - Analysis status: pending
2026-07-31 10:18:23,008 [INFO] CmdLine:76 - ST Edge AI Core v2.2.0-20266 2adc00962
2026-07-31 10:18:26,727 [INFO] CmdLine:76 - Creating c (debug) info json file C:\Users\ADMIN\.stm32cubemx\network_output\network_c_info.json
2026-07-31 10:18:26,739 [INFO] CmdLine:76 -  
2026-07-31 10:18:26,739 [INFO] CmdLine:76 -  Exec/report summary (generate)
2026-07-31 10:18:26,739 [INFO] CmdLine:76 -  -------------------------------------------------------------------------------------------------------------
2026-07-31 10:18:26,739 [INFO] CmdLine:76 -  model file         :   D:\RKS_TinyML_Workspace\TinyML_Workshop_Nitte\ONNX\mlp_model.onnx                     
2026-07-31 10:18:26,739 [INFO] CmdLine:76 -  type               :   onnx                                                                                  
2026-07-31 10:18:26,740 [INFO] CmdLine:76 -  c_name             :   network                                                                               
2026-07-31 10:18:26,740 [INFO] CmdLine:76 -  compression        :   none                                                                                  
2026-07-31 10:18:26,740 [INFO] CmdLine:76 -  options            :   allocate-inputs, allocate-outputs                                                     
2026-07-31 10:18:26,740 [INFO] CmdLine:76 -  optimization       :   balanced                                                                              
2026-07-31 10:18:26,740 [INFO] CmdLine:76 -  target/series      :   stm32l4                                                                               
2026-07-31 10:18:26,740 [INFO] CmdLine:76 -  workspace dir      :   C:\Users\ADMIN\AppData\Local\Temp\mxAI_workspace10458812189073600552905807993804747   
2026-07-31 10:18:26,740 [INFO] CmdLine:76 -  output dir         :   C:\Users\ADMIN\.stm32cubemx\network_output                                            
2026-07-31 10:18:26,740 [INFO] CmdLine:76 -  model_fmt          :   float                                                                                 
2026-07-31 10:18:26,740 [INFO] CmdLine:76 -  model_name         :   mlp_model                                                                             
2026-07-31 10:18:26,740 [INFO] CmdLine:76 -  model_hash         :   0x9730d768958be9e4562e5107bd0a979c                                                    
2026-07-31 10:18:26,740 [INFO] CmdLine:76 -  params #           :   2,693 items (10.52 KiB)                                                               
2026-07-31 10:18:26,740 [INFO] CmdLine:76 -  -------------------------------------------------------------------------------------------------------------
2026-07-31 10:18:26,740 [INFO] CmdLine:76 -  input 1/1          :   'input', f32(1x6), 24 Bytes, activations                                              
2026-07-31 10:18:26,740 [INFO] CmdLine:76 -  output 1/1         :   'output', f32(1x5), 20 Bytes, activations                                             
2026-07-31 10:18:26,740 [INFO] CmdLine:76 -  macc               :   2,789                                                                                 
2026-07-31 10:18:26,740 [INFO] CmdLine:76 -  weights (ro)       :   10,772 B (10.52 KiB) (1 segment)                                                      
2026-07-31 10:18:26,740 [INFO] CmdLine:76 -  activations (rw)   :   384 B (384 B) (1 segment) *                                                           
2026-07-31 10:18:26,740 [INFO] CmdLine:76 -  ram (total)        :   384 B (384 B) = 384 + 0 + 0                                                           
2026-07-31 10:18:26,740 [INFO] CmdLine:76 -  -------------------------------------------------------------------------------------------------------------
2026-07-31 10:18:26,740 [INFO] CmdLine:76 -  (*) 'input'/'output' buffers are allocated in the activations buffer
2026-07-31 10:18:26,742 [INFO] CmdLine:76 - Computing AI RT data/code size (target=stm32l4)..
2026-07-31 10:18:27,402 [INFO] CmdLine:76 -  Requested memory size by section - "stm32l4" target
2026-07-31 10:18:27,402 [INFO] CmdLine:76 -  ------------------------------ ------- -------- ------- -----
2026-07-31 10:18:27,402 [INFO] CmdLine:76 -  module                            text   rodata    data   bss
2026-07-31 10:18:27,402 [INFO] CmdLine:76 -  ------------------------------ ------- -------- ------- -----
2026-07-31 10:18:27,402 [INFO] CmdLine:76 -  NetworkRuntime1020_CM4_GCC.a     6,452        0       0     0
2026-07-31 10:18:27,402 [INFO] CmdLine:76 -  network.o                          528       40   1,584   140
2026-07-31 10:18:27,402 [INFO] CmdLine:76 -  network_data.o                      48       16      88     0
2026-07-31 10:18:27,402 [INFO] CmdLine:76 -  lib (toolchain)*                     0        0       0     0
2026-07-31 10:18:27,402 [INFO] CmdLine:76 -  ------------------------------ ------- -------- ------- -----
2026-07-31 10:18:27,403 [INFO] CmdLine:76 -  RT total**                       7,028       56   1,672   140
2026-07-31 10:18:27,403 [INFO] CmdLine:76 -  ------------------------------ ------- -------- ------- -----
2026-07-31 10:18:27,403 [INFO] CmdLine:76 -  weights                              0   10,776       0     0
2026-07-31 10:18:27,403 [INFO] CmdLine:76 -  activations                          0        0       0   384
2026-07-31 10:18:27,403 [INFO] CmdLine:76 -  io                                   0        0       0     0
2026-07-31 10:18:27,403 [INFO] CmdLine:76 -  ------------------------------ ------- -------- ------- -----
2026-07-31 10:18:27,403 [INFO] CmdLine:76 -  TOTAL                            7,028   10,832   1,672   524
2026-07-31 10:18:27,403 [INFO] CmdLine:76 -  ------------------------------ ------- -------- ------- -----
2026-07-31 10:18:27,403 [INFO] CmdLine:76 -  *  toolchain objects (libm/libgcc*)
2026-07-31 10:18:27,403 [INFO] CmdLine:76 -  ** RT AI runtime objects (kernels+infrastructure)
2026-07-31 10:18:27,403 [INFO] CmdLine:76 -   Summary - "stm32l4" target
2026-07-31 10:18:27,403 [INFO] CmdLine:76 -   ---------------------------------------------------
2026-07-31 10:18:27,403 [INFO] CmdLine:76 -                FLASH (ro)      %*   RAM (rw)       %
2026-07-31 10:18:27,403 [INFO] CmdLine:76 -   ---------------------------------------------------
2026-07-31 10:18:27,403 [INFO] CmdLine:76 -   RT total          8,756   44.8%      1,812   82.5%
2026-07-31 10:18:27,403 [INFO] CmdLine:76 -   ---------------------------------------------------
2026-07-31 10:18:27,403 [INFO] CmdLine:76 -   TOTAL            19,532              2,196
2026-07-31 10:18:27,403 [INFO] CmdLine:76 -   ---------------------------------------------------
2026-07-31 10:18:27,403 [INFO] CmdLine:76 -   *  rt/total
2026-07-31 10:18:27,403 [INFO] CmdLine:76 -  Generated files (7)
2026-07-31 10:18:27,403 [INFO] CmdLine:76 -  ------------------------------------------------------------------
2026-07-31 10:18:27,404 [INFO] CmdLine:76 -  C:\Users\ADMIN\.stm32cubemx\network_output\network_data_params.h
2026-07-31 10:18:27,404 [INFO] CmdLine:76 -  C:\Users\ADMIN\.stm32cubemx\network_output\network_data_params.c
2026-07-31 10:18:27,404 [INFO] CmdLine:76 -  C:\Users\ADMIN\.stm32cubemx\network_output\network_data.h
2026-07-31 10:18:27,404 [INFO] CmdLine:76 -  C:\Users\ADMIN\.stm32cubemx\network_output\network_data.c
2026-07-31 10:18:27,404 [INFO] CmdLine:76 -  C:\Users\ADMIN\.stm32cubemx\network_output\network_config.h
2026-07-31 10:18:27,404 [INFO] CmdLine:76 -  C:\Users\ADMIN\.stm32cubemx\network_output\network.h
2026-07-31 10:18:27,404 [INFO] CmdLine:76 -  C:\Users\ADMIN\.stm32cubemx\network_output\network.c
2026-07-31 10:18:27,404 [INFO] CmdLine:76 - Creating txt report file C:\Users\ADMIN\.stm32cubemx\network_output\network_generate_report.txt
2026-07-31 10:18:33,150 [INFO] CmdLine:76 - elapsed time (generate): 10.144s
2026-07-31 10:18:33,513 [INFO] CmdLine:148 - stedgeai exit with status: 0
2026-07-31 10:18:33,517 [INFO] AIModelDetailledView:2264 - Analysis status: done
2026-07-31 10:18:33,689 [INFO] ProjectBuilder:3606 - Time for Copy HAL[1] : 60mS.
2026-07-31 10:18:33,689 [ERROR] Middleware:2950 - Invalid RefComponent list
2026-07-31 10:18:33,689 [ERROR] Middleware:2950 - Invalid RefComponent list
2026-07-31 10:18:33,689 [ERROR] Middleware:2950 - Invalid RefComponent list
2026-07-31 10:18:33,690 [ERROR] Middleware:2950 - Invalid RefComponent list
2026-07-31 10:18:33,690 [ERROR] Middleware:2950 - Invalid RefComponent list
2026-07-31 10:18:33,690 [ERROR] Middleware:2950 - Invalid RefComponent list
2026-07-31 10:18:33,690 [ERROR] Middleware:2950 - Invalid RefComponent list
2026-07-31 10:18:33,690 [ERROR] Middleware:2950 - Invalid RefComponent list
2026-07-31 10:18:33,690 [ERROR] Middleware:2950 - Invalid RefComponent list
2026-07-31 10:18:33,690 [ERROR] Middleware:2950 - Invalid RefComponent list
2026-07-31 10:18:33,690 [ERROR] Middleware:2950 - Invalid RefComponent list
2026-07-31 10:18:33,690 [ERROR] Middleware:2950 - Invalid RefComponent list
2026-07-31 10:18:33,690 [ERROR] Middleware:2950 - Invalid RefComponent list
2026-07-31 10:18:33,690 [ERROR] Middleware:2950 - Invalid RefComponent list
2026-07-31 10:18:33,690 [ERROR] Middleware:2950 - Invalid RefComponent list
2026-07-31 10:18:33,690 [ERROR] Middleware:2950 - Invalid RefComponent list
2026-07-31 10:18:33,690 [ERROR] Middleware:2950 - Invalid RefComponent list
2026-07-31 10:18:33,690 [ERROR] Middleware:2950 - Invalid RefComponent list
2026-07-31 10:18:33,690 [ERROR] Middleware:2950 - Invalid RefComponent list
2026-07-31 10:18:33,690 [ERROR] Middleware:2950 - Invalid RefComponent list
2026-07-31 10:18:33,690 [ERROR] Middleware:2950 - Invalid RefComponent list
2026-07-31 10:18:33,690 [ERROR] Middleware:2950 - Invalid RefComponent list
2026-07-31 10:18:33,690 [ERROR] Middleware:2950 - Invalid RefComponent list
2026-07-31 10:18:33,690 [ERROR] Middleware:2950 - Invalid RefComponent list
2026-07-31 10:18:33,690 [ERROR] Middleware:2950 - Invalid RefComponent list
2026-07-31 10:18:33,690 [ERROR] Middleware:2950 - Invalid RefComponent list
2026-07-31 10:18:33,690 [ERROR] Middleware:2950 - Invalid RefComponent list
2026-07-31 10:18:33,690 [ERROR] Middleware:2950 - Invalid RefComponent list
2026-07-31 10:18:33,690 [ERROR] Middleware:2950 - Invalid RefComponent list
2026-07-31 10:18:33,690 [ERROR] Middleware:2950 - Invalid RefComponent list
2026-07-31 10:18:33,690 [ERROR] Middleware:2950 - Invalid RefComponent list
2026-07-31 10:18:33,690 [ERROR] Middleware:2950 - Invalid RefComponent list
2026-07-31 10:18:33,690 [ERROR] Middleware:2950 - Invalid RefComponent list
2026-07-31 10:18:33,690 [ERROR] Middleware:2950 - Invalid RefComponent list
2026-07-31 10:18:33,690 [ERROR] Middleware:2950 - Invalid RefComponent list
2026-07-31 10:18:33,690 [ERROR] Middleware:2950 - Invalid RefComponent list
2026-07-31 10:18:33,690 [ERROR] Middleware:2950 - Invalid RefComponent list
2026-07-31 10:18:33,690 [ERROR] Middleware:2950 - Invalid RefComponent list
2026-07-31 10:18:33,690 [ERROR] Middleware:2950 - Invalid RefComponent list
2026-07-31 10:18:33,690 [ERROR] Middleware:2950 - Invalid RefComponent list
2026-07-31 10:18:33,690 [ERROR] Middleware:2950 - Invalid RefComponent list
2026-07-31 10:18:33,690 [ERROR] Middleware:2950 - Invalid RefComponent list
2026-07-31 10:18:33,690 [ERROR] Middleware:2950 - Invalid RefComponent list
2026-07-31 10:18:33,690 [ERROR] Middleware:2950 - Invalid RefComponent list
2026-07-31 10:18:33,690 [ERROR] Middleware:2950 - Invalid RefComponent list
2026-07-31 10:18:33,690 [ERROR] Middleware:2950 - Invalid RefComponent list
2026-07-31 10:18:33,690 [ERROR] Middleware:2950 - Invalid RefComponent list
2026-07-31 10:18:33,690 [ERROR] Middleware:2950 - Invalid RefComponent list
2026-07-31 10:18:33,690 [ERROR] Middleware:2950 - Invalid RefComponent list
2026-07-31 10:18:33,690 [ERROR] Middleware:2950 - Invalid RefComponent list
2026-07-31 10:18:33,691 [INFO] ProjectBuilder:5216 - Project Generator version: 4.7.0-B52
2026-07-31 10:18:33,727 [INFO] ConfigFileManager:1595 - The Die is : DIE470
2026-07-31 10:18:34,126 [INFO] ProjectBuilder:5496 - Time for Generating toolchain IDE Files: 435mS.
2026-07-31 10:18:34,127 [INFO] ProjectBuilder:3463 - Time for Copy CMSIS : 1mS.
2026-07-31 10:18:34,128 [INFO] ProjectBuilder:3463 - Time for Copy CMSIS : 0mS.
2026-07-31 10:21:08,727 [INFO] UtilMem:75 - End SaveConfig() Used Memory: 964467152 Bytes (1073741824)
2026-07-31 10:21:09,996 [INFO] UtilMem:75 - End SaveConfig() Used Memory: 1005264872 Bytes (1073741824)
2026-07-31 10:21:10,120 [INFO] UtilMem:75 - End SaveConfig() Used Memory: 848927688 Bytes (1073741824)
2026-07-31 10:21:10,232 [INFO] BlockDiagram:2775 - set Specific Code input for plugin: SYS
2026-07-31 10:21:10,233 [INFO] BlockDiagram:2775 - set Specific Code input for plugin: RCC
2026-07-31 10:21:10,233 [INFO] BlockDiagram:2775 - set Specific Code input for plugin: I2C
2026-07-31 10:21:10,233 [INFO] BlockDiagram:2775 - set Specific Code input for plugin: NVIC
2026-07-31 10:21:10,233 [INFO] BlockDiagram:2775 - set Specific Code input for plugin: USART
2026-07-31 10:21:10,233 [INFO] BlockDiagram:2775 - set Specific Code input for plugin: STMicroelectronics.X-CUBE-AI.10.2.1
2026-07-31 10:21:10,233 [INFO] BlockDiagram:2775 - set Specific Code input for plugin: GPIO
2026-07-31 10:21:10,234 [INFO] CodeGenerator:892 - code generatio: config db path: C:\ST\STM32CubeIDE_1.19.0\STM32CubeIDE\plugins\com.st.stm32cube.common.mx_6.15.0.202507011659\\db\
2026-07-31 10:21:10,276 [INFO] IP:3329 - RTE Config file name : RTE_Component
2026-07-31 10:21:10,276 [INFO] IP:3347 - RTE template : RTE_Components.ftl
2026-07-31 10:21:10,280 [INFO] CodeEngine:265 - oldGeneratedFile, D:\RKS_TinyML_Workspace\TinyML_Workshop_Nitte\STM32\DL_Inference\MXTmpFiles\license.tmp_save
2026-07-31 10:21:10,320 [INFO] CodeEngine:289 - Generated code: D:\RKS_TinyML_Workspace\TinyML_Workshop_Nitte\STM32\DL_Inference\MXTmpFiles\license.tmp
2026-07-31 10:21:10,330 [INFO] CodeEngine:265 - oldGeneratedFile, D:\RKS_TinyML_Workspace\TinyML_Workshop_Nitte\STM32\DL_Inference\MXTmpFiles\gpio.tmp_save
2026-07-31 10:21:10,370 [INFO] CodeEngine:289 - Generated code: D:\RKS_TinyML_Workspace\TinyML_Workshop_Nitte\STM32\DL_Inference\MXTmpFiles\gpio.tmp
2026-07-31 10:21:10,437 [INFO] Middleware:1452 - No code input for Bsp Dependency
2026-07-31 10:21:10,438 [INFO] Middleware:1452 - No code input for Bsp Dependency
2026-07-31 10:21:10,444 [INFO] CodeEngine:265 - oldGeneratedFile, D:\RKS_TinyML_Workspace\TinyML_Workshop_Nitte\STM32\DL_Inference\Core\Src\stm32l4xx_it.c_save
2026-07-31 10:21:10,487 [INFO] CodeEngine:289 - Generated code: D:\RKS_TinyML_Workspace\TinyML_Workshop_Nitte\STM32\DL_Inference\Core\Src\stm32l4xx_it.c
2026-07-31 10:21:10,490 [INFO] CodeEngine:265 - oldGeneratedFile, D:\RKS_TinyML_Workspace\TinyML_Workshop_Nitte\STM32\DL_Inference\Core\Inc\stm32l4xx_it.h_save
2026-07-31 10:21:10,532 [INFO] CodeEngine:289 - Generated code: D:\RKS_TinyML_Workspace\TinyML_Workshop_Nitte\STM32\DL_Inference\Core\Inc\stm32l4xx_it.h
2026-07-31 10:21:10,538 [INFO] CodeEngine:265 - oldGeneratedFile, D:\RKS_TinyML_Workspace\TinyML_Workshop_Nitte\STM32\DL_Inference\Core\Src\stm32l4xx_hal_msp.c_save
2026-07-31 10:21:10,588 [INFO] CodeEngine:289 - Generated code: D:\RKS_TinyML_Workspace\TinyML_Workshop_Nitte\STM32\DL_Inference\Core\Src\stm32l4xx_hal_msp.c
2026-07-31 10:21:10,590 [INFO] CodeEngine:265 - oldGeneratedFile, D:\RKS_TinyML_Workspace\TinyML_Workshop_Nitte\STM32\DL_Inference\MXTmpFiles\system.tmp_save
2026-07-31 10:21:10,620 [INFO] CodeEngine:289 - Generated code: D:\RKS_TinyML_Workspace\TinyML_Workshop_Nitte\STM32\DL_Inference\MXTmpFiles\system.tmp
2026-07-31 10:21:10,624 [INFO] CodeEngine:321 - oldGeneratedFile, D:\RKS_TinyML_Workspace\TinyML_Workshop_Nitte\STM32\DL_Inference\Core\Inc\stm32l4xx_hal_conf.h_save
2026-07-31 10:21:10,657 [INFO] CodeEngine:345 - Generated code: D:\RKS_TinyML_Workspace\TinyML_Workshop_Nitte\STM32\DL_Inference\Core\Inc\stm32l4xx_hal_conf.h
2026-07-31 10:21:10,668 [INFO] CodeEngine:265 - oldGeneratedFile, D:\RKS_TinyML_Workspace\TinyML_Workshop_Nitte\STM32\DL_Inference\Core\Inc\main.h_save
2026-07-31 10:21:10,702 [INFO] CodeEngine:289 - Generated code: D:\RKS_TinyML_Workspace\TinyML_Workshop_Nitte\STM32\DL_Inference\Core\Inc\main.h
2026-07-31 10:21:10,704 [INFO] CodeEngine:265 - oldGeneratedFile, D:\RKS_TinyML_Workspace\TinyML_Workshop_Nitte\STM32\DL_Inference\Core\Src\main.c_save
2026-07-31 10:21:10,756 [INFO] CodeEngine:289 - Generated code: D:\RKS_TinyML_Workspace\TinyML_Workshop_Nitte\STM32\DL_Inference\Core\Src\main.c
2026-07-31 10:21:10,902 [INFO] AInterface:322 - ModelName:network; files:[D:\RKS_TinyML_Workspace\TinyML_Workshop_Nitte\ONNX\mlp_model.onnx]; type:ONNX; compression:None
2026-07-31 10:21:10,902 [INFO] AInterface:526 - workspaceTempDir: C:/Users/ADMIN/AppData/Local/Temp/mxAI_workspace1045898041566680012858118149028197126
2026-07-31 10:21:10,902 [INFO] AInterface:1179 - Setting Env: C:/Users/ADMIN/STM32Cube/Repository//Packs/STMicroelectronics/X-CUBE-AI/10.2.1/Utilities/windows
2026-07-31 10:21:10,905 [INFO] STM32CubeIDEBuilder:265 - Looking for gnu-tools-for-stm32 tools/bin/arm-none-eabi-gcc.exe in C:\ST\STM32CubeIDE_1.19.0\STM32CubeIDE
2026-07-31 10:21:10,906 [INFO] STM32CubeIDEBuilder:294 - checking C:\ST\STM32CubeIDE_1.19.0\STM32CubeIDE\plugins\com.st.stm32cube.ide.mcu.externaltools.gnu-tools-for-stm32.13.3.rel1.win32_1.0.0.202411081344\tools\bin\arm-none-eabi-gcc.exe
2026-07-31 10:21:10,906 [INFO] STM32CubeIDEBuilder:297 - ret=C:\ST\STM32CubeIDE_1.19.0\STM32CubeIDE\plugins\com.st.stm32cube.ide.mcu.externaltools.gnu-tools-for-stm32.13.3.rel1.win32_1.0.0.202411081344\tools\bin\arm-none-eabi-gcc.exe
2026-07-31 10:21:10,906 [INFO] STM32CubeIDEBuilder:311 - returning C:\ST\STM32CubeIDE_1.19.0\STM32CubeIDE\plugins\com.st.stm32cube.ide.mcu.externaltools.gnu-tools-for-stm32.13.3.rel1.win32_1.0.0.202411081344\tools\bin\arm-none-eabi-gcc.exe
2026-07-31 10:21:10,906 [INFO] AInterface:1236 - Custom PATH variable: C:/Users/ADMIN/STM32Cube/Repository//Packs/STMicroelectronics/X-CUBE-AI/10.2.1/Utilities/windows;C:/Users/ADMIN/STM32Cube/Repository//Packs/STMicroelectronics/X-CUBE-AI/10.2.1/Utilities/windows/mingw64/bin;C:/Users/ADMIN/STM32Cube/Repository//Packs/STMicroelectronics/X-CUBE-AI/10.2.1/Utilities/windows/mingw64/libexec/gcc/x86_64-w64-mingw32/7.3.0;;C:\ST\STM32CubeIDE_1.19.0\STM32CubeIDE\plugins\com.st.stm32cube.ide.mcu.externaltools.gnu-tools-for-stm32.13.3.rel1.win32_1.0.0.202411081344\tools\bin
2026-07-31 10:21:10,907 [INFO] CmdLine:115 - Command: C:/Users/ADMIN/STM32Cube/Repository//Packs/STMicroelectronics/X-CUBE-AI/10.2.1/Utilities/windows/stedgeai.exe generate --target stm32l4 --name network -m D:/RKS_TinyML_Workspace/TinyML_Workshop_Nitte/ONNX/mlp_model.onnx --compression none --verbosity 1 --workspace C:/Users/ADMIN/AppData/Local/Temp/mxAI_workspace1045898041566680012858118149028197126 --output C:/Users/ADMIN/.stm32cubemx/network_output
2026-07-31 10:21:10,907 [INFO] AIModelDetailledView:2264 - Analysis status: pending
2026-07-31 10:21:11,230 [INFO] CmdLine:76 - ST Edge AI Core v2.2.0-20266 2adc00962
2026-07-31 10:21:14,976 [INFO] CmdLine:76 - Creating c (debug) info json file C:\Users\ADMIN\.stm32cubemx\network_output\network_c_info.json
2026-07-31 10:21:14,987 [INFO] CmdLine:76 -  
2026-07-31 10:21:14,987 [INFO] CmdLine:76 -  Exec/report summary (generate)
2026-07-31 10:21:14,988 [INFO] CmdLine:76 -  ---------------------------------------------------------------------------------------------------------------
2026-07-31 10:21:14,988 [INFO] CmdLine:76 -  model file         :   D:\RKS_TinyML_Workspace\TinyML_Workshop_Nitte\ONNX\mlp_model.onnx                       
2026-07-31 10:21:14,988 [INFO] CmdLine:76 -  type               :   onnx                                                                                    
2026-07-31 10:21:14,988 [INFO] CmdLine:76 -  c_name             :   network                                                                                 
2026-07-31 10:21:14,988 [INFO] CmdLine:76 -  compression        :   none                                                                                    
2026-07-31 10:21:14,988 [INFO] CmdLine:76 -  options            :   allocate-inputs, allocate-outputs                                                       
2026-07-31 10:21:14,988 [INFO] CmdLine:76 -  optimization       :   balanced                                                                                
2026-07-31 10:21:14,988 [INFO] CmdLine:76 -  target/series      :   stm32l4                                                                                 
2026-07-31 10:21:14,988 [INFO] CmdLine:76 -  workspace dir      :   C:\Users\ADMIN\AppData\Local\Temp\mxAI_workspace1045898041566680012858118149028197126   
2026-07-31 10:21:14,988 [INFO] CmdLine:76 -  output dir         :   C:\Users\ADMIN\.stm32cubemx\network_output                                              
2026-07-31 10:21:14,988 [INFO] CmdLine:76 -  model_fmt          :   float                                                                                   
2026-07-31 10:21:14,988 [INFO] CmdLine:76 -  model_name         :   mlp_model                                                                               
2026-07-31 10:21:14,988 [INFO] CmdLine:76 -  model_hash         :   0x9730d768958be9e4562e5107bd0a979c                                                      
2026-07-31 10:21:14,988 [INFO] CmdLine:76 -  params #           :   2,693 items (10.52 KiB)                                                                 
2026-07-31 10:21:14,988 [INFO] CmdLine:76 -  ---------------------------------------------------------------------------------------------------------------
2026-07-31 10:21:14,988 [INFO] CmdLine:76 -  input 1/1          :   'input', f32(1x6), 24 Bytes, activations                                                
2026-07-31 10:21:14,988 [INFO] CmdLine:76 -  output 1/1         :   'output', f32(1x5), 20 Bytes, activations                                               
2026-07-31 10:21:14,988 [INFO] CmdLine:76 -  macc               :   2,789                                                                                   
2026-07-31 10:21:14,988 [INFO] CmdLine:76 -  weights (ro)       :   10,772 B (10.52 KiB) (1 segment)                                                        
2026-07-31 10:21:14,988 [INFO] CmdLine:76 -  activations (rw)   :   384 B (384 B) (1 segment) *                                                             
2026-07-31 10:21:14,988 [INFO] CmdLine:76 -  ram (total)        :   384 B (384 B) = 384 + 0 + 0                                                             
2026-07-31 10:21:14,988 [INFO] CmdLine:76 -  ---------------------------------------------------------------------------------------------------------------
2026-07-31 10:21:14,988 [INFO] CmdLine:76 -  (*) 'input'/'output' buffers are allocated in the activations buffer
2026-07-31 10:21:14,990 [INFO] CmdLine:76 - Computing AI RT data/code size (target=stm32l4)..
2026-07-31 10:21:15,674 [INFO] CmdLine:76 -  Requested memory size by section - "stm32l4" target
2026-07-31 10:21:15,674 [INFO] CmdLine:76 -  ------------------------------ ------- -------- ------- -----
2026-07-31 10:21:15,674 [INFO] CmdLine:76 -  module                            text   rodata    data   bss
2026-07-31 10:21:15,674 [INFO] CmdLine:76 -  ------------------------------ ------- -------- ------- -----
2026-07-31 10:21:15,675 [INFO] CmdLine:76 -  NetworkRuntime1020_CM4_GCC.a     6,452        0       0     0
2026-07-31 10:21:15,675 [INFO] CmdLine:76 -  network.o                          528       40   1,584   140
2026-07-31 10:21:15,675 [INFO] CmdLine:76 -  network_data.o                      48       16      88     0
2026-07-31 10:21:15,675 [INFO] CmdLine:76 -  lib (toolchain)*                     0        0       0     0
2026-07-31 10:21:15,675 [INFO] CmdLine:76 -  ------------------------------ ------- -------- ------- -----
2026-07-31 10:21:15,675 [INFO] CmdLine:76 -  RT total**                       7,028       56   1,672   140
2026-07-31 10:21:15,675 [INFO] CmdLine:76 -  ------------------------------ ------- -------- ------- -----
2026-07-31 10:21:15,675 [INFO] CmdLine:76 -  weights                              0   10,776       0     0
2026-07-31 10:21:15,675 [INFO] CmdLine:76 -  activations                          0        0       0   384
2026-07-31 10:21:15,675 [INFO] CmdLine:76 -  io                                   0        0       0     0
2026-07-31 10:21:15,675 [INFO] CmdLine:76 -  ------------------------------ ------- -------- ------- -----
2026-07-31 10:21:15,675 [INFO] CmdLine:76 -  TOTAL                            7,028   10,832   1,672   524
2026-07-31 10:21:15,675 [INFO] CmdLine:76 -  ------------------------------ ------- -------- ------- -----
2026-07-31 10:21:15,675 [INFO] CmdLine:76 -  *  toolchain objects (libm/libgcc*)
2026-07-31 10:21:15,675 [INFO] CmdLine:76 -  ** RT AI runtime objects (kernels+infrastructure)
2026-07-31 10:21:15,675 [INFO] CmdLine:76 -   Summary - "stm32l4" target
2026-07-31 10:21:15,675 [INFO] CmdLine:76 -   ---------------------------------------------------
2026-07-31 10:21:15,676 [INFO] CmdLine:76 -                FLASH (ro)      %*   RAM (rw)       %
2026-07-31 10:21:15,676 [INFO] CmdLine:76 -   ---------------------------------------------------
2026-07-31 10:21:15,676 [INFO] CmdLine:76 -   RT total          8,756   44.8%      1,812   82.5%
2026-07-31 10:21:15,676 [INFO] CmdLine:76 -   ---------------------------------------------------
2026-07-31 10:21:15,676 [INFO] CmdLine:76 -   TOTAL            19,532              2,196
2026-07-31 10:21:15,676 [INFO] CmdLine:76 -   ---------------------------------------------------
2026-07-31 10:21:15,676 [INFO] CmdLine:76 -   *  rt/total
2026-07-31 10:21:15,676 [INFO] CmdLine:76 -  Generated files (7)
2026-07-31 10:21:15,676 [INFO] CmdLine:76 -  ------------------------------------------------------------------
2026-07-31 10:21:15,676 [INFO] CmdLine:76 -  C:\Users\ADMIN\.stm32cubemx\network_output\network_data_params.h
2026-07-31 10:21:15,676 [INFO] CmdLine:76 -  C:\Users\ADMIN\.stm32cubemx\network_output\network_data_params.c
2026-07-31 10:21:15,676 [INFO] CmdLine:76 -  C:\Users\ADMIN\.stm32cubemx\network_output\network_data.h
2026-07-31 10:21:15,676 [INFO] CmdLine:76 -  C:\Users\ADMIN\.stm32cubemx\network_output\network_data.c
2026-07-31 10:21:15,676 [INFO] CmdLine:76 -  C:\Users\ADMIN\.stm32cubemx\network_output\network_config.h
2026-07-31 10:21:15,676 [INFO] CmdLine:76 -  C:\Users\ADMIN\.stm32cubemx\network_output\network.h
2026-07-31 10:21:15,676 [INFO] CmdLine:76 -  C:\Users\ADMIN\.stm32cubemx\network_output\network.c
2026-07-31 10:21:15,676 [INFO] CmdLine:76 - Creating txt report file C:\Users\ADMIN\.stm32cubemx\network_output\network_generate_report.txt
2026-07-31 10:21:28,674 [INFO] CmdLine:76 - elapsed time (generate): 17.444s
2026-07-31 10:21:29,042 [INFO] CmdLine:148 - stedgeai exit with status: 0
2026-07-31 10:21:29,045 [INFO] AIModelDetailledView:2264 - Analysis status: done
2026-07-31 10:21:29,226 [INFO] ProjectBuilder:3606 - Time for Copy HAL[1] : 63mS.
2026-07-31 10:21:29,226 [ERROR] Middleware:2950 - Invalid RefComponent list
2026-07-31 10:21:29,226 [ERROR] Middleware:2950 - Invalid RefComponent list
2026-07-31 10:21:29,226 [ERROR] Middleware:2950 - Invalid RefComponent list
2026-07-31 10:21:29,226 [ERROR] Middleware:2950 - Invalid RefComponent list
2026-07-31 10:21:29,226 [ERROR] Middleware:2950 - Invalid RefComponent list
2026-07-31 10:21:29,226 [ERROR] Middleware:2950 - Invalid RefComponent list
2026-07-31 10:21:29,226 [ERROR] Middleware:2950 - Invalid RefComponent list
2026-07-31 10:21:29,226 [ERROR] Middleware:2950 - Invalid RefComponent list
2026-07-31 10:21:29,226 [ERROR] Middleware:2950 - Invalid RefComponent list
2026-07-31 10:21:29,226 [ERROR] Middleware:2950 - Invalid RefComponent list
2026-07-31 10:21:29,226 [ERROR] Middleware:2950 - Invalid RefComponent list
2026-07-31 10:21:29,226 [ERROR] Middleware:2950 - Invalid RefComponent list
2026-07-31 10:21:29,226 [ERROR] Middleware:2950 - Invalid RefComponent list
2026-07-31 10:21:29,226 [ERROR] Middleware:2950 - Invalid RefComponent list
2026-07-31 10:21:29,226 [ERROR] Middleware:2950 - Invalid RefComponent list
2026-07-31 10:21:29,226 [ERROR] Middleware:2950 - Invalid RefComponent list
2026-07-31 10:21:29,226 [ERROR] Middleware:2950 - Invalid RefComponent list
2026-07-31 10:21:29,226 [ERROR] Middleware:2950 - Invalid RefComponent list
2026-07-31 10:21:29,226 [ERROR] Middleware:2950 - Invalid RefComponent list
2026-07-31 10:21:29,226 [ERROR] Middleware:2950 - Invalid RefComponent list
2026-07-31 10:21:29,226 [ERROR] Middleware:2950 - Invalid RefComponent list
2026-07-31 10:21:29,226 [ERROR] Middleware:2950 - Invalid RefComponent list
2026-07-31 10:21:29,226 [ERROR] Middleware:2950 - Invalid RefComponent list
2026-07-31 10:21:29,226 [ERROR] Middleware:2950 - Invalid RefComponent list
2026-07-31 10:21:29,226 [ERROR] Middleware:2950 - Invalid RefComponent list
2026-07-31 10:21:29,226 [ERROR] Middleware:2950 - Invalid RefComponent list
2026-07-31 10:21:29,226 [ERROR] Middleware:2950 - Invalid RefComponent list
2026-07-31 10:21:29,226 [ERROR] Middleware:2950 - Invalid RefComponent list
2026-07-31 10:21:29,226 [ERROR] Middleware:2950 - Invalid RefComponent list
2026-07-31 10:21:29,226 [ERROR] Middleware:2950 - Invalid RefComponent list
2026-07-31 10:21:29,226 [ERROR] Middleware:2950 - Invalid RefComponent list
2026-07-31 10:21:29,226 [ERROR] Middleware:2950 - Invalid RefComponent list
2026-07-31 10:21:29,226 [ERROR] Middleware:2950 - Invalid RefComponent list
2026-07-31 10:21:29,226 [ERROR] Middleware:2950 - Invalid RefComponent list
2026-07-31 10:21:29,226 [ERROR] Middleware:2950 - Invalid RefComponent list
2026-07-31 10:21:29,226 [ERROR] Middleware:2950 - Invalid RefComponent list
2026-07-31 10:21:29,226 [ERROR] Middleware:2950 - Invalid RefComponent list
2026-07-31 10:21:29,226 [ERROR] Middleware:2950 - Invalid RefComponent list
2026-07-31 10:21:29,226 [ERROR] Middleware:2950 - Invalid RefComponent list
2026-07-31 10:21:29,226 [ERROR] Middleware:2950 - Invalid RefComponent list
2026-07-31 10:21:29,226 [ERROR] Middleware:2950 - Invalid RefComponent list
2026-07-31 10:21:29,226 [ERROR] Middleware:2950 - Invalid RefComponent list
2026-07-31 10:21:29,226 [ERROR] Middleware:2950 - Invalid RefComponent list
2026-07-31 10:21:29,226 [ERROR] Middleware:2950 - Invalid RefComponent list
2026-07-31 10:21:29,226 [ERROR] Middleware:2950 - Invalid RefComponent list
2026-07-31 10:21:29,226 [ERROR] Middleware:2950 - Invalid RefComponent list
2026-07-31 10:21:29,226 [ERROR] Middleware:2950 - Invalid RefComponent list
2026-07-31 10:21:29,226 [ERROR] Middleware:2950 - Invalid RefComponent list
2026-07-31 10:21:29,226 [ERROR] Middleware:2950 - Invalid RefComponent list
2026-07-31 10:21:29,226 [ERROR] Middleware:2950 - Invalid RefComponent list
2026-07-31 10:21:29,228 [INFO] ProjectBuilder:5216 - Project Generator version: 4.7.0-B52
2026-07-31 10:21:29,265 [INFO] ConfigFileManager:1595 - The Die is : DIE470
2026-07-31 10:21:29,685 [INFO] ProjectBuilder:5496 - Time for Generating toolchain IDE Files: 457mS.
2026-07-31 10:21:29,686 [INFO] ProjectBuilder:3463 - Time for Copy CMSIS : 1mS.
2026-07-31 10:21:29,687 [INFO] ProjectBuilder:3463 - Time for Copy CMSIS : 0mS.
2026-07-31 10:21:29,860 [INFO] UtilMem:75 - End SaveConfig() Used Memory: 938904704 Bytes (1073741824)
2026-07-31 10:21:31,379 [INFO] UtilMem:75 - End SaveConfig() Used Memory: 898845112 Bytes (1073741824)
2026-07-31 10:21:31,488 [INFO] UtilMem:75 - End SaveConfig() Used Memory: 941314488 Bytes (1073741824)
2026-07-31 10:21:31,587 [INFO] BlockDiagram:2775 - set Specific Code input for plugin: SYS
2026-07-31 10:21:31,587 [INFO] BlockDiagram:2775 - set Specific Code input for plugin: RCC
2026-07-31 10:21:31,587 [INFO] BlockDiagram:2775 - set Specific Code input for plugin: I2C
2026-07-31 10:21:31,587 [INFO] BlockDiagram:2775 - set Specific Code input for plugin: NVIC
2026-07-31 10:21:31,587 [INFO] BlockDiagram:2775 - set Specific Code input for plugin: USART
2026-07-31 10:21:31,587 [INFO] BlockDiagram:2775 - set Specific Code input for plugin: STMicroelectronics.X-CUBE-AI.10.2.1
2026-07-31 10:21:31,587 [INFO] BlockDiagram:2775 - set Specific Code input for plugin: GPIO
2026-07-31 10:21:31,588 [INFO] CodeGenerator:892 - code generatio: config db path: C:\ST\STM32CubeIDE_1.19.0\STM32CubeIDE\plugins\com.st.stm32cube.common.mx_6.15.0.202507011659\\db\
2026-07-31 10:21:31,645 [INFO] IP:3329 - RTE Config file name : RTE_Component
2026-07-31 10:21:31,646 [INFO] IP:3347 - RTE template : RTE_Components.ftl
2026-07-31 10:21:31,652 [INFO] CodeEngine:265 - oldGeneratedFile, D:\RKS_TinyML_Workspace\TinyML_Workshop_Nitte\STM32\DL_Inference\MXTmpFiles\license.tmp_save
2026-07-31 10:21:31,693 [INFO] CodeEngine:289 - Generated code: D:\RKS_TinyML_Workspace\TinyML_Workshop_Nitte\STM32\DL_Inference\MXTmpFiles\license.tmp
2026-07-31 10:21:31,705 [INFO] CodeEngine:265 - oldGeneratedFile, D:\RKS_TinyML_Workspace\TinyML_Workshop_Nitte\STM32\DL_Inference\MXTmpFiles\gpio.tmp_save
2026-07-31 10:21:31,739 [INFO] CodeEngine:289 - Generated code: D:\RKS_TinyML_Workspace\TinyML_Workshop_Nitte\STM32\DL_Inference\MXTmpFiles\gpio.tmp
2026-07-31 10:21:31,777 [INFO] Middleware:1452 - No code input for Bsp Dependency
2026-07-31 10:21:31,778 [INFO] Middleware:1452 - No code input for Bsp Dependency
2026-07-31 10:21:31,784 [INFO] CodeEngine:265 - oldGeneratedFile, D:\RKS_TinyML_Workspace\TinyML_Workshop_Nitte\STM32\DL_Inference\Core\Src\stm32l4xx_it.c_save
2026-07-31 10:21:31,824 [INFO] CodeEngine:289 - Generated code: D:\RKS_TinyML_Workspace\TinyML_Workshop_Nitte\STM32\DL_Inference\Core\Src\stm32l4xx_it.c
2026-07-31 10:21:31,826 [INFO] CodeEngine:265 - oldGeneratedFile, D:\RKS_TinyML_Workspace\TinyML_Workshop_Nitte\STM32\DL_Inference\Core\Inc\stm32l4xx_it.h_save
2026-07-31 10:21:31,873 [INFO] CodeEngine:289 - Generated code: D:\RKS_TinyML_Workspace\TinyML_Workshop_Nitte\STM32\DL_Inference\Core\Inc\stm32l4xx_it.h
2026-07-31 10:21:31,880 [INFO] CodeEngine:265 - oldGeneratedFile, D:\RKS_TinyML_Workspace\TinyML_Workshop_Nitte\STM32\DL_Inference\Core\Src\stm32l4xx_hal_msp.c_save
2026-07-31 10:21:31,933 [INFO] CodeEngine:289 - Generated code: D:\RKS_TinyML_Workspace\TinyML_Workshop_Nitte\STM32\DL_Inference\Core\Src\stm32l4xx_hal_msp.c
2026-07-31 10:21:31,936 [INFO] CodeEngine:265 - oldGeneratedFile, D:\RKS_TinyML_Workspace\TinyML_Workshop_Nitte\STM32\DL_Inference\MXTmpFiles\system.tmp_save
2026-07-31 10:21:31,967 [INFO] CodeEngine:289 - Generated code: D:\RKS_TinyML_Workspace\TinyML_Workshop_Nitte\STM32\DL_Inference\MXTmpFiles\system.tmp
2026-07-31 10:21:31,972 [INFO] CodeEngine:321 - oldGeneratedFile, D:\RKS_TinyML_Workspace\TinyML_Workshop_Nitte\STM32\DL_Inference\Core\Inc\stm32l4xx_hal_conf.h_save
2026-07-31 10:21:32,006 [INFO] CodeEngine:345 - Generated code: D:\RKS_TinyML_Workspace\TinyML_Workshop_Nitte\STM32\DL_Inference\Core\Inc\stm32l4xx_hal_conf.h
2026-07-31 10:21:32,015 [INFO] CodeEngine:265 - oldGeneratedFile, D:\RKS_TinyML_Workspace\TinyML_Workshop_Nitte\STM32\DL_Inference\Core\Inc\main.h_save
2026-07-31 10:21:32,050 [INFO] CodeEngine:289 - Generated code: D:\RKS_TinyML_Workspace\TinyML_Workshop_Nitte\STM32\DL_Inference\Core\Inc\main.h
2026-07-31 10:21:32,052 [INFO] CodeEngine:265 - oldGeneratedFile, D:\RKS_TinyML_Workspace\TinyML_Workshop_Nitte\STM32\DL_Inference\Core\Src\main.c_save
2026-07-31 10:21:32,103 [INFO] CodeEngine:289 - Generated code: D:\RKS_TinyML_Workspace\TinyML_Workshop_Nitte\STM32\DL_Inference\Core\Src\main.c
2026-07-31 10:21:32,242 [INFO] AInterface:322 - ModelName:network; files:[D:\RKS_TinyML_Workspace\TinyML_Workshop_Nitte\ONNX\mlp_model.onnx]; type:ONNX; compression:None
2026-07-31 10:21:32,242 [INFO] AInterface:526 - workspaceTempDir: C:/Users/ADMIN/AppData/Local/Temp/mxAI_workspace1045900175562940017092534186167756666
2026-07-31 10:21:32,242 [INFO] AInterface:1179 - Setting Env: C:/Users/ADMIN/STM32Cube/Repository//Packs/STMicroelectronics/X-CUBE-AI/10.2.1/Utilities/windows
2026-07-31 10:21:32,244 [INFO] STM32CubeIDEBuilder:265 - Looking for gnu-tools-for-stm32 tools/bin/arm-none-eabi-gcc.exe in C:\ST\STM32CubeIDE_1.19.0\STM32CubeIDE
2026-07-31 10:21:32,245 [INFO] STM32CubeIDEBuilder:294 - checking C:\ST\STM32CubeIDE_1.19.0\STM32CubeIDE\plugins\com.st.stm32cube.ide.mcu.externaltools.gnu-tools-for-stm32.13.3.rel1.win32_1.0.0.202411081344\tools\bin\arm-none-eabi-gcc.exe
2026-07-31 10:21:32,245 [INFO] STM32CubeIDEBuilder:297 - ret=C:\ST\STM32CubeIDE_1.19.0\STM32CubeIDE\plugins\com.st.stm32cube.ide.mcu.externaltools.gnu-tools-for-stm32.13.3.rel1.win32_1.0.0.202411081344\tools\bin\arm-none-eabi-gcc.exe
2026-07-31 10:21:32,245 [INFO] STM32CubeIDEBuilder:311 - returning C:\ST\STM32CubeIDE_1.19.0\STM32CubeIDE\plugins\com.st.stm32cube.ide.mcu.externaltools.gnu-tools-for-stm32.13.3.rel1.win32_1.0.0.202411081344\tools\bin\arm-none-eabi-gcc.exe
2026-07-31 10:21:32,245 [INFO] AInterface:1236 - Custom PATH variable: C:/Users/ADMIN/STM32Cube/Repository//Packs/STMicroelectronics/X-CUBE-AI/10.2.1/Utilities/windows;C:/Users/ADMIN/STM32Cube/Repository//Packs/STMicroelectronics/X-CUBE-AI/10.2.1/Utilities/windows/mingw64/bin;C:/Users/ADMIN/STM32Cube/Repository//Packs/STMicroelectronics/X-CUBE-AI/10.2.1/Utilities/windows/mingw64/libexec/gcc/x86_64-w64-mingw32/7.3.0;;C:\ST\STM32CubeIDE_1.19.0\STM32CubeIDE\plugins\com.st.stm32cube.ide.mcu.externaltools.gnu-tools-for-stm32.13.3.rel1.win32_1.0.0.202411081344\tools\bin
2026-07-31 10:21:32,246 [INFO] CmdLine:115 - Command: C:/Users/ADMIN/STM32Cube/Repository//Packs/STMicroelectronics/X-CUBE-AI/10.2.1/Utilities/windows/stedgeai.exe generate --target stm32l4 --name network -m D:/RKS_TinyML_Workspace/TinyML_Workshop_Nitte/ONNX/mlp_model.onnx --compression none --verbosity 1 --workspace C:/Users/ADMIN/AppData/Local/Temp/mxAI_workspace1045900175562940017092534186167756666 --output C:/Users/ADMIN/.stm32cubemx/network_output
2026-07-31 10:21:32,246 [INFO] AIModelDetailledView:2264 - Analysis status: pending
2026-07-31 10:21:32,549 [INFO] CmdLine:76 - ST Edge AI Core v2.2.0-20266 2adc00962
2026-07-31 10:21:36,279 [INFO] CmdLine:76 - Creating c (debug) info json file C:\Users\ADMIN\.stm32cubemx\network_output\network_c_info.json
2026-07-31 10:21:36,294 [INFO] CmdLine:76 -  
2026-07-31 10:21:36,294 [INFO] CmdLine:76 -  Exec/report summary (generate)
2026-07-31 10:21:36,294 [INFO] CmdLine:76 -  ---------------------------------------------------------------------------------------------------------------
2026-07-31 10:21:36,294 [INFO] CmdLine:76 -  model file         :   D:\RKS_TinyML_Workspace\TinyML_Workshop_Nitte\ONNX\mlp_model.onnx                       
2026-07-31 10:21:36,294 [INFO] CmdLine:76 -  type               :   onnx                                                                                    
2026-07-31 10:21:36,294 [INFO] CmdLine:76 -  c_name             :   network                                                                                 
2026-07-31 10:21:36,294 [INFO] CmdLine:76 -  compression        :   none                                                                                    
2026-07-31 10:21:36,294 [INFO] CmdLine:76 -  options            :   allocate-inputs, allocate-outputs                                                       
2026-07-31 10:21:36,294 [INFO] CmdLine:76 -  optimization       :   balanced                                                                                
2026-07-31 10:21:36,294 [INFO] CmdLine:76 -  target/series      :   stm32l4                                                                                 
2026-07-31 10:21:36,294 [INFO] CmdLine:76 -  workspace dir      :   C:\Users\ADMIN\AppData\Local\Temp\mxAI_workspace1045900175562940017092534186167756666   
2026-07-31 10:21:36,294 [INFO] CmdLine:76 -  output dir         :   C:\Users\ADMIN\.stm32cubemx\network_output                                              
2026-07-31 10:21:36,294 [INFO] CmdLine:76 -  model_fmt          :   float                                                                                   
2026-07-31 10:21:36,294 [INFO] CmdLine:76 -  model_name         :   mlp_model                                                                               
2026-07-31 10:21:36,294 [INFO] CmdLine:76 -  model_hash         :   0x9730d768958be9e4562e5107bd0a979c                                                      
2026-07-31 10:21:36,294 [INFO] CmdLine:76 -  params #           :   2,693 items (10.52 KiB)                                                                 
2026-07-31 10:21:36,294 [INFO] CmdLine:76 -  ---------------------------------------------------------------------------------------------------------------
2026-07-31 10:21:36,294 [INFO] CmdLine:76 -  input 1/1          :   'input', f32(1x6), 24 Bytes, activations                                                
2026-07-31 10:21:36,294 [INFO] CmdLine:76 -  output 1/1         :   'output', f32(1x5), 20 Bytes, activations                                               
2026-07-31 10:21:36,294 [INFO] CmdLine:76 -  macc               :   2,789                                                                                   
2026-07-31 10:21:36,294 [INFO] CmdLine:76 -  weights (ro)       :   10,772 B (10.52 KiB) (1 segment)                                                        
2026-07-31 10:21:36,294 [INFO] CmdLine:76 -  activations (rw)   :   384 B (384 B) (1 segment) *                                                             
2026-07-31 10:21:36,294 [INFO] CmdLine:76 -  ram (total)        :   384 B (384 B) = 384 + 0 + 0                                                             
2026-07-31 10:21:36,294 [INFO] CmdLine:76 -  ---------------------------------------------------------------------------------------------------------------
2026-07-31 10:21:36,294 [INFO] CmdLine:76 -  (*) 'input'/'output' buffers are allocated in the activations buffer
2026-07-31 10:21:36,296 [INFO] CmdLine:76 - Computing AI RT data/code size (target=stm32l4)..
2026-07-31 10:21:36,967 [INFO] CmdLine:76 -  Requested memory size by section - "stm32l4" target
2026-07-31 10:21:36,967 [INFO] CmdLine:76 -  ------------------------------ ------- -------- ------- -----
2026-07-31 10:21:36,968 [INFO] CmdLine:76 -  module                            text   rodata    data   bss
2026-07-31 10:21:36,968 [INFO] CmdLine:76 -  ------------------------------ ------- -------- ------- -----
2026-07-31 10:21:36,968 [INFO] CmdLine:76 -  NetworkRuntime1020_CM4_GCC.a     6,452        0       0     0
2026-07-31 10:21:36,968 [INFO] CmdLine:76 -  network.o                          528       40   1,584   140
2026-07-31 10:21:36,968 [INFO] CmdLine:76 -  network_data.o                      48       16      88     0
2026-07-31 10:21:36,968 [INFO] CmdLine:76 -  lib (toolchain)*                     0        0       0     0
2026-07-31 10:21:36,968 [INFO] CmdLine:76 -  ------------------------------ ------- -------- ------- -----
2026-07-31 10:21:36,968 [INFO] CmdLine:76 -  RT total**                       7,028       56   1,672   140
2026-07-31 10:21:36,968 [INFO] CmdLine:76 -  ------------------------------ ------- -------- ------- -----
2026-07-31 10:21:36,968 [INFO] CmdLine:76 -  weights                              0   10,776       0     0
2026-07-31 10:21:36,968 [INFO] CmdLine:76 -  activations                          0        0       0   384
2026-07-31 10:21:36,968 [INFO] CmdLine:76 -  io                                   0        0       0     0
2026-07-31 10:21:36,968 [INFO] CmdLine:76 -  ------------------------------ ------- -------- ------- -----
2026-07-31 10:21:36,968 [INFO] CmdLine:76 -  TOTAL                            7,028   10,832   1,672   524
2026-07-31 10:21:36,968 [INFO] CmdLine:76 -  ------------------------------ ------- -------- ------- -----
2026-07-31 10:21:36,968 [INFO] CmdLine:76 -  *  toolchain objects (libm/libgcc*)
2026-07-31 10:21:36,968 [INFO] CmdLine:76 -  ** RT AI runtime objects (kernels+infrastructure)
2026-07-31 10:21:36,968 [INFO] CmdLine:76 -   Summary - "stm32l4" target
2026-07-31 10:21:36,968 [INFO] CmdLine:76 -   ---------------------------------------------------
2026-07-31 10:21:36,968 [INFO] CmdLine:76 -                FLASH (ro)      %*   RAM (rw)       %
2026-07-31 10:21:36,969 [INFO] CmdLine:76 -   ---------------------------------------------------
2026-07-31 10:21:36,969 [INFO] CmdLine:76 -   RT total          8,756   44.8%      1,812   82.5%
2026-07-31 10:21:36,969 [INFO] CmdLine:76 -   ---------------------------------------------------
2026-07-31 10:21:36,969 [INFO] CmdLine:76 -   TOTAL            19,532              2,196
2026-07-31 10:21:36,969 [INFO] CmdLine:76 -   ---------------------------------------------------
2026-07-31 10:21:36,969 [INFO] CmdLine:76 -   *  rt/total
2026-07-31 10:21:36,969 [INFO] CmdLine:76 -  Generated files (7)
2026-07-31 10:21:36,969 [INFO] CmdLine:76 -  ------------------------------------------------------------------
2026-07-31 10:21:36,969 [INFO] CmdLine:76 -  C:\Users\ADMIN\.stm32cubemx\network_output\network_data_params.h
2026-07-31 10:21:36,969 [INFO] CmdLine:76 -  C:\Users\ADMIN\.stm32cubemx\network_output\network_data_params.c
2026-07-31 10:21:36,969 [INFO] CmdLine:76 -  C:\Users\ADMIN\.stm32cubemx\network_output\network_data.h
2026-07-31 10:21:36,969 [INFO] CmdLine:76 -  C:\Users\ADMIN\.stm32cubemx\network_output\network_data.c
2026-07-31 10:21:36,969 [INFO] CmdLine:76 -  C:\Users\ADMIN\.stm32cubemx\network_output\network_config.h
2026-07-31 10:21:36,969 [INFO] CmdLine:76 -  C:\Users\ADMIN\.stm32cubemx\network_output\network.h
2026-07-31 10:21:36,969 [INFO] CmdLine:76 -  C:\Users\ADMIN\.stm32cubemx\network_output\network.c
2026-07-31 10:21:36,969 [INFO] CmdLine:76 - Creating txt report file C:\Users\ADMIN\.stm32cubemx\network_output\network_generate_report.txt
2026-07-31 10:21:48,726 [INFO] CmdLine:76 - elapsed time (generate): 16.178s
2026-07-31 10:21:49,093 [INFO] CmdLine:148 - stedgeai exit with status: 0
2026-07-31 10:21:49,097 [INFO] AIModelDetailledView:2264 - Analysis status: done
2026-07-31 10:21:49,276 [INFO] ProjectBuilder:3606 - Time for Copy HAL[1] : 61mS.
2026-07-31 10:21:49,276 [ERROR] Middleware:2950 - Invalid RefComponent list
2026-07-31 10:21:49,276 [ERROR] Middleware:2950 - Invalid RefComponent list
2026-07-31 10:21:49,276 [ERROR] Middleware:2950 - Invalid RefComponent list
2026-07-31 10:21:49,276 [ERROR] Middleware:2950 - Invalid RefComponent list
2026-07-31 10:21:49,276 [ERROR] Middleware:2950 - Invalid RefComponent list
2026-07-31 10:21:49,276 [ERROR] Middleware:2950 - Invalid RefComponent list
2026-07-31 10:21:49,276 [ERROR] Middleware:2950 - Invalid RefComponent list
2026-07-31 10:21:49,276 [ERROR] Middleware:2950 - Invalid RefComponent list
2026-07-31 10:21:49,276 [ERROR] Middleware:2950 - Invalid RefComponent list
2026-07-31 10:21:49,276 [ERROR] Middleware:2950 - Invalid RefComponent list
2026-07-31 10:21:49,276 [ERROR] Middleware:2950 - Invalid RefComponent list
2026-07-31 10:21:49,276 [ERROR] Middleware:2950 - Invalid RefComponent list
2026-07-31 10:21:49,276 [ERROR] Middleware:2950 - Invalid RefComponent list
2026-07-31 10:21:49,277 [ERROR] Middleware:2950 - Invalid RefComponent list
2026-07-31 10:21:49,277 [ERROR] Middleware:2950 - Invalid RefComponent list
2026-07-31 10:21:49,277 [ERROR] Middleware:2950 - Invalid RefComponent list
2026-07-31 10:21:49,277 [ERROR] Middleware:2950 - Invalid RefComponent list
2026-07-31 10:21:49,277 [ERROR] Middleware:2950 - Invalid RefComponent list
2026-07-31 10:21:49,277 [ERROR] Middleware:2950 - Invalid RefComponent list
2026-07-31 10:21:49,277 [ERROR] Middleware:2950 - Invalid RefComponent list
2026-07-31 10:21:49,277 [ERROR] Middleware:2950 - Invalid RefComponent list
2026-07-31 10:21:49,277 [ERROR] Middleware:2950 - Invalid RefComponent list
2026-07-31 10:21:49,277 [ERROR] Middleware:2950 - Invalid RefComponent list
2026-07-31 10:21:49,277 [ERROR] Middleware:2950 - Invalid RefComponent list
2026-07-31 10:21:49,277 [ERROR] Middleware:2950 - Invalid RefComponent list
2026-07-31 10:21:49,277 [ERROR] Middleware:2950 - Invalid RefComponent list
2026-07-31 10:21:49,277 [ERROR] Middleware:2950 - Invalid RefComponent list
2026-07-31 10:21:49,277 [ERROR] Middleware:2950 - Invalid RefComponent list
2026-07-31 10:21:49,277 [ERROR] Middleware:2950 - Invalid RefComponent list
2026-07-31 10:21:49,277 [ERROR] Middleware:2950 - Invalid RefComponent list
2026-07-31 10:21:49,277 [ERROR] Middleware:2950 - Invalid RefComponent list
2026-07-31 10:21:49,277 [ERROR] Middleware:2950 - Invalid RefComponent list
2026-07-31 10:21:49,277 [ERROR] Middleware:2950 - Invalid RefComponent list
2026-07-31 10:21:49,277 [ERROR] Middleware:2950 - Invalid RefComponent list
2026-07-31 10:21:49,277 [ERROR] Middleware:2950 - Invalid RefComponent list
2026-07-31 10:21:49,277 [ERROR] Middleware:2950 - Invalid RefComponent list
2026-07-31 10:21:49,277 [ERROR] Middleware:2950 - Invalid RefComponent list
2026-07-31 10:21:49,277 [ERROR] Middleware:2950 - Invalid RefComponent list
2026-07-31 10:21:49,277 [ERROR] Middleware:2950 - Invalid RefComponent list
2026-07-31 10:21:49,277 [ERROR] Middleware:2950 - Invalid RefComponent list
2026-07-31 10:21:49,277 [ERROR] Middleware:2950 - Invalid RefComponent list
2026-07-31 10:21:49,277 [ERROR] Middleware:2950 - Invalid RefComponent list
2026-07-31 10:21:49,277 [ERROR] Middleware:2950 - Invalid RefComponent list
2026-07-31 10:21:49,277 [ERROR] Middleware:2950 - Invalid RefComponent list
2026-07-31 10:21:49,277 [ERROR] Middleware:2950 - Invalid RefComponent list
2026-07-31 10:21:49,277 [ERROR] Middleware:2950 - Invalid RefComponent list
2026-07-31 10:21:49,277 [ERROR] Middleware:2950 - Invalid RefComponent list
2026-07-31 10:21:49,277 [ERROR] Middleware:2950 - Invalid RefComponent list
2026-07-31 10:21:49,277 [ERROR] Middleware:2950 - Invalid RefComponent list
2026-07-31 10:21:49,277 [ERROR] Middleware:2950 - Invalid RefComponent list
2026-07-31 10:21:49,278 [INFO] ProjectBuilder:5216 - Project Generator version: 4.7.0-B52
2026-07-31 10:21:49,316 [INFO] ConfigFileManager:1595 - The Die is : DIE470
2026-07-31 10:21:49,801 [INFO] ProjectBuilder:5496 - Time for Generating toolchain IDE Files: 523mS.
2026-07-31 10:21:49,802 [INFO] ProjectBuilder:3463 - Time for Copy CMSIS : 0mS.
2026-07-31 10:21:49,804 [INFO] ProjectBuilder:3463 - Time for Copy CMSIS : 1mS.
2026-07-31 10:22:04,654 [INFO] UtilMem:75 - End SaveConfig() Used Memory: 967912360 Bytes (1073741824)
2026-07-31 10:22:05,960 [INFO] UtilMem:75 - End SaveConfig() Used Memory: 844457728 Bytes (1073741824)
2026-07-31 10:22:06,076 [INFO] UtilMem:75 - End SaveConfig() Used Memory: 884825856 Bytes (1073741824)
2026-07-31 10:22:06,180 [INFO] BlockDiagram:2775 - set Specific Code input for plugin: SYS
2026-07-31 10:22:06,180 [INFO] BlockDiagram:2775 - set Specific Code input for plugin: RCC
2026-07-31 10:22:06,180 [INFO] BlockDiagram:2775 - set Specific Code input for plugin: I2C
2026-07-31 10:22:06,180 [INFO] BlockDiagram:2775 - set Specific Code input for plugin: NVIC
2026-07-31 10:22:06,180 [INFO] BlockDiagram:2775 - set Specific Code input for plugin: USART
2026-07-31 10:22:06,180 [INFO] BlockDiagram:2775 - set Specific Code input for plugin: STMicroelectronics.X-CUBE-AI.10.2.1
2026-07-31 10:22:06,180 [INFO] BlockDiagram:2775 - set Specific Code input for plugin: GPIO
2026-07-31 10:22:06,181 [INFO] CodeGenerator:892 - code generatio: config db path: C:\ST\STM32CubeIDE_1.19.0\STM32CubeIDE\plugins\com.st.stm32cube.common.mx_6.15.0.202507011659\\db\
2026-07-31 10:22:06,224 [INFO] IP:3329 - RTE Config file name : RTE_Component
2026-07-31 10:22:06,224 [INFO] IP:3347 - RTE template : RTE_Components.ftl
2026-07-31 10:22:06,228 [INFO] CodeEngine:265 - oldGeneratedFile, D:\RKS_TinyML_Workspace\TinyML_Workshop_Nitte\STM32\DL_Inference\MXTmpFiles\license.tmp_save
2026-07-31 10:22:06,264 [INFO] CodeEngine:289 - Generated code: D:\RKS_TinyML_Workspace\TinyML_Workshop_Nitte\STM32\DL_Inference\MXTmpFiles\license.tmp
2026-07-31 10:22:06,277 [INFO] CodeEngine:265 - oldGeneratedFile, D:\RKS_TinyML_Workspace\TinyML_Workshop_Nitte\STM32\DL_Inference\MXTmpFiles\gpio.tmp_save
2026-07-31 10:22:06,315 [INFO] CodeEngine:289 - Generated code: D:\RKS_TinyML_Workspace\TinyML_Workshop_Nitte\STM32\DL_Inference\MXTmpFiles\gpio.tmp
2026-07-31 10:22:06,365 [INFO] Middleware:1452 - No code input for Bsp Dependency
2026-07-31 10:22:06,366 [INFO] Middleware:1452 - No code input for Bsp Dependency
2026-07-31 10:22:06,373 [INFO] CodeEngine:265 - oldGeneratedFile, D:\RKS_TinyML_Workspace\TinyML_Workshop_Nitte\STM32\DL_Inference\Core\Src\stm32l4xx_it.c_save
2026-07-31 10:22:06,413 [INFO] CodeEngine:289 - Generated code: D:\RKS_TinyML_Workspace\TinyML_Workshop_Nitte\STM32\DL_Inference\Core\Src\stm32l4xx_it.c
2026-07-31 10:22:06,416 [INFO] CodeEngine:265 - oldGeneratedFile, D:\RKS_TinyML_Workspace\TinyML_Workshop_Nitte\STM32\DL_Inference\Core\Inc\stm32l4xx_it.h_save
2026-07-31 10:22:06,448 [INFO] CodeEngine:289 - Generated code: D:\RKS_TinyML_Workspace\TinyML_Workshop_Nitte\STM32\DL_Inference\Core\Inc\stm32l4xx_it.h
2026-07-31 10:22:06,455 [INFO] CodeEngine:265 - oldGeneratedFile, D:\RKS_TinyML_Workspace\TinyML_Workshop_Nitte\STM32\DL_Inference\Core\Src\stm32l4xx_hal_msp.c_save
2026-07-31 10:22:06,495 [INFO] CodeEngine:289 - Generated code: D:\RKS_TinyML_Workspace\TinyML_Workshop_Nitte\STM32\DL_Inference\Core\Src\stm32l4xx_hal_msp.c
2026-07-31 10:22:06,497 [INFO] CodeEngine:265 - oldGeneratedFile, D:\RKS_TinyML_Workspace\TinyML_Workshop_Nitte\STM32\DL_Inference\MXTmpFiles\system.tmp_save
2026-07-31 10:22:06,523 [INFO] CodeEngine:289 - Generated code: D:\RKS_TinyML_Workspace\TinyML_Workshop_Nitte\STM32\DL_Inference\MXTmpFiles\system.tmp
2026-07-31 10:22:06,528 [INFO] CodeEngine:321 - oldGeneratedFile, D:\RKS_TinyML_Workspace\TinyML_Workshop_Nitte\STM32\DL_Inference\Core\Inc\stm32l4xx_hal_conf.h_save
2026-07-31 10:22:06,557 [INFO] CodeEngine:345 - Generated code: D:\RKS_TinyML_Workspace\TinyML_Workshop_Nitte\STM32\DL_Inference\Core\Inc\stm32l4xx_hal_conf.h
2026-07-31 10:22:06,566 [INFO] CodeEngine:265 - oldGeneratedFile, D:\RKS_TinyML_Workspace\TinyML_Workshop_Nitte\STM32\DL_Inference\Core\Inc\main.h_save
2026-07-31 10:22:06,599 [INFO] CodeEngine:289 - Generated code: D:\RKS_TinyML_Workspace\TinyML_Workshop_Nitte\STM32\DL_Inference\Core\Inc\main.h
2026-07-31 10:22:06,602 [INFO] CodeEngine:265 - oldGeneratedFile, D:\RKS_TinyML_Workspace\TinyML_Workshop_Nitte\STM32\DL_Inference\Core\Src\main.c_save
2026-07-31 10:22:06,655 [INFO] CodeEngine:289 - Generated code: D:\RKS_TinyML_Workspace\TinyML_Workshop_Nitte\STM32\DL_Inference\Core\Src\main.c
2026-07-31 10:22:06,796 [INFO] AInterface:322 - ModelName:network; files:[D:\RKS_TinyML_Workspace\TinyML_Workshop_Nitte\ONNX\mlp_model.onnx]; type:ONNX; compression:None
2026-07-31 10:22:06,796 [INFO] AInterface:526 - workspaceTempDir: C:/Users/ADMIN/AppData/Local/Temp/mxAI_workspace104590363101147005604989179592030610
2026-07-31 10:22:06,796 [INFO] AInterface:1179 - Setting Env: C:/Users/ADMIN/STM32Cube/Repository//Packs/STMicroelectronics/X-CUBE-AI/10.2.1/Utilities/windows
2026-07-31 10:22:06,798 [INFO] STM32CubeIDEBuilder:265 - Looking for gnu-tools-for-stm32 tools/bin/arm-none-eabi-gcc.exe in C:\ST\STM32CubeIDE_1.19.0\STM32CubeIDE
2026-07-31 10:22:06,799 [INFO] STM32CubeIDEBuilder:294 - checking C:\ST\STM32CubeIDE_1.19.0\STM32CubeIDE\plugins\com.st.stm32cube.ide.mcu.externaltools.gnu-tools-for-stm32.13.3.rel1.win32_1.0.0.202411081344\tools\bin\arm-none-eabi-gcc.exe
2026-07-31 10:22:06,800 [INFO] STM32CubeIDEBuilder:297 - ret=C:\ST\STM32CubeIDE_1.19.0\STM32CubeIDE\plugins\com.st.stm32cube.ide.mcu.externaltools.gnu-tools-for-stm32.13.3.rel1.win32_1.0.0.202411081344\tools\bin\arm-none-eabi-gcc.exe
2026-07-31 10:22:06,800 [INFO] STM32CubeIDEBuilder:311 - returning C:\ST\STM32CubeIDE_1.19.0\STM32CubeIDE\plugins\com.st.stm32cube.ide.mcu.externaltools.gnu-tools-for-stm32.13.3.rel1.win32_1.0.0.202411081344\tools\bin\arm-none-eabi-gcc.exe
2026-07-31 10:22:06,800 [INFO] AInterface:1236 - Custom PATH variable: C:/Users/ADMIN/STM32Cube/Repository//Packs/STMicroelectronics/X-CUBE-AI/10.2.1/Utilities/windows;C:/Users/ADMIN/STM32Cube/Repository//Packs/STMicroelectronics/X-CUBE-AI/10.2.1/Utilities/windows/mingw64/bin;C:/Users/ADMIN/STM32Cube/Repository//Packs/STMicroelectronics/X-CUBE-AI/10.2.1/Utilities/windows/mingw64/libexec/gcc/x86_64-w64-mingw32/7.3.0;;C:\ST\STM32CubeIDE_1.19.0\STM32CubeIDE\plugins\com.st.stm32cube.ide.mcu.externaltools.gnu-tools-for-stm32.13.3.rel1.win32_1.0.0.202411081344\tools\bin
2026-07-31 10:22:06,800 [INFO] CmdLine:115 - Command: C:/Users/ADMIN/STM32Cube/Repository//Packs/STMicroelectronics/X-CUBE-AI/10.2.1/Utilities/windows/stedgeai.exe generate --target stm32l4 --name network -m D:/RKS_TinyML_Workspace/TinyML_Workshop_Nitte/ONNX/mlp_model.onnx --compression none --verbosity 1 --workspace C:/Users/ADMIN/AppData/Local/Temp/mxAI_workspace104590363101147005604989179592030610 --output C:/Users/ADMIN/.stm32cubemx/network_output
2026-07-31 10:22:06,801 [INFO] AIModelDetailledView:2264 - Analysis status: pending
2026-07-31 10:22:07,110 [INFO] CmdLine:76 - ST Edge AI Core v2.2.0-20266 2adc00962
2026-07-31 10:22:11,010 [INFO] CmdLine:76 - Creating c (debug) info json file C:\Users\ADMIN\.stm32cubemx\network_output\network_c_info.json
2026-07-31 10:22:11,023 [INFO] CmdLine:76 -  
2026-07-31 10:22:11,023 [INFO] CmdLine:76 -  Exec/report summary (generate)
2026-07-31 10:22:11,023 [INFO] CmdLine:76 -  --------------------------------------------------------------------------------------------------------------
2026-07-31 10:22:11,023 [INFO] CmdLine:76 -  model file         :   D:\RKS_TinyML_Workspace\TinyML_Workshop_Nitte\ONNX\mlp_model.onnx                      
2026-07-31 10:22:11,023 [INFO] CmdLine:76 -  type               :   onnx                                                                                   
2026-07-31 10:22:11,023 [INFO] CmdLine:76 -  c_name             :   network                                                                                
2026-07-31 10:22:11,023 [INFO] CmdLine:76 -  compression        :   none                                                                                   
2026-07-31 10:22:11,023 [INFO] CmdLine:76 -  options            :   allocate-inputs, allocate-outputs                                                      
2026-07-31 10:22:11,023 [INFO] CmdLine:76 -  optimization       :   balanced                                                                               
2026-07-31 10:22:11,023 [INFO] CmdLine:76 -  target/series      :   stm32l4                                                                                
2026-07-31 10:22:11,023 [INFO] CmdLine:76 -  workspace dir      :   C:\Users\ADMIN\AppData\Local\Temp\mxAI_workspace104590363101147005604989179592030610   
2026-07-31 10:22:11,023 [INFO] CmdLine:76 -  output dir         :   C:\Users\ADMIN\.stm32cubemx\network_output                                             
2026-07-31 10:22:11,023 [INFO] CmdLine:76 -  model_fmt          :   float                                                                                  
2026-07-31 10:22:11,023 [INFO] CmdLine:76 -  model_name         :   mlp_model                                                                              
2026-07-31 10:22:11,023 [INFO] CmdLine:76 -  model_hash         :   0x9730d768958be9e4562e5107bd0a979c                                                     
2026-07-31 10:22:11,024 [INFO] CmdLine:76 -  params #           :   2,693 items (10.52 KiB)                                                                
2026-07-31 10:22:11,024 [INFO] CmdLine:76 -  --------------------------------------------------------------------------------------------------------------
2026-07-31 10:22:11,024 [INFO] CmdLine:76 -  input 1/1          :   'input', f32(1x6), 24 Bytes, activations                                               
2026-07-31 10:22:11,024 [INFO] CmdLine:76 -  output 1/1         :   'output', f32(1x5), 20 Bytes, activations                                              
2026-07-31 10:22:11,024 [INFO] CmdLine:76 -  macc               :   2,789                                                                                  
2026-07-31 10:22:11,024 [INFO] CmdLine:76 -  weights (ro)       :   10,772 B (10.52 KiB) (1 segment)                                                       
2026-07-31 10:22:11,024 [INFO] CmdLine:76 -  activations (rw)   :   384 B (384 B) (1 segment) *                                                            
2026-07-31 10:22:11,024 [INFO] CmdLine:76 -  ram (total)        :   384 B (384 B) = 384 + 0 + 0                                                            
2026-07-31 10:22:11,024 [INFO] CmdLine:76 -  --------------------------------------------------------------------------------------------------------------
2026-07-31 10:22:11,024 [INFO] CmdLine:76 -  (*) 'input'/'output' buffers are allocated in the activations buffer
2026-07-31 10:22:11,026 [INFO] CmdLine:76 - Computing AI RT data/code size (target=stm32l4)..
2026-07-31 10:22:11,710 [INFO] CmdLine:76 -  Requested memory size by section - "stm32l4" target
2026-07-31 10:22:11,710 [INFO] CmdLine:76 -  ------------------------------ ------- -------- ------- -----
2026-07-31 10:22:11,710 [INFO] CmdLine:76 -  module                            text   rodata    data   bss
2026-07-31 10:22:11,710 [INFO] CmdLine:76 -  ------------------------------ ------- -------- ------- -----
2026-07-31 10:22:11,710 [INFO] CmdLine:76 -  NetworkRuntime1020_CM4_GCC.a     6,452        0       0     0
2026-07-31 10:22:11,710 [INFO] CmdLine:76 -  network.o                          528       40   1,584   140
2026-07-31 10:22:11,710 [INFO] CmdLine:76 -  network_data.o                      48       16      88     0
2026-07-31 10:22:11,710 [INFO] CmdLine:76 -  lib (toolchain)*                     0        0       0     0
2026-07-31 10:22:11,710 [INFO] CmdLine:76 -  ------------------------------ ------- -------- ------- -----
2026-07-31 10:22:11,710 [INFO] CmdLine:76 -  RT total**                       7,028       56   1,672   140
2026-07-31 10:22:11,710 [INFO] CmdLine:76 -  ------------------------------ ------- -------- ------- -----
2026-07-31 10:22:11,710 [INFO] CmdLine:76 -  weights                              0   10,776       0     0
2026-07-31 10:22:11,710 [INFO] CmdLine:76 -  activations                          0        0       0   384
2026-07-31 10:22:11,711 [INFO] CmdLine:76 -  io                                   0        0       0     0
2026-07-31 10:22:11,711 [INFO] CmdLine:76 -  ------------------------------ ------- -------- ------- -----
2026-07-31 10:22:11,711 [INFO] CmdLine:76 -  TOTAL                            7,028   10,832   1,672   524
2026-07-31 10:22:11,711 [INFO] CmdLine:76 -  ------------------------------ ------- -------- ------- -----
2026-07-31 10:22:11,711 [INFO] CmdLine:76 -  *  toolchain objects (libm/libgcc*)
2026-07-31 10:22:11,711 [INFO] CmdLine:76 -  ** RT AI runtime objects (kernels+infrastructure)
2026-07-31 10:22:11,711 [INFO] CmdLine:76 -   Summary - "stm32l4" target
2026-07-31 10:22:11,711 [INFO] CmdLine:76 -   ---------------------------------------------------
2026-07-31 10:22:11,711 [INFO] CmdLine:76 -                FLASH (ro)      %*   RAM (rw)       %
2026-07-31 10:22:11,711 [INFO] CmdLine:76 -   ---------------------------------------------------
2026-07-31 10:22:11,711 [INFO] CmdLine:76 -   RT total          8,756   44.8%      1,812   82.5%
2026-07-31 10:22:11,711 [INFO] CmdLine:76 -   ---------------------------------------------------
2026-07-31 10:22:11,711 [INFO] CmdLine:76 -   TOTAL            19,532              2,196
2026-07-31 10:22:11,711 [INFO] CmdLine:76 -   ---------------------------------------------------
2026-07-31 10:22:11,711 [INFO] CmdLine:76 -   *  rt/total
2026-07-31 10:22:11,711 [INFO] CmdLine:76 -  Generated files (7)
2026-07-31 10:22:11,711 [INFO] CmdLine:76 -  ------------------------------------------------------------------
2026-07-31 10:22:11,711 [INFO] CmdLine:76 -  C:\Users\ADMIN\.stm32cubemx\network_output\network_data_params.h
2026-07-31 10:22:11,712 [INFO] CmdLine:76 -  C:\Users\ADMIN\.stm32cubemx\network_output\network_data_params.c
2026-07-31 10:22:11,712 [INFO] CmdLine:76 -  C:\Users\ADMIN\.stm32cubemx\network_output\network_data.h
2026-07-31 10:22:11,712 [INFO] CmdLine:76 -  C:\Users\ADMIN\.stm32cubemx\network_output\network_data.c
2026-07-31 10:22:11,712 [INFO] CmdLine:76 -  C:\Users\ADMIN\.stm32cubemx\network_output\network_config.h
2026-07-31 10:22:11,712 [INFO] CmdLine:76 -  C:\Users\ADMIN\.stm32cubemx\network_output\network.h
2026-07-31 10:22:11,712 [INFO] CmdLine:76 -  C:\Users\ADMIN\.stm32cubemx\network_output\network.c
2026-07-31 10:22:11,712 [INFO] CmdLine:76 - Creating txt report file C:\Users\ADMIN\.stm32cubemx\network_output\network_generate_report.txt
2026-07-31 10:22:23,543 [INFO] CmdLine:76 - elapsed time (generate): 16.433s
2026-07-31 10:22:23,921 [INFO] CmdLine:148 - stedgeai exit with status: 0
2026-07-31 10:22:23,925 [INFO] AIModelDetailledView:2264 - Analysis status: done
2026-07-31 10:22:24,111 [INFO] ProjectBuilder:3606 - Time for Copy HAL[1] : 66mS.
2026-07-31 10:22:24,112 [ERROR] Middleware:2950 - Invalid RefComponent list
2026-07-31 10:22:24,112 [ERROR] Middleware:2950 - Invalid RefComponent list
2026-07-31 10:22:24,112 [ERROR] Middleware:2950 - Invalid RefComponent list
2026-07-31 10:22:24,112 [ERROR] Middleware:2950 - Invalid RefComponent list
2026-07-31 10:22:24,112 [ERROR] Middleware:2950 - Invalid RefComponent list
2026-07-31 10:22:24,112 [ERROR] Middleware:2950 - Invalid RefComponent list
2026-07-31 10:22:24,112 [ERROR] Middleware:2950 - Invalid RefComponent list
2026-07-31 10:22:24,112 [ERROR] Middleware:2950 - Invalid RefComponent list
2026-07-31 10:22:24,112 [ERROR] Middleware:2950 - Invalid RefComponent list
2026-07-31 10:22:24,112 [ERROR] Middleware:2950 - Invalid RefComponent list
2026-07-31 10:22:24,112 [ERROR] Middleware:2950 - Invalid RefComponent list
2026-07-31 10:22:24,112 [ERROR] Middleware:2950 - Invalid RefComponent list
2026-07-31 10:22:24,112 [ERROR] Middleware:2950 - Invalid RefComponent list
2026-07-31 10:22:24,112 [ERROR] Middleware:2950 - Invalid RefComponent list
2026-07-31 10:22:24,112 [ERROR] Middleware:2950 - Invalid RefComponent list
2026-07-31 10:22:24,112 [ERROR] Middleware:2950 - Invalid RefComponent list
2026-07-31 10:22:24,112 [ERROR] Middleware:2950 - Invalid RefComponent list
2026-07-31 10:22:24,112 [ERROR] Middleware:2950 - Invalid RefComponent list
2026-07-31 10:22:24,112 [ERROR] Middleware:2950 - Invalid RefComponent list
2026-07-31 10:22:24,112 [ERROR] Middleware:2950 - Invalid RefComponent list
2026-07-31 10:22:24,112 [ERROR] Middleware:2950 - Invalid RefComponent list
2026-07-31 10:22:24,112 [ERROR] Middleware:2950 - Invalid RefComponent list
2026-07-31 10:22:24,112 [ERROR] Middleware:2950 - Invalid RefComponent list
2026-07-31 10:22:24,112 [ERROR] Middleware:2950 - Invalid RefComponent list
2026-07-31 10:22:24,112 [ERROR] Middleware:2950 - Invalid RefComponent list
2026-07-31 10:22:24,112 [ERROR] Middleware:2950 - Invalid RefComponent list
2026-07-31 10:22:24,112 [ERROR] Middleware:2950 - Invalid RefComponent list
2026-07-31 10:22:24,112 [ERROR] Middleware:2950 - Invalid RefComponent list
2026-07-31 10:22:24,112 [ERROR] Middleware:2950 - Invalid RefComponent list
2026-07-31 10:22:24,112 [ERROR] Middleware:2950 - Invalid RefComponent list
2026-07-31 10:22:24,112 [ERROR] Middleware:2950 - Invalid RefComponent list
2026-07-31 10:22:24,112 [ERROR] Middleware:2950 - Invalid RefComponent list
2026-07-31 10:22:24,112 [ERROR] Middleware:2950 - Invalid RefComponent list
2026-07-31 10:22:24,112 [ERROR] Middleware:2950 - Invalid RefComponent list
2026-07-31 10:22:24,112 [ERROR] Middleware:2950 - Invalid RefComponent list
2026-07-31 10:22:24,112 [ERROR] Middleware:2950 - Invalid RefComponent list
2026-07-31 10:22:24,112 [ERROR] Middleware:2950 - Invalid RefComponent list
2026-07-31 10:22:24,112 [ERROR] Middleware:2950 - Invalid RefComponent list
2026-07-31 10:22:24,112 [ERROR] Middleware:2950 - Invalid RefComponent list
2026-07-31 10:22:24,112 [ERROR] Middleware:2950 - Invalid RefComponent list
2026-07-31 10:22:24,112 [ERROR] Middleware:2950 - Invalid RefComponent list
2026-07-31 10:22:24,112 [ERROR] Middleware:2950 - Invalid RefComponent list
2026-07-31 10:22:24,112 [ERROR] Middleware:2950 - Invalid RefComponent list
2026-07-31 10:22:24,112 [ERROR] Middleware:2950 - Invalid RefComponent list
2026-07-31 10:22:24,112 [ERROR] Middleware:2950 - Invalid RefComponent list
2026-07-31 10:22:24,112 [ERROR] Middleware:2950 - Invalid RefComponent list
2026-07-31 10:22:24,112 [ERROR] Middleware:2950 - Invalid RefComponent list
2026-07-31 10:22:24,112 [ERROR] Middleware:2950 - Invalid RefComponent list
2026-07-31 10:22:24,112 [ERROR] Middleware:2950 - Invalid RefComponent list
2026-07-31 10:22:24,112 [ERROR] Middleware:2950 - Invalid RefComponent list
2026-07-31 10:22:24,114 [INFO] ProjectBuilder:5216 - Project Generator version: 4.7.0-B52
2026-07-31 10:22:24,151 [INFO] ConfigFileManager:1595 - The Die is : DIE470
2026-07-31 10:22:24,578 [INFO] ProjectBuilder:5496 - Time for Generating toolchain IDE Files: 464mS.
2026-07-31 10:22:24,579 [INFO] ProjectBuilder:3463 - Time for Copy CMSIS : 1mS.
2026-07-31 10:22:24,580 [INFO] ProjectBuilder:3463 - Time for Copy CMSIS : 0mS.
2026-07-31 11:17:10,017 [INFO] UtilMem:75 - End SaveConfig() Used Memory: 985708216 Bytes (1073741824)
2026-07-31 11:17:11,232 [INFO] UtilMem:75 - End SaveConfig() Used Memory: 843244744 Bytes (1073741824)
2026-07-31 11:17:11,340 [INFO] UtilMem:75 - End SaveConfig() Used Memory: 930802888 Bytes (1073741824)
2026-07-31 11:17:11,453 [INFO] BlockDiagram:2775 - set Specific Code input for plugin: SYS
2026-07-31 11:17:11,453 [INFO] BlockDiagram:2775 - set Specific Code input for plugin: RCC
2026-07-31 11:17:11,453 [INFO] BlockDiagram:2775 - set Specific Code input for plugin: I2C
2026-07-31 11:17:11,453 [INFO] BlockDiagram:2775 - set Specific Code input for plugin: NVIC
2026-07-31 11:17:11,453 [INFO] BlockDiagram:2775 - set Specific Code input for plugin: USART
2026-07-31 11:17:11,453 [INFO] BlockDiagram:2775 - set Specific Code input for plugin: STMicroelectronics.X-CUBE-AI.10.2.1
2026-07-31 11:17:11,453 [INFO] BlockDiagram:2775 - set Specific Code input for plugin: GPIO
2026-07-31 11:17:11,454 [INFO] CodeGenerator:892 - code generatio: config db path: C:\ST\STM32CubeIDE_1.19.0\STM32CubeIDE\plugins\com.st.stm32cube.common.mx_6.15.0.202507011659\\db\
2026-07-31 11:17:11,519 [INFO] IP:3329 - RTE Config file name : RTE_Component
2026-07-31 11:17:11,520 [INFO] IP:3347 - RTE template : RTE_Components.ftl
2026-07-31 11:17:11,526 [INFO] CodeEngine:265 - oldGeneratedFile, D:\RKS_TinyML_Workspace\TinyML_Workshop_Nitte\STM32\DL_Inference\MXTmpFiles\license.tmp_save
2026-07-31 11:17:11,591 [INFO] CodeEngine:289 - Generated code: D:\RKS_TinyML_Workspace\TinyML_Workshop_Nitte\STM32\DL_Inference\MXTmpFiles\license.tmp
2026-07-31 11:17:11,604 [INFO] CodeEngine:265 - oldGeneratedFile, D:\RKS_TinyML_Workspace\TinyML_Workshop_Nitte\STM32\DL_Inference\MXTmpFiles\gpio.tmp_save
2026-07-31 11:17:11,643 [INFO] CodeEngine:289 - Generated code: D:\RKS_TinyML_Workspace\TinyML_Workshop_Nitte\STM32\DL_Inference\MXTmpFiles\gpio.tmp
2026-07-31 11:17:11,689 [INFO] Middleware:1452 - No code input for Bsp Dependency
2026-07-31 11:17:11,689 [INFO] Middleware:1452 - No code input for Bsp Dependency
2026-07-31 11:17:11,695 [INFO] CodeEngine:265 - oldGeneratedFile, D:\RKS_TinyML_Workspace\TinyML_Workshop_Nitte\STM32\DL_Inference\Core\Src\stm32l4xx_it.c_save
2026-07-31 11:17:11,845 [INFO] CodeEngine:289 - Generated code: D:\RKS_TinyML_Workspace\TinyML_Workshop_Nitte\STM32\DL_Inference\Core\Src\stm32l4xx_it.c
2026-07-31 11:17:11,849 [INFO] CodeEngine:265 - oldGeneratedFile, D:\RKS_TinyML_Workspace\TinyML_Workshop_Nitte\STM32\DL_Inference\Core\Inc\stm32l4xx_it.h_save
2026-07-31 11:17:11,888 [INFO] CodeEngine:289 - Generated code: D:\RKS_TinyML_Workspace\TinyML_Workshop_Nitte\STM32\DL_Inference\Core\Inc\stm32l4xx_it.h
2026-07-31 11:17:11,895 [INFO] CodeEngine:265 - oldGeneratedFile, D:\RKS_TinyML_Workspace\TinyML_Workshop_Nitte\STM32\DL_Inference\Core\Src\stm32l4xx_hal_msp.c_save
2026-07-31 11:17:11,954 [INFO] CodeEngine:289 - Generated code: D:\RKS_TinyML_Workspace\TinyML_Workshop_Nitte\STM32\DL_Inference\Core\Src\stm32l4xx_hal_msp.c
2026-07-31 11:17:11,956 [INFO] CodeEngine:265 - oldGeneratedFile, D:\RKS_TinyML_Workspace\TinyML_Workshop_Nitte\STM32\DL_Inference\MXTmpFiles\system.tmp_save
2026-07-31 11:17:11,989 [INFO] CodeEngine:289 - Generated code: D:\RKS_TinyML_Workspace\TinyML_Workshop_Nitte\STM32\DL_Inference\MXTmpFiles\system.tmp
2026-07-31 11:17:11,993 [INFO] CodeEngine:321 - oldGeneratedFile, D:\RKS_TinyML_Workspace\TinyML_Workshop_Nitte\STM32\DL_Inference\Core\Inc\stm32l4xx_hal_conf.h_save
2026-07-31 11:17:12,028 [INFO] CodeEngine:345 - Generated code: D:\RKS_TinyML_Workspace\TinyML_Workshop_Nitte\STM32\DL_Inference\Core\Inc\stm32l4xx_hal_conf.h
2026-07-31 11:17:12,038 [INFO] CodeEngine:265 - oldGeneratedFile, D:\RKS_TinyML_Workspace\TinyML_Workshop_Nitte\STM32\DL_Inference\Core\Inc\main.h_save
2026-07-31 11:17:12,087 [INFO] CodeEngine:289 - Generated code: D:\RKS_TinyML_Workspace\TinyML_Workshop_Nitte\STM32\DL_Inference\Core\Inc\main.h
2026-07-31 11:17:12,089 [INFO] CodeEngine:265 - oldGeneratedFile, D:\RKS_TinyML_Workspace\TinyML_Workshop_Nitte\STM32\DL_Inference\Core\Src\main.c_save
2026-07-31 11:17:12,144 [INFO] CodeEngine:289 - Generated code: D:\RKS_TinyML_Workspace\TinyML_Workshop_Nitte\STM32\DL_Inference\Core\Src\main.c
2026-07-31 11:17:12,285 [INFO] AInterface:322 - ModelName:network; files:[D:\RKS_TinyML_Workspace\TinyML_Workshop_Nitte\ONNX\mlp_model.onnx]; type:ONNX; compression:None
2026-07-31 11:17:12,286 [INFO] AInterface:526 - workspaceTempDir: C:/Users/ADMIN/AppData/Local/Temp/mxAI_workspace1046234179919490014616169187500477351
2026-07-31 11:17:12,286 [INFO] AInterface:1179 - Setting Env: C:/Users/ADMIN/STM32Cube/Repository//Packs/STMicroelectronics/X-CUBE-AI/10.2.1/Utilities/windows
2026-07-31 11:17:12,287 [INFO] STM32CubeIDEBuilder:265 - Looking for gnu-tools-for-stm32 tools/bin/arm-none-eabi-gcc.exe in C:\ST\STM32CubeIDE_1.19.0\STM32CubeIDE
2026-07-31 11:17:12,288 [INFO] STM32CubeIDEBuilder:294 - checking C:\ST\STM32CubeIDE_1.19.0\STM32CubeIDE\plugins\com.st.stm32cube.ide.mcu.externaltools.gnu-tools-for-stm32.13.3.rel1.win32_1.0.0.202411081344\tools\bin\arm-none-eabi-gcc.exe
2026-07-31 11:17:12,289 [INFO] STM32CubeIDEBuilder:297 - ret=C:\ST\STM32CubeIDE_1.19.0\STM32CubeIDE\plugins\com.st.stm32cube.ide.mcu.externaltools.gnu-tools-for-stm32.13.3.rel1.win32_1.0.0.202411081344\tools\bin\arm-none-eabi-gcc.exe
2026-07-31 11:17:12,289 [INFO] STM32CubeIDEBuilder:311 - returning C:\ST\STM32CubeIDE_1.19.0\STM32CubeIDE\plugins\com.st.stm32cube.ide.mcu.externaltools.gnu-tools-for-stm32.13.3.rel1.win32_1.0.0.202411081344\tools\bin\arm-none-eabi-gcc.exe
2026-07-31 11:17:12,289 [INFO] AInterface:1236 - Custom PATH variable: C:/Users/ADMIN/STM32Cube/Repository//Packs/STMicroelectronics/X-CUBE-AI/10.2.1/Utilities/windows;C:/Users/ADMIN/STM32Cube/Repository//Packs/STMicroelectronics/X-CUBE-AI/10.2.1/Utilities/windows/mingw64/bin;C:/Users/ADMIN/STM32Cube/Repository//Packs/STMicroelectronics/X-CUBE-AI/10.2.1/Utilities/windows/mingw64/libexec/gcc/x86_64-w64-mingw32/7.3.0;;C:\ST\STM32CubeIDE_1.19.0\STM32CubeIDE\plugins\com.st.stm32cube.ide.mcu.externaltools.gnu-tools-for-stm32.13.3.rel1.win32_1.0.0.202411081344\tools\bin
2026-07-31 11:17:12,289 [INFO] CmdLine:115 - Command: C:/Users/ADMIN/STM32Cube/Repository//Packs/STMicroelectronics/X-CUBE-AI/10.2.1/Utilities/windows/stedgeai.exe generate --target stm32l4 --name network -m D:/RKS_TinyML_Workspace/TinyML_Workshop_Nitte/ONNX/mlp_model.onnx --compression none --verbosity 1 --workspace C:/Users/ADMIN/AppData/Local/Temp/mxAI_workspace1046234179919490014616169187500477351 --output C:/Users/ADMIN/.stm32cubemx/network_output
2026-07-31 11:17:12,290 [INFO] AIModelDetailledView:2264 - Analysis status: pending
2026-07-31 11:17:20,432 [INFO] CmdLine:76 - ST Edge AI Core v2.2.0-20266 2adc00962
2026-07-31 11:18:26,114 [INFO] CmdLine:76 - Creating c (debug) info json file C:\Users\ADMIN\.stm32cubemx\network_output\network_c_info.json
2026-07-31 11:18:26,130 [INFO] CmdLine:76 -  
2026-07-31 11:18:26,130 [INFO] CmdLine:76 -  Exec/report summary (generate)
2026-07-31 11:18:26,130 [INFO] CmdLine:76 -  ---------------------------------------------------------------------------------------------------------------
2026-07-31 11:18:26,130 [INFO] CmdLine:76 -  model file         :   D:\RKS_TinyML_Workspace\TinyML_Workshop_Nitte\ONNX\mlp_model.onnx                       
2026-07-31 11:18:26,130 [INFO] CmdLine:76 -  type               :   onnx                                                                                    
2026-07-31 11:18:26,130 [INFO] CmdLine:76 -  c_name             :   network                                                                                 
2026-07-31 11:18:26,130 [INFO] CmdLine:76 -  compression        :   none                                                                                    
2026-07-31 11:18:26,130 [INFO] CmdLine:76 -  options            :   allocate-inputs, allocate-outputs                                                       
2026-07-31 11:18:26,130 [INFO] CmdLine:76 -  optimization       :   balanced                                                                                
2026-07-31 11:18:26,130 [INFO] CmdLine:76 -  target/series      :   stm32l4                                                                                 
2026-07-31 11:18:26,130 [INFO] CmdLine:76 -  workspace dir      :   C:\Users\ADMIN\AppData\Local\Temp\mxAI_workspace1046234179919490014616169187500477351   
2026-07-31 11:18:26,130 [INFO] CmdLine:76 -  output dir         :   C:\Users\ADMIN\.stm32cubemx\network_output                                              
2026-07-31 11:18:26,130 [INFO] CmdLine:76 -  model_fmt          :   float                                                                                   
2026-07-31 11:18:26,130 [INFO] CmdLine:76 -  model_name         :   mlp_model                                                                               
2026-07-31 11:18:26,130 [INFO] CmdLine:76 -  model_hash         :   0x9730d768958be9e4562e5107bd0a979c                                                      
2026-07-31 11:18:26,130 [INFO] CmdLine:76 -  params #           :   2,693 items (10.52 KiB)                                                                 
2026-07-31 11:18:26,130 [INFO] CmdLine:76 -  ---------------------------------------------------------------------------------------------------------------
2026-07-31 11:18:26,131 [INFO] CmdLine:76 -  input 1/1          :   'input', f32(1x6), 24 Bytes, activations                                                
2026-07-31 11:18:26,131 [INFO] CmdLine:76 -  output 1/1         :   'output', f32(1x5), 20 Bytes, activations                                               
2026-07-31 11:18:26,131 [INFO] CmdLine:76 -  macc               :   2,789                                                                                   
2026-07-31 11:18:26,131 [INFO] CmdLine:76 -  weights (ro)       :   10,772 B (10.52 KiB) (1 segment)                                                        
2026-07-31 11:18:26,131 [INFO] CmdLine:76 -  activations (rw)   :   384 B (384 B) (1 segment) *                                                             
2026-07-31 11:18:26,131 [INFO] CmdLine:76 -  ram (total)        :   384 B (384 B) = 384 + 0 + 0                                                             
2026-07-31 11:18:26,131 [INFO] CmdLine:76 -  ---------------------------------------------------------------------------------------------------------------
2026-07-31 11:18:26,131 [INFO] CmdLine:76 -  (*) 'input'/'output' buffers are allocated in the activations buffer
2026-07-31 11:18:26,133 [INFO] CmdLine:76 - Computing AI RT data/code size (target=stm32l4)..
2026-07-31 11:18:28,212 [INFO] CmdLine:76 -  Requested memory size by section - "stm32l4" target
2026-07-31 11:18:28,212 [INFO] CmdLine:76 -  ------------------------------ ------- -------- ------- -----
2026-07-31 11:18:28,212 [INFO] CmdLine:76 -  module                            text   rodata    data   bss
2026-07-31 11:18:28,212 [INFO] CmdLine:76 -  ------------------------------ ------- -------- ------- -----
2026-07-31 11:18:28,213 [INFO] CmdLine:76 -  NetworkRuntime1020_CM4_GCC.a     6,452        0       0     0
2026-07-31 11:18:28,213 [INFO] CmdLine:76 -  network.o                          528       40   1,584   140
2026-07-31 11:18:28,213 [INFO] CmdLine:76 -  network_data.o                      48       16      88     0
2026-07-31 11:18:28,213 [INFO] CmdLine:76 -  lib (toolchain)*                     0        0       0     0
2026-07-31 11:18:28,213 [INFO] CmdLine:76 -  ------------------------------ ------- -------- ------- -----
2026-07-31 11:18:28,213 [INFO] CmdLine:76 -  RT total**                       7,028       56   1,672   140
2026-07-31 11:18:28,213 [INFO] CmdLine:76 -  ------------------------------ ------- -------- ------- -----
2026-07-31 11:18:28,213 [INFO] CmdLine:76 -  weights                              0   10,776       0     0
2026-07-31 11:18:28,213 [INFO] CmdLine:76 -  activations                          0        0       0   384
2026-07-31 11:18:28,213 [INFO] CmdLine:76 -  io                                   0        0       0     0
2026-07-31 11:18:28,213 [INFO] CmdLine:76 -  ------------------------------ ------- -------- ------- -----
2026-07-31 11:18:28,213 [INFO] CmdLine:76 -  TOTAL                            7,028   10,832   1,672   524
2026-07-31 11:18:28,213 [INFO] CmdLine:76 -  ------------------------------ ------- -------- ------- -----
2026-07-31 11:18:28,213 [INFO] CmdLine:76 -  *  toolchain objects (libm/libgcc*)
2026-07-31 11:18:28,213 [INFO] CmdLine:76 -  ** RT AI runtime objects (kernels+infrastructure)
2026-07-31 11:18:28,213 [INFO] CmdLine:76 -   Summary - "stm32l4" target
2026-07-31 11:18:28,213 [INFO] CmdLine:76 -   ---------------------------------------------------
2026-07-31 11:18:28,213 [INFO] CmdLine:76 -                FLASH (ro)      %*   RAM (rw)       %
2026-07-31 11:18:28,213 [INFO] CmdLine:76 -   ---------------------------------------------------
2026-07-31 11:18:28,213 [INFO] CmdLine:76 -   RT total          8,756   44.8%      1,812   82.5%
2026-07-31 11:18:28,213 [INFO] CmdLine:76 -   ---------------------------------------------------
2026-07-31 11:18:28,213 [INFO] CmdLine:76 -   TOTAL            19,532              2,196
2026-07-31 11:18:28,214 [INFO] CmdLine:76 -   ---------------------------------------------------
2026-07-31 11:18:28,214 [INFO] CmdLine:76 -   *  rt/total
2026-07-31 11:18:28,214 [INFO] CmdLine:76 -  Generated files (7)
2026-07-31 11:18:28,214 [INFO] CmdLine:76 -  ------------------------------------------------------------------
2026-07-31 11:18:28,214 [INFO] CmdLine:76 -  C:\Users\ADMIN\.stm32cubemx\network_output\network_data_params.h
2026-07-31 11:18:28,214 [INFO] CmdLine:76 -  C:\Users\ADMIN\.stm32cubemx\network_output\network_data_params.c
2026-07-31 11:18:28,214 [INFO] CmdLine:76 -  C:\Users\ADMIN\.stm32cubemx\network_output\network_data.h
2026-07-31 11:18:28,214 [INFO] CmdLine:76 -  C:\Users\ADMIN\.stm32cubemx\network_output\network_data.c
2026-07-31 11:18:28,214 [INFO] CmdLine:76 -  C:\Users\ADMIN\.stm32cubemx\network_output\network_config.h
2026-07-31 11:18:28,214 [INFO] CmdLine:76 -  C:\Users\ADMIN\.stm32cubemx\network_output\network.h
2026-07-31 11:18:28,214 [INFO] CmdLine:76 -  C:\Users\ADMIN\.stm32cubemx\network_output\network.c
2026-07-31 11:18:28,214 [INFO] CmdLine:76 - Creating txt report file C:\Users\ADMIN\.stm32cubemx\network_output\network_generate_report.txt
2026-07-31 11:18:32,941 [INFO] CmdLine:76 - elapsed time (generate): 72.508s
2026-07-31 11:18:33,303 [INFO] CmdLine:148 - stedgeai exit with status: 0
2026-07-31 11:18:33,307 [INFO] AIModelDetailledView:2264 - Analysis status: done
2026-07-31 11:18:33,493 [INFO] ProjectBuilder:3606 - Time for Copy HAL[1] : 66mS.
2026-07-31 11:18:33,493 [ERROR] Middleware:2950 - Invalid RefComponent list
2026-07-31 11:18:33,493 [ERROR] Middleware:2950 - Invalid RefComponent list
2026-07-31 11:18:33,494 [ERROR] Middleware:2950 - Invalid RefComponent list
2026-07-31 11:18:33,494 [ERROR] Middleware:2950 - Invalid RefComponent list
2026-07-31 11:18:33,494 [ERROR] Middleware:2950 - Invalid RefComponent list
2026-07-31 11:18:33,494 [ERROR] Middleware:2950 - Invalid RefComponent list
2026-07-31 11:18:33,494 [ERROR] Middleware:2950 - Invalid RefComponent list
2026-07-31 11:18:33,494 [ERROR] Middleware:2950 - Invalid RefComponent list
2026-07-31 11:18:33,494 [ERROR] Middleware:2950 - Invalid RefComponent list
2026-07-31 11:18:33,494 [ERROR] Middleware:2950 - Invalid RefComponent list
2026-07-31 11:18:33,494 [ERROR] Middleware:2950 - Invalid RefComponent list
2026-07-31 11:18:33,494 [ERROR] Middleware:2950 - Invalid RefComponent list
2026-07-31 11:18:33,494 [ERROR] Middleware:2950 - Invalid RefComponent list
2026-07-31 11:18:33,494 [ERROR] Middleware:2950 - Invalid RefComponent list
2026-07-31 11:18:33,494 [ERROR] Middleware:2950 - Invalid RefComponent list
2026-07-31 11:18:33,494 [ERROR] Middleware:2950 - Invalid RefComponent list
2026-07-31 11:18:33,494 [ERROR] Middleware:2950 - Invalid RefComponent list
2026-07-31 11:18:33,494 [ERROR] Middleware:2950 - Invalid RefComponent list
2026-07-31 11:18:33,494 [ERROR] Middleware:2950 - Invalid RefComponent list
2026-07-31 11:18:33,494 [ERROR] Middleware:2950 - Invalid RefComponent list
2026-07-31 11:18:33,494 [ERROR] Middleware:2950 - Invalid RefComponent list
2026-07-31 11:18:33,494 [ERROR] Middleware:2950 - Invalid RefComponent list
2026-07-31 11:18:33,494 [ERROR] Middleware:2950 - Invalid RefComponent list
2026-07-31 11:18:33,494 [ERROR] Middleware:2950 - Invalid RefComponent list
2026-07-31 11:18:33,494 [ERROR] Middleware:2950 - Invalid RefComponent list
2026-07-31 11:18:33,494 [ERROR] Middleware:2950 - Invalid RefComponent list
2026-07-31 11:18:33,494 [ERROR] Middleware:2950 - Invalid RefComponent list
2026-07-31 11:18:33,494 [ERROR] Middleware:2950 - Invalid RefComponent list
2026-07-31 11:18:33,494 [ERROR] Middleware:2950 - Invalid RefComponent list
2026-07-31 11:18:33,494 [ERROR] Middleware:2950 - Invalid RefComponent list
2026-07-31 11:18:33,494 [ERROR] Middleware:2950 - Invalid RefComponent list
2026-07-31 11:18:33,494 [ERROR] Middleware:2950 - Invalid RefComponent list
2026-07-31 11:18:33,494 [ERROR] Middleware:2950 - Invalid RefComponent list
2026-07-31 11:18:33,494 [ERROR] Middleware:2950 - Invalid RefComponent list
2026-07-31 11:18:33,494 [ERROR] Middleware:2950 - Invalid RefComponent list
2026-07-31 11:18:33,494 [ERROR] Middleware:2950 - Invalid RefComponent list
2026-07-31 11:18:33,494 [ERROR] Middleware:2950 - Invalid RefComponent list
2026-07-31 11:18:33,494 [ERROR] Middleware:2950 - Invalid RefComponent list
2026-07-31 11:18:33,494 [ERROR] Middleware:2950 - Invalid RefComponent list
2026-07-31 11:18:33,494 [ERROR] Middleware:2950 - Invalid RefComponent list
2026-07-31 11:18:33,494 [ERROR] Middleware:2950 - Invalid RefComponent list
2026-07-31 11:18:33,494 [ERROR] Middleware:2950 - Invalid RefComponent list
2026-07-31 11:18:33,494 [ERROR] Middleware:2950 - Invalid RefComponent list
2026-07-31 11:18:33,494 [ERROR] Middleware:2950 - Invalid RefComponent list
2026-07-31 11:18:33,494 [ERROR] Middleware:2950 - Invalid RefComponent list
2026-07-31 11:18:33,494 [ERROR] Middleware:2950 - Invalid RefComponent list
2026-07-31 11:18:33,494 [ERROR] Middleware:2950 - Invalid RefComponent list
2026-07-31 11:18:33,494 [ERROR] Middleware:2950 - Invalid RefComponent list
2026-07-31 11:18:33,494 [ERROR] Middleware:2950 - Invalid RefComponent list
2026-07-31 11:18:33,494 [ERROR] Middleware:2950 - Invalid RefComponent list
2026-07-31 11:18:33,495 [INFO] ProjectBuilder:5216 - Project Generator version: 4.7.0-B52
2026-07-31 11:18:33,531 [INFO] ConfigFileManager:1595 - The Die is : DIE470
2026-07-31 11:18:34,001 [INFO] ProjectBuilder:5496 - Time for Generating toolchain IDE Files: 506mS.
2026-07-31 11:18:34,002 [INFO] ProjectBuilder:3463 - Time for Copy CMSIS : 0mS.
2026-07-31 11:18:34,005 [INFO] ProjectBuilder:3463 - Time for Copy CMSIS : 1mS.
2026-07-31 11:18:34,177 [INFO] UtilMem:75 - End SaveConfig() Used Memory: 916206552 Bytes (1073741824)
2026-07-31 11:18:36,262 [INFO] UtilMem:75 - End SaveConfig() Used Memory: 854284264 Bytes (1073741824)
2026-07-31 11:18:36,361 [INFO] UtilMem:75 - End SaveConfig() Used Memory: 896227304 Bytes (1073741824)
2026-07-31 11:18:36,451 [INFO] BlockDiagram:2775 - set Specific Code input for plugin: SYS
2026-07-31 11:18:36,451 [INFO] BlockDiagram:2775 - set Specific Code input for plugin: RCC
2026-07-31 11:18:36,451 [INFO] BlockDiagram:2775 - set Specific Code input for plugin: I2C
2026-07-31 11:18:36,451 [INFO] BlockDiagram:2775 - set Specific Code input for plugin: NVIC
2026-07-31 11:18:36,451 [INFO] BlockDiagram:2775 - set Specific Code input for plugin: USART
2026-07-31 11:18:36,451 [INFO] BlockDiagram:2775 - set Specific Code input for plugin: STMicroelectronics.X-CUBE-AI.10.2.1
2026-07-31 11:18:36,451 [INFO] BlockDiagram:2775 - set Specific Code input for plugin: GPIO
2026-07-31 11:18:36,452 [INFO] CodeGenerator:892 - code generatio: config db path: C:\ST\STM32CubeIDE_1.19.0\STM32CubeIDE\plugins\com.st.stm32cube.common.mx_6.15.0.202507011659\\db\
2026-07-31 11:18:36,490 [INFO] IP:3329 - RTE Config file name : RTE_Component
2026-07-31 11:18:36,490 [INFO] IP:3347 - RTE template : RTE_Components.ftl
2026-07-31 11:18:36,494 [INFO] CodeEngine:265 - oldGeneratedFile, D:\RKS_TinyML_Workspace\TinyML_Workshop_Nitte\STM32\DL_Inference\MXTmpFiles\license.tmp_save
2026-07-31 11:18:36,528 [INFO] CodeEngine:289 - Generated code: D:\RKS_TinyML_Workspace\TinyML_Workshop_Nitte\STM32\DL_Inference\MXTmpFiles\license.tmp
2026-07-31 11:18:36,538 [INFO] CodeEngine:265 - oldGeneratedFile, D:\RKS_TinyML_Workspace\TinyML_Workshop_Nitte\STM32\DL_Inference\MXTmpFiles\gpio.tmp_save
2026-07-31 11:18:36,570 [INFO] CodeEngine:289 - Generated code: D:\RKS_TinyML_Workspace\TinyML_Workshop_Nitte\STM32\DL_Inference\MXTmpFiles\gpio.tmp
2026-07-31 11:18:36,611 [INFO] Middleware:1452 - No code input for Bsp Dependency
2026-07-31 11:18:36,612 [INFO] Middleware:1452 - No code input for Bsp Dependency
2026-07-31 11:18:36,618 [INFO] CodeEngine:265 - oldGeneratedFile, D:\RKS_TinyML_Workspace\TinyML_Workshop_Nitte\STM32\DL_Inference\Core\Src\stm32l4xx_it.c_save
2026-07-31 11:18:36,649 [INFO] CodeEngine:289 - Generated code: D:\RKS_TinyML_Workspace\TinyML_Workshop_Nitte\STM32\DL_Inference\Core\Src\stm32l4xx_it.c
2026-07-31 11:18:36,652 [INFO] CodeEngine:265 - oldGeneratedFile, D:\RKS_TinyML_Workspace\TinyML_Workshop_Nitte\STM32\DL_Inference\Core\Inc\stm32l4xx_it.h_save
2026-07-31 11:18:36,685 [INFO] CodeEngine:289 - Generated code: D:\RKS_TinyML_Workspace\TinyML_Workshop_Nitte\STM32\DL_Inference\Core\Inc\stm32l4xx_it.h
2026-07-31 11:18:36,691 [INFO] CodeEngine:265 - oldGeneratedFile, D:\RKS_TinyML_Workspace\TinyML_Workshop_Nitte\STM32\DL_Inference\Core\Src\stm32l4xx_hal_msp.c_save
2026-07-31 11:18:36,738 [INFO] CodeEngine:289 - Generated code: D:\RKS_TinyML_Workspace\TinyML_Workshop_Nitte\STM32\DL_Inference\Core\Src\stm32l4xx_hal_msp.c
2026-07-31 11:18:36,740 [INFO] CodeEngine:265 - oldGeneratedFile, D:\RKS_TinyML_Workspace\TinyML_Workshop_Nitte\STM32\DL_Inference\MXTmpFiles\system.tmp_save
2026-07-31 11:18:36,770 [INFO] CodeEngine:289 - Generated code: D:\RKS_TinyML_Workspace\TinyML_Workshop_Nitte\STM32\DL_Inference\MXTmpFiles\system.tmp
2026-07-31 11:18:36,774 [INFO] CodeEngine:321 - oldGeneratedFile, D:\RKS_TinyML_Workspace\TinyML_Workshop_Nitte\STM32\DL_Inference\Core\Inc\stm32l4xx_hal_conf.h_save
2026-07-31 11:18:36,807 [INFO] CodeEngine:345 - Generated code: D:\RKS_TinyML_Workspace\TinyML_Workshop_Nitte\STM32\DL_Inference\Core\Inc\stm32l4xx_hal_conf.h
2026-07-31 11:18:36,815 [INFO] CodeEngine:265 - oldGeneratedFile, D:\RKS_TinyML_Workspace\TinyML_Workshop_Nitte\STM32\DL_Inference\Core\Inc\main.h_save
2026-07-31 11:18:36,848 [INFO] CodeEngine:289 - Generated code: D:\RKS_TinyML_Workspace\TinyML_Workshop_Nitte\STM32\DL_Inference\Core\Inc\main.h
2026-07-31 11:18:36,851 [INFO] CodeEngine:265 - oldGeneratedFile, D:\RKS_TinyML_Workspace\TinyML_Workshop_Nitte\STM32\DL_Inference\Core\Src\main.c_save
2026-07-31 11:18:36,897 [INFO] CodeEngine:289 - Generated code: D:\RKS_TinyML_Workspace\TinyML_Workshop_Nitte\STM32\DL_Inference\Core\Src\main.c
2026-07-31 11:18:37,061 [INFO] AInterface:322 - ModelName:network; files:[D:\RKS_TinyML_Workspace\TinyML_Workshop_Nitte\ONNX\mlp_model.onnx]; type:ONNX; compression:None
2026-07-31 11:18:37,062 [INFO] AInterface:526 - workspaceTempDir: C:/Users/ADMIN/AppData/Local/Temp/mxAI_workspace1046242657539000011142196829372772629
2026-07-31 11:18:37,062 [INFO] AInterface:1179 - Setting Env: C:/Users/ADMIN/STM32Cube/Repository//Packs/STMicroelectronics/X-CUBE-AI/10.2.1/Utilities/windows
2026-07-31 11:18:37,064 [INFO] STM32CubeIDEBuilder:265 - Looking for gnu-tools-for-stm32 tools/bin/arm-none-eabi-gcc.exe in C:\ST\STM32CubeIDE_1.19.0\STM32CubeIDE
2026-07-31 11:18:37,065 [INFO] STM32CubeIDEBuilder:294 - checking C:\ST\STM32CubeIDE_1.19.0\STM32CubeIDE\plugins\com.st.stm32cube.ide.mcu.externaltools.gnu-tools-for-stm32.13.3.rel1.win32_1.0.0.202411081344\tools\bin\arm-none-eabi-gcc.exe
2026-07-31 11:18:37,065 [INFO] STM32CubeIDEBuilder:297 - ret=C:\ST\STM32CubeIDE_1.19.0\STM32CubeIDE\plugins\com.st.stm32cube.ide.mcu.externaltools.gnu-tools-for-stm32.13.3.rel1.win32_1.0.0.202411081344\tools\bin\arm-none-eabi-gcc.exe
2026-07-31 11:18:37,065 [INFO] STM32CubeIDEBuilder:311 - returning C:\ST\STM32CubeIDE_1.19.0\STM32CubeIDE\plugins\com.st.stm32cube.ide.mcu.externaltools.gnu-tools-for-stm32.13.3.rel1.win32_1.0.0.202411081344\tools\bin\arm-none-eabi-gcc.exe
2026-07-31 11:18:37,066 [INFO] AInterface:1236 - Custom PATH variable: C:/Users/ADMIN/STM32Cube/Repository//Packs/STMicroelectronics/X-CUBE-AI/10.2.1/Utilities/windows;C:/Users/ADMIN/STM32Cube/Repository//Packs/STMicroelectronics/X-CUBE-AI/10.2.1/Utilities/windows/mingw64/bin;C:/Users/ADMIN/STM32Cube/Repository//Packs/STMicroelectronics/X-CUBE-AI/10.2.1/Utilities/windows/mingw64/libexec/gcc/x86_64-w64-mingw32/7.3.0;;C:\ST\STM32CubeIDE_1.19.0\STM32CubeIDE\plugins\com.st.stm32cube.ide.mcu.externaltools.gnu-tools-for-stm32.13.3.rel1.win32_1.0.0.202411081344\tools\bin
2026-07-31 11:18:37,066 [INFO] CmdLine:115 - Command: C:/Users/ADMIN/STM32Cube/Repository//Packs/STMicroelectronics/X-CUBE-AI/10.2.1/Utilities/windows/stedgeai.exe generate --target stm32l4 --name network -m D:/RKS_TinyML_Workspace/TinyML_Workshop_Nitte/ONNX/mlp_model.onnx --compression none --verbosity 1 --workspace C:/Users/ADMIN/AppData/Local/Temp/mxAI_workspace1046242657539000011142196829372772629 --output C:/Users/ADMIN/.stm32cubemx/network_output
2026-07-31 11:18:37,067 [INFO] AIModelDetailledView:2264 - Analysis status: pending
2026-07-31 11:18:37,416 [INFO] CmdLine:76 - ST Edge AI Core v2.2.0-20266 2adc00962
2026-07-31 11:18:41,277 [INFO] CmdLine:76 - Creating c (debug) info json file C:\Users\ADMIN\.stm32cubemx\network_output\network_c_info.json
2026-07-31 11:18:41,289 [INFO] CmdLine:76 -  
2026-07-31 11:18:41,289 [INFO] CmdLine:76 -  Exec/report summary (generate)
2026-07-31 11:18:41,289 [INFO] CmdLine:76 -  ---------------------------------------------------------------------------------------------------------------
2026-07-31 11:18:41,289 [INFO] CmdLine:76 -  model file         :   D:\RKS_TinyML_Workspace\TinyML_Workshop_Nitte\ONNX\mlp_model.onnx                       
2026-07-31 11:18:41,289 [INFO] CmdLine:76 -  type               :   onnx                                                                                    
2026-07-31 11:18:41,289 [INFO] CmdLine:76 -  c_name             :   network                                                                                 
2026-07-31 11:18:41,289 [INFO] CmdLine:76 -  compression        :   none                                                                                    
2026-07-31 11:18:41,289 [INFO] CmdLine:76 -  options            :   allocate-inputs, allocate-outputs                                                       
2026-07-31 11:18:41,290 [INFO] CmdLine:76 -  optimization       :   balanced                                                                                
2026-07-31 11:18:41,290 [INFO] CmdLine:76 -  target/series      :   stm32l4                                                                                 
2026-07-31 11:18:41,290 [INFO] CmdLine:76 -  workspace dir      :   C:\Users\ADMIN\AppData\Local\Temp\mxAI_workspace1046242657539000011142196829372772629   
2026-07-31 11:18:41,290 [INFO] CmdLine:76 -  output dir         :   C:\Users\ADMIN\.stm32cubemx\network_output                                              
2026-07-31 11:18:41,290 [INFO] CmdLine:76 -  model_fmt          :   float                                                                                   
2026-07-31 11:18:41,290 [INFO] CmdLine:76 -  model_name         :   mlp_model                                                                               
2026-07-31 11:18:41,290 [INFO] CmdLine:76 -  model_hash         :   0x9730d768958be9e4562e5107bd0a979c                                                      
2026-07-31 11:18:41,290 [INFO] CmdLine:76 -  params #           :   2,693 items (10.52 KiB)                                                                 
2026-07-31 11:18:41,290 [INFO] CmdLine:76 -  ---------------------------------------------------------------------------------------------------------------
2026-07-31 11:18:41,290 [INFO] CmdLine:76 -  input 1/1          :   'input', f32(1x6), 24 Bytes, activations                                                
2026-07-31 11:18:41,290 [INFO] CmdLine:76 -  output 1/1         :   'output', f32(1x5), 20 Bytes, activations                                               
2026-07-31 11:18:41,290 [INFO] CmdLine:76 -  macc               :   2,789                                                                                   
2026-07-31 11:18:41,290 [INFO] CmdLine:76 -  weights (ro)       :   10,772 B (10.52 KiB) (1 segment)                                                        
2026-07-31 11:18:41,290 [INFO] CmdLine:76 -  activations (rw)   :   384 B (384 B) (1 segment) *                                                             
2026-07-31 11:18:41,290 [INFO] CmdLine:76 -  ram (total)        :   384 B (384 B) = 384 + 0 + 0                                                             
2026-07-31 11:18:41,290 [INFO] CmdLine:76 -  ---------------------------------------------------------------------------------------------------------------
2026-07-31 11:18:41,290 [INFO] CmdLine:76 -  (*) 'input'/'output' buffers are allocated in the activations buffer
2026-07-31 11:18:41,292 [INFO] CmdLine:76 - Computing AI RT data/code size (target=stm32l4)..
2026-07-31 11:18:41,946 [INFO] CmdLine:76 -  Requested memory size by section - "stm32l4" target
2026-07-31 11:18:41,947 [INFO] CmdLine:76 -  ------------------------------ ------- -------- ------- -----
2026-07-31 11:18:41,947 [INFO] CmdLine:76 -  module                            text   rodata    data   bss
2026-07-31 11:18:41,947 [INFO] CmdLine:76 -  ------------------------------ ------- -------- ------- -----
2026-07-31 11:18:41,947 [INFO] CmdLine:76 -  NetworkRuntime1020_CM4_GCC.a     6,452        0       0     0
2026-07-31 11:18:41,947 [INFO] CmdLine:76 -  network.o                          528       40   1,584   140
2026-07-31 11:18:41,947 [INFO] CmdLine:76 -  network_data.o                      48       16      88     0
2026-07-31 11:18:41,947 [INFO] CmdLine:76 -  lib (toolchain)*                     0        0       0     0
2026-07-31 11:18:41,947 [INFO] CmdLine:76 -  ------------------------------ ------- -------- ------- -----
2026-07-31 11:18:41,947 [INFO] CmdLine:76 -  RT total**                       7,028       56   1,672   140
2026-07-31 11:18:41,947 [INFO] CmdLine:76 -  ------------------------------ ------- -------- ------- -----
2026-07-31 11:18:41,947 [INFO] CmdLine:76 -  weights                              0   10,776       0     0
2026-07-31 11:18:41,947 [INFO] CmdLine:76 -  activations                          0        0       0   384
2026-07-31 11:18:41,948 [INFO] CmdLine:76 -  io                                   0        0       0     0
2026-07-31 11:18:41,948 [INFO] CmdLine:76 -  ------------------------------ ------- -------- ------- -----
2026-07-31 11:18:41,948 [INFO] CmdLine:76 -  TOTAL                            7,028   10,832   1,672   524
2026-07-31 11:18:41,948 [INFO] CmdLine:76 -  ------------------------------ ------- -------- ------- -----
2026-07-31 11:18:41,948 [INFO] CmdLine:76 -  *  toolchain objects (libm/libgcc*)
2026-07-31 11:18:41,948 [INFO] CmdLine:76 -  ** RT AI runtime objects (kernels+infrastructure)
2026-07-31 11:18:41,948 [INFO] CmdLine:76 -   Summary - "stm32l4" target
2026-07-31 11:18:41,948 [INFO] CmdLine:76 -   ---------------------------------------------------
2026-07-31 11:18:41,948 [INFO] CmdLine:76 -                FLASH (ro)      %*   RAM (rw)       %
2026-07-31 11:18:41,948 [INFO] CmdLine:76 -   ---------------------------------------------------
2026-07-31 11:18:41,948 [INFO] CmdLine:76 -   RT total          8,756   44.8%      1,812   82.5%
2026-07-31 11:18:41,948 [INFO] CmdLine:76 -   ---------------------------------------------------
2026-07-31 11:18:41,949 [INFO] CmdLine:76 -   TOTAL            19,532              2,196
2026-07-31 11:18:41,949 [INFO] CmdLine:76 -   ---------------------------------------------------
2026-07-31 11:18:41,949 [INFO] CmdLine:76 -   *  rt/total
2026-07-31 11:18:41,949 [INFO] CmdLine:76 -  Generated files (7)
2026-07-31 11:18:41,949 [INFO] CmdLine:76 -  ------------------------------------------------------------------
2026-07-31 11:18:41,949 [INFO] CmdLine:76 -  C:\Users\ADMIN\.stm32cubemx\network_output\network_data_params.h
2026-07-31 11:18:41,949 [INFO] CmdLine:76 -  C:\Users\ADMIN\.stm32cubemx\network_output\network_data_params.c
2026-07-31 11:18:41,949 [INFO] CmdLine:76 -  C:\Users\ADMIN\.stm32cubemx\network_output\network_data.h
2026-07-31 11:18:41,949 [INFO] CmdLine:76 -  C:\Users\ADMIN\.stm32cubemx\network_output\network_data.c
2026-07-31 11:18:41,949 [INFO] CmdLine:76 -  C:\Users\ADMIN\.stm32cubemx\network_output\network_config.h
2026-07-31 11:18:41,949 [INFO] CmdLine:76 -  C:\Users\ADMIN\.stm32cubemx\network_output\network.h
2026-07-31 11:18:41,949 [INFO] CmdLine:76 -  C:\Users\ADMIN\.stm32cubemx\network_output\network.c
2026-07-31 11:18:41,950 [INFO] CmdLine:76 - Creating txt report file C:\Users\ADMIN\.stm32cubemx\network_output\network_generate_report.txt
2026-07-31 11:18:46,348 [INFO] CmdLine:76 - elapsed time (generate): 8.931s
2026-07-31 11:18:46,711 [INFO] CmdLine:148 - stedgeai exit with status: 0
2026-07-31 11:18:46,716 [INFO] AIModelDetailledView:2264 - Analysis status: done
2026-07-31 11:18:46,895 [INFO] ProjectBuilder:3606 - Time for Copy HAL[1] : 64mS.
2026-07-31 11:18:46,896 [ERROR] Middleware:2950 - Invalid RefComponent list
2026-07-31 11:18:46,896 [ERROR] Middleware:2950 - Invalid RefComponent list
2026-07-31 11:18:46,896 [ERROR] Middleware:2950 - Invalid RefComponent list
2026-07-31 11:18:46,896 [ERROR] Middleware:2950 - Invalid RefComponent list
2026-07-31 11:18:46,896 [ERROR] Middleware:2950 - Invalid RefComponent list
2026-07-31 11:18:46,896 [ERROR] Middleware:2950 - Invalid RefComponent list
2026-07-31 11:18:46,896 [ERROR] Middleware:2950 - Invalid RefComponent list
2026-07-31 11:18:46,896 [ERROR] Middleware:2950 - Invalid RefComponent list
2026-07-31 11:18:46,896 [ERROR] Middleware:2950 - Invalid RefComponent list
2026-07-31 11:18:46,896 [ERROR] Middleware:2950 - Invalid RefComponent list
2026-07-31 11:18:46,896 [ERROR] Middleware:2950 - Invalid RefComponent list
2026-07-31 11:18:46,896 [ERROR] Middleware:2950 - Invalid RefComponent list
2026-07-31 11:18:46,896 [ERROR] Middleware:2950 - Invalid RefComponent list
2026-07-31 11:18:46,896 [ERROR] Middleware:2950 - Invalid RefComponent list
2026-07-31 11:18:46,896 [ERROR] Middleware:2950 - Invalid RefComponent list
2026-07-31 11:18:46,896 [ERROR] Middleware:2950 - Invalid RefComponent list
2026-07-31 11:18:46,896 [ERROR] Middleware:2950 - Invalid RefComponent list
2026-07-31 11:18:46,896 [ERROR] Middleware:2950 - Invalid RefComponent list
2026-07-31 11:18:46,896 [ERROR] Middleware:2950 - Invalid RefComponent list
2026-07-31 11:18:46,896 [ERROR] Middleware:2950 - Invalid RefComponent list
2026-07-31 11:18:46,896 [ERROR] Middleware:2950 - Invalid RefComponent list
2026-07-31 11:18:46,896 [ERROR] Middleware:2950 - Invalid RefComponent list
2026-07-31 11:18:46,896 [ERROR] Middleware:2950 - Invalid RefComponent list
2026-07-31 11:18:46,896 [ERROR] Middleware:2950 - Invalid RefComponent list
2026-07-31 11:18:46,896 [ERROR] Middleware:2950 - Invalid RefComponent list
2026-07-31 11:18:46,896 [ERROR] Middleware:2950 - Invalid RefComponent list
2026-07-31 11:18:46,896 [ERROR] Middleware:2950 - Invalid RefComponent list
2026-07-31 11:18:46,896 [ERROR] Middleware:2950 - Invalid RefComponent list
2026-07-31 11:18:46,896 [ERROR] Middleware:2950 - Invalid RefComponent list
2026-07-31 11:18:46,896 [ERROR] Middleware:2950 - Invalid RefComponent list
2026-07-31 11:18:46,896 [ERROR] Middleware:2950 - Invalid RefComponent list
2026-07-31 11:18:46,896 [ERROR] Middleware:2950 - Invalid RefComponent list
2026-07-31 11:18:46,896 [ERROR] Middleware:2950 - Invalid RefComponent list
2026-07-31 11:18:46,896 [ERROR] Middleware:2950 - Invalid RefComponent list
2026-07-31 11:18:46,896 [ERROR] Middleware:2950 - Invalid RefComponent list
2026-07-31 11:18:46,896 [ERROR] Middleware:2950 - Invalid RefComponent list
2026-07-31 11:18:46,896 [ERROR] Middleware:2950 - Invalid RefComponent list
2026-07-31 11:18:46,896 [ERROR] Middleware:2950 - Invalid RefComponent list
2026-07-31 11:18:46,896 [ERROR] Middleware:2950 - Invalid RefComponent list
2026-07-31 11:18:46,896 [ERROR] Middleware:2950 - Invalid RefComponent list
2026-07-31 11:18:46,896 [ERROR] Middleware:2950 - Invalid RefComponent list
2026-07-31 11:18:46,896 [ERROR] Middleware:2950 - Invalid RefComponent list
2026-07-31 11:18:46,896 [ERROR] Middleware:2950 - Invalid RefComponent list
2026-07-31 11:18:46,896 [ERROR] Middleware:2950 - Invalid RefComponent list
2026-07-31 11:18:46,896 [ERROR] Middleware:2950 - Invalid RefComponent list
2026-07-31 11:18:46,896 [ERROR] Middleware:2950 - Invalid RefComponent list
2026-07-31 11:18:46,896 [ERROR] Middleware:2950 - Invalid RefComponent list
2026-07-31 11:18:46,896 [ERROR] Middleware:2950 - Invalid RefComponent list
2026-07-31 11:18:46,896 [ERROR] Middleware:2950 - Invalid RefComponent list
2026-07-31 11:18:46,896 [ERROR] Middleware:2950 - Invalid RefComponent list
2026-07-31 11:18:46,898 [INFO] ProjectBuilder:5216 - Project Generator version: 4.7.0-B52
2026-07-31 11:18:46,935 [INFO] ConfigFileManager:1595 - The Die is : DIE470
2026-07-31 11:18:47,324 [INFO] ProjectBuilder:5496 - Time for Generating toolchain IDE Files: 427mS.
2026-07-31 11:18:47,325 [INFO] ProjectBuilder:3463 - Time for Copy CMSIS : 0mS.
2026-07-31 11:18:47,326 [INFO] ProjectBuilder:3463 - Time for Copy CMSIS : 0mS.
2026-07-31 11:23:35,625 [INFO] UtilMem:75 - End SaveConfig() Used Memory: 820875256 Bytes (1073741824)
2026-07-31 11:23:37,022 [INFO] UtilMem:75 - End SaveConfig() Used Memory: 861243384 Bytes (1073741824)
2026-07-31 11:23:37,126 [INFO] UtilMem:75 - End SaveConfig() Used Memory: 949323768 Bytes (1073741824)
2026-07-31 11:23:37,243 [INFO] BlockDiagram:2775 - set Specific Code input for plugin: SYS
2026-07-31 11:23:37,244 [INFO] BlockDiagram:2775 - set Specific Code input for plugin: RCC
2026-07-31 11:23:37,244 [INFO] BlockDiagram:2775 - set Specific Code input for plugin: I2C
2026-07-31 11:23:37,244 [INFO] BlockDiagram:2775 - set Specific Code input for plugin: NVIC
2026-07-31 11:23:37,244 [INFO] BlockDiagram:2775 - set Specific Code input for plugin: USART
2026-07-31 11:23:37,244 [INFO] BlockDiagram:2775 - set Specific Code input for plugin: STMicroelectronics.X-CUBE-AI.10.2.1
2026-07-31 11:23:37,244 [INFO] BlockDiagram:2775 - set Specific Code input for plugin: GPIO
2026-07-31 11:23:37,245 [INFO] CodeGenerator:892 - code generatio: config db path: C:\ST\STM32CubeIDE_1.19.0\STM32CubeIDE\plugins\com.st.stm32cube.common.mx_6.15.0.202507011659\\db\
2026-07-31 11:23:37,289 [INFO] IP:3329 - RTE Config file name : RTE_Component
2026-07-31 11:23:37,289 [INFO] IP:3347 - RTE template : RTE_Components.ftl
2026-07-31 11:23:37,293 [INFO] CodeEngine:265 - oldGeneratedFile, D:\RKS_TinyML_Workspace\TinyML_Workshop_Nitte\STM32\DL_Inference\MXTmpFiles\license.tmp_save
2026-07-31 11:23:37,330 [INFO] CodeEngine:289 - Generated code: D:\RKS_TinyML_Workspace\TinyML_Workshop_Nitte\STM32\DL_Inference\MXTmpFiles\license.tmp
2026-07-31 11:23:37,341 [INFO] CodeEngine:265 - oldGeneratedFile, D:\RKS_TinyML_Workspace\TinyML_Workshop_Nitte\STM32\DL_Inference\MXTmpFiles\gpio.tmp_save
2026-07-31 11:23:37,379 [INFO] CodeEngine:289 - Generated code: D:\RKS_TinyML_Workspace\TinyML_Workshop_Nitte\STM32\DL_Inference\MXTmpFiles\gpio.tmp
2026-07-31 11:23:37,448 [INFO] Middleware:1452 - No code input for Bsp Dependency
2026-07-31 11:23:37,450 [INFO] Middleware:1452 - No code input for Bsp Dependency
2026-07-31 11:23:37,456 [INFO] CodeEngine:265 - oldGeneratedFile, D:\RKS_TinyML_Workspace\TinyML_Workshop_Nitte\STM32\DL_Inference\Core\Src\stm32l4xx_it.c_save
2026-07-31 11:23:37,554 [INFO] CodeEngine:289 - Generated code: D:\RKS_TinyML_Workspace\TinyML_Workshop_Nitte\STM32\DL_Inference\Core\Src\stm32l4xx_it.c
2026-07-31 11:23:37,556 [INFO] CodeEngine:265 - oldGeneratedFile, D:\RKS_TinyML_Workspace\TinyML_Workshop_Nitte\STM32\DL_Inference\Core\Inc\stm32l4xx_it.h_save
2026-07-31 11:23:37,589 [INFO] CodeEngine:289 - Generated code: D:\RKS_TinyML_Workspace\TinyML_Workshop_Nitte\STM32\DL_Inference\Core\Inc\stm32l4xx_it.h
2026-07-31 11:23:37,595 [INFO] CodeEngine:265 - oldGeneratedFile, D:\RKS_TinyML_Workspace\TinyML_Workshop_Nitte\STM32\DL_Inference\Core\Src\stm32l4xx_hal_msp.c_save
2026-07-31 11:23:37,650 [INFO] CodeEngine:289 - Generated code: D:\RKS_TinyML_Workspace\TinyML_Workshop_Nitte\STM32\DL_Inference\Core\Src\stm32l4xx_hal_msp.c
2026-07-31 11:23:37,652 [INFO] CodeEngine:265 - oldGeneratedFile, D:\RKS_TinyML_Workspace\TinyML_Workshop_Nitte\STM32\DL_Inference\MXTmpFiles\system.tmp_save
2026-07-31 11:23:37,678 [INFO] CodeEngine:289 - Generated code: D:\RKS_TinyML_Workspace\TinyML_Workshop_Nitte\STM32\DL_Inference\MXTmpFiles\system.tmp
2026-07-31 11:23:37,683 [INFO] CodeEngine:321 - oldGeneratedFile, D:\RKS_TinyML_Workspace\TinyML_Workshop_Nitte\STM32\DL_Inference\Core\Inc\stm32l4xx_hal_conf.h_save
2026-07-31 11:23:37,718 [INFO] CodeEngine:345 - Generated code: D:\RKS_TinyML_Workspace\TinyML_Workshop_Nitte\STM32\DL_Inference\Core\Inc\stm32l4xx_hal_conf.h
2026-07-31 11:23:37,726 [INFO] CodeEngine:265 - oldGeneratedFile, D:\RKS_TinyML_Workspace\TinyML_Workshop_Nitte\STM32\DL_Inference\Core\Inc\main.h_save
2026-07-31 11:23:37,766 [INFO] CodeEngine:289 - Generated code: D:\RKS_TinyML_Workspace\TinyML_Workshop_Nitte\STM32\DL_Inference\Core\Inc\main.h
2026-07-31 11:23:37,767 [INFO] CodeEngine:265 - oldGeneratedFile, D:\RKS_TinyML_Workspace\TinyML_Workshop_Nitte\STM32\DL_Inference\Core\Src\main.c_save
2026-07-31 11:23:37,820 [INFO] CodeEngine:289 - Generated code: D:\RKS_TinyML_Workspace\TinyML_Workshop_Nitte\STM32\DL_Inference\Core\Src\main.c
2026-07-31 11:23:37,989 [INFO] AInterface:322 - ModelName:network; files:[D:\RKS_TinyML_Workspace\TinyML_Workshop_Nitte\ONNX\mlp_model.onnx]; type:ONNX; compression:None
2026-07-31 11:23:37,989 [INFO] AInterface:526 - workspaceTempDir: C:/Users/ADMIN/AppData/Local/Temp/mxAI_workspace104627275031532007392823567669119112
2026-07-31 11:23:37,989 [INFO] AInterface:1179 - Setting Env: C:/Users/ADMIN/STM32Cube/Repository//Packs/STMicroelectronics/X-CUBE-AI/10.2.1/Utilities/windows
2026-07-31 11:23:37,991 [INFO] STM32CubeIDEBuilder:265 - Looking for gnu-tools-for-stm32 tools/bin/arm-none-eabi-gcc.exe in C:\ST\STM32CubeIDE_1.19.0\STM32CubeIDE
2026-07-31 11:23:37,992 [INFO] STM32CubeIDEBuilder:294 - checking C:\ST\STM32CubeIDE_1.19.0\STM32CubeIDE\plugins\com.st.stm32cube.ide.mcu.externaltools.gnu-tools-for-stm32.13.3.rel1.win32_1.0.0.202411081344\tools\bin\arm-none-eabi-gcc.exe
2026-07-31 11:23:37,993 [INFO] STM32CubeIDEBuilder:297 - ret=C:\ST\STM32CubeIDE_1.19.0\STM32CubeIDE\plugins\com.st.stm32cube.ide.mcu.externaltools.gnu-tools-for-stm32.13.3.rel1.win32_1.0.0.202411081344\tools\bin\arm-none-eabi-gcc.exe
2026-07-31 11:23:37,993 [INFO] STM32CubeIDEBuilder:311 - returning C:\ST\STM32CubeIDE_1.19.0\STM32CubeIDE\plugins\com.st.stm32cube.ide.mcu.externaltools.gnu-tools-for-stm32.13.3.rel1.win32_1.0.0.202411081344\tools\bin\arm-none-eabi-gcc.exe
2026-07-31 11:23:37,993 [INFO] AInterface:1236 - Custom PATH variable: C:/Users/ADMIN/STM32Cube/Repository//Packs/STMicroelectronics/X-CUBE-AI/10.2.1/Utilities/windows;C:/Users/ADMIN/STM32Cube/Repository//Packs/STMicroelectronics/X-CUBE-AI/10.2.1/Utilities/windows/mingw64/bin;C:/Users/ADMIN/STM32Cube/Repository//Packs/STMicroelectronics/X-CUBE-AI/10.2.1/Utilities/windows/mingw64/libexec/gcc/x86_64-w64-mingw32/7.3.0;;C:\ST\STM32CubeIDE_1.19.0\STM32CubeIDE\plugins\com.st.stm32cube.ide.mcu.externaltools.gnu-tools-for-stm32.13.3.rel1.win32_1.0.0.202411081344\tools\bin
2026-07-31 11:23:37,993 [INFO] CmdLine:115 - Command: C:/Users/ADMIN/STM32Cube/Repository//Packs/STMicroelectronics/X-CUBE-AI/10.2.1/Utilities/windows/stedgeai.exe generate --target stm32l4 --name network -m D:/RKS_TinyML_Workspace/TinyML_Workshop_Nitte/ONNX/mlp_model.onnx --compression none --verbosity 1 --workspace C:/Users/ADMIN/AppData/Local/Temp/mxAI_workspace104627275031532007392823567669119112 --output C:/Users/ADMIN/.stm32cubemx/network_output
2026-07-31 11:23:37,994 [INFO] AIModelDetailledView:2264 - Analysis status: pending
2026-07-31 11:23:38,342 [INFO] CmdLine:76 - ST Edge AI Core v2.2.0-20266 2adc00962
2026-07-31 11:23:42,079 [INFO] CmdLine:76 - Creating c (debug) info json file C:\Users\ADMIN\.stm32cubemx\network_output\network_c_info.json
2026-07-31 11:23:42,101 [INFO] CmdLine:76 -  
2026-07-31 11:23:42,101 [INFO] CmdLine:76 -  Exec/report summary (generate)
2026-07-31 11:23:42,101 [INFO] CmdLine:76 -  --------------------------------------------------------------------------------------------------------------
2026-07-31 11:23:42,101 [INFO] CmdLine:76 -  model file         :   D:\RKS_TinyML_Workspace\TinyML_Workshop_Nitte\ONNX\mlp_model.onnx                      
2026-07-31 11:23:42,102 [INFO] CmdLine:76 -  type               :   onnx                                                                                   
2026-07-31 11:23:42,102 [INFO] CmdLine:76 -  c_name             :   network                                                                                
2026-07-31 11:23:42,102 [INFO] CmdLine:76 -  compression        :   none                                                                                   
2026-07-31 11:23:42,102 [INFO] CmdLine:76 -  options            :   allocate-inputs, allocate-outputs                                                      
2026-07-31 11:23:42,102 [INFO] CmdLine:76 -  optimization       :   balanced                                                                               
2026-07-31 11:23:42,102 [INFO] CmdLine:76 -  target/series      :   stm32l4                                                                                
2026-07-31 11:23:42,102 [INFO] CmdLine:76 -  workspace dir      :   C:\Users\ADMIN\AppData\Local\Temp\mxAI_workspace104627275031532007392823567669119112   
2026-07-31 11:23:42,102 [INFO] CmdLine:76 -  output dir         :   C:\Users\ADMIN\.stm32cubemx\network_output                                             
2026-07-31 11:23:42,102 [INFO] CmdLine:76 -  model_fmt          :   float                                                                                  
2026-07-31 11:23:42,102 [INFO] CmdLine:76 -  model_name         :   mlp_model                                                                              
2026-07-31 11:23:42,102 [INFO] CmdLine:76 -  model_hash         :   0x9730d768958be9e4562e5107bd0a979c                                                     
2026-07-31 11:23:42,102 [INFO] CmdLine:76 -  params #           :   2,693 items (10.52 KiB)                                                                
2026-07-31 11:23:42,102 [INFO] CmdLine:76 -  --------------------------------------------------------------------------------------------------------------
2026-07-31 11:23:42,102 [INFO] CmdLine:76 -  input 1/1          :   'input', f32(1x6), 24 Bytes, activations                                               
2026-07-31 11:23:42,102 [INFO] CmdLine:76 -  output 1/1         :   'output', f32(1x5), 20 Bytes, activations                                              
2026-07-31 11:23:42,102 [INFO] CmdLine:76 -  macc               :   2,789                                                                                  
2026-07-31 11:23:42,102 [INFO] CmdLine:76 -  weights (ro)       :   10,772 B (10.52 KiB) (1 segment)                                                       
2026-07-31 11:23:42,102 [INFO] CmdLine:76 -  activations (rw)   :   384 B (384 B) (1 segment) *                                                            
2026-07-31 11:23:42,102 [INFO] CmdLine:76 -  ram (total)        :   384 B (384 B) = 384 + 0 + 0                                                            
2026-07-31 11:23:42,102 [INFO] CmdLine:76 -  --------------------------------------------------------------------------------------------------------------
2026-07-31 11:23:42,102 [INFO] CmdLine:76 -  (*) 'input'/'output' buffers are allocated in the activations buffer
2026-07-31 11:23:42,104 [INFO] CmdLine:76 - Computing AI RT data/code size (target=stm32l4)..
2026-07-31 11:23:42,782 [INFO] CmdLine:76 -  Requested memory size by section - "stm32l4" target
2026-07-31 11:23:42,782 [INFO] CmdLine:76 -  ------------------------------ ------- -------- ------- -----
2026-07-31 11:23:42,782 [INFO] CmdLine:76 -  module                            text   rodata    data   bss
2026-07-31 11:23:42,782 [INFO] CmdLine:76 -  ------------------------------ ------- -------- ------- -----
2026-07-31 11:23:42,782 [INFO] CmdLine:76 -  NetworkRuntime1020_CM4_GCC.a     6,452        0       0     0
2026-07-31 11:23:42,782 [INFO] CmdLine:76 -  network.o                          528       40   1,584   140
2026-07-31 11:23:42,782 [INFO] CmdLine:76 -  network_data.o                      48       16      88     0
2026-07-31 11:23:42,782 [INFO] CmdLine:76 -  lib (toolchain)*                     0        0       0     0
2026-07-31 11:23:42,782 [INFO] CmdLine:76 -  ------------------------------ ------- -------- ------- -----
2026-07-31 11:23:42,782 [INFO] CmdLine:76 -  RT total**                       7,028       56   1,672   140
2026-07-31 11:23:42,782 [INFO] CmdLine:76 -  ------------------------------ ------- -------- ------- -----
2026-07-31 11:23:42,782 [INFO] CmdLine:76 -  weights                              0   10,776       0     0
2026-07-31 11:23:42,782 [INFO] CmdLine:76 -  activations                          0        0       0   384
2026-07-31 11:23:42,782 [INFO] CmdLine:76 -  io                                   0        0       0     0
2026-07-31 11:23:42,782 [INFO] CmdLine:76 -  ------------------------------ ------- -------- ------- -----
2026-07-31 11:23:42,782 [INFO] CmdLine:76 -  TOTAL                            7,028   10,832   1,672   524
2026-07-31 11:23:42,782 [INFO] CmdLine:76 -  ------------------------------ ------- -------- ------- -----
2026-07-31 11:23:42,782 [INFO] CmdLine:76 -  *  toolchain objects (libm/libgcc*)
2026-07-31 11:23:42,782 [INFO] CmdLine:76 -  ** RT AI runtime objects (kernels+infrastructure)
2026-07-31 11:23:42,782 [INFO] CmdLine:76 -   Summary - "stm32l4" target
2026-07-31 11:23:42,782 [INFO] CmdLine:76 -   ---------------------------------------------------
2026-07-31 11:23:42,782 [INFO] CmdLine:76 -                FLASH (ro)      %*   RAM (rw)       %
2026-07-31 11:23:42,782 [INFO] CmdLine:76 -   ---------------------------------------------------
2026-07-31 11:23:42,782 [INFO] CmdLine:76 -   RT total          8,756   44.8%      1,812   82.5%
2026-07-31 11:23:42,782 [INFO] CmdLine:76 -   ---------------------------------------------------
2026-07-31 11:23:42,782 [INFO] CmdLine:76 -   TOTAL            19,532              2,196
2026-07-31 11:23:42,782 [INFO] CmdLine:76 -   ---------------------------------------------------
2026-07-31 11:23:42,782 [INFO] CmdLine:76 -   *  rt/total
2026-07-31 11:23:42,782 [INFO] CmdLine:76 -  Generated files (7)
2026-07-31 11:23:42,782 [INFO] CmdLine:76 -  ------------------------------------------------------------------
2026-07-31 11:23:42,782 [INFO] CmdLine:76 -  C:\Users\ADMIN\.stm32cubemx\network_output\network_data_params.h
2026-07-31 11:23:42,782 [INFO] CmdLine:76 -  C:\Users\ADMIN\.stm32cubemx\network_output\network_data_params.c
2026-07-31 11:23:42,782 [INFO] CmdLine:76 -  C:\Users\ADMIN\.stm32cubemx\network_output\network_data.h
2026-07-31 11:23:42,782 [INFO] CmdLine:76 -  C:\Users\ADMIN\.stm32cubemx\network_output\network_data.c
2026-07-31 11:23:42,782 [INFO] CmdLine:76 -  C:\Users\ADMIN\.stm32cubemx\network_output\network_config.h
2026-07-31 11:23:42,782 [INFO] CmdLine:76 -  C:\Users\ADMIN\.stm32cubemx\network_output\network.h
2026-07-31 11:23:42,782 [INFO] CmdLine:76 -  C:\Users\ADMIN\.stm32cubemx\network_output\network.c
2026-07-31 11:23:42,782 [INFO] CmdLine:76 - Creating txt report file C:\Users\ADMIN\.stm32cubemx\network_output\network_generate_report.txt
2026-07-31 11:23:53,495 [INFO] CmdLine:76 - elapsed time (generate): 15.152s
2026-07-31 11:23:53,856 [INFO] CmdLine:148 - stedgeai exit with status: 0
2026-07-31 11:23:53,862 [INFO] AIModelDetailledView:2264 - Analysis status: done
2026-07-31 11:23:54,043 [INFO] ProjectBuilder:3606 - Time for Copy HAL[1] : 61mS.
2026-07-31 11:23:54,043 [ERROR] Middleware:2950 - Invalid RefComponent list
2026-07-31 11:23:54,043 [ERROR] Middleware:2950 - Invalid RefComponent list
2026-07-31 11:23:54,043 [ERROR] Middleware:2950 - Invalid RefComponent list
2026-07-31 11:23:54,043 [ERROR] Middleware:2950 - Invalid RefComponent list
2026-07-31 11:23:54,043 [ERROR] Middleware:2950 - Invalid RefComponent list
2026-07-31 11:23:54,043 [ERROR] Middleware:2950 - Invalid RefComponent list
2026-07-31 11:23:54,043 [ERROR] Middleware:2950 - Invalid RefComponent list
2026-07-31 11:23:54,043 [ERROR] Middleware:2950 - Invalid RefComponent list
2026-07-31 11:23:54,044 [ERROR] Middleware:2950 - Invalid RefComponent list
2026-07-31 11:23:54,044 [ERROR] Middleware:2950 - Invalid RefComponent list
2026-07-31 11:23:54,044 [ERROR] Middleware:2950 - Invalid RefComponent list
2026-07-31 11:23:54,044 [ERROR] Middleware:2950 - Invalid RefComponent list
2026-07-31 11:23:54,044 [ERROR] Middleware:2950 - Invalid RefComponent list
2026-07-31 11:23:54,044 [ERROR] Middleware:2950 - Invalid RefComponent list
2026-07-31 11:23:54,044 [ERROR] Middleware:2950 - Invalid RefComponent list
2026-07-31 11:23:54,044 [ERROR] Middleware:2950 - Invalid RefComponent list
2026-07-31 11:23:54,044 [ERROR] Middleware:2950 - Invalid RefComponent list
2026-07-31 11:23:54,044 [ERROR] Middleware:2950 - Invalid RefComponent list
2026-07-31 11:23:54,044 [ERROR] Middleware:2950 - Invalid RefComponent list
2026-07-31 11:23:54,044 [ERROR] Middleware:2950 - Invalid RefComponent list
2026-07-31 11:23:54,044 [ERROR] Middleware:2950 - Invalid RefComponent list
2026-07-31 11:23:54,044 [ERROR] Middleware:2950 - Invalid RefComponent list
2026-07-31 11:23:54,044 [ERROR] Middleware:2950 - Invalid RefComponent list
2026-07-31 11:23:54,044 [ERROR] Middleware:2950 - Invalid RefComponent list
2026-07-31 11:23:54,044 [ERROR] Middleware:2950 - Invalid RefComponent list
2026-07-31 11:23:54,044 [ERROR] Middleware:2950 - Invalid RefComponent list
2026-07-31 11:23:54,044 [ERROR] Middleware:2950 - Invalid RefComponent list
2026-07-31 11:23:54,044 [ERROR] Middleware:2950 - Invalid RefComponent list
2026-07-31 11:23:54,044 [ERROR] Middleware:2950 - Invalid RefComponent list
2026-07-31 11:23:54,044 [ERROR] Middleware:2950 - Invalid RefComponent list
2026-07-31 11:23:54,044 [ERROR] Middleware:2950 - Invalid RefComponent list
2026-07-31 11:23:54,044 [ERROR] Middleware:2950 - Invalid RefComponent list
2026-07-31 11:23:54,044 [ERROR] Middleware:2950 - Invalid RefComponent list
2026-07-31 11:23:54,044 [ERROR] Middleware:2950 - Invalid RefComponent list
2026-07-31 11:23:54,044 [ERROR] Middleware:2950 - Invalid RefComponent list
2026-07-31 11:23:54,044 [ERROR] Middleware:2950 - Invalid RefComponent list
2026-07-31 11:23:54,044 [ERROR] Middleware:2950 - Invalid RefComponent list
2026-07-31 11:23:54,044 [ERROR] Middleware:2950 - Invalid RefComponent list
2026-07-31 11:23:54,044 [ERROR] Middleware:2950 - Invalid RefComponent list
2026-07-31 11:23:54,044 [ERROR] Middleware:2950 - Invalid RefComponent list
2026-07-31 11:23:54,044 [ERROR] Middleware:2950 - Invalid RefComponent list
2026-07-31 11:23:54,044 [ERROR] Middleware:2950 - Invalid RefComponent list
2026-07-31 11:23:54,044 [ERROR] Middleware:2950 - Invalid RefComponent list
2026-07-31 11:23:54,044 [ERROR] Middleware:2950 - Invalid RefComponent list
2026-07-31 11:23:54,044 [ERROR] Middleware:2950 - Invalid RefComponent list
2026-07-31 11:23:54,044 [ERROR] Middleware:2950 - Invalid RefComponent list
2026-07-31 11:23:54,044 [ERROR] Middleware:2950 - Invalid RefComponent list
2026-07-31 11:23:54,044 [ERROR] Middleware:2950 - Invalid RefComponent list
2026-07-31 11:23:54,044 [ERROR] Middleware:2950 - Invalid RefComponent list
2026-07-31 11:23:54,044 [ERROR] Middleware:2950 - Invalid RefComponent list
2026-07-31 11:23:54,045 [INFO] ProjectBuilder:5216 - Project Generator version: 4.7.0-B52
2026-07-31 11:23:54,081 [INFO] ConfigFileManager:1595 - The Die is : DIE470
2026-07-31 11:23:54,508 [INFO] ProjectBuilder:5496 - Time for Generating toolchain IDE Files: 462mS.
2026-07-31 11:23:54,509 [INFO] ProjectBuilder:3463 - Time for Copy CMSIS : 0mS.
2026-07-31 11:23:54,510 [INFO] ProjectBuilder:3463 - Time for Copy CMSIS : 0mS.
2026-07-31 11:24:19,668 [INFO] UtilMem:75 - End SaveConfig() Used Memory: 940496056 Bytes (1073741824)
2026-07-31 11:24:20,846 [INFO] UtilMem:75 - End SaveConfig() Used Memory: 814148184 Bytes (1073741824)
2026-07-31 11:24:20,953 [INFO] UtilMem:75 - End SaveConfig() Used Memory: 856599456 Bytes (1073741824)
2026-07-31 11:24:21,040 [INFO] BlockDiagram:2775 - set Specific Code input for plugin: SYS
2026-07-31 11:24:21,041 [INFO] BlockDiagram:2775 - set Specific Code input for plugin: RCC
2026-07-31 11:24:21,041 [INFO] BlockDiagram:2775 - set Specific Code input for plugin: I2C
2026-07-31 11:24:21,041 [INFO] BlockDiagram:2775 - set Specific Code input for plugin: NVIC
2026-07-31 11:24:21,041 [INFO] BlockDiagram:2775 - set Specific Code input for plugin: USART
2026-07-31 11:24:21,041 [INFO] BlockDiagram:2775 - set Specific Code input for plugin: STMicroelectronics.X-CUBE-AI.10.2.1
2026-07-31 11:24:21,041 [INFO] BlockDiagram:2775 - set Specific Code input for plugin: GPIO
2026-07-31 11:24:21,041 [INFO] CodeGenerator:892 - code generatio: config db path: C:\ST\STM32CubeIDE_1.19.0\STM32CubeIDE\plugins\com.st.stm32cube.common.mx_6.15.0.202507011659\\db\
2026-07-31 11:24:21,078 [INFO] IP:3329 - RTE Config file name : RTE_Component
2026-07-31 11:24:21,078 [INFO] IP:3347 - RTE template : RTE_Components.ftl
2026-07-31 11:24:21,082 [INFO] CodeEngine:265 - oldGeneratedFile, D:\RKS_TinyML_Workspace\TinyML_Workshop_Nitte\STM32\DL_Inference\MXTmpFiles\license.tmp_save
2026-07-31 11:24:21,115 [INFO] CodeEngine:289 - Generated code: D:\RKS_TinyML_Workspace\TinyML_Workshop_Nitte\STM32\DL_Inference\MXTmpFiles\license.tmp
2026-07-31 11:24:21,125 [INFO] CodeEngine:265 - oldGeneratedFile, D:\RKS_TinyML_Workspace\TinyML_Workshop_Nitte\STM32\DL_Inference\MXTmpFiles\gpio.tmp_save
2026-07-31 11:24:21,153 [INFO] CodeEngine:289 - Generated code: D:\RKS_TinyML_Workspace\TinyML_Workshop_Nitte\STM32\DL_Inference\MXTmpFiles\gpio.tmp
2026-07-31 11:24:21,183 [INFO] Middleware:1452 - No code input for Bsp Dependency
2026-07-31 11:24:21,195 [INFO] Middleware:1452 - No code input for Bsp Dependency
2026-07-31 11:24:21,200 [INFO] CodeEngine:265 - oldGeneratedFile, D:\RKS_TinyML_Workspace\TinyML_Workshop_Nitte\STM32\DL_Inference\Core\Src\stm32l4xx_it.c_save
2026-07-31 11:24:21,231 [INFO] CodeEngine:289 - Generated code: D:\RKS_TinyML_Workspace\TinyML_Workshop_Nitte\STM32\DL_Inference\Core\Src\stm32l4xx_it.c
2026-07-31 11:24:21,234 [INFO] CodeEngine:265 - oldGeneratedFile, D:\RKS_TinyML_Workspace\TinyML_Workshop_Nitte\STM32\DL_Inference\Core\Inc\stm32l4xx_it.h_save
2026-07-31 11:24:21,260 [INFO] CodeEngine:289 - Generated code: D:\RKS_TinyML_Workspace\TinyML_Workshop_Nitte\STM32\DL_Inference\Core\Inc\stm32l4xx_it.h
2026-07-31 11:24:21,266 [INFO] CodeEngine:265 - oldGeneratedFile, D:\RKS_TinyML_Workspace\TinyML_Workshop_Nitte\STM32\DL_Inference\Core\Src\stm32l4xx_hal_msp.c_save
2026-07-31 11:24:21,311 [INFO] CodeEngine:289 - Generated code: D:\RKS_TinyML_Workspace\TinyML_Workshop_Nitte\STM32\DL_Inference\Core\Src\stm32l4xx_hal_msp.c
2026-07-31 11:24:21,313 [INFO] CodeEngine:265 - oldGeneratedFile, D:\RKS_TinyML_Workspace\TinyML_Workshop_Nitte\STM32\DL_Inference\MXTmpFiles\system.tmp_save
2026-07-31 11:24:21,342 [INFO] CodeEngine:289 - Generated code: D:\RKS_TinyML_Workspace\TinyML_Workshop_Nitte\STM32\DL_Inference\MXTmpFiles\system.tmp
2026-07-31 11:24:21,346 [INFO] CodeEngine:321 - oldGeneratedFile, D:\RKS_TinyML_Workspace\TinyML_Workshop_Nitte\STM32\DL_Inference\Core\Inc\stm32l4xx_hal_conf.h_save
2026-07-31 11:24:21,376 [INFO] CodeEngine:345 - Generated code: D:\RKS_TinyML_Workspace\TinyML_Workshop_Nitte\STM32\DL_Inference\Core\Inc\stm32l4xx_hal_conf.h
2026-07-31 11:24:21,385 [INFO] CodeEngine:265 - oldGeneratedFile, D:\RKS_TinyML_Workspace\TinyML_Workshop_Nitte\STM32\DL_Inference\Core\Inc\main.h_save
2026-07-31 11:24:21,415 [INFO] CodeEngine:289 - Generated code: D:\RKS_TinyML_Workspace\TinyML_Workshop_Nitte\STM32\DL_Inference\Core\Inc\main.h
2026-07-31 11:24:21,419 [INFO] CodeEngine:265 - oldGeneratedFile, D:\RKS_TinyML_Workspace\TinyML_Workshop_Nitte\STM32\DL_Inference\Core\Src\main.c_save
2026-07-31 11:24:21,467 [INFO] CodeEngine:289 - Generated code: D:\RKS_TinyML_Workspace\TinyML_Workshop_Nitte\STM32\DL_Inference\Core\Src\main.c
2026-07-31 11:24:21,641 [INFO] AInterface:322 - ModelName:network; files:[D:\RKS_TinyML_Workspace\TinyML_Workshop_Nitte\ONNX\mlp_model.onnx]; type:ONNX; compression:None
2026-07-31 11:24:21,642 [INFO] AInterface:526 - workspaceTempDir: C:/Users/ADMIN/AppData/Local/Temp/mxAI_workspace1046277115606520014149766419239505211
2026-07-31 11:24:21,642 [INFO] AInterface:1179 - Setting Env: C:/Users/ADMIN/STM32Cube/Repository//Packs/STMicroelectronics/X-CUBE-AI/10.2.1/Utilities/windows
2026-07-31 11:24:21,644 [INFO] STM32CubeIDEBuilder:265 - Looking for gnu-tools-for-stm32 tools/bin/arm-none-eabi-gcc.exe in C:\ST\STM32CubeIDE_1.19.0\STM32CubeIDE
2026-07-31 11:24:21,645 [INFO] STM32CubeIDEBuilder:294 - checking C:\ST\STM32CubeIDE_1.19.0\STM32CubeIDE\plugins\com.st.stm32cube.ide.mcu.externaltools.gnu-tools-for-stm32.13.3.rel1.win32_1.0.0.202411081344\tools\bin\arm-none-eabi-gcc.exe
2026-07-31 11:24:21,645 [INFO] STM32CubeIDEBuilder:297 - ret=C:\ST\STM32CubeIDE_1.19.0\STM32CubeIDE\plugins\com.st.stm32cube.ide.mcu.externaltools.gnu-tools-for-stm32.13.3.rel1.win32_1.0.0.202411081344\tools\bin\arm-none-eabi-gcc.exe
2026-07-31 11:24:21,645 [INFO] STM32CubeIDEBuilder:311 - returning C:\ST\STM32CubeIDE_1.19.0\STM32CubeIDE\plugins\com.st.stm32cube.ide.mcu.externaltools.gnu-tools-for-stm32.13.3.rel1.win32_1.0.0.202411081344\tools\bin\arm-none-eabi-gcc.exe
2026-07-31 11:24:21,646 [INFO] AInterface:1236 - Custom PATH variable: C:/Users/ADMIN/STM32Cube/Repository//Packs/STMicroelectronics/X-CUBE-AI/10.2.1/Utilities/windows;C:/Users/ADMIN/STM32Cube/Repository//Packs/STMicroelectronics/X-CUBE-AI/10.2.1/Utilities/windows/mingw64/bin;C:/Users/ADMIN/STM32Cube/Repository//Packs/STMicroelectronics/X-CUBE-AI/10.2.1/Utilities/windows/mingw64/libexec/gcc/x86_64-w64-mingw32/7.3.0;;C:\ST\STM32CubeIDE_1.19.0\STM32CubeIDE\plugins\com.st.stm32cube.ide.mcu.externaltools.gnu-tools-for-stm32.13.3.rel1.win32_1.0.0.202411081344\tools\bin
2026-07-31 11:24:21,646 [INFO] CmdLine:115 - Command: C:/Users/ADMIN/STM32Cube/Repository//Packs/STMicroelectronics/X-CUBE-AI/10.2.1/Utilities/windows/stedgeai.exe generate --target stm32l4 --name network -m D:/RKS_TinyML_Workspace/TinyML_Workshop_Nitte/ONNX/mlp_model.onnx --compression none --verbosity 1 --workspace C:/Users/ADMIN/AppData/Local/Temp/mxAI_workspace1046277115606520014149766419239505211 --output C:/Users/ADMIN/.stm32cubemx/network_output
2026-07-31 11:24:21,648 [INFO] AIModelDetailledView:2264 - Analysis status: pending
2026-07-31 11:24:21,972 [INFO] CmdLine:76 - ST Edge AI Core v2.2.0-20266 2adc00962
2026-07-31 11:24:25,706 [INFO] CmdLine:76 - Creating c (debug) info json file C:\Users\ADMIN\.stm32cubemx\network_output\network_c_info.json
2026-07-31 11:24:25,716 [INFO] CmdLine:76 -  
2026-07-31 11:24:25,716 [INFO] CmdLine:76 -  Exec/report summary (generate)
2026-07-31 11:24:25,716 [INFO] CmdLine:76 -  ---------------------------------------------------------------------------------------------------------------
2026-07-31 11:24:25,716 [INFO] CmdLine:76 -  model file         :   D:\RKS_TinyML_Workspace\TinyML_Workshop_Nitte\ONNX\mlp_model.onnx                       
2026-07-31 11:24:25,716 [INFO] CmdLine:76 -  type               :   onnx                                                                                    
2026-07-31 11:24:25,716 [INFO] CmdLine:76 -  c_name             :   network                                                                                 
2026-07-31 11:24:25,716 [INFO] CmdLine:76 -  compression        :   none                                                                                    
2026-07-31 11:24:25,716 [INFO] CmdLine:76 -  options            :   allocate-inputs, allocate-outputs                                                       
2026-07-31 11:24:25,717 [INFO] CmdLine:76 -  optimization       :   balanced                                                                                
2026-07-31 11:24:25,717 [INFO] CmdLine:76 -  target/series      :   stm32l4                                                                                 
2026-07-31 11:24:25,717 [INFO] CmdLine:76 -  workspace dir      :   C:\Users\ADMIN\AppData\Local\Temp\mxAI_workspace1046277115606520014149766419239505211   
2026-07-31 11:24:25,717 [INFO] CmdLine:76 -  output dir         :   C:\Users\ADMIN\.stm32cubemx\network_output                                              
2026-07-31 11:24:25,717 [INFO] CmdLine:76 -  model_fmt          :   float                                                                                   
2026-07-31 11:24:25,717 [INFO] CmdLine:76 -  model_name         :   mlp_model                                                                               
2026-07-31 11:24:25,717 [INFO] CmdLine:76 -  model_hash         :   0x9730d768958be9e4562e5107bd0a979c                                                      
2026-07-31 11:24:25,717 [INFO] CmdLine:76 -  params #           :   2,693 items (10.52 KiB)                                                                 
2026-07-31 11:24:25,717 [INFO] CmdLine:76 -  ---------------------------------------------------------------------------------------------------------------
2026-07-31 11:24:25,717 [INFO] CmdLine:76 -  input 1/1          :   'input', f32(1x6), 24 Bytes, activations                                                
2026-07-31 11:24:25,717 [INFO] CmdLine:76 -  output 1/1         :   'output', f32(1x5), 20 Bytes, activations                                               
2026-07-31 11:24:25,717 [INFO] CmdLine:76 -  macc               :   2,789                                                                                   
2026-07-31 11:24:25,717 [INFO] CmdLine:76 -  weights (ro)       :   10,772 B (10.52 KiB) (1 segment)                                                        
2026-07-31 11:24:25,717 [INFO] CmdLine:76 -  activations (rw)   :   384 B (384 B) (1 segment) *                                                             
2026-07-31 11:24:25,717 [INFO] CmdLine:76 -  ram (total)        :   384 B (384 B) = 384 + 0 + 0                                                             
2026-07-31 11:24:25,717 [INFO] CmdLine:76 -  ---------------------------------------------------------------------------------------------------------------
2026-07-31 11:24:25,717 [INFO] CmdLine:76 -  (*) 'input'/'output' buffers are allocated in the activations buffer
2026-07-31 11:24:25,719 [INFO] CmdLine:76 - Computing AI RT data/code size (target=stm32l4)..
2026-07-31 11:24:26,413 [INFO] CmdLine:76 -  Requested memory size by section - "stm32l4" target
2026-07-31 11:24:26,413 [INFO] CmdLine:76 -  ------------------------------ ------- -------- ------- -----
2026-07-31 11:24:26,414 [INFO] CmdLine:76 -  module                            text   rodata    data   bss
2026-07-31 11:24:26,414 [INFO] CmdLine:76 -  ------------------------------ ------- -------- ------- -----
2026-07-31 11:24:26,414 [INFO] CmdLine:76 -  NetworkRuntime1020_CM4_GCC.a     6,452        0       0     0
2026-07-31 11:24:26,414 [INFO] CmdLine:76 -  network.o                          528       40   1,584   140
2026-07-31 11:24:26,414 [INFO] CmdLine:76 -  network_data.o                      48       16      88     0
2026-07-31 11:24:26,414 [INFO] CmdLine:76 -  lib (toolchain)*                     0        0       0     0
2026-07-31 11:24:26,414 [INFO] CmdLine:76 -  ------------------------------ ------- -------- ------- -----
2026-07-31 11:24:26,414 [INFO] CmdLine:76 -  RT total**                       7,028       56   1,672   140
2026-07-31 11:24:26,414 [INFO] CmdLine:76 -  ------------------------------ ------- -------- ------- -----
2026-07-31 11:24:26,414 [INFO] CmdLine:76 -  weights                              0   10,776       0     0
2026-07-31 11:24:26,414 [INFO] CmdLine:76 -  activations                          0        0       0   384
2026-07-31 11:24:26,414 [INFO] CmdLine:76 -  io                                   0        0       0     0
2026-07-31 11:24:26,414 [INFO] CmdLine:76 -  ------------------------------ ------- -------- ------- -----
2026-07-31 11:24:26,414 [INFO] CmdLine:76 -  TOTAL                            7,028   10,832   1,672   524
2026-07-31 11:24:26,414 [INFO] CmdLine:76 -  ------------------------------ ------- -------- ------- -----
2026-07-31 11:24:26,414 [INFO] CmdLine:76 -  *  toolchain objects (libm/libgcc*)
2026-07-31 11:24:26,414 [INFO] CmdLine:76 -  ** RT AI runtime objects (kernels+infrastructure)
2026-07-31 11:24:26,414 [INFO] CmdLine:76 -   Summary - "stm32l4" target
2026-07-31 11:24:26,414 [INFO] CmdLine:76 -   ---------------------------------------------------
2026-07-31 11:24:26,414 [INFO] CmdLine:76 -                FLASH (ro)      %*   RAM (rw)       %
2026-07-31 11:24:26,415 [INFO] CmdLine:76 -   ---------------------------------------------------
2026-07-31 11:24:26,415 [INFO] CmdLine:76 -   RT total          8,756   44.8%      1,812   82.5%
2026-07-31 11:24:26,415 [INFO] CmdLine:76 -   ---------------------------------------------------
2026-07-31 11:24:26,415 [INFO] CmdLine:76 -   TOTAL            19,532              2,196
2026-07-31 11:24:26,415 [INFO] CmdLine:76 -   ---------------------------------------------------
2026-07-31 11:24:26,415 [INFO] CmdLine:76 -   *  rt/total
2026-07-31 11:24:26,415 [INFO] CmdLine:76 -  Generated files (7)
2026-07-31 11:24:26,415 [INFO] CmdLine:76 -  ------------------------------------------------------------------
2026-07-31 11:24:26,415 [INFO] CmdLine:76 -  C:\Users\ADMIN\.stm32cubemx\network_output\network_data_params.h
2026-07-31 11:24:26,415 [INFO] CmdLine:76 -  C:\Users\ADMIN\.stm32cubemx\network_output\network_data_params.c
2026-07-31 11:24:26,415 [INFO] CmdLine:76 -  C:\Users\ADMIN\.stm32cubemx\network_output\network_data.h
2026-07-31 11:24:26,415 [INFO] CmdLine:76 -  C:\Users\ADMIN\.stm32cubemx\network_output\network_data.c
2026-07-31 11:24:26,415 [INFO] CmdLine:76 -  C:\Users\ADMIN\.stm32cubemx\network_output\network_config.h
2026-07-31 11:24:26,415 [INFO] CmdLine:76 -  C:\Users\ADMIN\.stm32cubemx\network_output\network.h
2026-07-31 11:24:26,415 [INFO] CmdLine:76 -  C:\Users\ADMIN\.stm32cubemx\network_output\network.c
2026-07-31 11:24:26,416 [INFO] CmdLine:76 - Creating txt report file C:\Users\ADMIN\.stm32cubemx\network_output\network_generate_report.txt
2026-07-31 11:24:37,923 [INFO] CmdLine:76 - elapsed time (generate): 15.951s
2026-07-31 11:24:38,324 [INFO] CmdLine:148 - stedgeai exit with status: 0
2026-07-31 11:24:38,332 [INFO] AIModelDetailledView:2264 - Analysis status: done
2026-07-31 11:24:38,519 [INFO] ProjectBuilder:3606 - Time for Copy HAL[1] : 63mS.
2026-07-31 11:24:38,520 [ERROR] Middleware:2950 - Invalid RefComponent list
2026-07-31 11:24:38,520 [ERROR] Middleware:2950 - Invalid RefComponent list
2026-07-31 11:24:38,520 [ERROR] Middleware:2950 - Invalid RefComponent list
2026-07-31 11:24:38,520 [ERROR] Middleware:2950 - Invalid RefComponent list
2026-07-31 11:24:38,520 [ERROR] Middleware:2950 - Invalid RefComponent list
2026-07-31 11:24:38,520 [ERROR] Middleware:2950 - Invalid RefComponent list
2026-07-31 11:24:38,520 [ERROR] Middleware:2950 - Invalid RefComponent list
2026-07-31 11:24:38,520 [ERROR] Middleware:2950 - Invalid RefComponent list
2026-07-31 11:24:38,520 [ERROR] Middleware:2950 - Invalid RefComponent list
2026-07-31 11:24:38,520 [ERROR] Middleware:2950 - Invalid RefComponent list
2026-07-31 11:24:38,520 [ERROR] Middleware:2950 - Invalid RefComponent list
2026-07-31 11:24:38,520 [ERROR] Middleware:2950 - Invalid RefComponent list
2026-07-31 11:24:38,520 [ERROR] Middleware:2950 - Invalid RefComponent list
2026-07-31 11:24:38,520 [ERROR] Middleware:2950 - Invalid RefComponent list
2026-07-31 11:24:38,520 [ERROR] Middleware:2950 - Invalid RefComponent list
2026-07-31 11:24:38,520 [ERROR] Middleware:2950 - Invalid RefComponent list
2026-07-31 11:24:38,520 [ERROR] Middleware:2950 - Invalid RefComponent list
2026-07-31 11:24:38,520 [ERROR] Middleware:2950 - Invalid RefComponent list
2026-07-31 11:24:38,520 [ERROR] Middleware:2950 - Invalid RefComponent list
2026-07-31 11:24:38,520 [ERROR] Middleware:2950 - Invalid RefComponent list
2026-07-31 11:24:38,520 [ERROR] Middleware:2950 - Invalid RefComponent list
2026-07-31 11:24:38,520 [ERROR] Middleware:2950 - Invalid RefComponent list
2026-07-31 11:24:38,520 [ERROR] Middleware:2950 - Invalid RefComponent list
2026-07-31 11:24:38,520 [ERROR] Middleware:2950 - Invalid RefComponent list
2026-07-31 11:24:38,520 [ERROR] Middleware:2950 - Invalid RefComponent list
2026-07-31 11:24:38,520 [ERROR] Middleware:2950 - Invalid RefComponent list
2026-07-31 11:24:38,520 [ERROR] Middleware:2950 - Invalid RefComponent list
2026-07-31 11:24:38,520 [ERROR] Middleware:2950 - Invalid RefComponent list
2026-07-31 11:24:38,520 [ERROR] Middleware:2950 - Invalid RefComponent list
2026-07-31 11:24:38,520 [ERROR] Middleware:2950 - Invalid RefComponent list
2026-07-31 11:24:38,520 [ERROR] Middleware:2950 - Invalid RefComponent list
2026-07-31 11:24:38,520 [ERROR] Middleware:2950 - Invalid RefComponent list
2026-07-31 11:24:38,520 [ERROR] Middleware:2950 - Invalid RefComponent list
2026-07-31 11:24:38,520 [ERROR] Middleware:2950 - Invalid RefComponent list
2026-07-31 11:24:38,520 [ERROR] Middleware:2950 - Invalid RefComponent list
2026-07-31 11:24:38,520 [ERROR] Middleware:2950 - Invalid RefComponent list
2026-07-31 11:24:38,520 [ERROR] Middleware:2950 - Invalid RefComponent list
2026-07-31 11:24:38,520 [ERROR] Middleware:2950 - Invalid RefComponent list
2026-07-31 11:24:38,520 [ERROR] Middleware:2950 - Invalid RefComponent list
2026-07-31 11:24:38,520 [ERROR] Middleware:2950 - Invalid RefComponent list
2026-07-31 11:24:38,520 [ERROR] Middleware:2950 - Invalid RefComponent list
2026-07-31 11:24:38,520 [ERROR] Middleware:2950 - Invalid RefComponent list
2026-07-31 11:24:38,520 [ERROR] Middleware:2950 - Invalid RefComponent list
2026-07-31 11:24:38,520 [ERROR] Middleware:2950 - Invalid RefComponent list
2026-07-31 11:24:38,520 [ERROR] Middleware:2950 - Invalid RefComponent list
2026-07-31 11:24:38,520 [ERROR] Middleware:2950 - Invalid RefComponent list
2026-07-31 11:24:38,520 [ERROR] Middleware:2950 - Invalid RefComponent list
2026-07-31 11:24:38,520 [ERROR] Middleware:2950 - Invalid RefComponent list
2026-07-31 11:24:38,520 [ERROR] Middleware:2950 - Invalid RefComponent list
2026-07-31 11:24:38,520 [ERROR] Middleware:2950 - Invalid RefComponent list
2026-07-31 11:24:38,522 [INFO] ProjectBuilder:5216 - Project Generator version: 4.7.0-B52
2026-07-31 11:24:38,560 [INFO] ConfigFileManager:1595 - The Die is : DIE470
2026-07-31 11:24:38,936 [INFO] ProjectBuilder:5496 - Time for Generating toolchain IDE Files: 414mS.
2026-07-31 11:24:38,937 [INFO] ProjectBuilder:3463 - Time for Copy CMSIS : 1mS.
2026-07-31 11:24:38,938 [INFO] ProjectBuilder:3463 - Time for Copy CMSIS : 0mS.
2026-07-31 11:26:07,511 [INFO] UtilMem:75 - End SaveConfig() Used Memory: 821576776 Bytes (1073741824)
2026-07-31 11:26:08,794 [INFO] UtilMem:75 - End SaveConfig() Used Memory: 862471240 Bytes (1073741824)
2026-07-31 11:26:08,902 [INFO] UtilMem:75 - End SaveConfig() Used Memory: 952126536 Bytes (1073741824)
2026-07-31 11:26:09,022 [INFO] BlockDiagram:2775 - set Specific Code input for plugin: SYS
2026-07-31 11:26:09,023 [INFO] BlockDiagram:2775 - set Specific Code input for plugin: RCC
2026-07-31 11:26:09,023 [INFO] BlockDiagram:2775 - set Specific Code input for plugin: I2C
2026-07-31 11:26:09,023 [INFO] BlockDiagram:2775 - set Specific Code input for plugin: NVIC
2026-07-31 11:26:09,023 [INFO] BlockDiagram:2775 - set Specific Code input for plugin: USART
2026-07-31 11:26:09,023 [INFO] BlockDiagram:2775 - set Specific Code input for plugin: STMicroelectronics.X-CUBE-AI.10.2.1
2026-07-31 11:26:09,023 [INFO] BlockDiagram:2775 - set Specific Code input for plugin: GPIO
2026-07-31 11:26:09,024 [INFO] CodeGenerator:892 - code generatio: config db path: C:\ST\STM32CubeIDE_1.19.0\STM32CubeIDE\plugins\com.st.stm32cube.common.mx_6.15.0.202507011659\\db\
2026-07-31 11:26:09,065 [INFO] IP:3329 - RTE Config file name : RTE_Component
2026-07-31 11:26:09,065 [INFO] IP:3347 - RTE template : RTE_Components.ftl
2026-07-31 11:26:09,070 [INFO] CodeEngine:265 - oldGeneratedFile, D:\RKS_TinyML_Workspace\TinyML_Workshop_Nitte\STM32\DL_Inference\MXTmpFiles\license.tmp_save
2026-07-31 11:26:09,100 [INFO] CodeEngine:289 - Generated code: D:\RKS_TinyML_Workspace\TinyML_Workshop_Nitte\STM32\DL_Inference\MXTmpFiles\license.tmp
2026-07-31 11:26:09,100 [INFO] CodeEngine:265 - oldGeneratedFile, D:\RKS_TinyML_Workspace\TinyML_Workshop_Nitte\STM32\DL_Inference\MXTmpFiles\gpio.tmp_save
2026-07-31 11:26:09,149 [INFO] CodeEngine:289 - Generated code: D:\RKS_TinyML_Workspace\TinyML_Workshop_Nitte\STM32\DL_Inference\MXTmpFiles\gpio.tmp
2026-07-31 11:26:09,202 [INFO] Middleware:1452 - No code input for Bsp Dependency
2026-07-31 11:26:09,203 [INFO] Middleware:1452 - No code input for Bsp Dependency
2026-07-31 11:26:09,208 [INFO] CodeEngine:265 - oldGeneratedFile, D:\RKS_TinyML_Workspace\TinyML_Workshop_Nitte\STM32\DL_Inference\Core\Src\stm32l4xx_it.c_save
2026-07-31 11:26:09,246 [INFO] CodeEngine:289 - Generated code: D:\RKS_TinyML_Workspace\TinyML_Workshop_Nitte\STM32\DL_Inference\Core\Src\stm32l4xx_it.c
2026-07-31 11:26:09,249 [INFO] CodeEngine:265 - oldGeneratedFile, D:\RKS_TinyML_Workspace\TinyML_Workshop_Nitte\STM32\DL_Inference\Core\Inc\stm32l4xx_it.h_save
2026-07-31 11:26:09,284 [INFO] CodeEngine:289 - Generated code: D:\RKS_TinyML_Workspace\TinyML_Workshop_Nitte\STM32\DL_Inference\Core\Inc\stm32l4xx_it.h
2026-07-31 11:26:09,291 [INFO] CodeEngine:265 - oldGeneratedFile, D:\RKS_TinyML_Workspace\TinyML_Workshop_Nitte\STM32\DL_Inference\Core\Src\stm32l4xx_hal_msp.c_save
2026-07-31 11:26:09,345 [INFO] CodeEngine:289 - Generated code: D:\RKS_TinyML_Workspace\TinyML_Workshop_Nitte\STM32\DL_Inference\Core\Src\stm32l4xx_hal_msp.c
2026-07-31 11:26:09,347 [INFO] CodeEngine:265 - oldGeneratedFile, D:\RKS_TinyML_Workspace\TinyML_Workshop_Nitte\STM32\DL_Inference\MXTmpFiles\system.tmp_save
2026-07-31 11:26:09,388 [INFO] CodeEngine:289 - Generated code: D:\RKS_TinyML_Workspace\TinyML_Workshop_Nitte\STM32\DL_Inference\MXTmpFiles\system.tmp
2026-07-31 11:26:09,392 [INFO] CodeEngine:321 - oldGeneratedFile, D:\RKS_TinyML_Workspace\TinyML_Workshop_Nitte\STM32\DL_Inference\Core\Inc\stm32l4xx_hal_conf.h_save
2026-07-31 11:26:09,425 [INFO] CodeEngine:345 - Generated code: D:\RKS_TinyML_Workspace\TinyML_Workshop_Nitte\STM32\DL_Inference\Core\Inc\stm32l4xx_hal_conf.h
2026-07-31 11:26:09,434 [INFO] CodeEngine:265 - oldGeneratedFile, D:\RKS_TinyML_Workspace\TinyML_Workshop_Nitte\STM32\DL_Inference\Core\Inc\main.h_save
2026-07-31 11:26:09,465 [INFO] CodeEngine:289 - Generated code: D:\RKS_TinyML_Workspace\TinyML_Workshop_Nitte\STM32\DL_Inference\Core\Inc\main.h
2026-07-31 11:26:09,465 [INFO] CodeEngine:265 - oldGeneratedFile, D:\RKS_TinyML_Workspace\TinyML_Workshop_Nitte\STM32\DL_Inference\Core\Src\main.c_save
2026-07-31 11:26:09,519 [INFO] CodeEngine:289 - Generated code: D:\RKS_TinyML_Workspace\TinyML_Workshop_Nitte\STM32\DL_Inference\Core\Src\main.c
2026-07-31 11:26:09,658 [INFO] AInterface:322 - ModelName:network; files:[D:\RKS_TinyML_Workspace\TinyML_Workshop_Nitte\ONNX\mlp_model.onnx]; type:ONNX; compression:None
2026-07-31 11:26:09,659 [INFO] AInterface:526 - workspaceTempDir: C:/Users/ADMIN/AppData/Local/Temp/mxAI_workspace1046287917295780014844259938820760636
2026-07-31 11:26:09,659 [INFO] AInterface:1179 - Setting Env: C:/Users/ADMIN/STM32Cube/Repository//Packs/STMicroelectronics/X-CUBE-AI/10.2.1/Utilities/windows
2026-07-31 11:26:09,660 [INFO] STM32CubeIDEBuilder:265 - Looking for gnu-tools-for-stm32 tools/bin/arm-none-eabi-gcc.exe in C:\ST\STM32CubeIDE_1.19.0\STM32CubeIDE
2026-07-31 11:26:09,661 [INFO] STM32CubeIDEBuilder:294 - checking C:\ST\STM32CubeIDE_1.19.0\STM32CubeIDE\plugins\com.st.stm32cube.ide.mcu.externaltools.gnu-tools-for-stm32.13.3.rel1.win32_1.0.0.202411081344\tools\bin\arm-none-eabi-gcc.exe
2026-07-31 11:26:09,662 [INFO] STM32CubeIDEBuilder:297 - ret=C:\ST\STM32CubeIDE_1.19.0\STM32CubeIDE\plugins\com.st.stm32cube.ide.mcu.externaltools.gnu-tools-for-stm32.13.3.rel1.win32_1.0.0.202411081344\tools\bin\arm-none-eabi-gcc.exe
2026-07-31 11:26:09,662 [INFO] STM32CubeIDEBuilder:311 - returning C:\ST\STM32CubeIDE_1.19.0\STM32CubeIDE\plugins\com.st.stm32cube.ide.mcu.externaltools.gnu-tools-for-stm32.13.3.rel1.win32_1.0.0.202411081344\tools\bin\arm-none-eabi-gcc.exe
2026-07-31 11:26:09,662 [INFO] AInterface:1236 - Custom PATH variable: C:/Users/ADMIN/STM32Cube/Repository//Packs/STMicroelectronics/X-CUBE-AI/10.2.1/Utilities/windows;C:/Users/ADMIN/STM32Cube/Repository//Packs/STMicroelectronics/X-CUBE-AI/10.2.1/Utilities/windows/mingw64/bin;C:/Users/ADMIN/STM32Cube/Repository//Packs/STMicroelectronics/X-CUBE-AI/10.2.1/Utilities/windows/mingw64/libexec/gcc/x86_64-w64-mingw32/7.3.0;;C:\ST\STM32CubeIDE_1.19.0\STM32CubeIDE\plugins\com.st.stm32cube.ide.mcu.externaltools.gnu-tools-for-stm32.13.3.rel1.win32_1.0.0.202411081344\tools\bin
2026-07-31 11:26:09,662 [INFO] CmdLine:115 - Command: C:/Users/ADMIN/STM32Cube/Repository//Packs/STMicroelectronics/X-CUBE-AI/10.2.1/Utilities/windows/stedgeai.exe generate --target stm32l4 --name network -m D:/RKS_TinyML_Workspace/TinyML_Workshop_Nitte/ONNX/mlp_model.onnx --compression none --verbosity 1 --workspace C:/Users/ADMIN/AppData/Local/Temp/mxAI_workspace1046287917295780014844259938820760636 --output C:/Users/ADMIN/.stm32cubemx/network_output
2026-07-31 11:26:09,663 [INFO] AIModelDetailledView:2264 - Analysis status: pending
2026-07-31 11:26:09,998 [INFO] CmdLine:76 - ST Edge AI Core v2.2.0-20266 2adc00962
2026-07-31 11:26:13,806 [INFO] CmdLine:76 - Creating c (debug) info json file C:\Users\ADMIN\.stm32cubemx\network_output\network_c_info.json
2026-07-31 11:26:13,816 [INFO] CmdLine:76 -  
2026-07-31 11:26:13,816 [INFO] CmdLine:76 -  Exec/report summary (generate)
2026-07-31 11:26:13,816 [INFO] CmdLine:76 -  ---------------------------------------------------------------------------------------------------------------
2026-07-31 11:26:13,816 [INFO] CmdLine:76 -  model file         :   D:\RKS_TinyML_Workspace\TinyML_Workshop_Nitte\ONNX\mlp_model.onnx                       
2026-07-31 11:26:13,816 [INFO] CmdLine:76 -  type               :   onnx                                                                                    
2026-07-31 11:26:13,816 [INFO] CmdLine:76 -  c_name             :   network                                                                                 
2026-07-31 11:26:13,816 [INFO] CmdLine:76 -  compression        :   none                                                                                    
2026-07-31 11:26:13,816 [INFO] CmdLine:76 -  options            :   allocate-inputs, allocate-outputs                                                       
2026-07-31 11:26:13,816 [INFO] CmdLine:76 -  optimization       :   balanced                                                                                
2026-07-31 11:26:13,816 [INFO] CmdLine:76 -  target/series      :   stm32l4                                                                                 
2026-07-31 11:26:13,816 [INFO] CmdLine:76 -  workspace dir      :   C:\Users\ADMIN\AppData\Local\Temp\mxAI_workspace1046287917295780014844259938820760636   
2026-07-31 11:26:13,816 [INFO] CmdLine:76 -  output dir         :   C:\Users\ADMIN\.stm32cubemx\network_output                                              
2026-07-31 11:26:13,816 [INFO] CmdLine:76 -  model_fmt          :   float                                                                                   
2026-07-31 11:26:13,816 [INFO] CmdLine:76 -  model_name         :   mlp_model                                                                               
2026-07-31 11:26:13,816 [INFO] CmdLine:76 -  model_hash         :   0x9730d768958be9e4562e5107bd0a979c                                                      
2026-07-31 11:26:13,816 [INFO] CmdLine:76 -  params #           :   2,693 items (10.52 KiB)                                                                 
2026-07-31 11:26:13,816 [INFO] CmdLine:76 -  ---------------------------------------------------------------------------------------------------------------
2026-07-31 11:26:13,816 [INFO] CmdLine:76 -  input 1/1          :   'input', f32(1x6), 24 Bytes, activations                                                
2026-07-31 11:26:13,816 [INFO] CmdLine:76 -  output 1/1         :   'output', f32(1x5), 20 Bytes, activations                                               
2026-07-31 11:26:13,816 [INFO] CmdLine:76 -  macc               :   2,789                                                                                   
2026-07-31 11:26:13,816 [INFO] CmdLine:76 -  weights (ro)       :   10,772 B (10.52 KiB) (1 segment)                                                        
2026-07-31 11:26:13,816 [INFO] CmdLine:76 -  activations (rw)   :   384 B (384 B) (1 segment) *                                                             
2026-07-31 11:26:13,816 [INFO] CmdLine:76 -  ram (total)        :   384 B (384 B) = 384 + 0 + 0                                                             
2026-07-31 11:26:13,816 [INFO] CmdLine:76 -  ---------------------------------------------------------------------------------------------------------------
2026-07-31 11:26:13,816 [INFO] CmdLine:76 -  (*) 'input'/'output' buffers are allocated in the activations buffer
2026-07-31 11:26:13,816 [INFO] CmdLine:76 - Computing AI RT data/code size (target=stm32l4)..
2026-07-31 11:26:14,514 [INFO] CmdLine:76 -  Requested memory size by section - "stm32l4" target
2026-07-31 11:26:14,515 [INFO] CmdLine:76 -  ------------------------------ ------- -------- ------- -----
2026-07-31 11:26:14,515 [INFO] CmdLine:76 -  module                            text   rodata    data   bss
2026-07-31 11:26:14,515 [INFO] CmdLine:76 -  ------------------------------ ------- -------- ------- -----
2026-07-31 11:26:14,515 [INFO] CmdLine:76 -  NetworkRuntime1020_CM4_GCC.a     6,452        0       0     0
2026-07-31 11:26:14,515 [INFO] CmdLine:76 -  network.o                          528       40   1,584   140
2026-07-31 11:26:14,515 [INFO] CmdLine:76 -  network_data.o                      48       16      88     0
2026-07-31 11:26:14,516 [INFO] CmdLine:76 -  lib (toolchain)*                     0        0       0     0
2026-07-31 11:26:14,516 [INFO] CmdLine:76 -  ------------------------------ ------- -------- ------- -----
2026-07-31 11:26:14,516 [INFO] CmdLine:76 -  RT total**                       7,028       56   1,672   140
2026-07-31 11:26:14,516 [INFO] CmdLine:76 -  ------------------------------ ------- -------- ------- -----
2026-07-31 11:26:14,516 [INFO] CmdLine:76 -  weights                              0   10,776       0     0
2026-07-31 11:26:14,516 [INFO] CmdLine:76 -  activations                          0        0       0   384
2026-07-31 11:26:14,516 [INFO] CmdLine:76 -  io                                   0        0       0     0
2026-07-31 11:26:14,516 [INFO] CmdLine:76 -  ------------------------------ ------- -------- ------- -----
2026-07-31 11:26:14,516 [INFO] CmdLine:76 -  TOTAL                            7,028   10,832   1,672   524
2026-07-31 11:26:14,517 [INFO] CmdLine:76 -  ------------------------------ ------- -------- ------- -----
2026-07-31 11:26:14,517 [INFO] CmdLine:76 -  *  toolchain objects (libm/libgcc*)
2026-07-31 11:26:14,517 [INFO] CmdLine:76 -  ** RT AI runtime objects (kernels+infrastructure)
2026-07-31 11:26:14,517 [INFO] CmdLine:76 -   Summary - "stm32l4" target
2026-07-31 11:26:14,517 [INFO] CmdLine:76 -   ---------------------------------------------------
2026-07-31 11:26:14,517 [INFO] CmdLine:76 -                FLASH (ro)      %*   RAM (rw)       %
2026-07-31 11:26:14,517 [INFO] CmdLine:76 -   ---------------------------------------------------
2026-07-31 11:26:14,517 [INFO] CmdLine:76 -   RT total          8,756   44.8%      1,812   82.5%
2026-07-31 11:26:14,517 [INFO] CmdLine:76 -   ---------------------------------------------------
2026-07-31 11:26:14,517 [INFO] CmdLine:76 -   TOTAL            19,532              2,196
2026-07-31 11:26:14,518 [INFO] CmdLine:76 -   ---------------------------------------------------
2026-07-31 11:26:14,518 [INFO] CmdLine:76 -   *  rt/total
2026-07-31 11:26:14,518 [INFO] CmdLine:76 -  Generated files (7)
2026-07-31 11:26:14,518 [INFO] CmdLine:76 -  ------------------------------------------------------------------
2026-07-31 11:26:14,518 [INFO] CmdLine:76 -  C:\Users\ADMIN\.stm32cubemx\network_output\network_data_params.h
2026-07-31 11:26:14,518 [INFO] CmdLine:76 -  C:\Users\ADMIN\.stm32cubemx\network_output\network_data_params.c
2026-07-31 11:26:14,518 [INFO] CmdLine:76 -  C:\Users\ADMIN\.stm32cubemx\network_output\network_data.h
2026-07-31 11:26:14,518 [INFO] CmdLine:76 -  C:\Users\ADMIN\.stm32cubemx\network_output\network_data.c
2026-07-31 11:26:14,518 [INFO] CmdLine:76 -  C:\Users\ADMIN\.stm32cubemx\network_output\network_config.h
2026-07-31 11:26:14,518 [INFO] CmdLine:76 -  C:\Users\ADMIN\.stm32cubemx\network_output\network.h
2026-07-31 11:26:14,518 [INFO] CmdLine:76 -  C:\Users\ADMIN\.stm32cubemx\network_output\network.c
2026-07-31 11:26:14,519 [INFO] CmdLine:76 - Creating txt report file C:\Users\ADMIN\.stm32cubemx\network_output\network_generate_report.txt
2026-07-31 11:26:25,409 [INFO] CmdLine:76 - elapsed time (generate): 15.410s
2026-07-31 11:26:25,778 [INFO] CmdLine:148 - stedgeai exit with status: 0
2026-07-31 11:26:25,781 [INFO] AIModelDetailledView:2264 - Analysis status: done
2026-07-31 11:26:25,978 [INFO] ProjectBuilder:3606 - Time for Copy HAL[1] : 65mS.
2026-07-31 11:26:25,978 [ERROR] Middleware:2950 - Invalid RefComponent list
2026-07-31 11:26:25,979 [ERROR] Middleware:2950 - Invalid RefComponent list
2026-07-31 11:26:25,979 [ERROR] Middleware:2950 - Invalid RefComponent list
2026-07-31 11:26:25,979 [ERROR] Middleware:2950 - Invalid RefComponent list
2026-07-31 11:26:25,979 [ERROR] Middleware:2950 - Invalid RefComponent list
2026-07-31 11:26:25,979 [ERROR] Middleware:2950 - Invalid RefComponent list
2026-07-31 11:26:25,979 [ERROR] Middleware:2950 - Invalid RefComponent list
2026-07-31 11:26:25,979 [ERROR] Middleware:2950 - Invalid RefComponent list
2026-07-31 11:26:25,979 [ERROR] Middleware:2950 - Invalid RefComponent list
2026-07-31 11:26:25,979 [ERROR] Middleware:2950 - Invalid RefComponent list
2026-07-31 11:26:25,979 [ERROR] Middleware:2950 - Invalid RefComponent list
2026-07-31 11:26:25,979 [ERROR] Middleware:2950 - Invalid RefComponent list
2026-07-31 11:26:25,979 [ERROR] Middleware:2950 - Invalid RefComponent list
2026-07-31 11:26:25,979 [ERROR] Middleware:2950 - Invalid RefComponent list
2026-07-31 11:26:25,979 [ERROR] Middleware:2950 - Invalid RefComponent list
2026-07-31 11:26:25,979 [ERROR] Middleware:2950 - Invalid RefComponent list
2026-07-31 11:26:25,979 [ERROR] Middleware:2950 - Invalid RefComponent list
2026-07-31 11:26:25,979 [ERROR] Middleware:2950 - Invalid RefComponent list
2026-07-31 11:26:25,979 [ERROR] Middleware:2950 - Invalid RefComponent list
2026-07-31 11:26:25,979 [ERROR] Middleware:2950 - Invalid RefComponent list
2026-07-31 11:26:25,979 [ERROR] Middleware:2950 - Invalid RefComponent list
2026-07-31 11:26:25,979 [ERROR] Middleware:2950 - Invalid RefComponent list
2026-07-31 11:26:25,979 [ERROR] Middleware:2950 - Invalid RefComponent list
2026-07-31 11:26:25,979 [ERROR] Middleware:2950 - Invalid RefComponent list
2026-07-31 11:26:25,979 [ERROR] Middleware:2950 - Invalid RefComponent list
2026-07-31 11:26:25,979 [ERROR] Middleware:2950 - Invalid RefComponent list
2026-07-31 11:26:25,979 [ERROR] Middleware:2950 - Invalid RefComponent list
2026-07-31 11:26:25,979 [ERROR] Middleware:2950 - Invalid RefComponent list
2026-07-31 11:26:25,979 [ERROR] Middleware:2950 - Invalid RefComponent list
2026-07-31 11:26:25,979 [ERROR] Middleware:2950 - Invalid RefComponent list
2026-07-31 11:26:25,979 [ERROR] Middleware:2950 - Invalid RefComponent list
2026-07-31 11:26:25,979 [ERROR] Middleware:2950 - Invalid RefComponent list
2026-07-31 11:26:25,979 [ERROR] Middleware:2950 - Invalid RefComponent list
2026-07-31 11:26:25,979 [ERROR] Middleware:2950 - Invalid RefComponent list
2026-07-31 11:26:25,979 [ERROR] Middleware:2950 - Invalid RefComponent list
2026-07-31 11:26:25,979 [ERROR] Middleware:2950 - Invalid RefComponent list
2026-07-31 11:26:25,979 [ERROR] Middleware:2950 - Invalid RefComponent list
2026-07-31 11:26:25,979 [ERROR] Middleware:2950 - Invalid RefComponent list
2026-07-31 11:26:25,979 [ERROR] Middleware:2950 - Invalid RefComponent list
2026-07-31 11:26:25,979 [ERROR] Middleware:2950 - Invalid RefComponent list
2026-07-31 11:26:25,979 [ERROR] Middleware:2950 - Invalid RefComponent list
2026-07-31 11:26:25,979 [ERROR] Middleware:2950 - Invalid RefComponent list
2026-07-31 11:26:25,979 [ERROR] Middleware:2950 - Invalid RefComponent list
2026-07-31 11:26:25,979 [ERROR] Middleware:2950 - Invalid RefComponent list
2026-07-31 11:26:25,979 [ERROR] Middleware:2950 - Invalid RefComponent list
2026-07-31 11:26:25,979 [ERROR] Middleware:2950 - Invalid RefComponent list
2026-07-31 11:26:25,979 [ERROR] Middleware:2950 - Invalid RefComponent list
2026-07-31 11:26:25,979 [ERROR] Middleware:2950 - Invalid RefComponent list
2026-07-31 11:26:25,979 [ERROR] Middleware:2950 - Invalid RefComponent list
2026-07-31 11:26:25,979 [ERROR] Middleware:2950 - Invalid RefComponent list
2026-07-31 11:26:25,981 [INFO] ProjectBuilder:5216 - Project Generator version: 4.7.0-B52
2026-07-31 11:26:26,025 [INFO] ConfigFileManager:1595 - The Die is : DIE470
2026-07-31 11:26:26,476 [INFO] ProjectBuilder:5496 - Time for Generating toolchain IDE Files: 495mS.
2026-07-31 11:26:26,477 [INFO] ProjectBuilder:3463 - Time for Copy CMSIS : 1mS.
2026-07-31 11:26:26,478 [INFO] ProjectBuilder:3463 - Time for Copy CMSIS : 0mS.
2026-07-31 11:26:26,705 [INFO] UtilMem:75 - End SaveConfig() Used Memory: 932241792 Bytes (1073741824)
2026-07-31 11:26:28,263 [INFO] UtilMem:75 - End SaveConfig() Used Memory: 877085264 Bytes (1073741824)
2026-07-31 11:26:28,372 [INFO] UtilMem:75 - End SaveConfig() Used Memory: 919646056 Bytes (1073741824)
2026-07-31 11:26:28,475 [INFO] BlockDiagram:2775 - set Specific Code input for plugin: SYS
2026-07-31 11:26:28,475 [INFO] BlockDiagram:2775 - set Specific Code input for plugin: RCC
2026-07-31 11:26:28,475 [INFO] BlockDiagram:2775 - set Specific Code input for plugin: I2C
2026-07-31 11:26:28,475 [INFO] BlockDiagram:2775 - set Specific Code input for plugin: NVIC
2026-07-31 11:26:28,475 [INFO] BlockDiagram:2775 - set Specific Code input for plugin: USART
2026-07-31 11:26:28,475 [INFO] BlockDiagram:2775 - set Specific Code input for plugin: STMicroelectronics.X-CUBE-AI.10.2.1
2026-07-31 11:26:28,476 [INFO] BlockDiagram:2775 - set Specific Code input for plugin: GPIO
2026-07-31 11:26:28,476 [INFO] CodeGenerator:892 - code generatio: config db path: C:\ST\STM32CubeIDE_1.19.0\STM32CubeIDE\plugins\com.st.stm32cube.common.mx_6.15.0.202507011659\\db\
2026-07-31 11:26:28,523 [INFO] IP:3329 - RTE Config file name : RTE_Component
2026-07-31 11:26:28,523 [INFO] IP:3347 - RTE template : RTE_Components.ftl
2026-07-31 11:26:28,527 [INFO] CodeEngine:265 - oldGeneratedFile, D:\RKS_TinyML_Workspace\TinyML_Workshop_Nitte\STM32\DL_Inference\MXTmpFiles\license.tmp_save
2026-07-31 11:26:28,559 [INFO] CodeEngine:289 - Generated code: D:\RKS_TinyML_Workspace\TinyML_Workshop_Nitte\STM32\DL_Inference\MXTmpFiles\license.tmp
2026-07-31 11:26:28,568 [INFO] CodeEngine:265 - oldGeneratedFile, D:\RKS_TinyML_Workspace\TinyML_Workshop_Nitte\STM32\DL_Inference\MXTmpFiles\gpio.tmp_save
2026-07-31 11:26:28,598 [INFO] CodeEngine:289 - Generated code: D:\RKS_TinyML_Workspace\TinyML_Workshop_Nitte\STM32\DL_Inference\MXTmpFiles\gpio.tmp
2026-07-31 11:26:28,629 [INFO] Middleware:1452 - No code input for Bsp Dependency
2026-07-31 11:26:28,629 [INFO] Middleware:1452 - No code input for Bsp Dependency
2026-07-31 11:26:28,633 [INFO] CodeEngine:265 - oldGeneratedFile, D:\RKS_TinyML_Workspace\TinyML_Workshop_Nitte\STM32\DL_Inference\Core\Src\stm32l4xx_it.c_save
2026-07-31 11:26:28,665 [INFO] CodeEngine:289 - Generated code: D:\RKS_TinyML_Workspace\TinyML_Workshop_Nitte\STM32\DL_Inference\Core\Src\stm32l4xx_it.c
2026-07-31 11:26:28,667 [INFO] CodeEngine:265 - oldGeneratedFile, D:\RKS_TinyML_Workspace\TinyML_Workshop_Nitte\STM32\DL_Inference\Core\Inc\stm32l4xx_it.h_save
2026-07-31 11:26:28,683 [INFO] CodeEngine:289 - Generated code: D:\RKS_TinyML_Workspace\TinyML_Workshop_Nitte\STM32\DL_Inference\Core\Inc\stm32l4xx_it.h
2026-07-31 11:26:28,704 [INFO] CodeEngine:265 - oldGeneratedFile, D:\RKS_TinyML_Workspace\TinyML_Workshop_Nitte\STM32\DL_Inference\Core\Src\stm32l4xx_hal_msp.c_save
2026-07-31 11:26:28,747 [INFO] CodeEngine:289 - Generated code: D:\RKS_TinyML_Workspace\TinyML_Workshop_Nitte\STM32\DL_Inference\Core\Src\stm32l4xx_hal_msp.c
2026-07-31 11:26:28,750 [INFO] CodeEngine:265 - oldGeneratedFile, D:\RKS_TinyML_Workspace\TinyML_Workshop_Nitte\STM32\DL_Inference\MXTmpFiles\system.tmp_save
2026-07-31 11:26:28,766 [INFO] CodeEngine:289 - Generated code: D:\RKS_TinyML_Workspace\TinyML_Workshop_Nitte\STM32\DL_Inference\MXTmpFiles\system.tmp
2026-07-31 11:26:28,783 [INFO] CodeEngine:321 - oldGeneratedFile, D:\RKS_TinyML_Workspace\TinyML_Workshop_Nitte\STM32\DL_Inference\Core\Inc\stm32l4xx_hal_conf.h_save
2026-07-31 11:26:28,816 [INFO] CodeEngine:345 - Generated code: D:\RKS_TinyML_Workspace\TinyML_Workshop_Nitte\STM32\DL_Inference\Core\Inc\stm32l4xx_hal_conf.h
2026-07-31 11:26:28,825 [INFO] CodeEngine:265 - oldGeneratedFile, D:\RKS_TinyML_Workspace\TinyML_Workshop_Nitte\STM32\DL_Inference\Core\Inc\main.h_save
2026-07-31 11:26:28,854 [INFO] CodeEngine:289 - Generated code: D:\RKS_TinyML_Workspace\TinyML_Workshop_Nitte\STM32\DL_Inference\Core\Inc\main.h
2026-07-31 11:26:28,856 [INFO] CodeEngine:265 - oldGeneratedFile, D:\RKS_TinyML_Workspace\TinyML_Workshop_Nitte\STM32\DL_Inference\Core\Src\main.c_save
2026-07-31 11:26:28,900 [INFO] CodeEngine:289 - Generated code: D:\RKS_TinyML_Workspace\TinyML_Workshop_Nitte\STM32\DL_Inference\Core\Src\main.c
2026-07-31 11:26:29,048 [INFO] AInterface:322 - ModelName:network; files:[D:\RKS_TinyML_Workspace\TinyML_Workshop_Nitte\ONNX\mlp_model.onnx]; type:ONNX; compression:None
2026-07-31 11:26:29,048 [INFO] AInterface:526 - workspaceTempDir: C:/Users/ADMIN/AppData/Local/Temp/mxAI_workspace104628985615817006852235806832208587
2026-07-31 11:26:29,048 [INFO] AInterface:1179 - Setting Env: C:/Users/ADMIN/STM32Cube/Repository//Packs/STMicroelectronics/X-CUBE-AI/10.2.1/Utilities/windows
2026-07-31 11:26:29,049 [INFO] STM32CubeIDEBuilder:265 - Looking for gnu-tools-for-stm32 tools/bin/arm-none-eabi-gcc.exe in C:\ST\STM32CubeIDE_1.19.0\STM32CubeIDE
2026-07-31 11:26:29,050 [INFO] STM32CubeIDEBuilder:294 - checking C:\ST\STM32CubeIDE_1.19.0\STM32CubeIDE\plugins\com.st.stm32cube.ide.mcu.externaltools.gnu-tools-for-stm32.13.3.rel1.win32_1.0.0.202411081344\tools\bin\arm-none-eabi-gcc.exe
2026-07-31 11:26:29,051 [INFO] STM32CubeIDEBuilder:297 - ret=C:\ST\STM32CubeIDE_1.19.0\STM32CubeIDE\plugins\com.st.stm32cube.ide.mcu.externaltools.gnu-tools-for-stm32.13.3.rel1.win32_1.0.0.202411081344\tools\bin\arm-none-eabi-gcc.exe
2026-07-31 11:26:29,051 [INFO] STM32CubeIDEBuilder:311 - returning C:\ST\STM32CubeIDE_1.19.0\STM32CubeIDE\plugins\com.st.stm32cube.ide.mcu.externaltools.gnu-tools-for-stm32.13.3.rel1.win32_1.0.0.202411081344\tools\bin\arm-none-eabi-gcc.exe
2026-07-31 11:26:29,051 [INFO] AInterface:1236 - Custom PATH variable: C:/Users/ADMIN/STM32Cube/Repository//Packs/STMicroelectronics/X-CUBE-AI/10.2.1/Utilities/windows;C:/Users/ADMIN/STM32Cube/Repository//Packs/STMicroelectronics/X-CUBE-AI/10.2.1/Utilities/windows/mingw64/bin;C:/Users/ADMIN/STM32Cube/Repository//Packs/STMicroelectronics/X-CUBE-AI/10.2.1/Utilities/windows/mingw64/libexec/gcc/x86_64-w64-mingw32/7.3.0;;C:\ST\STM32CubeIDE_1.19.0\STM32CubeIDE\plugins\com.st.stm32cube.ide.mcu.externaltools.gnu-tools-for-stm32.13.3.rel1.win32_1.0.0.202411081344\tools\bin
2026-07-31 11:26:29,051 [INFO] CmdLine:115 - Command: C:/Users/ADMIN/STM32Cube/Repository//Packs/STMicroelectronics/X-CUBE-AI/10.2.1/Utilities/windows/stedgeai.exe generate --target stm32l4 --name network -m D:/RKS_TinyML_Workspace/TinyML_Workshop_Nitte/ONNX/mlp_model.onnx --compression none --verbosity 1 --workspace C:/Users/ADMIN/AppData/Local/Temp/mxAI_workspace104628985615817006852235806832208587 --output C:/Users/ADMIN/.stm32cubemx/network_output
2026-07-31 11:26:29,052 [INFO] AIModelDetailledView:2264 - Analysis status: pending
2026-07-31 11:26:29,378 [INFO] CmdLine:76 - ST Edge AI Core v2.2.0-20266 2adc00962
2026-07-31 11:26:33,208 [INFO] CmdLine:76 - Creating c (debug) info json file C:\Users\ADMIN\.stm32cubemx\network_output\network_c_info.json
2026-07-31 11:26:33,219 [INFO] CmdLine:76 -  
2026-07-31 11:26:33,220 [INFO] CmdLine:76 -  Exec/report summary (generate)
2026-07-31 11:26:33,220 [INFO] CmdLine:76 -  --------------------------------------------------------------------------------------------------------------
2026-07-31 11:26:33,220 [INFO] CmdLine:76 -  model file         :   D:\RKS_TinyML_Workspace\TinyML_Workshop_Nitte\ONNX\mlp_model.onnx                      
2026-07-31 11:26:33,220 [INFO] CmdLine:76 -  type               :   onnx                                                                                   
2026-07-31 11:26:33,220 [INFO] CmdLine:76 -  c_name             :   network                                                                                
2026-07-31 11:26:33,220 [INFO] CmdLine:76 -  compression        :   none                                                                                   
2026-07-31 11:26:33,220 [INFO] CmdLine:76 -  options            :   allocate-inputs, allocate-outputs                                                      
2026-07-31 11:26:33,220 [INFO] CmdLine:76 -  optimization       :   balanced                                                                               
2026-07-31 11:26:33,220 [INFO] CmdLine:76 -  target/series      :   stm32l4                                                                                
2026-07-31 11:26:33,220 [INFO] CmdLine:76 -  workspace dir      :   C:\Users\ADMIN\AppData\Local\Temp\mxAI_workspace104628985615817006852235806832208587   
2026-07-31 11:26:33,220 [INFO] CmdLine:76 -  output dir         :   C:\Users\ADMIN\.stm32cubemx\network_output                                             
2026-07-31 11:26:33,220 [INFO] CmdLine:76 -  model_fmt          :   float                                                                                  
2026-07-31 11:26:33,220 [INFO] CmdLine:76 -  model_name         :   mlp_model                                                                              
2026-07-31 11:26:33,220 [INFO] CmdLine:76 -  model_hash         :   0x9730d768958be9e4562e5107bd0a979c                                                     
2026-07-31 11:26:33,220 [INFO] CmdLine:76 -  params #           :   2,693 items (10.52 KiB)                                                                
2026-07-31 11:26:33,220 [INFO] CmdLine:76 -  --------------------------------------------------------------------------------------------------------------
2026-07-31 11:26:33,220 [INFO] CmdLine:76 -  input 1/1          :   'input', f32(1x6), 24 Bytes, activations                                               
2026-07-31 11:26:33,220 [INFO] CmdLine:76 -  output 1/1         :   'output', f32(1x5), 20 Bytes, activations                                              
2026-07-31 11:26:33,220 [INFO] CmdLine:76 -  macc               :   2,789                                                                                  
2026-07-31 11:26:33,220 [INFO] CmdLine:76 -  weights (ro)       :   10,772 B (10.52 KiB) (1 segment)                                                       
2026-07-31 11:26:33,220 [INFO] CmdLine:76 -  activations (rw)   :   384 B (384 B) (1 segment) *                                                            
2026-07-31 11:26:33,220 [INFO] CmdLine:76 -  ram (total)        :   384 B (384 B) = 384 + 0 + 0                                                            
2026-07-31 11:26:33,220 [INFO] CmdLine:76 -  --------------------------------------------------------------------------------------------------------------
2026-07-31 11:26:33,220 [INFO] CmdLine:76 -  (*) 'input'/'output' buffers are allocated in the activations buffer
2026-07-31 11:26:33,222 [INFO] CmdLine:76 - Computing AI RT data/code size (target=stm32l4)..
2026-07-31 11:26:33,911 [INFO] CmdLine:76 -  Requested memory size by section - "stm32l4" target
2026-07-31 11:26:33,912 [INFO] CmdLine:76 -  ------------------------------ ------- -------- ------- -----
2026-07-31 11:26:33,912 [INFO] CmdLine:76 -  module                            text   rodata    data   bss
2026-07-31 11:26:33,912 [INFO] CmdLine:76 -  ------------------------------ ------- -------- ------- -----
2026-07-31 11:26:33,912 [INFO] CmdLine:76 -  NetworkRuntime1020_CM4_GCC.a     6,452        0       0     0
2026-07-31 11:26:33,912 [INFO] CmdLine:76 -  network.o                          528       40   1,584   140
2026-07-31 11:26:33,912 [INFO] CmdLine:76 -  network_data.o                      48       16      88     0
2026-07-31 11:26:33,912 [INFO] CmdLine:76 -  lib (toolchain)*                     0        0       0     0
2026-07-31 11:26:33,912 [INFO] CmdLine:76 -  ------------------------------ ------- -------- ------- -----
2026-07-31 11:26:33,912 [INFO] CmdLine:76 -  RT total**                       7,028       56   1,672   140
2026-07-31 11:26:33,912 [INFO] CmdLine:76 -  ------------------------------ ------- -------- ------- -----
2026-07-31 11:26:33,912 [INFO] CmdLine:76 -  weights                              0   10,776       0     0
2026-07-31 11:26:33,912 [INFO] CmdLine:76 -  activations                          0        0       0   384
2026-07-31 11:26:33,912 [INFO] CmdLine:76 -  io                                   0        0       0     0
2026-07-31 11:26:33,912 [INFO] CmdLine:76 -  ------------------------------ ------- -------- ------- -----
2026-07-31 11:26:33,912 [INFO] CmdLine:76 -  TOTAL                            7,028   10,832   1,672   524
2026-07-31 11:26:33,912 [INFO] CmdLine:76 -  ------------------------------ ------- -------- ------- -----
2026-07-31 11:26:33,912 [INFO] CmdLine:76 -  *  toolchain objects (libm/libgcc*)
2026-07-31 11:26:33,912 [INFO] CmdLine:76 -  ** RT AI runtime objects (kernels+infrastructure)
2026-07-31 11:26:33,913 [INFO] CmdLine:76 -   Summary - "stm32l4" target
2026-07-31 11:26:33,913 [INFO] CmdLine:76 -   ---------------------------------------------------
2026-07-31 11:26:33,913 [INFO] CmdLine:76 -                FLASH (ro)      %*   RAM (rw)       %
2026-07-31 11:26:33,913 [INFO] CmdLine:76 -   ---------------------------------------------------
2026-07-31 11:26:33,913 [INFO] CmdLine:76 -   RT total          8,756   44.8%      1,812   82.5%
2026-07-31 11:26:33,913 [INFO] CmdLine:76 -   ---------------------------------------------------
2026-07-31 11:26:33,913 [INFO] CmdLine:76 -   TOTAL            19,532              2,196
2026-07-31 11:26:33,913 [INFO] CmdLine:76 -   ---------------------------------------------------
2026-07-31 11:26:33,913 [INFO] CmdLine:76 -   *  rt/total
2026-07-31 11:26:33,913 [INFO] CmdLine:76 -  Generated files (7)
2026-07-31 11:26:33,913 [INFO] CmdLine:76 -  ------------------------------------------------------------------
2026-07-31 11:26:33,913 [INFO] CmdLine:76 -  C:\Users\ADMIN\.stm32cubemx\network_output\network_data_params.h
2026-07-31 11:26:33,913 [INFO] CmdLine:76 -  C:\Users\ADMIN\.stm32cubemx\network_output\network_data_params.c
2026-07-31 11:26:33,913 [INFO] CmdLine:76 -  C:\Users\ADMIN\.stm32cubemx\network_output\network_data.h
2026-07-31 11:26:33,913 [INFO] CmdLine:76 -  C:\Users\ADMIN\.stm32cubemx\network_output\network_data.c
2026-07-31 11:26:33,913 [INFO] CmdLine:76 -  C:\Users\ADMIN\.stm32cubemx\network_output\network_config.h
2026-07-31 11:26:33,913 [INFO] CmdLine:76 -  C:\Users\ADMIN\.stm32cubemx\network_output\network.h
2026-07-31 11:26:33,913 [INFO] CmdLine:76 -  C:\Users\ADMIN\.stm32cubemx\network_output\network.c
2026-07-31 11:26:33,913 [INFO] CmdLine:76 - Creating txt report file C:\Users\ADMIN\.stm32cubemx\network_output\network_generate_report.txt
2026-07-31 11:26:40,437 [INFO] CmdLine:76 - elapsed time (generate): 11.059s
2026-07-31 11:26:40,801 [INFO] CmdLine:148 - stedgeai exit with status: 0
2026-07-31 11:26:40,805 [INFO] AIModelDetailledView:2264 - Analysis status: done
2026-07-31 11:26:41,000 [INFO] ProjectBuilder:3606 - Time for Copy HAL[1] : 67mS.
2026-07-31 11:26:41,000 [ERROR] Middleware:2950 - Invalid RefComponent list
2026-07-31 11:26:41,000 [ERROR] Middleware:2950 - Invalid RefComponent list
2026-07-31 11:26:41,000 [ERROR] Middleware:2950 - Invalid RefComponent list
2026-07-31 11:26:41,000 [ERROR] Middleware:2950 - Invalid RefComponent list
2026-07-31 11:26:41,000 [ERROR] Middleware:2950 - Invalid RefComponent list
2026-07-31 11:26:41,000 [ERROR] Middleware:2950 - Invalid RefComponent list
2026-07-31 11:26:41,000 [ERROR] Middleware:2950 - Invalid RefComponent list
2026-07-31 11:26:41,000 [ERROR] Middleware:2950 - Invalid RefComponent list
2026-07-31 11:26:41,000 [ERROR] Middleware:2950 - Invalid RefComponent list
2026-07-31 11:26:41,000 [ERROR] Middleware:2950 - Invalid RefComponent list
2026-07-31 11:26:41,000 [ERROR] Middleware:2950 - Invalid RefComponent list
2026-07-31 11:26:41,000 [ERROR] Middleware:2950 - Invalid RefComponent list
2026-07-31 11:26:41,000 [ERROR] Middleware:2950 - Invalid RefComponent list
2026-07-31 11:26:41,000 [ERROR] Middleware:2950 - Invalid RefComponent list
2026-07-31 11:26:41,000 [ERROR] Middleware:2950 - Invalid RefComponent list
2026-07-31 11:26:41,000 [ERROR] Middleware:2950 - Invalid RefComponent list
2026-07-31 11:26:41,000 [ERROR] Middleware:2950 - Invalid RefComponent list
2026-07-31 11:26:41,000 [ERROR] Middleware:2950 - Invalid RefComponent list
2026-07-31 11:26:41,000 [ERROR] Middleware:2950 - Invalid RefComponent list
2026-07-31 11:26:41,000 [ERROR] Middleware:2950 - Invalid RefComponent list
2026-07-31 11:26:41,000 [ERROR] Middleware:2950 - Invalid RefComponent list
2026-07-31 11:26:41,000 [ERROR] Middleware:2950 - Invalid RefComponent list
2026-07-31 11:26:41,000 [ERROR] Middleware:2950 - Invalid RefComponent list
2026-07-31 11:26:41,001 [ERROR] Middleware:2950 - Invalid RefComponent list
2026-07-31 11:26:41,001 [ERROR] Middleware:2950 - Invalid RefComponent list
2026-07-31 11:26:41,001 [ERROR] Middleware:2950 - Invalid RefComponent list
2026-07-31 11:26:41,001 [ERROR] Middleware:2950 - Invalid RefComponent list
2026-07-31 11:26:41,001 [ERROR] Middleware:2950 - Invalid RefComponent list
2026-07-31 11:26:41,001 [ERROR] Middleware:2950 - Invalid RefComponent list
2026-07-31 11:26:41,001 [ERROR] Middleware:2950 - Invalid RefComponent list
2026-07-31 11:26:41,001 [ERROR] Middleware:2950 - Invalid RefComponent list
2026-07-31 11:26:41,001 [ERROR] Middleware:2950 - Invalid RefComponent list
2026-07-31 11:26:41,001 [ERROR] Middleware:2950 - Invalid RefComponent list
2026-07-31 11:26:41,001 [ERROR] Middleware:2950 - Invalid RefComponent list
2026-07-31 11:26:41,001 [ERROR] Middleware:2950 - Invalid RefComponent list
2026-07-31 11:26:41,001 [ERROR] Middleware:2950 - Invalid RefComponent list
2026-07-31 11:26:41,001 [ERROR] Middleware:2950 - Invalid RefComponent list
2026-07-31 11:26:41,001 [ERROR] Middleware:2950 - Invalid RefComponent list
2026-07-31 11:26:41,001 [ERROR] Middleware:2950 - Invalid RefComponent list
2026-07-31 11:26:41,001 [ERROR] Middleware:2950 - Invalid RefComponent list
2026-07-31 11:26:41,001 [ERROR] Middleware:2950 - Invalid RefComponent list
2026-07-31 11:26:41,001 [ERROR] Middleware:2950 - Invalid RefComponent list
2026-07-31 11:26:41,001 [ERROR] Middleware:2950 - Invalid RefComponent list
2026-07-31 11:26:41,001 [ERROR] Middleware:2950 - Invalid RefComponent list
2026-07-31 11:26:41,001 [ERROR] Middleware:2950 - Invalid RefComponent list
2026-07-31 11:26:41,001 [ERROR] Middleware:2950 - Invalid RefComponent list
2026-07-31 11:26:41,001 [ERROR] Middleware:2950 - Invalid RefComponent list
2026-07-31 11:26:41,001 [ERROR] Middleware:2950 - Invalid RefComponent list
2026-07-31 11:26:41,001 [ERROR] Middleware:2950 - Invalid RefComponent list
2026-07-31 11:26:41,001 [ERROR] Middleware:2950 - Invalid RefComponent list
2026-07-31 11:26:41,002 [INFO] ProjectBuilder:5216 - Project Generator version: 4.7.0-B52
2026-07-31 11:26:41,046 [INFO] ConfigFileManager:1595 - The Die is : DIE470
2026-07-31 11:26:41,408 [INFO] ProjectBuilder:5496 - Time for Generating toolchain IDE Files: 406mS.
2026-07-31 11:26:41,409 [INFO] ProjectBuilder:3463 - Time for Copy CMSIS : 1mS.
2026-07-31 11:26:41,410 [INFO] ProjectBuilder:3463 - Time for Copy CMSIS : 0mS.
2026-07-31 11:28:12,861 [INFO] UtilMem:75 - End SaveConfig() Used Memory: 865455032 Bytes (1073741824)
2026-07-31 11:28:14,289 [INFO] UtilMem:75 - End SaveConfig() Used Memory: 906349496 Bytes (1073741824)
2026-07-31 11:28:14,403 [INFO] UtilMem:75 - End SaveConfig() Used Memory: 855642696 Bytes (1073741824)
2026-07-31 11:28:14,514 [INFO] BlockDiagram:2775 - set Specific Code input for plugin: SYS
2026-07-31 11:28:14,514 [INFO] BlockDiagram:2775 - set Specific Code input for plugin: RCC
2026-07-31 11:28:14,514 [INFO] BlockDiagram:2775 - set Specific Code input for plugin: I2C
2026-07-31 11:28:14,514 [INFO] BlockDiagram:2775 - set Specific Code input for plugin: NVIC
2026-07-31 11:28:14,514 [INFO] BlockDiagram:2775 - set Specific Code input for plugin: USART
2026-07-31 11:28:14,514 [INFO] BlockDiagram:2775 - set Specific Code input for plugin: STMicroelectronics.X-CUBE-AI.10.2.1
2026-07-31 11:28:14,515 [INFO] BlockDiagram:2775 - set Specific Code input for plugin: GPIO
2026-07-31 11:28:14,516 [INFO] CodeGenerator:892 - code generatio: config db path: C:\ST\STM32CubeIDE_1.19.0\STM32CubeIDE\plugins\com.st.stm32cube.common.mx_6.15.0.202507011659\\db\
2026-07-31 11:28:14,557 [INFO] IP:3329 - RTE Config file name : RTE_Component
2026-07-31 11:28:14,557 [INFO] IP:3347 - RTE template : RTE_Components.ftl
2026-07-31 11:28:14,562 [INFO] CodeEngine:265 - oldGeneratedFile, D:\RKS_TinyML_Workspace\TinyML_Workshop_Nitte\STM32\DL_Inference\MXTmpFiles\license.tmp_save
2026-07-31 11:28:14,598 [INFO] CodeEngine:289 - Generated code: D:\RKS_TinyML_Workspace\TinyML_Workshop_Nitte\STM32\DL_Inference\MXTmpFiles\license.tmp
2026-07-31 11:28:14,610 [INFO] CodeEngine:265 - oldGeneratedFile, D:\RKS_TinyML_Workspace\TinyML_Workshop_Nitte\STM32\DL_Inference\MXTmpFiles\gpio.tmp_save
2026-07-31 11:28:14,642 [INFO] CodeEngine:289 - Generated code: D:\RKS_TinyML_Workspace\TinyML_Workshop_Nitte\STM32\DL_Inference\MXTmpFiles\gpio.tmp
2026-07-31 11:28:14,677 [INFO] Middleware:1452 - No code input for Bsp Dependency
2026-07-31 11:28:14,678 [INFO] Middleware:1452 - No code input for Bsp Dependency
2026-07-31 11:28:14,683 [INFO] CodeEngine:265 - oldGeneratedFile, D:\RKS_TinyML_Workspace\TinyML_Workshop_Nitte\STM32\DL_Inference\Core\Src\stm32l4xx_it.c_save
2026-07-31 11:28:14,735 [INFO] CodeEngine:289 - Generated code: D:\RKS_TinyML_Workspace\TinyML_Workshop_Nitte\STM32\DL_Inference\Core\Src\stm32l4xx_it.c
2026-07-31 11:28:14,738 [INFO] CodeEngine:265 - oldGeneratedFile, D:\RKS_TinyML_Workspace\TinyML_Workshop_Nitte\STM32\DL_Inference\Core\Inc\stm32l4xx_it.h_save
2026-07-31 11:28:14,774 [INFO] CodeEngine:289 - Generated code: D:\RKS_TinyML_Workspace\TinyML_Workshop_Nitte\STM32\DL_Inference\Core\Inc\stm32l4xx_it.h
2026-07-31 11:28:14,780 [INFO] CodeEngine:265 - oldGeneratedFile, D:\RKS_TinyML_Workspace\TinyML_Workshop_Nitte\STM32\DL_Inference\Core\Src\stm32l4xx_hal_msp.c_save
2026-07-31 11:28:14,825 [INFO] CodeEngine:289 - Generated code: D:\RKS_TinyML_Workspace\TinyML_Workshop_Nitte\STM32\DL_Inference\Core\Src\stm32l4xx_hal_msp.c
2026-07-31 11:28:14,827 [INFO] CodeEngine:265 - oldGeneratedFile, D:\RKS_TinyML_Workspace\TinyML_Workshop_Nitte\STM32\DL_Inference\MXTmpFiles\system.tmp_save
2026-07-31 11:28:14,854 [INFO] CodeEngine:289 - Generated code: D:\RKS_TinyML_Workspace\TinyML_Workshop_Nitte\STM32\DL_Inference\MXTmpFiles\system.tmp
2026-07-31 11:28:14,859 [INFO] CodeEngine:321 - oldGeneratedFile, D:\RKS_TinyML_Workspace\TinyML_Workshop_Nitte\STM32\DL_Inference\Core\Inc\stm32l4xx_hal_conf.h_save
2026-07-31 11:28:14,907 [INFO] CodeEngine:345 - Generated code: D:\RKS_TinyML_Workspace\TinyML_Workshop_Nitte\STM32\DL_Inference\Core\Inc\stm32l4xx_hal_conf.h
2026-07-31 11:28:14,916 [INFO] CodeEngine:265 - oldGeneratedFile, D:\RKS_TinyML_Workspace\TinyML_Workshop_Nitte\STM32\DL_Inference\Core\Inc\main.h_save
2026-07-31 11:28:14,945 [INFO] CodeEngine:289 - Generated code: D:\RKS_TinyML_Workspace\TinyML_Workshop_Nitte\STM32\DL_Inference\Core\Inc\main.h
2026-07-31 11:28:14,947 [INFO] CodeEngine:265 - oldGeneratedFile, D:\RKS_TinyML_Workspace\TinyML_Workshop_Nitte\STM32\DL_Inference\Core\Src\main.c_save
2026-07-31 11:28:14,992 [INFO] CodeEngine:289 - Generated code: D:\RKS_TinyML_Workspace\TinyML_Workshop_Nitte\STM32\DL_Inference\Core\Src\main.c
2026-07-31 11:28:15,133 [INFO] AInterface:322 - ModelName:network; files:[D:\RKS_TinyML_Workspace\TinyML_Workshop_Nitte\ONNX\mlp_model.onnx]; type:ONNX; compression:None
2026-07-31 11:28:15,133 [INFO] AInterface:526 - workspaceTempDir: C:/Users/ADMIN/AppData/Local/Temp/mxAI_workspace104630046463584003011699804113783546
2026-07-31 11:28:15,133 [INFO] AInterface:1179 - Setting Env: C:/Users/ADMIN/STM32Cube/Repository//Packs/STMicroelectronics/X-CUBE-AI/10.2.1/Utilities/windows
2026-07-31 11:28:15,135 [INFO] STM32CubeIDEBuilder:265 - Looking for gnu-tools-for-stm32 tools/bin/arm-none-eabi-gcc.exe in C:\ST\STM32CubeIDE_1.19.0\STM32CubeIDE
2026-07-31 11:28:15,136 [INFO] STM32CubeIDEBuilder:294 - checking C:\ST\STM32CubeIDE_1.19.0\STM32CubeIDE\plugins\com.st.stm32cube.ide.mcu.externaltools.gnu-tools-for-stm32.13.3.rel1.win32_1.0.0.202411081344\tools\bin\arm-none-eabi-gcc.exe
2026-07-31 11:28:15,136 [INFO] STM32CubeIDEBuilder:297 - ret=C:\ST\STM32CubeIDE_1.19.0\STM32CubeIDE\plugins\com.st.stm32cube.ide.mcu.externaltools.gnu-tools-for-stm32.13.3.rel1.win32_1.0.0.202411081344\tools\bin\arm-none-eabi-gcc.exe
2026-07-31 11:28:15,136 [INFO] STM32CubeIDEBuilder:311 - returning C:\ST\STM32CubeIDE_1.19.0\STM32CubeIDE\plugins\com.st.stm32cube.ide.mcu.externaltools.gnu-tools-for-stm32.13.3.rel1.win32_1.0.0.202411081344\tools\bin\arm-none-eabi-gcc.exe
2026-07-31 11:28:15,136 [INFO] AInterface:1236 - Custom PATH variable: C:/Users/ADMIN/STM32Cube/Repository//Packs/STMicroelectronics/X-CUBE-AI/10.2.1/Utilities/windows;C:/Users/ADMIN/STM32Cube/Repository//Packs/STMicroelectronics/X-CUBE-AI/10.2.1/Utilities/windows/mingw64/bin;C:/Users/ADMIN/STM32Cube/Repository//Packs/STMicroelectronics/X-CUBE-AI/10.2.1/Utilities/windows/mingw64/libexec/gcc/x86_64-w64-mingw32/7.3.0;;C:\ST\STM32CubeIDE_1.19.0\STM32CubeIDE\plugins\com.st.stm32cube.ide.mcu.externaltools.gnu-tools-for-stm32.13.3.rel1.win32_1.0.0.202411081344\tools\bin
2026-07-31 11:28:15,137 [INFO] CmdLine:115 - Command: C:/Users/ADMIN/STM32Cube/Repository//Packs/STMicroelectronics/X-CUBE-AI/10.2.1/Utilities/windows/stedgeai.exe generate --target stm32l4 --name network -m D:/RKS_TinyML_Workspace/TinyML_Workshop_Nitte/ONNX/mlp_model.onnx --compression none --verbosity 1 --workspace C:/Users/ADMIN/AppData/Local/Temp/mxAI_workspace104630046463584003011699804113783546 --output C:/Users/ADMIN/.stm32cubemx/network_output
2026-07-31 11:28:15,138 [INFO] AIModelDetailledView:2264 - Analysis status: pending
2026-07-31 11:28:15,459 [INFO] CmdLine:76 - ST Edge AI Core v2.2.0-20266 2adc00962
2026-07-31 11:28:19,370 [INFO] CmdLine:76 - Creating c (debug) info json file C:\Users\ADMIN\.stm32cubemx\network_output\network_c_info.json
2026-07-31 11:28:19,381 [INFO] CmdLine:76 -  
2026-07-31 11:28:19,382 [INFO] CmdLine:76 -  Exec/report summary (generate)
2026-07-31 11:28:19,382 [INFO] CmdLine:76 -  --------------------------------------------------------------------------------------------------------------
2026-07-31 11:28:19,382 [INFO] CmdLine:76 -  model file         :   D:\RKS_TinyML_Workspace\TinyML_Workshop_Nitte\ONNX\mlp_model.onnx                      
2026-07-31 11:28:19,382 [INFO] CmdLine:76 -  type               :   onnx                                                                                   
2026-07-31 11:28:19,382 [INFO] CmdLine:76 -  c_name             :   network                                                                                
2026-07-31 11:28:19,382 [INFO] CmdLine:76 -  compression        :   none                                                                                   
2026-07-31 11:28:19,382 [INFO] CmdLine:76 -  options            :   allocate-inputs, allocate-outputs                                                      
2026-07-31 11:28:19,382 [INFO] CmdLine:76 -  optimization       :   balanced                                                                               
2026-07-31 11:28:19,382 [INFO] CmdLine:76 -  target/series      :   stm32l4                                                                                
2026-07-31 11:28:19,382 [INFO] CmdLine:76 -  workspace dir      :   C:\Users\ADMIN\AppData\Local\Temp\mxAI_workspace104630046463584003011699804113783546   
2026-07-31 11:28:19,382 [INFO] CmdLine:76 -  output dir         :   C:\Users\ADMIN\.stm32cubemx\network_output                                             
2026-07-31 11:28:19,382 [INFO] CmdLine:76 -  model_fmt          :   float                                                                                  
2026-07-31 11:28:19,382 [INFO] CmdLine:76 -  model_name         :   mlp_model                                                                              
2026-07-31 11:28:19,382 [INFO] CmdLine:76 -  model_hash         :   0x9730d768958be9e4562e5107bd0a979c                                                     
2026-07-31 11:28:19,382 [INFO] CmdLine:76 -  params #           :   2,693 items (10.52 KiB)                                                                
2026-07-31 11:28:19,382 [INFO] CmdLine:76 -  --------------------------------------------------------------------------------------------------------------
2026-07-31 11:28:19,383 [INFO] CmdLine:76 -  input 1/1          :   'input', f32(1x6), 24 Bytes, activations                                               
2026-07-31 11:28:19,383 [INFO] CmdLine:76 -  output 1/1         :   'output', f32(1x5), 20 Bytes, activations                                              
2026-07-31 11:28:19,383 [INFO] CmdLine:76 -  macc               :   2,789                                                                                  
2026-07-31 11:28:19,383 [INFO] CmdLine:76 -  weights (ro)       :   10,772 B (10.52 KiB) (1 segment)                                                       
2026-07-31 11:28:19,383 [INFO] CmdLine:76 -  activations (rw)   :   384 B (384 B) (1 segment) *                                                            
2026-07-31 11:28:19,383 [INFO] CmdLine:76 -  ram (total)        :   384 B (384 B) = 384 + 0 + 0                                                            
2026-07-31 11:28:19,383 [INFO] CmdLine:76 -  --------------------------------------------------------------------------------------------------------------
2026-07-31 11:28:19,383 [INFO] CmdLine:76 -  (*) 'input'/'output' buffers are allocated in the activations buffer
2026-07-31 11:28:19,385 [INFO] CmdLine:76 - Computing AI RT data/code size (target=stm32l4)..
2026-07-31 11:28:20,039 [INFO] CmdLine:76 -  Requested memory size by section - "stm32l4" target
2026-07-31 11:28:20,040 [INFO] CmdLine:76 -  ------------------------------ ------- -------- ------- -----
2026-07-31 11:28:20,040 [INFO] CmdLine:76 -  module                            text   rodata    data   bss
2026-07-31 11:28:20,040 [INFO] CmdLine:76 -  ------------------------------ ------- -------- ------- -----
2026-07-31 11:28:20,040 [INFO] CmdLine:76 -  NetworkRuntime1020_CM4_GCC.a     6,452        0       0     0
2026-07-31 11:28:20,040 [INFO] CmdLine:76 -  network.o                          528       40   1,584   140
2026-07-31 11:28:20,040 [INFO] CmdLine:76 -  network_data.o                      48       16      88     0
2026-07-31 11:28:20,040 [INFO] CmdLine:76 -  lib (toolchain)*                     0        0       0     0
2026-07-31 11:28:20,040 [INFO] CmdLine:76 -  ------------------------------ ------- -------- ------- -----
2026-07-31 11:28:20,040 [INFO] CmdLine:76 -  RT total**                       7,028       56   1,672   140
2026-07-31 11:28:20,040 [INFO] CmdLine:76 -  ------------------------------ ------- -------- ------- -----
2026-07-31 11:28:20,040 [INFO] CmdLine:76 -  weights                              0   10,776       0     0
2026-07-31 11:28:20,040 [INFO] CmdLine:76 -  activations                          0        0       0   384
2026-07-31 11:28:20,040 [INFO] CmdLine:76 -  io                                   0        0       0     0
2026-07-31 11:28:20,040 [INFO] CmdLine:76 -  ------------------------------ ------- -------- ------- -----
2026-07-31 11:28:20,040 [INFO] CmdLine:76 -  TOTAL                            7,028   10,832   1,672   524
2026-07-31 11:28:20,040 [INFO] CmdLine:76 -  ------------------------------ ------- -------- ------- -----
2026-07-31 11:28:20,040 [INFO] CmdLine:76 -  *  toolchain objects (libm/libgcc*)
2026-07-31 11:28:20,040 [INFO] CmdLine:76 -  ** RT AI runtime objects (kernels+infrastructure)
2026-07-31 11:28:20,041 [INFO] CmdLine:76 -   Summary - "stm32l4" target
2026-07-31 11:28:20,041 [INFO] CmdLine:76 -   ---------------------------------------------------
2026-07-31 11:28:20,041 [INFO] CmdLine:76 -                FLASH (ro)      %*   RAM (rw)       %
2026-07-31 11:28:20,041 [INFO] CmdLine:76 -   ---------------------------------------------------
2026-07-31 11:28:20,041 [INFO] CmdLine:76 -   RT total          8,756   44.8%      1,812   82.5%
2026-07-31 11:28:20,041 [INFO] CmdLine:76 -   ---------------------------------------------------
2026-07-31 11:28:20,041 [INFO] CmdLine:76 -   TOTAL            19,532              2,196
2026-07-31 11:28:20,041 [INFO] CmdLine:76 -   ---------------------------------------------------
2026-07-31 11:28:20,041 [INFO] CmdLine:76 -   *  rt/total
2026-07-31 11:28:20,041 [INFO] CmdLine:76 -  Generated files (7)
2026-07-31 11:28:20,041 [INFO] CmdLine:76 -  ------------------------------------------------------------------
2026-07-31 11:28:20,041 [INFO] CmdLine:76 -  C:\Users\ADMIN\.stm32cubemx\network_output\network_data_params.h
2026-07-31 11:28:20,041 [INFO] CmdLine:76 -  C:\Users\ADMIN\.stm32cubemx\network_output\network_data_params.c
2026-07-31 11:28:20,041 [INFO] CmdLine:76 -  C:\Users\ADMIN\.stm32cubemx\network_output\network_data.h
2026-07-31 11:28:20,041 [INFO] CmdLine:76 -  C:\Users\ADMIN\.stm32cubemx\network_output\network_data.c
2026-07-31 11:28:20,041 [INFO] CmdLine:76 -  C:\Users\ADMIN\.stm32cubemx\network_output\network_config.h
2026-07-31 11:28:20,041 [INFO] CmdLine:76 -  C:\Users\ADMIN\.stm32cubemx\network_output\network.h
2026-07-31 11:28:20,041 [INFO] CmdLine:76 -  C:\Users\ADMIN\.stm32cubemx\network_output\network.c
2026-07-31 11:28:20,042 [INFO] CmdLine:76 - Creating txt report file C:\Users\ADMIN\.stm32cubemx\network_output\network_generate_report.txt
2026-07-31 11:28:30,894 [INFO] CmdLine:76 - elapsed time (generate): 15.435s
2026-07-31 11:28:31,260 [INFO] CmdLine:148 - stedgeai exit with status: 0
2026-07-31 11:28:31,270 [INFO] AIModelDetailledView:2264 - Analysis status: done
2026-07-31 11:28:31,457 [INFO] ProjectBuilder:3606 - Time for Copy HAL[1] : 66mS.
2026-07-31 11:28:31,457 [ERROR] Middleware:2950 - Invalid RefComponent list
2026-07-31 11:28:31,457 [ERROR] Middleware:2950 - Invalid RefComponent list
2026-07-31 11:28:31,457 [ERROR] Middleware:2950 - Invalid RefComponent list
2026-07-31 11:28:31,457 [ERROR] Middleware:2950 - Invalid RefComponent list
2026-07-31 11:28:31,457 [ERROR] Middleware:2950 - Invalid RefComponent list
2026-07-31 11:28:31,457 [ERROR] Middleware:2950 - Invalid RefComponent list
2026-07-31 11:28:31,457 [ERROR] Middleware:2950 - Invalid RefComponent list
2026-07-31 11:28:31,457 [ERROR] Middleware:2950 - Invalid RefComponent list
2026-07-31 11:28:31,457 [ERROR] Middleware:2950 - Invalid RefComponent list
2026-07-31 11:28:31,457 [ERROR] Middleware:2950 - Invalid RefComponent list
2026-07-31 11:28:31,457 [ERROR] Middleware:2950 - Invalid RefComponent list
2026-07-31 11:28:31,457 [ERROR] Middleware:2950 - Invalid RefComponent list
2026-07-31 11:28:31,458 [ERROR] Middleware:2950 - Invalid RefComponent list
2026-07-31 11:28:31,458 [ERROR] Middleware:2950 - Invalid RefComponent list
2026-07-31 11:28:31,458 [ERROR] Middleware:2950 - Invalid RefComponent list
2026-07-31 11:28:31,458 [ERROR] Middleware:2950 - Invalid RefComponent list
2026-07-31 11:28:31,458 [ERROR] Middleware:2950 - Invalid RefComponent list
2026-07-31 11:28:31,458 [ERROR] Middleware:2950 - Invalid RefComponent list
2026-07-31 11:28:31,458 [ERROR] Middleware:2950 - Invalid RefComponent list
2026-07-31 11:28:31,458 [ERROR] Middleware:2950 - Invalid RefComponent list
2026-07-31 11:28:31,458 [ERROR] Middleware:2950 - Invalid RefComponent list
2026-07-31 11:28:31,458 [ERROR] Middleware:2950 - Invalid RefComponent list
2026-07-31 11:28:31,458 [ERROR] Middleware:2950 - Invalid RefComponent list
2026-07-31 11:28:31,458 [ERROR] Middleware:2950 - Invalid RefComponent list
2026-07-31 11:28:31,458 [ERROR] Middleware:2950 - Invalid RefComponent list
2026-07-31 11:28:31,458 [ERROR] Middleware:2950 - Invalid RefComponent list
2026-07-31 11:28:31,458 [ERROR] Middleware:2950 - Invalid RefComponent list
2026-07-31 11:28:31,458 [ERROR] Middleware:2950 - Invalid RefComponent list
2026-07-31 11:28:31,458 [ERROR] Middleware:2950 - Invalid RefComponent list
2026-07-31 11:28:31,458 [ERROR] Middleware:2950 - Invalid RefComponent list
2026-07-31 11:28:31,458 [ERROR] Middleware:2950 - Invalid RefComponent list
2026-07-31 11:28:31,458 [ERROR] Middleware:2950 - Invalid RefComponent list
2026-07-31 11:28:31,458 [ERROR] Middleware:2950 - Invalid RefComponent list
2026-07-31 11:28:31,458 [ERROR] Middleware:2950 - Invalid RefComponent list
2026-07-31 11:28:31,458 [ERROR] Middleware:2950 - Invalid RefComponent list
2026-07-31 11:28:31,458 [ERROR] Middleware:2950 - Invalid RefComponent list
2026-07-31 11:28:31,458 [ERROR] Middleware:2950 - Invalid RefComponent list
2026-07-31 11:28:31,458 [ERROR] Middleware:2950 - Invalid RefComponent list
2026-07-31 11:28:31,458 [ERROR] Middleware:2950 - Invalid RefComponent list
2026-07-31 11:28:31,458 [ERROR] Middleware:2950 - Invalid RefComponent list
2026-07-31 11:28:31,458 [ERROR] Middleware:2950 - Invalid RefComponent list
2026-07-31 11:28:31,458 [ERROR] Middleware:2950 - Invalid RefComponent list
2026-07-31 11:28:31,458 [ERROR] Middleware:2950 - Invalid RefComponent list
2026-07-31 11:28:31,458 [ERROR] Middleware:2950 - Invalid RefComponent list
2026-07-31 11:28:31,458 [ERROR] Middleware:2950 - Invalid RefComponent list
2026-07-31 11:28:31,458 [ERROR] Middleware:2950 - Invalid RefComponent list
2026-07-31 11:28:31,458 [ERROR] Middleware:2950 - Invalid RefComponent list
2026-07-31 11:28:31,458 [ERROR] Middleware:2950 - Invalid RefComponent list
2026-07-31 11:28:31,458 [ERROR] Middleware:2950 - Invalid RefComponent list
2026-07-31 11:28:31,458 [ERROR] Middleware:2950 - Invalid RefComponent list
2026-07-31 11:28:31,460 [INFO] ProjectBuilder:5216 - Project Generator version: 4.7.0-B52
2026-07-31 11:28:31,497 [INFO] ConfigFileManager:1595 - The Die is : DIE470
2026-07-31 11:28:32,082 [INFO] ProjectBuilder:5496 - Time for Generating toolchain IDE Files: 622mS.
2026-07-31 11:28:32,083 [INFO] ProjectBuilder:3463 - Time for Copy CMSIS : 1mS.
2026-07-31 11:28:32,085 [INFO] ProjectBuilder:3463 - Time for Copy CMSIS : 0mS.
2026-07-31 11:28:32,340 [INFO] UtilMem:75 - End SaveConfig() Used Memory: 828961264 Bytes (1073741824)
2026-07-31 11:28:34,705 [INFO] UtilMem:75 - End SaveConfig() Used Memory: 940110320 Bytes (1073741824)
2026-07-31 11:28:34,806 [INFO] UtilMem:75 - End SaveConfig() Used Memory: 982575600 Bytes (1073741824)
2026-07-31 11:28:34,904 [INFO] BlockDiagram:2775 - set Specific Code input for plugin: SYS
2026-07-31 11:28:34,904 [INFO] BlockDiagram:2775 - set Specific Code input for plugin: RCC
2026-07-31 11:28:34,904 [INFO] BlockDiagram:2775 - set Specific Code input for plugin: I2C
2026-07-31 11:28:34,904 [INFO] BlockDiagram:2775 - set Specific Code input for plugin: NVIC
2026-07-31 11:28:34,904 [INFO] BlockDiagram:2775 - set Specific Code input for plugin: USART
2026-07-31 11:28:34,905 [INFO] BlockDiagram:2775 - set Specific Code input for plugin: STMicroelectronics.X-CUBE-AI.10.2.1
2026-07-31 11:28:34,905 [INFO] BlockDiagram:2775 - set Specific Code input for plugin: GPIO
2026-07-31 11:28:34,905 [INFO] CodeGenerator:892 - code generatio: config db path: C:\ST\STM32CubeIDE_1.19.0\STM32CubeIDE\plugins\com.st.stm32cube.common.mx_6.15.0.202507011659\\db\
2026-07-31 11:28:34,932 [INFO] IP:3329 - RTE Config file name : RTE_Component
2026-07-31 11:28:34,932 [INFO] IP:3347 - RTE template : RTE_Components.ftl
2026-07-31 11:28:34,947 [INFO] CodeEngine:265 - oldGeneratedFile, D:\RKS_TinyML_Workspace\TinyML_Workshop_Nitte\STM32\DL_Inference\MXTmpFiles\license.tmp_save
2026-07-31 11:28:34,980 [INFO] CodeEngine:289 - Generated code: D:\RKS_TinyML_Workspace\TinyML_Workshop_Nitte\STM32\DL_Inference\MXTmpFiles\license.tmp
2026-07-31 11:28:34,982 [INFO] CodeEngine:265 - oldGeneratedFile, D:\RKS_TinyML_Workspace\TinyML_Workshop_Nitte\STM32\DL_Inference\MXTmpFiles\gpio.tmp_save
2026-07-31 11:28:35,016 [INFO] CodeEngine:289 - Generated code: D:\RKS_TinyML_Workspace\TinyML_Workshop_Nitte\STM32\DL_Inference\MXTmpFiles\gpio.tmp
2026-07-31 11:28:35,033 [INFO] Middleware:1452 - No code input for Bsp Dependency
2026-07-31 11:28:35,033 [INFO] Middleware:1452 - No code input for Bsp Dependency
2026-07-31 11:28:35,052 [INFO] CodeEngine:265 - oldGeneratedFile, D:\RKS_TinyML_Workspace\TinyML_Workshop_Nitte\STM32\DL_Inference\Core\Src\stm32l4xx_it.c_save
2026-07-31 11:28:35,082 [INFO] CodeEngine:289 - Generated code: D:\RKS_TinyML_Workspace\TinyML_Workshop_Nitte\STM32\DL_Inference\Core\Src\stm32l4xx_it.c
2026-07-31 11:28:35,082 [INFO] CodeEngine:265 - oldGeneratedFile, D:\RKS_TinyML_Workspace\TinyML_Workshop_Nitte\STM32\DL_Inference\Core\Inc\stm32l4xx_it.h_save
2026-07-31 11:28:35,113 [INFO] CodeEngine:289 - Generated code: D:\RKS_TinyML_Workspace\TinyML_Workshop_Nitte\STM32\DL_Inference\Core\Inc\stm32l4xx_it.h
2026-07-31 11:28:35,120 [INFO] CodeEngine:265 - oldGeneratedFile, D:\RKS_TinyML_Workspace\TinyML_Workshop_Nitte\STM32\DL_Inference\Core\Src\stm32l4xx_hal_msp.c_save
2026-07-31 11:28:35,167 [INFO] CodeEngine:289 - Generated code: D:\RKS_TinyML_Workspace\TinyML_Workshop_Nitte\STM32\DL_Inference\Core\Src\stm32l4xx_hal_msp.c
2026-07-31 11:28:35,169 [INFO] CodeEngine:265 - oldGeneratedFile, D:\RKS_TinyML_Workspace\TinyML_Workshop_Nitte\STM32\DL_Inference\MXTmpFiles\system.tmp_save
2026-07-31 11:28:35,197 [INFO] CodeEngine:289 - Generated code: D:\RKS_TinyML_Workspace\TinyML_Workshop_Nitte\STM32\DL_Inference\MXTmpFiles\system.tmp
2026-07-31 11:28:35,202 [INFO] CodeEngine:321 - oldGeneratedFile, D:\RKS_TinyML_Workspace\TinyML_Workshop_Nitte\STM32\DL_Inference\Core\Inc\stm32l4xx_hal_conf.h_save
2026-07-31 11:28:35,231 [INFO] CodeEngine:345 - Generated code: D:\RKS_TinyML_Workspace\TinyML_Workshop_Nitte\STM32\DL_Inference\Core\Inc\stm32l4xx_hal_conf.h
2026-07-31 11:28:35,248 [INFO] CodeEngine:265 - oldGeneratedFile, D:\RKS_TinyML_Workspace\TinyML_Workshop_Nitte\STM32\DL_Inference\Core\Inc\main.h_save
2026-07-31 11:28:35,282 [INFO] CodeEngine:289 - Generated code: D:\RKS_TinyML_Workspace\TinyML_Workshop_Nitte\STM32\DL_Inference\Core\Inc\main.h
2026-07-31 11:28:35,282 [INFO] CodeEngine:265 - oldGeneratedFile, D:\RKS_TinyML_Workspace\TinyML_Workshop_Nitte\STM32\DL_Inference\Core\Src\main.c_save
2026-07-31 11:28:35,332 [INFO] CodeEngine:289 - Generated code: D:\RKS_TinyML_Workspace\TinyML_Workshop_Nitte\STM32\DL_Inference\Core\Src\main.c
2026-07-31 11:28:35,509 [INFO] AInterface:322 - ModelName:network; files:[D:\RKS_TinyML_Workspace\TinyML_Workshop_Nitte\ONNX\mlp_model.onnx]; type:ONNX; compression:None
2026-07-31 11:28:35,510 [INFO] AInterface:526 - workspaceTempDir: C:/Users/ADMIN/AppData/Local/Temp/mxAI_workspace1046302502339270014325351611052050122
2026-07-31 11:28:35,510 [INFO] AInterface:1179 - Setting Env: C:/Users/ADMIN/STM32Cube/Repository//Packs/STMicroelectronics/X-CUBE-AI/10.2.1/Utilities/windows
2026-07-31 11:28:35,512 [INFO] STM32CubeIDEBuilder:265 - Looking for gnu-tools-for-stm32 tools/bin/arm-none-eabi-gcc.exe in C:\ST\STM32CubeIDE_1.19.0\STM32CubeIDE
2026-07-31 11:28:35,513 [INFO] STM32CubeIDEBuilder:294 - checking C:\ST\STM32CubeIDE_1.19.0\STM32CubeIDE\plugins\com.st.stm32cube.ide.mcu.externaltools.gnu-tools-for-stm32.13.3.rel1.win32_1.0.0.202411081344\tools\bin\arm-none-eabi-gcc.exe
2026-07-31 11:28:35,513 [INFO] STM32CubeIDEBuilder:297 - ret=C:\ST\STM32CubeIDE_1.19.0\STM32CubeIDE\plugins\com.st.stm32cube.ide.mcu.externaltools.gnu-tools-for-stm32.13.3.rel1.win32_1.0.0.202411081344\tools\bin\arm-none-eabi-gcc.exe
2026-07-31 11:28:35,513 [INFO] STM32CubeIDEBuilder:311 - returning C:\ST\STM32CubeIDE_1.19.0\STM32CubeIDE\plugins\com.st.stm32cube.ide.mcu.externaltools.gnu-tools-for-stm32.13.3.rel1.win32_1.0.0.202411081344\tools\bin\arm-none-eabi-gcc.exe
2026-07-31 11:28:35,513 [INFO] AInterface:1236 - Custom PATH variable: C:/Users/ADMIN/STM32Cube/Repository//Packs/STMicroelectronics/X-CUBE-AI/10.2.1/Utilities/windows;C:/Users/ADMIN/STM32Cube/Repository//Packs/STMicroelectronics/X-CUBE-AI/10.2.1/Utilities/windows/mingw64/bin;C:/Users/ADMIN/STM32Cube/Repository//Packs/STMicroelectronics/X-CUBE-AI/10.2.1/Utilities/windows/mingw64/libexec/gcc/x86_64-w64-mingw32/7.3.0;;C:\ST\STM32CubeIDE_1.19.0\STM32CubeIDE\plugins\com.st.stm32cube.ide.mcu.externaltools.gnu-tools-for-stm32.13.3.rel1.win32_1.0.0.202411081344\tools\bin
2026-07-31 11:28:35,514 [INFO] CmdLine:115 - Command: C:/Users/ADMIN/STM32Cube/Repository//Packs/STMicroelectronics/X-CUBE-AI/10.2.1/Utilities/windows/stedgeai.exe generate --target stm32l4 --name network -m D:/RKS_TinyML_Workspace/TinyML_Workshop_Nitte/ONNX/mlp_model.onnx --compression none --verbosity 1 --workspace C:/Users/ADMIN/AppData/Local/Temp/mxAI_workspace1046302502339270014325351611052050122 --output C:/Users/ADMIN/.stm32cubemx/network_output
2026-07-31 11:28:35,515 [INFO] AIModelDetailledView:2264 - Analysis status: pending
2026-07-31 11:28:35,849 [INFO] CmdLine:76 - ST Edge AI Core v2.2.0-20266 2adc00962
2026-07-31 11:28:39,668 [INFO] CmdLine:76 - Creating c (debug) info json file C:\Users\ADMIN\.stm32cubemx\network_output\network_c_info.json
2026-07-31 11:28:39,678 [INFO] CmdLine:76 -  
2026-07-31 11:28:39,678 [INFO] CmdLine:76 -  Exec/report summary (generate)
2026-07-31 11:28:39,678 [INFO] CmdLine:76 -  ---------------------------------------------------------------------------------------------------------------
2026-07-31 11:28:39,678 [INFO] CmdLine:76 -  model file         :   D:\RKS_TinyML_Workspace\TinyML_Workshop_Nitte\ONNX\mlp_model.onnx                       
2026-07-31 11:28:39,678 [INFO] CmdLine:76 -  type               :   onnx                                                                                    
2026-07-31 11:28:39,678 [INFO] CmdLine:76 -  c_name             :   network                                                                                 
2026-07-31 11:28:39,678 [INFO] CmdLine:76 -  compression        :   none                                                                                    
2026-07-31 11:28:39,678 [INFO] CmdLine:76 -  options            :   allocate-inputs, allocate-outputs                                                       
2026-07-31 11:28:39,678 [INFO] CmdLine:76 -  optimization       :   balanced                                                                                
2026-07-31 11:28:39,678 [INFO] CmdLine:76 -  target/series      :   stm32l4                                                                                 
2026-07-31 11:28:39,678 [INFO] CmdLine:76 -  workspace dir      :   C:\Users\ADMIN\AppData\Local\Temp\mxAI_workspace1046302502339270014325351611052050122   
2026-07-31 11:28:39,678 [INFO] CmdLine:76 -  output dir         :   C:\Users\ADMIN\.stm32cubemx\network_output                                              
2026-07-31 11:28:39,678 [INFO] CmdLine:76 -  model_fmt          :   float                                                                                   
2026-07-31 11:28:39,678 [INFO] CmdLine:76 -  model_name         :   mlp_model                                                                               
2026-07-31 11:28:39,678 [INFO] CmdLine:76 -  model_hash         :   0x9730d768958be9e4562e5107bd0a979c                                                      
2026-07-31 11:28:39,678 [INFO] CmdLine:76 -  params #           :   2,693 items (10.52 KiB)                                                                 
2026-07-31 11:28:39,678 [INFO] CmdLine:76 -  ---------------------------------------------------------------------------------------------------------------
2026-07-31 11:28:39,678 [INFO] CmdLine:76 -  input 1/1          :   'input', f32(1x6), 24 Bytes, activations                                                
2026-07-31 11:28:39,678 [INFO] CmdLine:76 -  output 1/1         :   'output', f32(1x5), 20 Bytes, activations                                               
2026-07-31 11:28:39,678 [INFO] CmdLine:76 -  macc               :   2,789                                                                                   
2026-07-31 11:28:39,678 [INFO] CmdLine:76 -  weights (ro)       :   10,772 B (10.52 KiB) (1 segment)                                                        
2026-07-31 11:28:39,678 [INFO] CmdLine:76 -  activations (rw)   :   384 B (384 B) (1 segment) *                                                             
2026-07-31 11:28:39,678 [INFO] CmdLine:76 -  ram (total)        :   384 B (384 B) = 384 + 0 + 0                                                             
2026-07-31 11:28:39,678 [INFO] CmdLine:76 -  ---------------------------------------------------------------------------------------------------------------
2026-07-31 11:28:39,678 [INFO] CmdLine:76 -  (*) 'input'/'output' buffers are allocated in the activations buffer
2026-07-31 11:28:39,680 [INFO] CmdLine:76 - Computing AI RT data/code size (target=stm32l4)..
2026-07-31 11:28:40,342 [INFO] CmdLine:76 -  Requested memory size by section - "stm32l4" target
2026-07-31 11:28:40,343 [INFO] CmdLine:76 -  ------------------------------ ------- -------- ------- -----
2026-07-31 11:28:40,343 [INFO] CmdLine:76 -  module                            text   rodata    data   bss
2026-07-31 11:28:40,343 [INFO] CmdLine:76 -  ------------------------------ ------- -------- ------- -----
2026-07-31 11:28:40,343 [INFO] CmdLine:76 -  NetworkRuntime1020_CM4_GCC.a     6,452        0       0     0
2026-07-31 11:28:40,343 [INFO] CmdLine:76 -  network.o                          528       40   1,584   140
2026-07-31 11:28:40,343 [INFO] CmdLine:76 -  network_data.o                      48       16      88     0
2026-07-31 11:28:40,343 [INFO] CmdLine:76 -  lib (toolchain)*                     0        0       0     0
2026-07-31 11:28:40,343 [INFO] CmdLine:76 -  ------------------------------ ------- -------- ------- -----
2026-07-31 11:28:40,343 [INFO] CmdLine:76 -  RT total**                       7,028       56   1,672   140
2026-07-31 11:28:40,343 [INFO] CmdLine:76 -  ------------------------------ ------- -------- ------- -----
2026-07-31 11:28:40,343 [INFO] CmdLine:76 -  weights                              0   10,776       0     0
2026-07-31 11:28:40,343 [INFO] CmdLine:76 -  activations                          0        0       0   384
2026-07-31 11:28:40,343 [INFO] CmdLine:76 -  io                                   0        0       0     0
2026-07-31 11:28:40,343 [INFO] CmdLine:76 -  ------------------------------ ------- -------- ------- -----
2026-07-31 11:28:40,343 [INFO] CmdLine:76 -  TOTAL                            7,028   10,832   1,672   524
2026-07-31 11:28:40,343 [INFO] CmdLine:76 -  ------------------------------ ------- -------- ------- -----
2026-07-31 11:28:40,343 [INFO] CmdLine:76 -  *  toolchain objects (libm/libgcc*)
2026-07-31 11:28:40,344 [INFO] CmdLine:76 -  ** RT AI runtime objects (kernels+infrastructure)
2026-07-31 11:28:40,344 [INFO] CmdLine:76 -   Summary - "stm32l4" target
2026-07-31 11:28:40,344 [INFO] CmdLine:76 -   ---------------------------------------------------
2026-07-31 11:28:40,344 [INFO] CmdLine:76 -                FLASH (ro)      %*   RAM (rw)       %
2026-07-31 11:28:40,344 [INFO] CmdLine:76 -   ---------------------------------------------------
2026-07-31 11:28:40,344 [INFO] CmdLine:76 -   RT total          8,756   44.8%      1,812   82.5%
2026-07-31 11:28:40,345 [INFO] CmdLine:76 -   ---------------------------------------------------
2026-07-31 11:28:40,345 [INFO] CmdLine:76 -   TOTAL            19,532              2,196
2026-07-31 11:28:40,345 [INFO] CmdLine:76 -   ---------------------------------------------------
2026-07-31 11:28:40,345 [INFO] CmdLine:76 -   *  rt/total
2026-07-31 11:28:40,345 [INFO] CmdLine:76 -  Generated files (7)
2026-07-31 11:28:40,345 [INFO] CmdLine:76 -  ------------------------------------------------------------------
2026-07-31 11:28:40,345 [INFO] CmdLine:76 -  C:\Users\ADMIN\.stm32cubemx\network_output\network_data_params.h
2026-07-31 11:28:40,345 [INFO] CmdLine:76 -  C:\Users\ADMIN\.stm32cubemx\network_output\network_data_params.c
2026-07-31 11:28:40,345 [INFO] CmdLine:76 -  C:\Users\ADMIN\.stm32cubemx\network_output\network_data.h
2026-07-31 11:28:40,345 [INFO] CmdLine:76 -  C:\Users\ADMIN\.stm32cubemx\network_output\network_data.c
2026-07-31 11:28:40,345 [INFO] CmdLine:76 -  C:\Users\ADMIN\.stm32cubemx\network_output\network_config.h
2026-07-31 11:28:40,345 [INFO] CmdLine:76 -  C:\Users\ADMIN\.stm32cubemx\network_output\network.h
2026-07-31 11:28:40,345 [INFO] CmdLine:76 -  C:\Users\ADMIN\.stm32cubemx\network_output\network.c
2026-07-31 11:28:40,346 [INFO] CmdLine:76 - Creating txt report file C:\Users\ADMIN\.stm32cubemx\network_output\network_generate_report.txt
2026-07-31 11:28:46,225 [INFO] CmdLine:76 - elapsed time (generate): 10.374s
2026-07-31 11:28:46,593 [INFO] CmdLine:148 - stedgeai exit with status: 0
2026-07-31 11:28:46,597 [INFO] AIModelDetailledView:2264 - Analysis status: done
2026-07-31 11:28:46,783 [INFO] ProjectBuilder:3606 - Time for Copy HAL[1] : 64mS.
2026-07-31 11:28:46,783 [ERROR] Middleware:2950 - Invalid RefComponent list
2026-07-31 11:28:46,783 [ERROR] Middleware:2950 - Invalid RefComponent list
2026-07-31 11:28:46,783 [ERROR] Middleware:2950 - Invalid RefComponent list
2026-07-31 11:28:46,783 [ERROR] Middleware:2950 - Invalid RefComponent list
2026-07-31 11:28:46,783 [ERROR] Middleware:2950 - Invalid RefComponent list
2026-07-31 11:28:46,783 [ERROR] Middleware:2950 - Invalid RefComponent list
2026-07-31 11:28:46,783 [ERROR] Middleware:2950 - Invalid RefComponent list
2026-07-31 11:28:46,783 [ERROR] Middleware:2950 - Invalid RefComponent list
2026-07-31 11:28:46,783 [ERROR] Middleware:2950 - Invalid RefComponent list
2026-07-31 11:28:46,783 [ERROR] Middleware:2950 - Invalid RefComponent list
2026-07-31 11:28:46,783 [ERROR] Middleware:2950 - Invalid RefComponent list
2026-07-31 11:28:46,783 [ERROR] Middleware:2950 - Invalid RefComponent list
2026-07-31 11:28:46,783 [ERROR] Middleware:2950 - Invalid RefComponent list
2026-07-31 11:28:46,783 [ERROR] Middleware:2950 - Invalid RefComponent list
2026-07-31 11:28:46,783 [ERROR] Middleware:2950 - Invalid RefComponent list
2026-07-31 11:28:46,783 [ERROR] Middleware:2950 - Invalid RefComponent list
2026-07-31 11:28:46,783 [ERROR] Middleware:2950 - Invalid RefComponent list
2026-07-31 11:28:46,783 [ERROR] Middleware:2950 - Invalid RefComponent list
2026-07-31 11:28:46,783 [ERROR] Middleware:2950 - Invalid RefComponent list
2026-07-31 11:28:46,783 [ERROR] Middleware:2950 - Invalid RefComponent list
2026-07-31 11:28:46,783 [ERROR] Middleware:2950 - Invalid RefComponent list
2026-07-31 11:28:46,783 [ERROR] Middleware:2950 - Invalid RefComponent list
2026-07-31 11:28:46,783 [ERROR] Middleware:2950 - Invalid RefComponent list
2026-07-31 11:28:46,783 [ERROR] Middleware:2950 - Invalid RefComponent list
2026-07-31 11:28:46,783 [ERROR] Middleware:2950 - Invalid RefComponent list
2026-07-31 11:28:46,783 [ERROR] Middleware:2950 - Invalid RefComponent list
2026-07-31 11:28:46,783 [ERROR] Middleware:2950 - Invalid RefComponent list
2026-07-31 11:28:46,783 [ERROR] Middleware:2950 - Invalid RefComponent list
2026-07-31 11:28:46,783 [ERROR] Middleware:2950 - Invalid RefComponent list
2026-07-31 11:28:46,783 [ERROR] Middleware:2950 - Invalid RefComponent list
2026-07-31 11:28:46,783 [ERROR] Middleware:2950 - Invalid RefComponent list
2026-07-31 11:28:46,783 [ERROR] Middleware:2950 - Invalid RefComponent list
2026-07-31 11:28:46,783 [ERROR] Middleware:2950 - Invalid RefComponent list
2026-07-31 11:28:46,783 [ERROR] Middleware:2950 - Invalid RefComponent list
2026-07-31 11:28:46,783 [ERROR] Middleware:2950 - Invalid RefComponent list
2026-07-31 11:28:46,783 [ERROR] Middleware:2950 - Invalid RefComponent list
2026-07-31 11:28:46,783 [ERROR] Middleware:2950 - Invalid RefComponent list
2026-07-31 11:28:46,783 [ERROR] Middleware:2950 - Invalid RefComponent list
2026-07-31 11:28:46,783 [ERROR] Middleware:2950 - Invalid RefComponent list
2026-07-31 11:28:46,783 [ERROR] Middleware:2950 - Invalid RefComponent list
2026-07-31 11:28:46,783 [ERROR] Middleware:2950 - Invalid RefComponent list
2026-07-31 11:28:46,783 [ERROR] Middleware:2950 - Invalid RefComponent list
2026-07-31 11:28:46,783 [ERROR] Middleware:2950 - Invalid RefComponent list
2026-07-31 11:28:46,783 [ERROR] Middleware:2950 - Invalid RefComponent list
2026-07-31 11:28:46,783 [ERROR] Middleware:2950 - Invalid RefComponent list
2026-07-31 11:28:46,783 [ERROR] Middleware:2950 - Invalid RefComponent list
2026-07-31 11:28:46,783 [ERROR] Middleware:2950 - Invalid RefComponent list
2026-07-31 11:28:46,784 [ERROR] Middleware:2950 - Invalid RefComponent list
2026-07-31 11:28:46,784 [ERROR] Middleware:2950 - Invalid RefComponent list
2026-07-31 11:28:46,784 [ERROR] Middleware:2950 - Invalid RefComponent list
2026-07-31 11:28:46,785 [INFO] ProjectBuilder:5216 - Project Generator version: 4.7.0-B52
2026-07-31 11:28:46,822 [INFO] ConfigFileManager:1595 - The Die is : DIE470
2026-07-31 11:28:47,222 [INFO] ProjectBuilder:5496 - Time for Generating toolchain IDE Files: 437mS.
2026-07-31 11:28:47,222 [INFO] ProjectBuilder:3463 - Time for Copy CMSIS : 0mS.
2026-07-31 11:28:47,224 [INFO] ProjectBuilder:3463 - Time for Copy CMSIS : 1mS.
2026-07-31 11:42:16,407 [INFO] UtilMem:75 - End SaveConfig() Used Memory: 961138936 Bytes (1073741824)
2026-07-31 11:42:17,649 [INFO] UtilMem:75 - End SaveConfig() Used Memory: 843070600 Bytes (1073741824)
2026-07-31 11:42:17,759 [INFO] UtilMem:75 - End SaveConfig() Used Memory: 936393864 Bytes (1073741824)
2026-07-31 11:42:17,879 [INFO] BlockDiagram:2775 - set Specific Code input for plugin: SYS
2026-07-31 11:42:17,879 [INFO] BlockDiagram:2775 - set Specific Code input for plugin: RCC
2026-07-31 11:42:17,879 [INFO] BlockDiagram:2775 - set Specific Code input for plugin: I2C
2026-07-31 11:42:17,879 [INFO] BlockDiagram:2775 - set Specific Code input for plugin: NVIC
2026-07-31 11:42:17,879 [INFO] BlockDiagram:2775 - set Specific Code input for plugin: USART
2026-07-31 11:42:17,879 [INFO] BlockDiagram:2775 - set Specific Code input for plugin: STMicroelectronics.X-CUBE-AI.10.2.1
2026-07-31 11:42:17,879 [INFO] BlockDiagram:2775 - set Specific Code input for plugin: GPIO
2026-07-31 11:42:17,880 [INFO] CodeGenerator:892 - code generatio: config db path: C:\ST\STM32CubeIDE_1.19.0\STM32CubeIDE\plugins\com.st.stm32cube.common.mx_6.15.0.202507011659\\db\
2026-07-31 11:42:17,920 [INFO] IP:3329 - RTE Config file name : RTE_Component
2026-07-31 11:42:17,920 [INFO] IP:3347 - RTE template : RTE_Components.ftl
2026-07-31 11:42:17,925 [INFO] CodeEngine:265 - oldGeneratedFile, D:\RKS_TinyML_Workspace\TinyML_Workshop_Nitte\STM32\DL_Inference\MXTmpFiles\license.tmp_save
2026-07-31 11:42:17,999 [INFO] CodeEngine:289 - Generated code: D:\RKS_TinyML_Workspace\TinyML_Workshop_Nitte\STM32\DL_Inference\MXTmpFiles\license.tmp
2026-07-31 11:42:18,015 [INFO] CodeEngine:265 - oldGeneratedFile, D:\RKS_TinyML_Workspace\TinyML_Workshop_Nitte\STM32\DL_Inference\MXTmpFiles\gpio.tmp_save
2026-07-31 11:42:18,049 [INFO] CodeEngine:289 - Generated code: D:\RKS_TinyML_Workspace\TinyML_Workshop_Nitte\STM32\DL_Inference\MXTmpFiles\gpio.tmp
2026-07-31 11:42:18,115 [INFO] Middleware:1452 - No code input for Bsp Dependency
2026-07-31 11:42:18,117 [INFO] Middleware:1452 - No code input for Bsp Dependency
2026-07-31 11:42:18,126 [INFO] CodeEngine:265 - oldGeneratedFile, D:\RKS_TinyML_Workspace\TinyML_Workshop_Nitte\STM32\DL_Inference\Core\Src\stm32l4xx_it.c_save
2026-07-31 11:42:18,219 [INFO] CodeEngine:289 - Generated code: D:\RKS_TinyML_Workspace\TinyML_Workshop_Nitte\STM32\DL_Inference\Core\Src\stm32l4xx_it.c
2026-07-31 11:42:18,222 [INFO] CodeEngine:265 - oldGeneratedFile, D:\RKS_TinyML_Workspace\TinyML_Workshop_Nitte\STM32\DL_Inference\Core\Inc\stm32l4xx_it.h_save
2026-07-31 11:42:18,255 [INFO] CodeEngine:289 - Generated code: D:\RKS_TinyML_Workspace\TinyML_Workshop_Nitte\STM32\DL_Inference\Core\Inc\stm32l4xx_it.h
2026-07-31 11:42:18,261 [INFO] CodeEngine:265 - oldGeneratedFile, D:\RKS_TinyML_Workspace\TinyML_Workshop_Nitte\STM32\DL_Inference\Core\Src\stm32l4xx_hal_msp.c_save
2026-07-31 11:42:18,336 [INFO] CodeEngine:289 - Generated code: D:\RKS_TinyML_Workspace\TinyML_Workshop_Nitte\STM32\DL_Inference\Core\Src\stm32l4xx_hal_msp.c
2026-07-31 11:42:18,338 [INFO] CodeEngine:265 - oldGeneratedFile, D:\RKS_TinyML_Workspace\TinyML_Workshop_Nitte\STM32\DL_Inference\MXTmpFiles\system.tmp_save
2026-07-31 11:42:18,371 [INFO] CodeEngine:289 - Generated code: D:\RKS_TinyML_Workspace\TinyML_Workshop_Nitte\STM32\DL_Inference\MXTmpFiles\system.tmp
2026-07-31 11:42:18,376 [INFO] CodeEngine:321 - oldGeneratedFile, D:\RKS_TinyML_Workspace\TinyML_Workshop_Nitte\STM32\DL_Inference\Core\Inc\stm32l4xx_hal_conf.h_save
2026-07-31 11:42:18,411 [INFO] CodeEngine:345 - Generated code: D:\RKS_TinyML_Workspace\TinyML_Workshop_Nitte\STM32\DL_Inference\Core\Inc\stm32l4xx_hal_conf.h
2026-07-31 11:42:18,427 [INFO] CodeEngine:265 - oldGeneratedFile, D:\RKS_TinyML_Workspace\TinyML_Workshop_Nitte\STM32\DL_Inference\Core\Inc\main.h_save
2026-07-31 11:42:18,477 [INFO] CodeEngine:289 - Generated code: D:\RKS_TinyML_Workspace\TinyML_Workshop_Nitte\STM32\DL_Inference\Core\Inc\main.h
2026-07-31 11:42:18,480 [INFO] CodeEngine:265 - oldGeneratedFile, D:\RKS_TinyML_Workspace\TinyML_Workshop_Nitte\STM32\DL_Inference\Core\Src\main.c_save
2026-07-31 11:42:18,532 [INFO] CodeEngine:289 - Generated code: D:\RKS_TinyML_Workspace\TinyML_Workshop_Nitte\STM32\DL_Inference\Core\Src\main.c
2026-07-31 11:42:18,682 [INFO] AInterface:322 - ModelName:network; files:[D:\RKS_TinyML_Workspace\TinyML_Workshop_Nitte\ONNX\mlp_model.onnx]; type:ONNX; compression:None
2026-07-31 11:42:18,682 [INFO] AInterface:526 - workspaceTempDir: C:/Users/ADMIN/AppData/Local/Temp/mxAI_workspace1046384820896830015543307058450471789
2026-07-31 11:42:18,682 [INFO] AInterface:1179 - Setting Env: C:/Users/ADMIN/STM32Cube/Repository//Packs/STMicroelectronics/X-CUBE-AI/10.2.1/Utilities/windows
2026-07-31 11:42:18,697 [INFO] STM32CubeIDEBuilder:265 - Looking for gnu-tools-for-stm32 tools/bin/arm-none-eabi-gcc.exe in C:\ST\STM32CubeIDE_1.19.0\STM32CubeIDE
2026-07-31 11:42:18,699 [INFO] STM32CubeIDEBuilder:294 - checking C:\ST\STM32CubeIDE_1.19.0\STM32CubeIDE\plugins\com.st.stm32cube.ide.mcu.externaltools.gnu-tools-for-stm32.13.3.rel1.win32_1.0.0.202411081344\tools\bin\arm-none-eabi-gcc.exe
2026-07-31 11:42:18,700 [INFO] STM32CubeIDEBuilder:297 - ret=C:\ST\STM32CubeIDE_1.19.0\STM32CubeIDE\plugins\com.st.stm32cube.ide.mcu.externaltools.gnu-tools-for-stm32.13.3.rel1.win32_1.0.0.202411081344\tools\bin\arm-none-eabi-gcc.exe
2026-07-31 11:42:18,700 [INFO] STM32CubeIDEBuilder:311 - returning C:\ST\STM32CubeIDE_1.19.0\STM32CubeIDE\plugins\com.st.stm32cube.ide.mcu.externaltools.gnu-tools-for-stm32.13.3.rel1.win32_1.0.0.202411081344\tools\bin\arm-none-eabi-gcc.exe
2026-07-31 11:42:18,700 [INFO] AInterface:1236 - Custom PATH variable: C:/Users/ADMIN/STM32Cube/Repository//Packs/STMicroelectronics/X-CUBE-AI/10.2.1/Utilities/windows;C:/Users/ADMIN/STM32Cube/Repository//Packs/STMicroelectronics/X-CUBE-AI/10.2.1/Utilities/windows/mingw64/bin;C:/Users/ADMIN/STM32Cube/Repository//Packs/STMicroelectronics/X-CUBE-AI/10.2.1/Utilities/windows/mingw64/libexec/gcc/x86_64-w64-mingw32/7.3.0;;C:\ST\STM32CubeIDE_1.19.0\STM32CubeIDE\plugins\com.st.stm32cube.ide.mcu.externaltools.gnu-tools-for-stm32.13.3.rel1.win32_1.0.0.202411081344\tools\bin
2026-07-31 11:42:18,701 [INFO] CmdLine:115 - Command: C:/Users/ADMIN/STM32Cube/Repository//Packs/STMicroelectronics/X-CUBE-AI/10.2.1/Utilities/windows/stedgeai.exe generate --target stm32l4 --name network -m D:/RKS_TinyML_Workspace/TinyML_Workshop_Nitte/ONNX/mlp_model.onnx --compression none --verbosity 1 --workspace C:/Users/ADMIN/AppData/Local/Temp/mxAI_workspace1046384820896830015543307058450471789 --output C:/Users/ADMIN/.stm32cubemx/network_output
2026-07-31 11:42:18,701 [INFO] AIModelDetailledView:2264 - Analysis status: pending
2026-07-31 11:42:19,059 [INFO] CmdLine:76 - ST Edge AI Core v2.2.0-20266 2adc00962
2026-07-31 11:42:22,982 [INFO] CmdLine:76 - Creating c (debug) info json file C:\Users\ADMIN\.stm32cubemx\network_output\network_c_info.json
2026-07-31 11:42:23,016 [INFO] CmdLine:76 -  
2026-07-31 11:42:23,016 [INFO] CmdLine:76 -  Exec/report summary (generate)
2026-07-31 11:42:23,016 [INFO] CmdLine:76 -  ---------------------------------------------------------------------------------------------------------------
2026-07-31 11:42:23,016 [INFO] CmdLine:76 -  model file         :   D:\RKS_TinyML_Workspace\TinyML_Workshop_Nitte\ONNX\mlp_model.onnx                       
2026-07-31 11:42:23,016 [INFO] CmdLine:76 -  type               :   onnx                                                                                    
2026-07-31 11:42:23,016 [INFO] CmdLine:76 -  c_name             :   network                                                                                 
2026-07-31 11:42:23,016 [INFO] CmdLine:76 -  compression        :   none                                                                                    
2026-07-31 11:42:23,016 [INFO] CmdLine:76 -  options            :   allocate-inputs, allocate-outputs                                                       
2026-07-31 11:42:23,016 [INFO] CmdLine:76 -  optimization       :   balanced                                                                                
2026-07-31 11:42:23,016 [INFO] CmdLine:76 -  target/series      :   stm32l4                                                                                 
2026-07-31 11:42:23,016 [INFO] CmdLine:76 -  workspace dir      :   C:\Users\ADMIN\AppData\Local\Temp\mxAI_workspace1046384820896830015543307058450471789   
2026-07-31 11:42:23,016 [INFO] CmdLine:76 -  output dir         :   C:\Users\ADMIN\.stm32cubemx\network_output                                              
2026-07-31 11:42:23,016 [INFO] CmdLine:76 -  model_fmt          :   float                                                                                   
2026-07-31 11:42:23,016 [INFO] CmdLine:76 -  model_name         :   mlp_model                                                                               
2026-07-31 11:42:23,016 [INFO] CmdLine:76 -  model_hash         :   0x9730d768958be9e4562e5107bd0a979c                                                      
2026-07-31 11:42:23,016 [INFO] CmdLine:76 -  params #           :   2,693 items (10.52 KiB)                                                                 
2026-07-31 11:42:23,016 [INFO] CmdLine:76 -  ---------------------------------------------------------------------------------------------------------------
2026-07-31 11:42:23,016 [INFO] CmdLine:76 -  input 1/1          :   'input', f32(1x6), 24 Bytes, activations                                                
2026-07-31 11:42:23,016 [INFO] CmdLine:76 -  output 1/1         :   'output', f32(1x5), 20 Bytes, activations                                               
2026-07-31 11:42:23,016 [INFO] CmdLine:76 -  macc               :   2,789                                                                                   
2026-07-31 11:42:23,016 [INFO] CmdLine:76 -  weights (ro)       :   10,772 B (10.52 KiB) (1 segment)                                                        
2026-07-31 11:42:23,016 [INFO] CmdLine:76 -  activations (rw)   :   384 B (384 B) (1 segment) *                                                             
2026-07-31 11:42:23,016 [INFO] CmdLine:76 -  ram (total)        :   384 B (384 B) = 384 + 0 + 0                                                             
2026-07-31 11:42:23,016 [INFO] CmdLine:76 -  ---------------------------------------------------------------------------------------------------------------
2026-07-31 11:42:23,016 [INFO] CmdLine:76 -  (*) 'input'/'output' buffers are allocated in the activations buffer
2026-07-31 11:42:23,016 [INFO] CmdLine:76 - Computing AI RT data/code size (target=stm32l4)..
2026-07-31 11:42:23,730 [INFO] CmdLine:76 -  Requested memory size by section - "stm32l4" target
2026-07-31 11:42:23,731 [INFO] CmdLine:76 -  ------------------------------ ------- -------- ------- -----
2026-07-31 11:42:23,731 [INFO] CmdLine:76 -  module                            text   rodata    data   bss
2026-07-31 11:42:23,731 [INFO] CmdLine:76 -  ------------------------------ ------- -------- ------- -----
2026-07-31 11:42:23,731 [INFO] CmdLine:76 -  NetworkRuntime1020_CM4_GCC.a     6,452        0       0     0
2026-07-31 11:42:23,731 [INFO] CmdLine:76 -  network.o                          528       40   1,584   140
2026-07-31 11:42:23,731 [INFO] CmdLine:76 -  network_data.o                      48       16      88     0
2026-07-31 11:42:23,731 [INFO] CmdLine:76 -  lib (toolchain)*                     0        0       0     0
2026-07-31 11:42:23,731 [INFO] CmdLine:76 -  ------------------------------ ------- -------- ------- -----
2026-07-31 11:42:23,731 [INFO] CmdLine:76 -  RT total**                       7,028       56   1,672   140
2026-07-31 11:42:23,731 [INFO] CmdLine:76 -  ------------------------------ ------- -------- ------- -----
2026-07-31 11:42:23,731 [INFO] CmdLine:76 -  weights                              0   10,776       0     0
2026-07-31 11:42:23,731 [INFO] CmdLine:76 -  activations                          0        0       0   384
2026-07-31 11:42:23,731 [INFO] CmdLine:76 -  io                                   0        0       0     0
2026-07-31 11:42:23,731 [INFO] CmdLine:76 -  ------------------------------ ------- -------- ------- -----
2026-07-31 11:42:23,731 [INFO] CmdLine:76 -  TOTAL                            7,028   10,832   1,672   524
2026-07-31 11:42:23,732 [INFO] CmdLine:76 -  ------------------------------ ------- -------- ------- -----
2026-07-31 11:42:23,732 [INFO] CmdLine:76 -  *  toolchain objects (libm/libgcc*)
2026-07-31 11:42:23,732 [INFO] CmdLine:76 -  ** RT AI runtime objects (kernels+infrastructure)
2026-07-31 11:42:23,732 [INFO] CmdLine:76 -   Summary - "stm32l4" target
2026-07-31 11:42:23,732 [INFO] CmdLine:76 -   ---------------------------------------------------
2026-07-31 11:42:23,732 [INFO] CmdLine:76 -                FLASH (ro)      %*   RAM (rw)       %
2026-07-31 11:42:23,732 [INFO] CmdLine:76 -   ---------------------------------------------------
2026-07-31 11:42:23,732 [INFO] CmdLine:76 -   RT total          8,756   44.8%      1,812   82.5%
2026-07-31 11:42:23,732 [INFO] CmdLine:76 -   ---------------------------------------------------
2026-07-31 11:42:23,732 [INFO] CmdLine:76 -   TOTAL            19,532              2,196
2026-07-31 11:42:23,732 [INFO] CmdLine:76 -   ---------------------------------------------------
2026-07-31 11:42:23,732 [INFO] CmdLine:76 -   *  rt/total
2026-07-31 11:42:23,732 [INFO] CmdLine:76 -  Generated files (7)
2026-07-31 11:42:23,733 [INFO] CmdLine:76 -  ------------------------------------------------------------------
2026-07-31 11:42:23,733 [INFO] CmdLine:76 -  C:\Users\ADMIN\.stm32cubemx\network_output\network_data_params.h
2026-07-31 11:42:23,733 [INFO] CmdLine:76 -  C:\Users\ADMIN\.stm32cubemx\network_output\network_data_params.c
2026-07-31 11:42:23,733 [INFO] CmdLine:76 -  C:\Users\ADMIN\.stm32cubemx\network_output\network_data.h
2026-07-31 11:42:23,733 [INFO] CmdLine:76 -  C:\Users\ADMIN\.stm32cubemx\network_output\network_data.c
2026-07-31 11:42:23,733 [INFO] CmdLine:76 -  C:\Users\ADMIN\.stm32cubemx\network_output\network_config.h
2026-07-31 11:42:23,733 [INFO] CmdLine:76 -  C:\Users\ADMIN\.stm32cubemx\network_output\network.h
2026-07-31 11:42:23,733 [INFO] CmdLine:76 -  C:\Users\ADMIN\.stm32cubemx\network_output\network.c
2026-07-31 11:42:23,733 [INFO] CmdLine:76 - Creating txt report file C:\Users\ADMIN\.stm32cubemx\network_output\network_generate_report.txt
2026-07-31 11:42:34,534 [INFO] CmdLine:76 - elapsed time (generate): 15.474s
2026-07-31 11:42:34,904 [INFO] CmdLine:148 - stedgeai exit with status: 0
2026-07-31 11:42:34,910 [INFO] AIModelDetailledView:2264 - Analysis status: done
2026-07-31 11:42:35,103 [INFO] ProjectBuilder:3606 - Time for Copy HAL[1] : 66mS.
2026-07-31 11:42:35,104 [ERROR] Middleware:2950 - Invalid RefComponent list
2026-07-31 11:42:35,104 [ERROR] Middleware:2950 - Invalid RefComponent list
2026-07-31 11:42:35,104 [ERROR] Middleware:2950 - Invalid RefComponent list
2026-07-31 11:42:35,104 [ERROR] Middleware:2950 - Invalid RefComponent list
2026-07-31 11:42:35,104 [ERROR] Middleware:2950 - Invalid RefComponent list
2026-07-31 11:42:35,104 [ERROR] Middleware:2950 - Invalid RefComponent list
2026-07-31 11:42:35,104 [ERROR] Middleware:2950 - Invalid RefComponent list
2026-07-31 11:42:35,104 [ERROR] Middleware:2950 - Invalid RefComponent list
2026-07-31 11:42:35,104 [ERROR] Middleware:2950 - Invalid RefComponent list
2026-07-31 11:42:35,104 [ERROR] Middleware:2950 - Invalid RefComponent list
2026-07-31 11:42:35,104 [ERROR] Middleware:2950 - Invalid RefComponent list
2026-07-31 11:42:35,104 [ERROR] Middleware:2950 - Invalid RefComponent list
2026-07-31 11:42:35,104 [ERROR] Middleware:2950 - Invalid RefComponent list
2026-07-31 11:42:35,104 [ERROR] Middleware:2950 - Invalid RefComponent list
2026-07-31 11:42:35,104 [ERROR] Middleware:2950 - Invalid RefComponent list
2026-07-31 11:42:35,104 [ERROR] Middleware:2950 - Invalid RefComponent list
2026-07-31 11:42:35,104 [ERROR] Middleware:2950 - Invalid RefComponent list
2026-07-31 11:42:35,104 [ERROR] Middleware:2950 - Invalid RefComponent list
2026-07-31 11:42:35,104 [ERROR] Middleware:2950 - Invalid RefComponent list
2026-07-31 11:42:35,104 [ERROR] Middleware:2950 - Invalid RefComponent list
2026-07-31 11:42:35,104 [ERROR] Middleware:2950 - Invalid RefComponent list
2026-07-31 11:42:35,104 [ERROR] Middleware:2950 - Invalid RefComponent list
2026-07-31 11:42:35,104 [ERROR] Middleware:2950 - Invalid RefComponent list
2026-07-31 11:42:35,104 [ERROR] Middleware:2950 - Invalid RefComponent list
2026-07-31 11:42:35,104 [ERROR] Middleware:2950 - Invalid RefComponent list
2026-07-31 11:42:35,104 [ERROR] Middleware:2950 - Invalid RefComponent list
2026-07-31 11:42:35,104 [ERROR] Middleware:2950 - Invalid RefComponent list
2026-07-31 11:42:35,104 [ERROR] Middleware:2950 - Invalid RefComponent list
2026-07-31 11:42:35,104 [ERROR] Middleware:2950 - Invalid RefComponent list
2026-07-31 11:42:35,104 [ERROR] Middleware:2950 - Invalid RefComponent list
2026-07-31 11:42:35,104 [ERROR] Middleware:2950 - Invalid RefComponent list
2026-07-31 11:42:35,104 [ERROR] Middleware:2950 - Invalid RefComponent list
2026-07-31 11:42:35,104 [ERROR] Middleware:2950 - Invalid RefComponent list
2026-07-31 11:42:35,104 [ERROR] Middleware:2950 - Invalid RefComponent list
2026-07-31 11:42:35,104 [ERROR] Middleware:2950 - Invalid RefComponent list
2026-07-31 11:42:35,104 [ERROR] Middleware:2950 - Invalid RefComponent list
2026-07-31 11:42:35,104 [ERROR] Middleware:2950 - Invalid RefComponent list
2026-07-31 11:42:35,104 [ERROR] Middleware:2950 - Invalid RefComponent list
2026-07-31 11:42:35,104 [ERROR] Middleware:2950 - Invalid RefComponent list
2026-07-31 11:42:35,104 [ERROR] Middleware:2950 - Invalid RefComponent list
2026-07-31 11:42:35,104 [ERROR] Middleware:2950 - Invalid RefComponent list
2026-07-31 11:42:35,104 [ERROR] Middleware:2950 - Invalid RefComponent list
2026-07-31 11:42:35,104 [ERROR] Middleware:2950 - Invalid RefComponent list
2026-07-31 11:42:35,104 [ERROR] Middleware:2950 - Invalid RefComponent list
2026-07-31 11:42:35,104 [ERROR] Middleware:2950 - Invalid RefComponent list
2026-07-31 11:42:35,104 [ERROR] Middleware:2950 - Invalid RefComponent list
2026-07-31 11:42:35,104 [ERROR] Middleware:2950 - Invalid RefComponent list
2026-07-31 11:42:35,104 [ERROR] Middleware:2950 - Invalid RefComponent list
2026-07-31 11:42:35,104 [ERROR] Middleware:2950 - Invalid RefComponent list
2026-07-31 11:42:35,104 [ERROR] Middleware:2950 - Invalid RefComponent list
2026-07-31 11:42:35,106 [INFO] ProjectBuilder:5216 - Project Generator version: 4.7.0-B52
2026-07-31 11:42:35,145 [INFO] ConfigFileManager:1595 - The Die is : DIE470
2026-07-31 11:42:35,693 [INFO] ProjectBuilder:5496 - Time for Generating toolchain IDE Files: 587mS.
2026-07-31 11:42:35,694 [INFO] ProjectBuilder:3463 - Time for Copy CMSIS : 0mS.
2026-07-31 11:42:35,697 [INFO] ProjectBuilder:3463 - Time for Copy CMSIS : 0mS.
2026-07-31 11:42:35,939 [INFO] UtilMem:75 - End SaveConfig() Used Memory: 866527592 Bytes (1073741824)
2026-07-31 11:42:38,981 [INFO] UtilMem:75 - End SaveConfig() Used Memory: 816178952 Bytes (1073741824)
2026-07-31 11:42:39,085 [INFO] UtilMem:75 - End SaveConfig() Used Memory: 861267720 Bytes (1073741824)
2026-07-31 11:42:39,165 [INFO] BlockDiagram:2775 - set Specific Code input for plugin: SYS
2026-07-31 11:42:39,165 [INFO] BlockDiagram:2775 - set Specific Code input for plugin: RCC
2026-07-31 11:42:39,165 [INFO] BlockDiagram:2775 - set Specific Code input for plugin: I2C
2026-07-31 11:42:39,165 [INFO] BlockDiagram:2775 - set Specific Code input for plugin: NVIC
2026-07-31 11:42:39,165 [INFO] BlockDiagram:2775 - set Specific Code input for plugin: USART
2026-07-31 11:42:39,165 [INFO] BlockDiagram:2775 - set Specific Code input for plugin: STMicroelectronics.X-CUBE-AI.10.2.1
2026-07-31 11:42:39,165 [INFO] BlockDiagram:2775 - set Specific Code input for plugin: GPIO
2026-07-31 11:42:39,165 [INFO] CodeGenerator:892 - code generatio: config db path: C:\ST\STM32CubeIDE_1.19.0\STM32CubeIDE\plugins\com.st.stm32cube.common.mx_6.15.0.202507011659\\db\
2026-07-31 11:42:39,222 [INFO] IP:3329 - RTE Config file name : RTE_Component
2026-07-31 11:42:39,222 [INFO] IP:3347 - RTE template : RTE_Components.ftl
2026-07-31 11:42:39,226 [INFO] CodeEngine:265 - oldGeneratedFile, D:\RKS_TinyML_Workspace\TinyML_Workshop_Nitte\STM32\DL_Inference\MXTmpFiles\license.tmp_save
2026-07-31 11:42:39,259 [INFO] CodeEngine:289 - Generated code: D:\RKS_TinyML_Workspace\TinyML_Workshop_Nitte\STM32\DL_Inference\MXTmpFiles\license.tmp
2026-07-31 11:42:39,265 [INFO] CodeEngine:265 - oldGeneratedFile, D:\RKS_TinyML_Workspace\TinyML_Workshop_Nitte\STM32\DL_Inference\MXTmpFiles\gpio.tmp_save
2026-07-31 11:42:39,303 [INFO] CodeEngine:289 - Generated code: D:\RKS_TinyML_Workspace\TinyML_Workshop_Nitte\STM32\DL_Inference\MXTmpFiles\gpio.tmp
2026-07-31 11:42:39,346 [INFO] Middleware:1452 - No code input for Bsp Dependency
2026-07-31 11:42:39,347 [INFO] Middleware:1452 - No code input for Bsp Dependency
2026-07-31 11:42:39,352 [INFO] CodeEngine:265 - oldGeneratedFile, D:\RKS_TinyML_Workspace\TinyML_Workshop_Nitte\STM32\DL_Inference\Core\Src\stm32l4xx_it.c_save
2026-07-31 11:42:39,389 [INFO] CodeEngine:289 - Generated code: D:\RKS_TinyML_Workspace\TinyML_Workshop_Nitte\STM32\DL_Inference\Core\Src\stm32l4xx_it.c
2026-07-31 11:42:39,392 [INFO] CodeEngine:265 - oldGeneratedFile, D:\RKS_TinyML_Workspace\TinyML_Workshop_Nitte\STM32\DL_Inference\Core\Inc\stm32l4xx_it.h_save
2026-07-31 11:42:39,422 [INFO] CodeEngine:289 - Generated code: D:\RKS_TinyML_Workspace\TinyML_Workshop_Nitte\STM32\DL_Inference\Core\Inc\stm32l4xx_it.h
2026-07-31 11:42:39,428 [INFO] CodeEngine:265 - oldGeneratedFile, D:\RKS_TinyML_Workspace\TinyML_Workshop_Nitte\STM32\DL_Inference\Core\Src\stm32l4xx_hal_msp.c_save
2026-07-31 11:42:39,474 [INFO] CodeEngine:289 - Generated code: D:\RKS_TinyML_Workspace\TinyML_Workshop_Nitte\STM32\DL_Inference\Core\Src\stm32l4xx_hal_msp.c
2026-07-31 11:42:39,476 [INFO] CodeEngine:265 - oldGeneratedFile, D:\RKS_TinyML_Workspace\TinyML_Workshop_Nitte\STM32\DL_Inference\MXTmpFiles\system.tmp_save
2026-07-31 11:42:39,504 [INFO] CodeEngine:289 - Generated code: D:\RKS_TinyML_Workspace\TinyML_Workshop_Nitte\STM32\DL_Inference\MXTmpFiles\system.tmp
2026-07-31 11:42:39,509 [INFO] CodeEngine:321 - oldGeneratedFile, D:\RKS_TinyML_Workspace\TinyML_Workshop_Nitte\STM32\DL_Inference\Core\Inc\stm32l4xx_hal_conf.h_save
2026-07-31 11:42:39,544 [INFO] CodeEngine:345 - Generated code: D:\RKS_TinyML_Workspace\TinyML_Workshop_Nitte\STM32\DL_Inference\Core\Inc\stm32l4xx_hal_conf.h
2026-07-31 11:42:39,554 [INFO] CodeEngine:265 - oldGeneratedFile, D:\RKS_TinyML_Workspace\TinyML_Workshop_Nitte\STM32\DL_Inference\Core\Inc\main.h_save
2026-07-31 11:42:39,592 [INFO] CodeEngine:289 - Generated code: D:\RKS_TinyML_Workspace\TinyML_Workshop_Nitte\STM32\DL_Inference\Core\Inc\main.h
2026-07-31 11:42:39,594 [INFO] CodeEngine:265 - oldGeneratedFile, D:\RKS_TinyML_Workspace\TinyML_Workshop_Nitte\STM32\DL_Inference\Core\Src\main.c_save
2026-07-31 11:42:39,645 [INFO] CodeEngine:289 - Generated code: D:\RKS_TinyML_Workspace\TinyML_Workshop_Nitte\STM32\DL_Inference\Core\Src\main.c
2026-07-31 11:42:39,832 [INFO] AInterface:322 - ModelName:network; files:[D:\RKS_TinyML_Workspace\TinyML_Workshop_Nitte\ONNX\mlp_model.onnx]; type:ONNX; compression:None
2026-07-31 11:42:39,832 [INFO] AInterface:526 - workspaceTempDir: C:/Users/ADMIN/AppData/Local/Temp/mxAI_workspace1046386934600120012570638752885203922
2026-07-31 11:42:39,833 [INFO] AInterface:1179 - Setting Env: C:/Users/ADMIN/STM32Cube/Repository//Packs/STMicroelectronics/X-CUBE-AI/10.2.1/Utilities/windows
2026-07-31 11:42:39,834 [INFO] STM32CubeIDEBuilder:265 - Looking for gnu-tools-for-stm32 tools/bin/arm-none-eabi-gcc.exe in C:\ST\STM32CubeIDE_1.19.0\STM32CubeIDE
2026-07-31 11:42:39,835 [INFO] STM32CubeIDEBuilder:294 - checking C:\ST\STM32CubeIDE_1.19.0\STM32CubeIDE\plugins\com.st.stm32cube.ide.mcu.externaltools.gnu-tools-for-stm32.13.3.rel1.win32_1.0.0.202411081344\tools\bin\arm-none-eabi-gcc.exe
2026-07-31 11:42:39,836 [INFO] STM32CubeIDEBuilder:297 - ret=C:\ST\STM32CubeIDE_1.19.0\STM32CubeIDE\plugins\com.st.stm32cube.ide.mcu.externaltools.gnu-tools-for-stm32.13.3.rel1.win32_1.0.0.202411081344\tools\bin\arm-none-eabi-gcc.exe
2026-07-31 11:42:39,836 [INFO] STM32CubeIDEBuilder:311 - returning C:\ST\STM32CubeIDE_1.19.0\STM32CubeIDE\plugins\com.st.stm32cube.ide.mcu.externaltools.gnu-tools-for-stm32.13.3.rel1.win32_1.0.0.202411081344\tools\bin\arm-none-eabi-gcc.exe
2026-07-31 11:42:39,836 [INFO] AInterface:1236 - Custom PATH variable: C:/Users/ADMIN/STM32Cube/Repository//Packs/STMicroelectronics/X-CUBE-AI/10.2.1/Utilities/windows;C:/Users/ADMIN/STM32Cube/Repository//Packs/STMicroelectronics/X-CUBE-AI/10.2.1/Utilities/windows/mingw64/bin;C:/Users/ADMIN/STM32Cube/Repository//Packs/STMicroelectronics/X-CUBE-AI/10.2.1/Utilities/windows/mingw64/libexec/gcc/x86_64-w64-mingw32/7.3.0;;C:\ST\STM32CubeIDE_1.19.0\STM32CubeIDE\plugins\com.st.stm32cube.ide.mcu.externaltools.gnu-tools-for-stm32.13.3.rel1.win32_1.0.0.202411081344\tools\bin
2026-07-31 11:42:39,836 [INFO] CmdLine:115 - Command: C:/Users/ADMIN/STM32Cube/Repository//Packs/STMicroelectronics/X-CUBE-AI/10.2.1/Utilities/windows/stedgeai.exe generate --target stm32l4 --name network -m D:/RKS_TinyML_Workspace/TinyML_Workshop_Nitte/ONNX/mlp_model.onnx --compression none --verbosity 1 --workspace C:/Users/ADMIN/AppData/Local/Temp/mxAI_workspace1046386934600120012570638752885203922 --output C:/Users/ADMIN/.stm32cubemx/network_output
2026-07-31 11:42:39,837 [INFO] AIModelDetailledView:2264 - Analysis status: pending
2026-07-31 11:42:40,187 [INFO] CmdLine:76 - ST Edge AI Core v2.2.0-20266 2adc00962
2026-07-31 11:42:44,100 [INFO] CmdLine:76 - Creating c (debug) info json file C:\Users\ADMIN\.stm32cubemx\network_output\network_c_info.json
2026-07-31 11:42:44,110 [INFO] CmdLine:76 -  
2026-07-31 11:42:44,110 [INFO] CmdLine:76 -  Exec/report summary (generate)
2026-07-31 11:42:44,110 [INFO] CmdLine:76 -  ---------------------------------------------------------------------------------------------------------------
2026-07-31 11:42:44,110 [INFO] CmdLine:76 -  model file         :   D:\RKS_TinyML_Workspace\TinyML_Workshop_Nitte\ONNX\mlp_model.onnx                       
2026-07-31 11:42:44,110 [INFO] CmdLine:76 -  type               :   onnx                                                                                    
2026-07-31 11:42:44,110 [INFO] CmdLine:76 -  c_name             :   network                                                                                 
2026-07-31 11:42:44,110 [INFO] CmdLine:76 -  compression        :   none                                                                                    
2026-07-31 11:42:44,110 [INFO] CmdLine:76 -  options            :   allocate-inputs, allocate-outputs                                                       
2026-07-31 11:42:44,110 [INFO] CmdLine:76 -  optimization       :   balanced                                                                                
2026-07-31 11:42:44,110 [INFO] CmdLine:76 -  target/series      :   stm32l4                                                                                 
2026-07-31 11:42:44,110 [INFO] CmdLine:76 -  workspace dir      :   C:\Users\ADMIN\AppData\Local\Temp\mxAI_workspace1046386934600120012570638752885203922   
2026-07-31 11:42:44,110 [INFO] CmdLine:76 -  output dir         :   C:\Users\ADMIN\.stm32cubemx\network_output                                              
2026-07-31 11:42:44,110 [INFO] CmdLine:76 -  model_fmt          :   float                                                                                   
2026-07-31 11:42:44,110 [INFO] CmdLine:76 -  model_name         :   mlp_model                                                                               
2026-07-31 11:42:44,110 [INFO] CmdLine:76 -  model_hash         :   0x9730d768958be9e4562e5107bd0a979c                                                      
2026-07-31 11:42:44,110 [INFO] CmdLine:76 -  params #           :   2,693 items (10.52 KiB)                                                                 
2026-07-31 11:42:44,110 [INFO] CmdLine:76 -  ---------------------------------------------------------------------------------------------------------------
2026-07-31 11:42:44,110 [INFO] CmdLine:76 -  input 1/1          :   'input', f32(1x6), 24 Bytes, activations                                                
2026-07-31 11:42:44,110 [INFO] CmdLine:76 -  output 1/1         :   'output', f32(1x5), 20 Bytes, activations                                               
2026-07-31 11:42:44,110 [INFO] CmdLine:76 -  macc               :   2,789                                                                                   
2026-07-31 11:42:44,110 [INFO] CmdLine:76 -  weights (ro)       :   10,772 B (10.52 KiB) (1 segment)                                                        
2026-07-31 11:42:44,110 [INFO] CmdLine:76 -  activations (rw)   :   384 B (384 B) (1 segment) *                                                             
2026-07-31 11:42:44,110 [INFO] CmdLine:76 -  ram (total)        :   384 B (384 B) = 384 + 0 + 0                                                             
2026-07-31 11:42:44,111 [INFO] CmdLine:76 -  ---------------------------------------------------------------------------------------------------------------
2026-07-31 11:42:44,111 [INFO] CmdLine:76 -  (*) 'input'/'output' buffers are allocated in the activations buffer
2026-07-31 11:42:44,112 [INFO] CmdLine:76 - Computing AI RT data/code size (target=stm32l4)..
2026-07-31 11:42:44,782 [INFO] CmdLine:76 -  Requested memory size by section - "stm32l4" target
2026-07-31 11:42:44,782 [INFO] CmdLine:76 -  ------------------------------ ------- -------- ------- -----
2026-07-31 11:42:44,782 [INFO] CmdLine:76 -  module                            text   rodata    data   bss
2026-07-31 11:42:44,782 [INFO] CmdLine:76 -  ------------------------------ ------- -------- ------- -----
2026-07-31 11:42:44,782 [INFO] CmdLine:76 -  NetworkRuntime1020_CM4_GCC.a     6,452        0       0     0
2026-07-31 11:42:44,782 [INFO] CmdLine:76 -  network.o                          528       40   1,584   140
2026-07-31 11:42:44,782 [INFO] CmdLine:76 -  network_data.o                      48       16      88     0
2026-07-31 11:42:44,782 [INFO] CmdLine:76 -  lib (toolchain)*                     0        0       0     0
2026-07-31 11:42:44,782 [INFO] CmdLine:76 -  ------------------------------ ------- -------- ------- -----
2026-07-31 11:42:44,782 [INFO] CmdLine:76 -  RT total**                       7,028       56   1,672   140
2026-07-31 11:42:44,782 [INFO] CmdLine:76 -  ------------------------------ ------- -------- ------- -----
2026-07-31 11:42:44,782 [INFO] CmdLine:76 -  weights                              0   10,776       0     0
2026-07-31 11:42:44,782 [INFO] CmdLine:76 -  activations                          0        0       0   384
2026-07-31 11:42:44,782 [INFO] CmdLine:76 -  io                                   0        0       0     0
2026-07-31 11:42:44,782 [INFO] CmdLine:76 -  ------------------------------ ------- -------- ------- -----
2026-07-31 11:42:44,782 [INFO] CmdLine:76 -  TOTAL                            7,028   10,832   1,672   524
2026-07-31 11:42:44,782 [INFO] CmdLine:76 -  ------------------------------ ------- -------- ------- -----
2026-07-31 11:42:44,782 [INFO] CmdLine:76 -  *  toolchain objects (libm/libgcc*)
2026-07-31 11:42:44,782 [INFO] CmdLine:76 -  ** RT AI runtime objects (kernels+infrastructure)
2026-07-31 11:42:44,782 [INFO] CmdLine:76 -   Summary - "stm32l4" target
2026-07-31 11:42:44,782 [INFO] CmdLine:76 -   ---------------------------------------------------
2026-07-31 11:42:44,782 [INFO] CmdLine:76 -                FLASH (ro)      %*   RAM (rw)       %
2026-07-31 11:42:44,782 [INFO] CmdLine:76 -   ---------------------------------------------------
2026-07-31 11:42:44,782 [INFO] CmdLine:76 -   RT total          8,756   44.8%      1,812   82.5%
2026-07-31 11:42:44,782 [INFO] CmdLine:76 -   ---------------------------------------------------
2026-07-31 11:42:44,782 [INFO] CmdLine:76 -   TOTAL            19,532              2,196
2026-07-31 11:42:44,782 [INFO] CmdLine:76 -   ---------------------------------------------------
2026-07-31 11:42:44,782 [INFO] CmdLine:76 -   *  rt/total
2026-07-31 11:42:44,782 [INFO] CmdLine:76 -  Generated files (7)
2026-07-31 11:42:44,782 [INFO] CmdLine:76 -  ------------------------------------------------------------------
2026-07-31 11:42:44,782 [INFO] CmdLine:76 -  C:\Users\ADMIN\.stm32cubemx\network_output\network_data_params.h
2026-07-31 11:42:44,782 [INFO] CmdLine:76 -  C:\Users\ADMIN\.stm32cubemx\network_output\network_data_params.c
2026-07-31 11:42:44,782 [INFO] CmdLine:76 -  C:\Users\ADMIN\.stm32cubemx\network_output\network_data.h
2026-07-31 11:42:44,782 [INFO] CmdLine:76 -  C:\Users\ADMIN\.stm32cubemx\network_output\network_data.c
2026-07-31 11:42:44,782 [INFO] CmdLine:76 -  C:\Users\ADMIN\.stm32cubemx\network_output\network_config.h
2026-07-31 11:42:44,782 [INFO] CmdLine:76 -  C:\Users\ADMIN\.stm32cubemx\network_output\network.h
2026-07-31 11:42:44,782 [INFO] CmdLine:76 -  C:\Users\ADMIN\.stm32cubemx\network_output\network.c
2026-07-31 11:42:44,782 [INFO] CmdLine:76 - Creating txt report file C:\Users\ADMIN\.stm32cubemx\network_output\network_generate_report.txt
2026-07-31 11:42:55,912 [INFO] CmdLine:76 - elapsed time (generate): 15.725s
2026-07-31 11:42:56,278 [INFO] CmdLine:148 - stedgeai exit with status: 0
2026-07-31 11:42:56,282 [INFO] AIModelDetailledView:2264 - Analysis status: done
2026-07-31 11:42:56,460 [INFO] ProjectBuilder:3606 - Time for Copy HAL[1] : 65mS.
2026-07-31 11:42:56,461 [ERROR] Middleware:2950 - Invalid RefComponent list
2026-07-31 11:42:56,461 [ERROR] Middleware:2950 - Invalid RefComponent list
2026-07-31 11:42:56,461 [ERROR] Middleware:2950 - Invalid RefComponent list
2026-07-31 11:42:56,461 [ERROR] Middleware:2950 - Invalid RefComponent list
2026-07-31 11:42:56,461 [ERROR] Middleware:2950 - Invalid RefComponent list
2026-07-31 11:42:56,461 [ERROR] Middleware:2950 - Invalid RefComponent list
2026-07-31 11:42:56,461 [ERROR] Middleware:2950 - Invalid RefComponent list
2026-07-31 11:42:56,461 [ERROR] Middleware:2950 - Invalid RefComponent list
2026-07-31 11:42:56,461 [ERROR] Middleware:2950 - Invalid RefComponent list
2026-07-31 11:42:56,461 [ERROR] Middleware:2950 - Invalid RefComponent list
2026-07-31 11:42:56,461 [ERROR] Middleware:2950 - Invalid RefComponent list
2026-07-31 11:42:56,461 [ERROR] Middleware:2950 - Invalid RefComponent list
2026-07-31 11:42:56,461 [ERROR] Middleware:2950 - Invalid RefComponent list
2026-07-31 11:42:56,461 [ERROR] Middleware:2950 - Invalid RefComponent list
2026-07-31 11:42:56,461 [ERROR] Middleware:2950 - Invalid RefComponent list
2026-07-31 11:42:56,461 [ERROR] Middleware:2950 - Invalid RefComponent list
2026-07-31 11:42:56,461 [ERROR] Middleware:2950 - Invalid RefComponent list
2026-07-31 11:42:56,461 [ERROR] Middleware:2950 - Invalid RefComponent list
2026-07-31 11:42:56,461 [ERROR] Middleware:2950 - Invalid RefComponent list
2026-07-31 11:42:56,461 [ERROR] Middleware:2950 - Invalid RefComponent list
2026-07-31 11:42:56,461 [ERROR] Middleware:2950 - Invalid RefComponent list
2026-07-31 11:42:56,461 [ERROR] Middleware:2950 - Invalid RefComponent list
2026-07-31 11:42:56,461 [ERROR] Middleware:2950 - Invalid RefComponent list
2026-07-31 11:42:56,461 [ERROR] Middleware:2950 - Invalid RefComponent list
2026-07-31 11:42:56,461 [ERROR] Middleware:2950 - Invalid RefComponent list
2026-07-31 11:42:56,461 [ERROR] Middleware:2950 - Invalid RefComponent list
2026-07-31 11:42:56,461 [ERROR] Middleware:2950 - Invalid RefComponent list
2026-07-31 11:42:56,461 [ERROR] Middleware:2950 - Invalid RefComponent list
2026-07-31 11:42:56,461 [ERROR] Middleware:2950 - Invalid RefComponent list
2026-07-31 11:42:56,461 [ERROR] Middleware:2950 - Invalid RefComponent list
2026-07-31 11:42:56,461 [ERROR] Middleware:2950 - Invalid RefComponent list
2026-07-31 11:42:56,461 [ERROR] Middleware:2950 - Invalid RefComponent list
2026-07-31 11:42:56,461 [ERROR] Middleware:2950 - Invalid RefComponent list
2026-07-31 11:42:56,461 [ERROR] Middleware:2950 - Invalid RefComponent list
2026-07-31 11:42:56,461 [ERROR] Middleware:2950 - Invalid RefComponent list
2026-07-31 11:42:56,461 [ERROR] Middleware:2950 - Invalid RefComponent list
2026-07-31 11:42:56,461 [ERROR] Middleware:2950 - Invalid RefComponent list
2026-07-31 11:42:56,461 [ERROR] Middleware:2950 - Invalid RefComponent list
2026-07-31 11:42:56,461 [ERROR] Middleware:2950 - Invalid RefComponent list
2026-07-31 11:42:56,461 [ERROR] Middleware:2950 - Invalid RefComponent list
2026-07-31 11:42:56,461 [ERROR] Middleware:2950 - Invalid RefComponent list
2026-07-31 11:42:56,461 [ERROR] Middleware:2950 - Invalid RefComponent list
2026-07-31 11:42:56,461 [ERROR] Middleware:2950 - Invalid RefComponent list
2026-07-31 11:42:56,461 [ERROR] Middleware:2950 - Invalid RefComponent list
2026-07-31 11:42:56,461 [ERROR] Middleware:2950 - Invalid RefComponent list
2026-07-31 11:42:56,461 [ERROR] Middleware:2950 - Invalid RefComponent list
2026-07-31 11:42:56,461 [ERROR] Middleware:2950 - Invalid RefComponent list
2026-07-31 11:42:56,461 [ERROR] Middleware:2950 - Invalid RefComponent list
2026-07-31 11:42:56,461 [ERROR] Middleware:2950 - Invalid RefComponent list
2026-07-31 11:42:56,461 [ERROR] Middleware:2950 - Invalid RefComponent list
2026-07-31 11:42:56,463 [INFO] ProjectBuilder:5216 - Project Generator version: 4.7.0-B52
2026-07-31 11:42:56,499 [INFO] ConfigFileManager:1595 - The Die is : DIE470
2026-07-31 11:42:56,921 [INFO] ProjectBuilder:5496 - Time for Generating toolchain IDE Files: 458mS.
2026-07-31 11:42:56,921 [INFO] ProjectBuilder:3463 - Time for Copy CMSIS : 0mS.
2026-07-31 11:42:56,922 [INFO] ProjectBuilder:3463 - Time for Copy CMSIS : 0mS.
