2026-07-28 12:33:46,189 [INFO] Activator:176 - 


2026-07-28 12:33:46,189 [INFO] Activator:177 - !SESSION log4j initialized
2026-07-28 12:33:49,004 [INFO] LogOutputStream:77 - [STDOUT_REDIRECT] 
2026-07-28 12:33:57,307 [INFO] ApplicationProperties:184 - Using Application install path: C:\ST\STM32CubeIDE_1.19.0\STM32CubeIDE\plugins\com.st.stm32cube.common.mx_6.15.0.202507011659
2026-07-28 12:33:57,344 [INFO] DbMcusXml:78 - Set database path to: C:\ST\STM32CubeIDE_1.19.0\STM32CubeIDE\plugins\com.st.stm32cube.common.mx_6.15.0.202507011659\\db\/mcu/
2026-07-28 12:33:57,345 [INFO] ApiDb:274 - Set plugin database path to: C:\ST\STM32CubeIDE_1.19.0\STM32CubeIDE\plugins\com.st.stm32cube.common.mx_6.15.0.202507011659\\db\/plugins/boardmanager/
2026-07-28 12:33:57,346 [WARN] ApiDb:259 - Overriding images path with different value:  => C:\ST\STM32CubeIDE_1.19.0\STM32CubeIDE\plugins\com.st.stm32cube.common.mx_6.15.0.202507011659\\db\/plugins/mcufinder/images/
2026-07-28 12:33:59,544 [WARN] ApiFinderProperties:113 - C:\Users\ADMIN\.stmcufinder\plugins\mcufinder\mcu\mcuFinder.mfd doesn't exist
2026-07-28 12:33:59,544 [INFO] ApiDb:250 - Set database path to: C:\Users\ADMIN\.stmcufinder\plugins\mcufinder//mcu/
2026-07-28 12:33:59,544 [INFO] DbMcusAds:125 - Set database path to: C:\Users\ADMIN\.stmcufinder\plugins\mcufinder//mcu/
2026-07-28 12:33:59,576 [INFO] CrossReferenceDbSqlite:203 - Set database path to: C:\Users\ADMIN\.stmcufinder\plugins\mcufinder//mcu/cs/
2026-07-28 12:33:59,827 [INFO] RulesReader:64 - Compatibility file has been processed (317 Rules)
2026-07-28 12:33:59,955 [INFO] DbMcusXml:78 - Set database path to: C:\ST\STM32CubeIDE_1.19.0\STM32CubeIDE\plugins\com.st.stm32cube.common.mx_6.15.0.202507011659\\db\/mcu/
2026-07-28 12:33:59,955 [INFO] ApiDb:274 - Set plugin database path to: C:\ST\STM32CubeIDE_1.19.0\STM32CubeIDE\plugins\com.st.stm32cube.common.mx_6.15.0.202507011659\\db\/plugins/boardmanager/
2026-07-28 12:33:59,955 [INFO] ApiDb:261 - Set plugin images path to: C:\ST\STM32CubeIDE_1.19.0\STM32CubeIDE\plugins\com.st.stm32cube.common.mx_6.15.0.202507011659\\db\/plugins/mcufinder/images/
2026-07-28 12:33:59,955 [WARN] DbFile:41 - Overriding database path with different value: C:\Users\ADMIN\.stmcufinder\plugins\mcufinder/ => C:\Users\ADMIN\.stmcufinder\plugins\mcufinder
2026-07-28 12:33:59,955 [INFO] ApiDb:250 - Set database path to: C:\Users\ADMIN\.stmcufinder\plugins\mcufinder//mcu/
2026-07-28 12:33:59,955 [WARN] DbFile:41 - Overriding database path with different value: C:\Users\ADMIN\.stmcufinder\plugins\mcufinder/ => C:\Users\ADMIN\.stmcufinder\plugins\mcufinder
2026-07-28 12:33:59,955 [INFO] DbMcusAds:125 - Set database path to: C:\Users\ADMIN\.stmcufinder\plugins\mcufinder//mcu/
2026-07-28 12:33:59,955 [WARN] DbFile:41 - Overriding database path with different value: C:\Users\ADMIN\.stmcufinder\plugins\mcufinder/ => C:\Users\ADMIN\.stmcufinder\plugins\mcufinder
2026-07-28 12:33:59,955 [WARN] DbFile:41 - Overriding database path with different value: C:\Users\ADMIN\.stmcufinder\plugins\mcufinder/ => C:\Users\ADMIN\.stmcufinder\plugins\mcufinder
2026-07-28 12:33:59,955 [INFO] CrossReferenceDbSqlite:203 - Set database path to: C:\Users\ADMIN\.stmcufinder\plugins\mcufinder//mcu/cs/
2026-07-28 12:34:00,096 [INFO] MainPanel:274 - HeapMemory: 268435456
2026-07-28 12:34:00,316 [INFO] DbMcusXml:78 - Set database path to: C:\ST\STM32CubeIDE_1.19.0\STM32CubeIDE\plugins\com.st.stm32cube.common.mx_6.15.0.202507011659\\db\/mcu/
2026-07-28 12:34:00,316 [INFO] ApiDb:274 - Set plugin database path to: C:\ST\STM32CubeIDE_1.19.0\STM32CubeIDE\plugins\com.st.stm32cube.common.mx_6.15.0.202507011659\\db\/plugins/boardmanager/
2026-07-28 12:34:00,316 [INFO] ApiDb:261 - Set plugin images path to: C:\ST\STM32CubeIDE_1.19.0\STM32CubeIDE\plugins\com.st.stm32cube.common.mx_6.15.0.202507011659\\db\/plugins/mcufinder/images/
2026-07-28 12:34:00,316 [WARN] DbFile:41 - Overriding database path with different value: C:\Users\ADMIN\.stmcufinder\plugins\mcufinder/ => C:\Users\ADMIN\.stmcufinder\plugins\mcufinder
2026-07-28 12:34:00,316 [INFO] ApiDb:250 - Set database path to: C:\Users\ADMIN\.stmcufinder\plugins\mcufinder//mcu/
2026-07-28 12:34:00,316 [WARN] DbFile:41 - Overriding database path with different value: C:\Users\ADMIN\.stmcufinder\plugins\mcufinder/ => C:\Users\ADMIN\.stmcufinder\plugins\mcufinder
2026-07-28 12:34:00,316 [INFO] DbMcusAds:125 - Set database path to: C:\Users\ADMIN\.stmcufinder\plugins\mcufinder//mcu/
2026-07-28 12:34:00,316 [WARN] DbFile:41 - Overriding database path with different value: C:\Users\ADMIN\.stmcufinder\plugins\mcufinder/ => C:\Users\ADMIN\.stmcufinder\plugins\mcufinder
2026-07-28 12:34:00,316 [WARN] DbFile:41 - Overriding database path with different value: C:\Users\ADMIN\.stmcufinder\plugins\mcufinder/ => C:\Users\ADMIN\.stmcufinder\plugins\mcufinder
2026-07-28 12:34:00,316 [INFO] CrossReferenceDbSqlite:203 - Set database path to: C:\Users\ADMIN\.stmcufinder\plugins\mcufinder//mcu/cs/
2026-07-28 12:34:00,348 [INFO] ApplicationProperties:184 - Using Application install path: C:\ST\STM32CubeIDE_1.19.0\STM32CubeIDE\plugins\com.st.stm32cube.common.mx_6.15.0.202507011659
2026-07-28 12:34:00,348 [INFO] PluginManage:196 - Search for loadable plugins [exclusion list=, ]
2026-07-28 12:34:00,363 [INFO] PluginManage:310 - Check plugin analytics
2026-07-28 12:34:06,103 [INFO] AnalyticsPlugin:253 - Accepted Software Licenses: 
2026-07-28 12:34:06,104 [INFO] AnalyticsPlugin:255 - Accepted CMSIS Pack Licenses: 
2026-07-28 12:34:06,104 [INFO] AnalyticsPlugin:257 - Accepted Firmware Licenses: 
2026-07-28 12:34:06,111 [INFO] PluginManage:359 - Loaded plugin analytics (category:tool,tabindex:-1)
2026-07-28 12:34:06,111 [INFO] PluginManage:310 - Check plugin cadmodel
2026-07-28 12:34:06,137 [INFO] CADModel:105 - Init CAD model plugin
2026-07-28 12:34:06,137 [INFO] PluginManage:359 - Loaded plugin cadmodel (category:power,tabindex:5)
2026-07-28 12:34:06,138 [INFO] PluginManage:310 - Check plugin clock
2026-07-28 12:34:06,170 [INFO] PluginManage:359 - Loaded plugin clock (category:base,tabindex:2)
2026-07-28 12:34:06,170 [INFO] PluginManage:310 - Check plugin ddr
2026-07-28 12:34:06,174 [INFO] PluginManage:359 - Loaded plugin ddr (category:tool,tabindex:6)
2026-07-28 12:34:06,174 [INFO] PluginManage:310 - Check plugin filemanager
2026-07-28 12:34:06,426 [INFO] PluginManage:359 - Loaded plugin filemanager (category:base,tabindex:10)
2026-07-28 12:34:06,426 [INFO] PluginManage:310 - Check plugin ipmanager
2026-07-28 12:34:06,442 [INFO] PluginManage:359 - Loaded plugin ipmanager (category:base,tabindex:5)
2026-07-28 12:34:06,442 [INFO] PluginManage:310 - Check plugin lpbam
2026-07-28 12:34:06,473 [INFO] PluginManage:359 - Loaded plugin lpbam (category:base,tabindex:0)
2026-07-28 12:34:06,473 [INFO] PluginManage:310 - Check plugin memorymap
2026-07-28 12:34:06,520 [INFO] PluginManage:359 - Loaded plugin memorymap (category:base,tabindex:4)
2026-07-28 12:34:06,520 [INFO] PluginManage:310 - Check plugin pinoutandconfiguration
2026-07-28 12:34:06,551 [INFO] PluginManage:359 - Loaded plugin pinoutandconfiguration (category:base,tabindex:1)
2026-07-28 12:34:06,551 [INFO] PluginManage:310 - Check plugin pinoutconfig
2026-07-28 12:34:06,730 [WARN] SupportedApi:132 - Cannot load RTOS API schema: s4s-elt-must-match.1: The content of 'definitions' must match (annotation?, (simpleType | complexType)?, (unique | key | keyref)*)). A problem was found starting at: attribute.
2026-07-28 12:34:06,976 [INFO] PluginManage:359 - Loaded plugin pinoutconfig (category:base,tabindex:0)
2026-07-28 12:34:06,976 [INFO] PluginManage:310 - Check plugin power
2026-07-28 12:34:06,992 [INFO] PluginManage:359 - Loaded plugin power (category:power,tabindex:4)
2026-07-28 12:34:06,992 [INFO] PluginManage:310 - Check plugin projectmanager
2026-07-28 12:34:07,092 [INFO] PluginManage:359 - Loaded plugin projectmanager (category:projectmanager,tabindex:4)
2026-07-28 12:34:07,093 [INFO] PluginManage:310 - Check plugin rif
2026-07-28 12:34:07,158 [INFO] PluginManage:359 - Loaded plugin rif (category:base,tabindex:3)
2026-07-28 12:34:07,158 [INFO] PluginManage:310 - Check plugin thirdparty
2026-07-28 12:34:07,599 [INFO] PluginManage:359 - Loaded plugin thirdparty (category:base,tabindex:-1)
2026-07-28 12:34:07,599 [INFO] PluginManage:310 - Check plugin tools
2026-07-28 12:34:07,599 [WARN] IntegrityCheckThread:84 - waiting for thirdparty lock release [integrity check]
2026-07-28 12:34:07,600 [INFO] IntegrityCheckThread:86 - entering critical section [integrity check]
2026-07-28 12:34:07,600 [INFO] ThirdPartyUpdaterWithRetryManager:70 - Updater plugin not ready yet. [1/15]
2026-07-28 12:34:07,662 [INFO] PluginManage:359 - Loaded plugin tools (category:base,tabindex:7)
2026-07-28 12:34:07,663 [INFO] PluginManage:310 - Check plugin tutovideos
2026-07-28 12:34:07,973 [INFO] PluginManage:359 - Loaded plugin tutovideos (category:base,tabindex:-1)
2026-07-28 12:34:07,974 [INFO] PluginManage:310 - Check plugin updater
2026-07-28 12:34:08,008 [INFO] PluginManage:359 - Loaded plugin updater (category:base,tabindex:12)
2026-07-28 12:34:08,008 [INFO] PluginManage:310 - Check plugin userauth
2026-07-28 12:34:08,013 [INFO] UserAuth:118 - Init User Auth plugin
2026-07-28 12:34:08,014 [INFO] PluginManage:359 - Loaded plugin userauth (category:base,tabindex:14)
2026-07-28 12:34:08,014 [INFO] PluginManage:283 - PluginManage : Loaded plugins [18]
2026-07-28 12:34:08,429 [INFO] PinOutPanel:1589 - setPackage(No Configuration,No Configuration)
2026-07-28 12:34:08,586 [INFO] CADModel:165 - CPN selected for project level
2026-07-28 12:34:08,586 [INFO] CADModel:114 - Register for checkConnection events
2026-07-28 12:34:08,680 [INFO] IPUIPlugin:80 - create IPUIPlugin
2026-07-28 12:34:08,680 [INFO] PluginManager:220 - loadIPPluginJar : add adc
2026-07-28 12:34:08,758 [INFO] IPUIPlugin:80 - create IPUIPlugin
2026-07-28 12:34:08,758 [INFO] PluginManager:220 - loadIPPluginJar : add aes
2026-07-28 12:34:08,827 [INFO] IPUIPlugin:80 - create IPUIPlugin
2026-07-28 12:34:08,827 [INFO] PluginManager:220 - loadIPPluginJar : add can
2026-07-28 12:34:08,874 [INFO] IPUIPlugin:80 - create IPUIPlugin
2026-07-28 12:34:08,874 [INFO] PluginManager:220 - loadIPPluginJar : add comp
2026-07-28 12:34:08,936 [INFO] IPUIPlugin:80 - create IPUIPlugin
2026-07-28 12:34:08,936 [INFO] PluginManager:220 - loadIPPluginJar : add cryp
2026-07-28 12:34:08,967 [INFO] IPUIPlugin:80 - create IPUIPlugin
2026-07-28 12:34:08,967 [INFO] PluginManager:220 - loadIPPluginJar : add ddr_ctrl_phy
2026-07-28 12:34:09,014 [INFO] IPUIPlugin:80 - create IPUIPlugin
2026-07-28 12:34:09,014 [INFO] PluginManager:220 - loadIPPluginJar : add dfsdm
2026-07-28 12:34:09,030 [INFO] IPUIPlugin:80 - create IPUIPlugin
2026-07-28 12:34:09,030 [INFO] PluginManager:220 - loadIPPluginJar : add dma
2026-07-28 12:34:09,118 [INFO] IPUIPlugin:80 - create IPUIPlugin
2026-07-28 12:34:09,118 [INFO] PluginManager:220 - loadIPPluginJar : add dma3
2026-07-28 12:34:09,211 [INFO] IPUIPlugin:80 - create IPUIPlugin
2026-07-28 12:34:09,212 [INFO] PluginManager:220 - loadIPPluginJar : add extmemmanager
2026-07-28 12:34:09,258 [INFO] IPUIPlugin:80 - create IPUIPlugin
2026-07-28 12:34:09,260 [INFO] PluginManager:220 - loadIPPluginJar : add fatfs
2026-07-28 12:34:09,313 [INFO] IPUIPlugin:80 - create IPUIPlugin
2026-07-28 12:34:09,313 [INFO] PluginManager:220 - loadIPPluginJar : add fmc
2026-07-28 12:34:09,328 [INFO] IPUIPlugin:80 - create IPUIPlugin
2026-07-28 12:34:09,328 [INFO] PluginManager:220 - loadIPPluginJar : add freertos
2026-07-28 12:34:09,344 [INFO] IPUIPlugin:80 - create IPUIPlugin
2026-07-28 12:34:09,344 [INFO] PluginManager:220 - loadIPPluginJar : add genericplugin
2026-07-28 12:34:09,485 [INFO] IPUIPlugin:80 - create IPUIPlugin
2026-07-28 12:34:09,485 [INFO] PluginManager:220 - loadIPPluginJar : add gfxmmu
2026-07-28 12:34:09,719 [INFO] IPUIPlugin:80 - create IPUIPlugin
2026-07-28 12:34:09,719 [INFO] PluginManager:220 - loadIPPluginJar : add gic
2026-07-28 12:34:09,750 [INFO] IPUIPlugin:80 - create IPUIPlugin
2026-07-28 12:34:09,750 [INFO] PluginManager:220 - loadIPPluginJar : add gpio
2026-07-28 12:34:09,906 [INFO] IPUIPlugin:80 - create IPUIPlugin
2026-07-28 12:34:09,907 [INFO] PluginManager:220 - loadIPPluginJar : add gtzc
2026-07-28 12:34:09,970 [INFO] IPUIPlugin:80 - create IPUIPlugin
2026-07-28 12:34:09,971 [INFO] PluginManager:220 - loadIPPluginJar : add hash
2026-07-28 12:34:10,067 [INFO] IPUIPlugin:80 - create IPUIPlugin
2026-07-28 12:34:10,067 [INFO] PluginManager:220 - loadIPPluginJar : add i2c
2026-07-28 12:34:10,138 [INFO] IPUIPlugin:80 - create IPUIPlugin
2026-07-28 12:34:10,138 [INFO] PluginManager:220 - loadIPPluginJar : add i2s
2026-07-28 12:34:10,178 [INFO] IPUIPlugin:80 - create IPUIPlugin
2026-07-28 12:34:10,178 [INFO] PluginManager:220 - loadIPPluginJar : add i3c
2026-07-28 12:34:10,383 [INFO] IPUIPlugin:80 - create IPUIPlugin
2026-07-28 12:34:10,383 [INFO] PluginManager:220 - loadIPPluginJar : add ipddr
2026-07-28 12:34:10,534 [INFO] IPUIPlugin:80 - create IPUIPlugin
2026-07-28 12:34:10,537 [INFO] PluginManager:220 - loadIPPluginJar : add linkedlist
2026-07-28 12:34:10,598 [INFO] IPUIPlugin:80 - create IPUIPlugin
2026-07-28 12:34:10,598 [INFO] PluginManager:220 - loadIPPluginJar : add lorawan
2026-07-28 12:34:10,602 [INFO] ThirdPartyUpdaterWithRetryManager:70 - Updater plugin not ready yet. [2/15]
2026-07-28 12:34:10,666 [INFO] IPUIPlugin:80 - create IPUIPlugin
2026-07-28 12:34:10,666 [INFO] PluginManager:220 - loadIPPluginJar : add ltdc
2026-07-28 12:34:10,697 [INFO] IPUIPlugin:80 - create IPUIPlugin
2026-07-28 12:34:10,697 [INFO] PluginManager:220 - loadIPPluginJar : add mdma
2026-07-28 12:34:10,728 [INFO] IPUIPlugin:80 - create IPUIPlugin
2026-07-28 12:34:10,728 [INFO] PluginManager:220 - loadIPPluginJar : add nvic
2026-07-28 12:34:10,778 [INFO] IPUIPlugin:80 - create IPUIPlugin
2026-07-28 12:34:10,778 [INFO] PluginManager:220 - loadIPPluginJar : add opamp
2026-07-28 12:34:10,881 [INFO] IPUIPlugin:80 - create IPUIPlugin
2026-07-28 12:34:10,881 [INFO] PluginManager:220 - loadIPPluginJar : add openamp
2026-07-28 12:34:10,963 [INFO] IPUIPlugin:80 - create IPUIPlugin
2026-07-28 12:34:10,963 [INFO] PluginManager:220 - loadIPPluginJar : add pdm2pcm
2026-07-28 12:34:10,997 [INFO] IPUIPlugin:80 - create IPUIPlugin
2026-07-28 12:34:11,002 [INFO] PluginManager:220 - loadIPPluginJar : add plateformsettings
2026-07-28 12:34:11,043 [INFO] IPUIPlugin:80 - create IPUIPlugin
2026-07-28 12:34:11,043 [INFO] PluginManager:220 - loadIPPluginJar : add quadspi
2026-07-28 12:34:11,061 [INFO] IPUIPlugin:80 - create IPUIPlugin
2026-07-28 12:34:11,061 [INFO] PluginManager:220 - loadIPPluginJar : add radio
2026-07-28 12:34:11,091 [INFO] IPUIPlugin:80 - create IPUIPlugin
2026-07-28 12:34:11,092 [INFO] PluginManager:220 - loadIPPluginJar : add resmgrutility
2026-07-28 12:34:11,180 [INFO] IPUIPlugin:80 - create IPUIPlugin
2026-07-28 12:34:11,180 [INFO] PluginManager:220 - loadIPPluginJar : add sai
2026-07-28 12:34:11,262 [INFO] IPUIPlugin:80 - create IPUIPlugin
2026-07-28 12:34:11,262 [INFO] PluginManager:220 - loadIPPluginJar : add spi
2026-07-28 12:34:11,397 [INFO] IPUIPlugin:80 - create IPUIPlugin
2026-07-28 12:34:11,397 [INFO] PluginManager:220 - loadIPPluginJar : add stm32_wpan
2026-07-28 12:34:11,435 [INFO] IPUIPlugin:80 - create IPUIPlugin
2026-07-28 12:34:11,436 [INFO] PluginManager:220 - loadIPPluginJar : add tim
2026-07-28 12:34:11,557 [INFO] IPUIPlugin:80 - create IPUIPlugin
2026-07-28 12:34:11,558 [INFO] PluginManager:220 - loadIPPluginJar : add touchsensing
2026-07-28 12:34:11,601 [INFO] IPUIPlugin:80 - create IPUIPlugin
2026-07-28 12:34:11,601 [INFO] PluginManager:220 - loadIPPluginJar : add tracer_emb
2026-07-28 12:34:11,627 [INFO] IPUIPlugin:80 - create IPUIPlugin
2026-07-28 12:34:11,627 [INFO] PluginManager:220 - loadIPPluginJar : add ts
2026-07-28 12:34:11,645 [INFO] IPUIPlugin:80 - create IPUIPlugin
2026-07-28 12:34:11,645 [INFO] PluginManager:220 - loadIPPluginJar : add tsc
2026-07-28 12:34:11,696 [INFO] IPUIPlugin:80 - create IPUIPlugin
2026-07-28 12:34:11,696 [INFO] PluginManager:220 - loadIPPluginJar : add ucpd
2026-07-28 12:34:11,765 [INFO] IPUIPlugin:80 - create IPUIPlugin
2026-07-28 12:34:11,765 [INFO] PluginManager:220 - loadIPPluginJar : add usart
2026-07-28 12:34:11,846 [INFO] IPUIPlugin:80 - create IPUIPlugin
2026-07-28 12:34:11,846 [INFO] PluginManager:220 - loadIPPluginJar : add usbx
2026-07-28 12:34:12,021 [FATAL] Updater:351 - Updater called before beeing initialized
2026-07-28 12:34:12,099 [INFO] RulesReader:64 - Compatibility file has been processed (317 Rules)
2026-07-28 12:34:12,161 [INFO] RulesReader:64 - Compatibility file has been processed (317 Rules)
2026-07-28 12:34:12,224 [INFO] CADModel:165 - CPN selected for project level
2026-07-28 12:34:12,224 [INFO] CADModel:114 - Register for checkConnection events
2026-07-28 12:34:12,224 [FATAL] Updater:351 - Updater called before beeing initialized
2026-07-28 12:34:12,224 [ERROR] CADModel:125 - Updater not yet initialized, retry later 
2026-07-28 12:34:12,591 [FATAL] Updater:351 - Updater called before beeing initialized
2026-07-28 12:34:12,591 [INFO] CADModel:165 - CPN selected for project level
2026-07-28 12:34:12,591 [INFO] CADModel:114 - Register for checkConnection events
2026-07-28 12:34:12,591 [FATAL] Updater:351 - Updater called before beeing initialized
2026-07-28 12:34:12,591 [ERROR] CADModel:125 - Updater not yet initialized, retry later 
2026-07-28 12:34:12,606 [FATAL] Updater:351 - Updater called before beeing initialized
2026-07-28 12:34:12,863 [FATAL] Updater:351 - Updater called before beeing initialized
2026-07-28 12:34:12,879 [INFO] DbMcusAds:53 - JSON generation date=Thu Sep 30 12:25:09 IST 2021 (1632984909247)
2026-07-28 12:34:12,879 [FATAL] Updater:351 - Updater called before beeing initialized
2026-07-28 12:34:12,941 [WARN] DetailPanel:346 - Failed to get advertising image, set to default
2026-07-28 12:34:13,068 [FATAL] Updater:351 - Updater called before beeing initialized
2026-07-28 12:34:13,071 [FATAL] Updater:351 - Updater called before beeing initialized
2026-07-28 12:34:13,071 [FATAL] Updater:351 - Updater called before beeing initialized
2026-07-28 12:34:13,072 [WARN] DetailPanel:346 - Failed to get advertising image, set to default
2026-07-28 12:34:13,072 [FATAL] Updater:351 - Updater called before beeing initialized
2026-07-28 12:34:13,163 [ERROR] Updater:1198 - MainUpdater not yet initialized. External WinMGr cannot be set.
2026-07-28 12:34:13,182 [INFO] Updater:1134 - Updater Version found : 6.15.0
2026-07-28 12:34:13,204 [INFO] ApplicationProperties:184 - Using Application install path: C:\ST\STM32CubeIDE_1.19.0\STM32CubeIDE\plugins\com.st.stm32cube.common.mx_6.15.0.202507011659
2026-07-28 12:34:13,611 [INFO] ThirdPartyUpdaterWithRetryManager:70 - Updater plugin not ready yet. [3/15]
2026-07-28 12:34:14,834 [ERROR] LogOutputStream:75 - [STDERR_REDIRECT] Jul 28, 2026 12:34:14 PM java.util.prefs.WindowsPreferences <init>
2026-07-28 12:34:14,838 [ERROR] LogOutputStream:75 - [STDERR_REDIRECT] WARNING: Could not open/create prefs root node Software\JavaSoft\Prefs at root 0xffffffff80000002. Windows RegCreateKeyEx(...) returned error code 5.
2026-07-28 12:34:14,839 [ERROR] LogOutputStream:75 - [STDERR_REDIRECT] 
2026-07-28 12:34:14,883 [INFO] MainUpdater:525 - Copy updater definitions from MX database
2026-07-28 12:34:14,963 [INFO] MainUpdater:558 - Copy flag file definitions from MX database
2026-07-28 12:34:14,966 [INFO] MainUpdater:574 - Copy thirdparty index definitions from MX database
2026-07-28 12:34:14,970 [INFO] MainUpdater:593 - Copy default thirdparty db definitions from MX database
2026-07-28 12:34:15,781 [INFO] MainUpdater:2872 - connection check result : 10
2026-07-28 12:34:15,782 [INFO] MainUpdater:3604 - Updater definition file requires update
2026-07-28 12:34:15,784 [INFO] MainUpdater:289 - Updater Check For Update Now.
2026-07-28 12:34:15,785 [INFO] MicroXplorer:498 - Change Database Version : DB.6.0.150
2026-07-28 12:34:15,808 [INFO] McuFinderGlobals:63 - Set McuFinder mode to 2 (CubeIDE integrated)
2026-07-28 12:34:15,809 [INFO] UserAuth:171 - activating auth plugin
2026-07-28 12:34:15,813 [INFO] UserAuth:487 - Internet connection configuration mode: 1
2026-07-28 12:34:15,879 [INFO] JxBrowserEngine:152 - Initiate JxBrowser Engine with user profile folder
2026-07-28 12:34:16,082 [INFO] ServerAccessManage:452 - Complete download http(s) 200
2026-07-28 12:34:16,082 [INFO] ServerAccessManage:509 - Download File updaters.zip
2026-07-28 12:34:16,554 [INFO] FileExtend:248 - Unzip File : updaters.zip
2026-07-28 12:34:16,554 [INFO] FileExtend:263 - Standard Zip Deflate
2026-07-28 12:34:16,661 [WARN] MainUpdater:1193 - Updater busy. Cannot search thirdparties
2026-07-28 12:34:16,661 [INFO] ThirdPartyUpdaterWithRetryManager:96 - Updater plugin is busy. [1/15]
2026-07-28 12:34:18,447 [INFO] ServerAccessManage:452 - Complete download http(s) 200
2026-07-28 12:34:18,447 [INFO] ServerAccessManage:509 - Download File PacksControlFlags.xml
2026-07-28 12:34:18,754 [INFO] ServerAccessManage:452 - Complete download http(s) 200
2026-07-28 12:34:18,754 [INFO] ServerAccessManage:509 - Download File cubemx.pidx
2026-07-28 12:34:19,084 [INFO] ServerAccessManage:452 - Complete download http(s) 200
2026-07-28 12:34:19,084 [INFO] ServerAccessManage:509 - Download File STMicroelectronics.FP-ATR-ASTRA1.pdsc
2026-07-28 12:34:19,663 [WARN] MainUpdater:1193 - Updater busy. Cannot search thirdparties
2026-07-28 12:34:19,663 [INFO] ThirdPartyUpdaterWithRetryManager:96 - Updater plugin is busy. [2/15]
2026-07-28 12:34:20,068 [INFO] ServerAccessManage:452 - Complete download http(s) 200
2026-07-28 12:34:20,069 [INFO] ServerAccessManage:509 - Download File STMicroelectronics.FP-ATR-SIGFOX1.pdsc
2026-07-28 12:34:20,364 [INFO] ServerAccessManage:452 - Complete download http(s) 200
2026-07-28 12:34:20,364 [INFO] ServerAccessManage:509 - Download File STMicroelectronics.FP-SNS-STBOX1.pdsc
2026-07-28 12:34:20,853 [INFO] ServerAccessManage:452 - Complete download http(s) 200
2026-07-28 12:34:20,853 [INFO] ServerAccessManage:509 - Download File STMicroelectronics.FP-SNS-FLIGHT1.pdsc
2026-07-28 12:34:20,877 [INFO] WebApp:169 - Instantiating new browser for Auth
2026-07-28 12:34:21,885 [INFO] WebApp:463 - Apply proxy settings
2026-07-28 12:34:21,885 [INFO] WebApp:548 - Chromium requires no authentication
2026-07-28 12:34:21,912 [INFO] WebApp:491 - Direct internet connection detected
2026-07-28 12:34:21,959 [INFO] WebApp:900 - Register for checkConnection events
2026-07-28 12:34:21,959 [INFO] WebApp:463 - Apply proxy settings
2026-07-28 12:34:21,959 [INFO] WebApp:548 - Chromium requires no authentication
2026-07-28 12:34:21,959 [INFO] WebApp:491 - Direct internet connection detected
2026-07-28 12:34:22,261 [INFO] WebApp:191 - Connection restablished
2026-07-28 12:34:22,365 [INFO] WebApp:225 - Starting web application
2026-07-28 12:34:22,365 [INFO] WebApp:593 - Web application path used C:\ST\STM32CubeIDE_1.19.0\STM32CubeIDE\plugins\com.st.stm32cube.common.mx_6.15.0.202507011659\db\plugins\mcufinder\reactClient1\index.html
2026-07-28 12:34:22,550 [INFO] ServerAccessManage:452 - Complete download http(s) 200
2026-07-28 12:34:22,550 [INFO] ServerAccessManage:509 - Download File STMicroelectronics.FP-SNS-MOTENV1.pdsc
2026-07-28 12:34:22,682 [WARN] MainUpdater:1193 - Updater busy. Cannot search thirdparties
2026-07-28 12:34:22,682 [INFO] ThirdPartyUpdaterWithRetryManager:96 - Updater plugin is busy. [3/15]
2026-07-28 12:34:23,428 [INFO] ServerAccessManage:452 - Complete download http(s) 200
2026-07-28 12:34:23,428 [INFO] ServerAccessManage:509 - Download File STMicroelectronics.FP-SNS-MOTENVWB1.pdsc
2026-07-28 12:34:24,128 [INFO] ServerAccessManage:452 - Complete download http(s) 200
2026-07-28 12:34:24,128 [INFO] ServerAccessManage:509 - Download File STMicroelectronics.FP-SNS-SMARTAG2.pdsc
2026-07-28 12:34:24,464 [INFO] ServerAccessManage:452 - Complete download http(s) 200
2026-07-28 12:34:24,464 [INFO] ServerAccessManage:509 - Download File STMicroelectronics.FP-SNS-STAIOTCFT.pdsc
2026-07-28 12:34:24,887 [INFO] ServerAccessManage:452 - Complete download http(s) 200
2026-07-28 12:34:24,887 [INFO] ServerAccessManage:509 - Download File STMicroelectronics.X-CUBE-AI.pdsc
2026-07-28 12:34:25,690 [WARN] MainUpdater:1193 - Updater busy. Cannot search thirdparties
2026-07-28 12:34:25,690 [INFO] ThirdPartyUpdaterWithRetryManager:96 - Updater plugin is busy. [4/15]
2026-07-28 12:34:28,695 [WARN] MainUpdater:1193 - Updater busy. Cannot search thirdparties
2026-07-28 12:34:28,696 [INFO] ThirdPartyUpdaterWithRetryManager:96 - Updater plugin is busy. [5/15]
2026-07-28 12:34:28,810 [INFO] ServerAccessManage:452 - Complete download http(s) 200
2026-07-28 12:34:28,810 [INFO] ServerAccessManage:509 - Download File STMicroelectronics.X-CUBE-ALS.pdsc
2026-07-28 12:34:30,000 [INFO] ServerAccessManage:452 - Complete download http(s) 200
2026-07-28 12:34:30,001 [INFO] ServerAccessManage:509 - Download File STMicroelectronics.X-CUBE-BLE1.pdsc
2026-07-28 12:34:31,703 [WARN] MainUpdater:1193 - Updater busy. Cannot search thirdparties
2026-07-28 12:34:31,703 [INFO] ThirdPartyUpdaterWithRetryManager:96 - Updater plugin is busy. [6/15]
2026-07-28 12:34:32,458 [ERROR] ServerAccessManage:1212 - Problem, file not found on Server
2026-07-28 12:34:33,063 [INFO] ServerAccessManage:452 - Complete download http(s) 200
2026-07-28 12:34:33,063 [INFO] ServerAccessManage:509 - Download File STMicroelectronics.X-CUBE-BLE2.pdsc
2026-07-28 12:34:34,224 [INFO] ServerAccessManage:452 - Complete download http(s) 200
2026-07-28 12:34:34,224 [INFO] ServerAccessManage:509 - Download File STMicroelectronics.X-CUBE-BLEMGR.pdsc
2026-07-28 12:34:34,704 [WARN] MainUpdater:1193 - Updater busy. Cannot search thirdparties
2026-07-28 12:34:34,704 [INFO] ThirdPartyUpdaterWithRetryManager:96 - Updater plugin is busy. [7/15]
2026-07-28 12:34:35,246 [ERROR] ServerAccessManage:1212 - Problem, file not found on Server
2026-07-28 12:34:36,380 [INFO] ServerAccessManage:452 - Complete download http(s) 200
2026-07-28 12:34:36,381 [INFO] ServerAccessManage:509 - Download File STMicroelectronics.X-CUBE-DISPLAY.pdsc
2026-07-28 12:34:37,351 [INFO] ServerAccessManage:452 - Complete download http(s) 200
2026-07-28 12:34:37,351 [INFO] ServerAccessManage:509 - Download File STMicroelectronics.X-CUBE-DPOWER.pdsc
2026-07-28 12:34:37,705 [WARN] MainUpdater:1193 - Updater busy. Cannot search thirdparties
2026-07-28 12:34:37,705 [INFO] ThirdPartyUpdaterWithRetryManager:96 - Updater plugin is busy. [8/15]
2026-07-28 12:34:38,271 [ERROR] ServerAccessManage:1212 - Problem, file not found on Server
2026-07-28 12:34:38,875 [ERROR] ServerAccessManage:1212 - Problem, file not found on Server
2026-07-28 12:34:39,448 [ERROR] ServerAccessManage:1212 - Problem, file not found on Server
2026-07-28 12:34:40,062 [ERROR] ServerAccessManage:1212 - Problem, file not found on Server
2026-07-28 12:34:40,706 [WARN] MainUpdater:1193 - Updater busy. Cannot search thirdparties
2026-07-28 12:34:40,706 [INFO] ThirdPartyUpdaterWithRetryManager:96 - Updater plugin is busy. [9/15]
2026-07-28 12:34:40,722 [ERROR] ServerAccessManage:1212 - Problem, file not found on Server
2026-07-28 12:34:41,051 [ERROR] ServerAccessManage:1212 - Problem, file not found on Server
2026-07-28 12:34:41,697 [ERROR] ServerAccessManage:1212 - Problem, file not found on Server
2026-07-28 12:34:41,997 [ERROR] ServerAccessManage:1212 - Problem, file not found on Server
2026-07-28 12:34:42,294 [ERROR] ServerAccessManage:1212 - Problem, file not found on Server
2026-07-28 12:34:42,607 [ERROR] ServerAccessManage:1212 - Problem, file not found on Server
2026-07-28 12:34:43,312 [ERROR] ServerAccessManage:1212 - Problem, file not found on Server
2026-07-28 12:34:43,484 [INFO] ServerAccessManage:452 - Complete download http(s) 200
2026-07-28 12:34:43,484 [INFO] ServerAccessManage:509 - Download File STMicroelectronics.X-CUBE-EEPRMA1.pdsc
2026-07-28 12:34:43,719 [WARN] MainUpdater:1193 - Updater busy. Cannot search thirdparties
2026-07-28 12:34:43,719 [INFO] ThirdPartyUpdaterWithRetryManager:96 - Updater plugin is busy. [10/15]
2026-07-28 12:34:44,142 [ERROR] ServerAccessManage:1212 - Problem, file not found on Server
2026-07-28 12:34:45,003 [ERROR] ServerAccessManage:1212 - Problem, file not found on Server
2026-07-28 12:34:45,816 [INFO] ServerAccessManage:452 - Complete download http(s) 200
2026-07-28 12:34:45,816 [INFO] ServerAccessManage:509 - Download File STMicroelectronics.X-CUBE-FREERTOS.pdsc
2026-07-28 12:34:46,725 [WARN] MainUpdater:1193 - Updater busy. Cannot search thirdparties
2026-07-28 12:34:46,725 [INFO] ThirdPartyUpdaterWithRetryManager:96 - Updater plugin is busy. [11/15]
2026-07-28 12:34:47,179 [INFO] ServerAccessManage:452 - Complete download http(s) 200
2026-07-28 12:34:47,179 [INFO] ServerAccessManage:509 - Download File STMicroelectronics.X-CUBE-GNSS1.pdsc
2026-07-28 12:34:49,292 [ERROR] ServerAccessManage:1212 - Problem, file not found on Server
2026-07-28 12:34:49,730 [WARN] MainUpdater:1193 - Updater busy. Cannot search thirdparties
2026-07-28 12:34:49,730 [INFO] ThirdPartyUpdaterWithRetryManager:96 - Updater plugin is busy. [12/15]
2026-07-28 12:34:49,887 [ERROR] ServerAccessManage:1212 - Problem, file not found on Server
2026-07-28 12:34:50,511 [ERROR] ServerAccessManage:1212 - Problem, file not found on Server
2026-07-28 12:34:51,108 [ERROR] ServerAccessManage:1212 - Problem, file not found on Server
2026-07-28 12:34:51,707 [ERROR] ServerAccessManage:1212 - Problem, file not found on Server
2026-07-28 12:34:52,326 [ERROR] ServerAccessManage:1212 - Problem, file not found on Server
2026-07-28 12:34:52,461 [INFO] ServerAccessManage:452 - Complete download http(s) 200
2026-07-28 12:34:52,461 [INFO] ServerAccessManage:509 - Download File STMicroelectronics.X-CUBE-ISPU.pdsc
2026-07-28 12:34:52,738 [WARN] MainUpdater:1193 - Updater busy. Cannot search thirdparties
2026-07-28 12:34:52,738 [INFO] ThirdPartyUpdaterWithRetryManager:96 - Updater plugin is busy. [13/15]
2026-07-28 12:34:53,157 [INFO] ServerAccessManage:452 - Complete download http(s) 200
2026-07-28 12:34:53,157 [INFO] ServerAccessManage:509 - Download File STMicroelectronics.X-CUBE-IPS.pdsc
2026-07-28 12:34:53,830 [INFO] ServerAccessManage:452 - Complete download http(s) 200
2026-07-28 12:34:53,830 [INFO] ServerAccessManage:509 - Download File STMicroelectronics.X-CUBE-MEMS1.pdsc
2026-07-28 12:34:55,745 [WARN] MainUpdater:1193 - Updater busy. Cannot search thirdparties
2026-07-28 12:34:55,745 [INFO] ThirdPartyUpdaterWithRetryManager:96 - Updater plugin is busy. [14/15]
2026-07-28 12:34:57,825 [INFO] ServerAccessManage:452 - Complete download http(s) 200
2026-07-28 12:34:57,825 [INFO] ServerAccessManage:509 - Download File STMicroelectronics.X-CUBE-NFC4.pdsc
2026-07-28 12:34:58,759 [WARN] MainUpdater:1193 - Updater busy. Cannot search thirdparties
2026-07-28 12:34:58,760 [INFO] ThirdPartyUpdaterWithRetryManager:96 - Updater plugin is busy. [15/15]
2026-07-28 12:34:58,760 [ERROR] IntegrityCheckThread:130 - Cannot retrieve database content from updater: error -1
2026-07-28 12:34:58,760 [INFO] ThirdParty:978 - Integrity check success = false
2026-07-28 12:34:58,761 [INFO] IntegrityCheckThread:100 - exiting critical section [integrity check]
2026-07-28 12:34:58,761 [INFO] IntegrityCheckThread:103 - End integrity checks thread
2026-07-28 12:35:00,460 [INFO] ServerAccessManage:452 - Complete download http(s) 200
2026-07-28 12:35:00,461 [INFO] ServerAccessManage:509 - Download File STMicroelectronics.X-CUBE-NFC6.pdsc
2026-07-28 12:35:01,017 [INFO] ServerAccessManage:452 - Complete download http(s) 200
2026-07-28 12:35:01,017 [INFO] ServerAccessManage:509 - Download File STMicroelectronics.X-CUBE-NFC7.pdsc
2026-07-28 12:35:01,535 [INFO] ServerAccessManage:452 - Complete download http(s) 200
2026-07-28 12:35:01,535 [INFO] ServerAccessManage:509 - Download File STMicroelectronics.X-CUBE-NFC9.pdsc
2026-07-28 12:35:01,819 [INFO] ServerAccessManage:452 - Complete download http(s) 200
2026-07-28 12:35:01,820 [INFO] ServerAccessManage:509 - Download File STMicroelectronics.X-CUBE-NFC10.pdsc
2026-07-28 12:35:02,134 [INFO] ServerAccessManage:452 - Complete download http(s) 200
2026-07-28 12:35:02,134 [INFO] ServerAccessManage:509 - Download File STMicroelectronics.X-CUBE-NFC12.pdsc
2026-07-28 12:35:02,619 [INFO] ServerAccessManage:452 - Complete download http(s) 200
2026-07-28 12:35:02,620 [INFO] ServerAccessManage:509 - Download File STMicroelectronics.X-CUBE-NFC13.pdsc
2026-07-28 12:35:02,917 [INFO] ServerAccessManage:452 - Complete download http(s) 200
2026-07-28 12:35:02,917 [INFO] ServerAccessManage:509 - Download File STMicroelectronics.X-CUBE-SFXS2LP1.pdsc
2026-07-28 12:35:03,582 [INFO] ServerAccessManage:452 - Complete download http(s) 200
2026-07-28 12:35:03,582 [INFO] ServerAccessManage:509 - Download File STMicroelectronics.X-CUBE-SUBG2.pdsc
2026-07-28 12:35:05,106 [INFO] ServerAccessManage:452 - Complete download http(s) 200
2026-07-28 12:35:05,106 [INFO] ServerAccessManage:509 - Download File STMicroelectronics.X-CUBE-SMBUS.pdsc
2026-07-28 12:35:05,692 [ERROR] ServerAccessManage:1212 - Problem, file not found on Server
2026-07-28 12:35:05,833 [INFO] ServerAccessManage:452 - Complete download http(s) 200
2026-07-28 12:35:05,833 [INFO] ServerAccessManage:509 - Download File STMicroelectronics.X-CUBE-ST60.pdsc
2026-07-28 12:35:06,241 [INFO] ServerAccessManage:452 - Complete download http(s) 200
2026-07-28 12:35:06,242 [INFO] ServerAccessManage:509 - Download File STMicroelectronics.X-CUBE-ST67W61.pdsc
2026-07-28 12:35:06,582 [INFO] ServerAccessManage:452 - Complete download http(s) 200
2026-07-28 12:35:06,582 [INFO] ServerAccessManage:509 - Download File STMicroelectronics.X-CUBE-STSE01.pdsc
2026-07-28 12:35:07,174 [INFO] ServerAccessManage:452 - Complete download http(s) 200
2026-07-28 12:35:07,175 [INFO] ServerAccessManage:509 - Download File STMicroelectronics.X-CUBE-PM33A1.pdsc
2026-07-28 12:35:07,447 [INFO] ServerAccessManage:452 - Complete download http(s) 200
2026-07-28 12:35:07,448 [INFO] ServerAccessManage:509 - Download File STMicroelectronics.X-CUBE-TCPP.pdsc
2026-07-28 12:35:08,533 [INFO] ServerAccessManage:452 - Complete download http(s) 200
2026-07-28 12:35:08,533 [INFO] ServerAccessManage:509 - Download File STMicroelectronics.X-CUBE-TOF1.pdsc
2026-07-28 12:35:10,501 [ERROR] ServerAccessManage:1212 - Problem, file not found on Server
2026-07-28 12:35:10,758 [INFO] ServerAccessManage:452 - Complete download http(s) 200
2026-07-28 12:35:10,759 [INFO] ServerAccessManage:509 - Download File STMicroelectronics.X-CUBE-TOUCHGFX.pdsc
2026-07-28 12:35:14,285 [INFO] ServerAccessManage:452 - Complete download http(s) 200
2026-07-28 12:35:14,285 [INFO] ServerAccessManage:509 - Download File STMicroelectronics.X-CUBE-ALGOBUILD.pdsc
2026-07-28 12:35:16,122 [INFO] ServerAccessManage:452 - Complete download http(s) 200
2026-07-28 12:35:16,122 [INFO] ServerAccessManage:509 - Download File STMicroelectronics.X-CUBE-AZRTOS-H7.pdsc
2026-07-28 12:35:19,242 [INFO] ServerAccessManage:452 - Complete download http(s) 200
2026-07-28 12:35:19,243 [INFO] ServerAccessManage:509 - Download File STMicroelectronics.X-CUBE-AZRTOS-H7RS.pdsc
2026-07-28 12:35:20,629 [INFO] ServerAccessManage:452 - Complete download http(s) 200
2026-07-28 12:35:20,630 [INFO] ServerAccessManage:509 - Download File STMicroelectronics.X-CUBE-AZRTOS-F4.pdsc
2026-07-28 12:35:21,762 [INFO] ServerAccessManage:452 - Complete download http(s) 200
2026-07-28 12:35:21,762 [INFO] ServerAccessManage:509 - Download File STMicroelectronics.X-CUBE-AZRTOS-F7.pdsc
2026-07-28 12:35:22,694 [INFO] ServerAccessManage:452 - Complete download http(s) 200
2026-07-28 12:35:22,695 [INFO] ServerAccessManage:509 - Download File STMicroelectronics.X-CUBE-AZRTOS-L4.pdsc
2026-07-28 12:35:23,670 [INFO] ServerAccessManage:452 - Complete download http(s) 200
2026-07-28 12:35:23,670 [INFO] ServerAccessManage:509 - Download File STMicroelectronics.X-CUBE-AZRTOS-L5.pdsc
2026-07-28 12:35:24,683 [INFO] ServerAccessManage:452 - Complete download http(s) 200
2026-07-28 12:35:24,683 [INFO] ServerAccessManage:509 - Download File STMicroelectronics.X-CUBE-AZRTOS-G0.pdsc
2026-07-28 12:35:25,696 [INFO] ServerAccessManage:452 - Complete download http(s) 200
2026-07-28 12:35:25,696 [INFO] ServerAccessManage:509 - Download File STMicroelectronics.X-CUBE-AZRTOS-G4.pdsc
2026-07-28 12:35:26,610 [INFO] ServerAccessManage:452 - Complete download http(s) 200
2026-07-28 12:35:26,610 [INFO] ServerAccessManage:509 - Download File STMicroelectronics.X-CUBE-AZRTOS-WB.pdsc
2026-07-28 12:35:27,526 [INFO] ServerAccessManage:452 - Complete download http(s) 200
2026-07-28 12:35:27,527 [INFO] ServerAccessManage:509 - Download File STMicroelectronics.X-CUBE-AZRTOS-WL.pdsc
2026-07-28 12:35:28,323 [INFO] ServerAccessManage:452 - Complete download http(s) 200
2026-07-28 12:35:28,323 [INFO] ServerAccessManage:509 - Download File STMicroelectronics.X-CUBE-WB05N.pdsc
2026-07-28 12:35:28,614 [INFO] ServerAccessManage:452 - Complete download http(s) 200
2026-07-28 12:35:28,614 [INFO] ServerAccessManage:509 - Download File STMicroelectronics.X-CUBE-WBA.pdsc
2026-07-28 12:35:28,887 [INFO] ServerAccessManage:452 - Complete download http(s) 200
2026-07-28 12:35:28,887 [INFO] ServerAccessManage:509 - Download File STMicroelectronics.eDS-WB_DPC_VIENNA.pdsc
2026-07-28 12:35:29,275 [ERROR] ServerAccessManage:1212 - Problem, file not found on Server
2026-07-28 12:35:29,856 [ERROR] ServerAccessManage:1212 - Problem, file not found on Server
2026-07-28 12:35:30,441 [ERROR] ServerAccessManage:1212 - Problem, file not found on Server
2026-07-28 12:35:31,078 [ERROR] ServerAccessManage:1212 - Problem, file not found on Server
2026-07-28 12:35:31,679 [ERROR] ServerAccessManage:1212 - Problem, file not found on Server
2026-07-28 12:35:31,821 [INFO] ServerAccessManage:452 - Complete download http(s) 200
2026-07-28 12:35:31,821 [INFO] ServerAccessManage:509 - Download File STMicroelectronics.eDS-WB_DPC_TT-BIDIR.pdsc
2026-07-28 12:35:32,561 [ERROR] ServerAccessManage:1212 - Problem, file not found on Server
2026-07-28 12:35:33,169 [ERROR] ServerAccessManage:1212 - Problem, file not found on Server
2026-07-28 12:35:33,459 [ERROR] ServerAccessManage:1212 - Problem, file not found on Server
2026-07-28 12:35:33,775 [ERROR] ServerAccessManage:1212 - Problem, file not found on Server
2026-07-28 12:35:33,893 [INFO] ServerAccessManage:452 - Complete download http(s) 200
2026-07-28 12:35:33,893 [INFO] ServerAccessManage:509 - Download File STMicroelectronics.eDS-WB_DPC_3PH2L-BIDIR.pdsc
2026-07-28 12:35:34,359 [ERROR] ServerAccessManage:1212 - Problem, file not found on Server
2026-07-28 12:35:34,714 [ERROR] ServerAccessManage:1212 - Problem, file not found on Server
2026-07-28 12:35:34,983 [INFO] ServerAccessManage:452 - Complete download http(s) 200
2026-07-28 12:35:34,983 [INFO] ServerAccessManage:509 - Download File wolfSSL.I-CUBE-wolfSSL.pdsc
2026-07-28 12:35:39,297 [ERROR] ServerAccessManage:1212 - Problem, file not found on Server
2026-07-28 12:35:39,376 [ERROR] ServerAccessManage:1212 - Problem, file not found on Server
2026-07-28 12:35:39,457 [ERROR] ServerAccessManage:1212 - Problem, file not found on Server
2026-07-28 12:35:39,484 [INFO] ServerAccessManage:452 - Complete download http(s) 200
2026-07-28 12:35:39,484 [INFO] ServerAccessManage:509 - Download File wolfSSL.I-CUBE-wolfMQTT.pdsc
2026-07-28 12:35:39,838 [INFO] ServerAccessManage:452 - Complete download http(s) 200
2026-07-28 12:35:39,839 [INFO] ServerAccessManage:509 - Download File wolfSSL.I-CUBE-wolfTPM.pdsc
2026-07-28 12:35:40,408 [INFO] ServerAccessManage:452 - Complete download http(s) 200
2026-07-28 12:35:40,408 [INFO] ServerAccessManage:509 - Download File wolfSSL.I-CUBE-wolfSSH.pdsc
2026-07-28 12:35:41,354 [INFO] ServerAccessManage:452 - Complete download http(s) 200
2026-07-28 12:35:41,355 [INFO] ServerAccessManage:509 - Download File RealThread.X-CUBE-RT-Thread_Nano.pdsc
2026-07-28 12:35:42,263 [INFO] ServerAccessManage:452 - Complete download http(s) 200
2026-07-28 12:35:42,264 [INFO] ServerAccessManage:509 - Download File SEGGER.I-CUBE-embOS.pdsc
2026-07-28 12:35:44,489 [INFO] ServerAccessManage:452 - Complete download http(s) 200
2026-07-28 12:35:44,489 [INFO] ServerAccessManage:509 - Download File emotas.I-CUBE-CANOPEN.pdsc
2026-07-28 12:35:46,515 [INFO] ServerAccessManage:452 - Complete download http(s) 200
2026-07-28 12:35:46,515 [INFO] ServerAccessManage:509 - Download File WES.I-CUBE-Cesium.pdsc
2026-07-28 12:35:47,623 [ERROR] ServerAccessManage:1212 - Problem, file not found on Server
2026-07-28 12:35:47,971 [ERROR] ServerAccessManage:1212 - Problem, file not found on Server
2026-07-28 12:35:49,028 [INFO] ServerAccessManage:452 - Complete download http(s) 200
2026-07-28 12:35:49,028 [INFO] ServerAccessManage:509 - Download File ITTIA_DB.I-CUBE-ITTIADB.pdsc
2026-07-28 12:35:53,938 [INFO] ServerAccessManage:452 - Complete download http(s) 200
2026-07-28 12:35:53,938 [INFO] ServerAccessManage:509 - Download File Infineon.AIROC-Wi-Fi-Bluetooth-STM32.pdsc
2026-07-28 12:35:57,600 [INFO] ServerAccessManage:452 - Complete download http(s) 200
2026-07-28 12:35:57,601 [INFO] ServerAccessManage:509 - Download File Cesanta.I-CUBE-Mongoose.pdsc
2026-07-28 12:36:02,863 [INFO] ServerAccessManage:452 - Complete download http(s) 200
2026-07-28 12:36:02,863 [INFO] ServerAccessManage:509 - Download File EmbeddedOffice.I-CUBE-FS-RTOS.pdsc
2026-07-28 12:36:04,669 [INFO] ServerAccessManage:452 - Complete download http(s) 200
2026-07-28 12:36:04,669 [INFO] ServerAccessManage:509 - Download File quantropi.X-CUBE-qispace-sdk-base.pdsc
2026-07-28 12:36:05,778 [INFO] ServerAccessManage:452 - Complete download http(s) 200
2026-07-28 12:36:05,778 [INFO] ServerAccessManage:509 - Download File Avnet-IOTCONNECT.X-CUBE-iotc-st67-sdk.pdsc
2026-07-28 12:36:05,896 [WARN] CheckServerUpdateThread:151 - Open CheckUpdateFile Fail
2026-07-28 12:36:05,974 [WARN] PackLoader:240 - Cannot read IP mode file for STMicroelectronics.FP-ATR-ASTRA1.2.0.3
2026-07-28 12:36:05,984 [WARN] PackLoader:240 - Cannot read IP mode file for STMicroelectronics.FP-ATR-SIGFOX1.3.2.0
2026-07-28 12:36:05,990 [WARN] PackLoader:240 - Cannot read IP mode file for STMicroelectronics.FP-SNS-STBOX1.2.1.0
2026-07-28 12:36:05,998 [WARN] PackLoader:240 - Cannot read IP mode file for STMicroelectronics.FP-SNS-FLIGHT1.5.1.0
2026-07-28 12:36:06,003 [WARN] PackLoader:240 - Cannot read IP mode file for STMicroelectronics.FP-SNS-MOTENV1.5.1.0
2026-07-28 12:36:06,007 [WARN] PackLoader:240 - Cannot read IP mode file for STMicroelectronics.FP-SNS-MOTENVWB1.1.5.0
2026-07-28 12:36:06,010 [WARN] PackLoader:240 - Cannot read IP mode file for STMicroelectronics.FP-SNS-SMARTAG2.1.2.0
2026-07-28 12:36:06,023 [WARN] PackLoader:240 - Cannot read IP mode file for STMicroelectronics.FP-SNS-STAIOTCFT.1.1.0
2026-07-28 12:36:06,026 [WARN] PackLoader:240 - Cannot read IP mode file for STMicroelectronics.X-CUBE-AI.10.2.1
2026-07-28 12:36:06,031 [WARN] PackLoader:240 - Cannot read IP mode file for STMicroelectronics.X-CUBE-ALS.1.0.2
2026-07-28 12:36:06,040 [WARN] PackLoader:240 - Cannot read IP mode file for STMicroelectronics.X-CUBE-BLE1.7.1.0
2026-07-28 12:36:06,044 [WARN] PackLoader:240 - Cannot read IP mode file for STMicroelectronics.X-CUBE-BLE2.3.3.0
2026-07-28 12:36:06,049 [WARN] PopulateThirdPartyThread:106 - Error when creating pack: C:/Users/ADMIN/.stm32cubemx/thirdparties/pdsc/STMicroelectronics.X-CUBE-BLEMGR.pdsc
2026-07-28 12:36:06,052 [INFO] CheckServerUpdateThread:120 - End of CheckServer Thread
2026-07-28 12:36:06,071 [WARN] PackLoader:240 - Cannot read IP mode file for STMicroelectronics.X-CUBE-DISPLAY.3.0.0
2026-07-28 12:36:06,077 [WARN] PackLoader:240 - Cannot read IP mode file for STMicroelectronics.X-CUBE-DPower.1.3.0
2026-07-28 12:36:06,083 [WARN] PackLoader:240 - Cannot read IP mode file for STMicroelectronics.X-CUBE-EEPRMA1.5.2.0
2026-07-28 12:36:06,088 [WARN] PackLoader:240 - Cannot read IP mode file for STMicroelectronics.X-CUBE-FREERTOS.1.6.0
2026-07-28 12:36:06,092 [WARN] PackLoader:240 - Cannot read IP mode file for STMicroelectronics.X-CUBE-GNSS1.7.1.1
2026-07-28 12:36:06,098 [WARN] PackLoader:240 - Cannot read IP mode file for STMicroelectronics.X-CUBE-ISPU.2.1.0
2026-07-28 12:36:06,107 [WARN] PackLoader:240 - Cannot read IP mode file for STMicroelectronics.X-CUBE-IPS.3.2.0
2026-07-28 12:36:06,146 [WARN] PackLoader:240 - Cannot read IP mode file for STMicroelectronics.X-CUBE-MEMS1.13.0.0
2026-07-28 12:36:06,199 [WARN] PackLoader:240 - Cannot read IP mode file for STMicroelectronics.X-CUBE-NFC4.3.0.0
2026-07-28 12:36:06,203 [WARN] PackLoader:240 - Cannot read IP mode file for STMicroelectronics.X-CUBE-NFC6.3.2.0
2026-07-28 12:36:06,209 [WARN] PackLoader:240 - Cannot read IP mode file for STMicroelectronics.X-CUBE-NFC7.2.0.0
2026-07-28 12:36:06,214 [WARN] PackLoader:240 - Cannot read IP mode file for STMicroelectronics.X-CUBE-NFC9.1.0.0
2026-07-28 12:36:06,218 [WARN] PackLoader:240 - Cannot read IP mode file for STMicroelectronics.X-CUBE-NFC10.1.0.0
2026-07-28 12:36:06,222 [WARN] PackLoader:240 - Cannot read IP mode file for STMicroelectronics.X-CUBE-NFC12.1.0.0
2026-07-28 12:36:06,226 [WARN] PackLoader:240 - Cannot read IP mode file for STMicroelectronics.X-CUBE-NFC13.1.0.0
2026-07-28 12:36:06,232 [WARN] PackLoader:240 - Cannot read IP mode file for STMicroelectronics.X-CUBE-SFXS2LP1.4.0.0
2026-07-28 12:36:06,237 [WARN] PackLoader:240 - Cannot read IP mode file for STMicroelectronics.X-CUBE-SUBG2.5.0.0
2026-07-28 12:36:06,241 [WARN] PopulateThirdPartyThread:106 - Error when creating pack: C:/Users/ADMIN/.stm32cubemx/thirdparties/pdsc/STMicroelectronics.X-CUBE-SMBUS.pdsc
2026-07-28 12:36:06,245 [WARN] PackLoader:240 - Cannot read IP mode file for STMicroelectronics.X-CUBE-ST60.1.1.0
2026-07-28 12:36:06,248 [WARN] PopulateThirdPartyThread:106 - Error when creating pack: C:/Users/ADMIN/.stm32cubemx/thirdparties/pdsc/STMicroelectronics.X-CUBE-ST67W61.pdsc
2026-07-28 12:36:06,253 [WARN] PackLoader:240 - Cannot read IP mode file for STMicroelectronics.X-CUBE-STSE01.2.0.0
2026-07-28 12:36:06,258 [WARN] PackLoader:240 - Cannot read IP mode file for STMicroelectronics.X-CUBE-PM33A1.1.0.0
2026-07-28 12:36:06,261 [WARN] PackLoader:240 - Cannot read IP mode file for STMicroelectronics.X-CUBE-TCPP.4.2.0
2026-07-28 12:36:06,267 [WARN] PackLoader:240 - Cannot read IP mode file for STMicroelectronics.X-CUBE-TOF1.3.4.3
2026-07-28 12:36:06,276 [WARN] PackLoader:240 - Cannot read IP mode file for STMicroelectronics.X-CUBE-TOUCHGFX.4.26.1
2026-07-28 12:36:06,281 [WARN] PackLoader:240 - Cannot read IP mode file for STMicroelectronics.X-CUBE-ALGOBUILD.1.5.0
2026-07-28 12:36:06,289 [WARN] PackLoader:240 - Cannot read IP mode file for STMicroelectronics.X-CUBE-AZRTOS-H7.3.5.0
2026-07-28 12:36:06,309 [WARN] PackLoader:240 - Cannot read IP mode file for STMicroelectronics.X-CUBE-AZRTOS-H7RS.1.3.0
2026-07-28 12:36:06,318 [WARN] PackLoader:240 - Cannot read IP mode file for STMicroelectronics.X-CUBE-AZRTOS-F4.1.1.0
2026-07-28 12:36:06,326 [WARN] PackLoader:240 - Cannot read IP mode file for STMicroelectronics.X-CUBE-AZRTOS-F7.1.1.0
2026-07-28 12:36:06,335 [WARN] ConditionMgr:438 - getConditionDescription Invalid condition id : LAN8742 Phy interface Condition cause : null
2026-07-28 12:36:06,336 [WARN] PackLoader:240 - Cannot read IP mode file for STMicroelectronics.X-CUBE-AZRTOS-L4.2.0.0
2026-07-28 12:36:06,336 [WARN] ConditionMgr:1044 - genDependencies : Invalid condition id : LAN8742 Phy interface Condition cause : null
2026-07-28 12:36:06,336 [WARN] ConditionMgr:1044 - genDependencies : Invalid condition id : LAN8742 Phy interface Condition cause : null
2026-07-28 12:36:06,336 [WARN] ConditionMgr:1044 - genDependencies : Invalid condition id : LAN8742 Phy interface Condition cause : null
2026-07-28 12:36:06,344 [WARN] PackLoader:240 - Cannot read IP mode file for STMicroelectronics.X-CUBE-AZRTOS-L5.2.0.0
2026-07-28 12:36:06,352 [WARN] PackLoader:240 - Cannot read IP mode file for STMicroelectronics.X-CUBE-AZRTOS-G0.1.1.0
2026-07-28 12:36:06,359 [WARN] PackLoader:240 - Cannot read IP mode file for STMicroelectronics.X-CUBE-AZRTOS-G4.2.0.0
2026-07-28 12:36:06,365 [WARN] ConditionMgr:438 - getConditionDescription Invalid condition id : UX DEVICE CLASS RTOS Condition cause : null
2026-07-28 12:36:06,365 [WARN] ConditionMgr:438 - getConditionDescription Invalid condition id : UX DEVICE CLASS RTOS Condition cause : null
2026-07-28 12:36:06,366 [WARN] PackLoader:240 - Cannot read IP mode file for STMicroelectronics.X-CUBE-AZRTOS-WB.2.0.0
2026-07-28 12:36:06,366 [WARN] ConditionMgr:1044 - genDependencies : Invalid condition id : UX DEVICE CLASS RTOS Condition cause : null
2026-07-28 12:36:06,366 [WARN] ConditionMgr:1044 - genDependencies : Invalid condition id : UX DEVICE CLASS RTOS Condition cause : null
2026-07-28 12:36:06,366 [WARN] ConditionMgr:1044 - genDependencies : Invalid condition id : UX DEVICE CLASS RTOS Condition cause : null
2026-07-28 12:36:06,367 [WARN] ConditionMgr:1044 - genDependencies : Invalid condition id : UX DEVICE CLASS RTOS Condition cause : null
2026-07-28 12:36:06,367 [WARN] ConditionMgr:1044 - genDependencies : Invalid condition id : UX DEVICE CLASS RTOS Condition cause : null
2026-07-28 12:36:06,372 [INFO] LogOutputStream:77 - [STDOUT_REDIRECT] 1 : Invalid condition id : UX_CORESTACK_Condition cause : null
2026-07-28 12:36:06,374 [INFO] LogOutputStream:77 - [STDOUT_REDIRECT] 1 : Invalid condition id : UX_CORESTACK_Condition cause : null
2026-07-28 12:36:06,375 [INFO] LogOutputStream:77 - [STDOUT_REDIRECT] 1 : Invalid condition id : UX_CORESTACK_Condition cause : null
2026-07-28 12:36:06,376 [INFO] LogOutputStream:77 - [STDOUT_REDIRECT] 1 : Invalid condition id : UX_CORESTACK_Condition cause : null
2026-07-28 12:36:06,377 [INFO] LogOutputStream:77 - [STDOUT_REDIRECT] 1 : Invalid condition id : UX_CORESTACK_Condition cause : null
2026-07-28 12:36:06,379 [WARN] PackLoader:240 - Cannot read IP mode file for STMicroelectronics.X-CUBE-AZRTOS-WL.2.0.0
2026-07-28 12:36:06,382 [WARN] PackLoader:240 - Cannot read IP mode file for STMicroelectronics.X-CUBE-WB05N.2.1.0
2026-07-28 12:36:06,384 [WARN] PopulateThirdPartyThread:106 - Error when creating pack: C:/Users/ADMIN/.stm32cubemx/thirdparties/pdsc/STMicroelectronics.X-CUBE-WBA.pdsc
2026-07-28 12:36:06,387 [WARN] PackLoader:240 - Cannot read IP mode file for STMicroelectronics.eDS-WB_DPC_VIENNA.1.2.0
2026-07-28 12:36:06,389 [WARN] PackLoader:240 - Cannot read IP mode file for STMicroelectronics.eDS-WB_DPC_TT-BIDIR.2.1.1
2026-07-28 12:36:06,391 [WARN] PackLoader:240 - Cannot read IP mode file for STMicroelectronics.eDS-WB_DPC_3PH2L-BIDIR.1.1.1
2026-07-28 12:36:06,394 [WARN] PackLoader:240 - Cannot read IP mode file for wolfSSL.I-CUBE-wolfSSL.5.9.2
2026-07-28 12:36:06,397 [WARN] PackLoader:240 - Cannot read IP mode file for wolfSSL.I-CUBE-wolfMQTT.1.19.2
2026-07-28 12:36:06,401 [WARN] PackLoader:240 - Cannot read IP mode file for wolfSSL.I-CUBE-wolfTPM.3.8.0
2026-07-28 12:36:06,406 [WARN] PackLoader:240 - Cannot read IP mode file for wolfSSL.I-CUBE-wolfSSH.1.4.20
2026-07-28 12:36:06,410 [WARN] PackLoader:240 - Cannot read IP mode file for RealThread.X-CUBE-RT-Thread_Nano.4.1.1
2026-07-28 12:36:06,429 [WARN] PackLoader:240 - Cannot read IP mode file for SEGGER.I-CUBE-embOS.1.3.1
2026-07-28 12:36:06,449 [WARN] PackLoader:240 - Cannot read IP mode file for emotas.I-CUBE-CANOPEN.1.3.0
2026-07-28 12:36:06,454 [WARN] PackLoader:240 - Cannot read IP mode file for WES.I-CUBE-Cesium.1.4.0
2026-07-28 12:36:06,459 [WARN] PackLoader:240 - Cannot read IP mode file for ITTIA_DB.I-CUBE-ITTIADB.8.9.0
2026-07-28 12:36:06,468 [WARN] PackLoader:240 - Cannot read IP mode file for Infineon.AIROC-Wi-Fi-Bluetooth-STM32.1.8.0
2026-07-28 12:36:06,473 [WARN] PackLoader:240 - Cannot read IP mode file for Cesanta.I-CUBE-Mongoose.7.21.7
2026-07-28 12:36:06,477 [WARN] PackLoader:240 - Cannot read IP mode file for EmbeddedOffice.I-CUBE-FS-RTOS.1.0.1
2026-07-28 12:36:06,481 [WARN] ConditionMgr:438 - getConditionDescription Invalid condition id : Cortex-A Device cause : null
2026-07-28 12:36:06,496 [WARN] ConditionMgr:1044 - genDependencies : Invalid condition id : Cortex-A Device cause : null
2026-07-28 12:36:06,497 [WARN] ConditionMgr:1044 - genDependencies : Invalid condition id : Cortex-A Device cause : null
2026-07-28 12:36:06,497 [WARN] ConditionMgr:1044 - genDependencies : Invalid condition id : Cortex-A Device cause : null
2026-07-28 12:36:06,501 [INFO] PopulateThirdPartyThread:66 - Ending populate Thread
2026-07-28 12:36:06,516 [INFO] ThirdParty:1030 - CMSIS Pack Vendor :STMicroelectronics X-CUBE-AZRTOS-H7 3.5.0
2026-07-28 12:36:06,516 [INFO] ThirdParty:1030 - CMSIS Pack Vendor :STMicroelectronics X-CUBE-PM33A1 1.0.0
2026-07-28 12:36:06,516 [INFO] ThirdParty:1030 - CMSIS Pack Vendor :STMicroelectronics X-CUBE-NFC9 1.0.0
2026-07-28 12:36:06,516 [INFO] ThirdParty:1030 - CMSIS Pack Vendor :STMicroelectronics FP-ATR-ASTRA1 2.0.3
2026-07-28 12:36:06,516 [INFO] ThirdParty:1030 - CMSIS Pack Vendor :STMicroelectronics X-CUBE-AZRTOS-F4 1.1.0
2026-07-28 12:36:06,516 [INFO] ThirdParty:1030 - CMSIS Pack Vendor :STMicroelectronics X-CUBE-BLE1 7.1.0
2026-07-28 12:36:06,516 [INFO] ThirdParty:1030 - CMSIS Pack Vendor :wolfSSL I-CUBE-wolfMQTT 1.19.2
2026-07-28 12:36:06,516 [INFO] ThirdParty:1030 - CMSIS Pack Vendor :STMicroelectronics X-CUBE-ISPU 2.1.0
2026-07-28 12:36:06,516 [INFO] ThirdParty:1030 - CMSIS Pack Vendor :STMicroelectronics X-CUBE-EEPRMA1 5.2.0
2026-07-28 12:36:06,516 [INFO] ThirdParty:1030 - CMSIS Pack Vendor :STMicroelectronics X-CUBE-IPS 3.2.0
2026-07-28 12:36:06,516 [INFO] ThirdParty:1030 - CMSIS Pack Vendor :STMicroelectronics eDS-WB_DPC_TT-BIDIR 2.1.1
2026-07-28 12:36:06,516 [INFO] ThirdParty:1030 - CMSIS Pack Vendor :STMicroelectronics X-CUBE-AZRTOS-WB 2.0.0
2026-07-28 12:36:06,516 [INFO] ThirdParty:1030 - CMSIS Pack Vendor :STMicroelectronics X-CUBE-NFC12 1.0.0
2026-07-28 12:36:06,516 [INFO] ThirdParty:1030 - CMSIS Pack Vendor :STMicroelectronics X-CUBE-AZRTOS-F7 1.1.0
2026-07-28 12:36:06,516 [INFO] ThirdParty:1030 - CMSIS Pack Vendor :STMicroelectronics X-CUBE-AZRTOS-L5 2.0.0
2026-07-28 12:36:06,516 [INFO] ThirdParty:1030 - CMSIS Pack Vendor :STMicroelectronics X-CUBE-FREERTOS 1.6.0
2026-07-28 12:36:06,516 [INFO] ThirdParty:1030 - CMSIS Pack Vendor :STMicroelectronics FP-SNS-STAIOTCFT 1.1.0
2026-07-28 12:36:06,516 [INFO] ThirdParty:1030 - CMSIS Pack Vendor :quantropi X-CUBE-qispace-sdk-base 2.1.0
2026-07-28 12:36:06,516 [INFO] ThirdParty:1030 - CMSIS Pack Vendor :STMicroelectronics X-CUBE-STSE01 2.0.0
2026-07-28 12:36:06,516 [INFO] ThirdParty:1030 - CMSIS Pack Vendor :STMicroelectronics X-CUBE-ALGOBUILD 1.5.0
2026-07-28 12:36:06,516 [INFO] ThirdParty:1030 - CMSIS Pack Vendor :STMicroelectronics FP-SNS-MOTENV1 5.1.0
2026-07-28 12:36:06,516 [INFO] ThirdParty:1030 - CMSIS Pack Vendor :STMicroelectronics X-CUBE-AZRTOS-H7RS 1.3.0
2026-07-28 12:36:06,516 [INFO] ThirdParty:1030 - CMSIS Pack Vendor :STMicroelectronics X-CUBE-AZRTOS-G0 1.1.0
2026-07-28 12:36:06,516 [INFO] ThirdParty:1030 - CMSIS Pack Vendor :STMicroelectronics X-CUBE-NFC4 3.0.0
2026-07-28 12:36:06,516 [INFO] ThirdParty:1030 - CMSIS Pack Vendor :STMicroelectronics X-CUBE-SUBG2 5.0.0
2026-07-28 12:36:06,516 [INFO] ThirdParty:1030 - CMSIS Pack Vendor :STMicroelectronics eDS-WB_DPC_VIENNA 1.2.0
2026-07-28 12:36:06,516 [INFO] ThirdParty:1030 - CMSIS Pack Vendor :EmbeddedOffice I-CUBE-FS-RTOS 1.0.1
2026-07-28 12:36:06,516 [INFO] ThirdParty:1030 - CMSIS Pack Vendor :STMicroelectronics X-CUBE-MEMS1 13.0.0
2026-07-28 12:36:06,516 [INFO] ThirdParty:1030 - CMSIS Pack Vendor :WES I-CUBE-Cesium 1.4.0
2026-07-28 12:36:06,516 [INFO] ThirdParty:1030 - CMSIS Pack Vendor :STMicroelectronics eDS-WB_DPC_3PH2L-BIDIR 1.1.1
2026-07-28 12:36:06,516 [INFO] ThirdParty:1030 - CMSIS Pack Vendor :STMicroelectronics X-CUBE-AZRTOS-G4 2.0.0
2026-07-28 12:36:06,516 [INFO] ThirdParty:1030 - CMSIS Pack Vendor :wolfSSL I-CUBE-wolfTPM 3.8.0
2026-07-28 12:36:06,516 [INFO] ThirdParty:1030 - CMSIS Pack Vendor :STMicroelectronics X-CUBE-DISPLAY 3.0.0
2026-07-28 12:36:06,516 [INFO] ThirdParty:1030 - CMSIS Pack Vendor :wolfSSL I-CUBE-wolfSSH 1.4.20
2026-07-28 12:36:06,516 [INFO] ThirdParty:1030 - CMSIS Pack Vendor :STMicroelectronics X-CUBE-NFC7 2.0.0
2026-07-28 12:36:06,516 [INFO] ThirdParty:1030 - CMSIS Pack Vendor :STMicroelectronics FP-SNS-MOTENVWB1 1.5.0
2026-07-28 12:36:06,516 [INFO] ThirdParty:1030 - CMSIS Pack Vendor :STMicroelectronics X-CUBE-GNSS1 7.1.1
2026-07-28 12:36:06,516 [INFO] ThirdParty:1030 - CMSIS Pack Vendor :STMicroelectronics X-CUBE-TCPP 4.2.0
2026-07-28 12:36:06,516 [INFO] ThirdParty:1030 - CMSIS Pack Vendor :RealThread X-CUBE-RT-Thread_Nano 4.1.1
2026-07-28 12:36:06,516 [INFO] ThirdParty:1030 - CMSIS Pack Vendor :STMicroelectronics FP-ATR-SIGFOX1 3.2.0
2026-07-28 12:36:06,516 [INFO] ThirdParty:1030 - CMSIS Pack Vendor :STMicroelectronics X-CUBE-NFC10 1.0.0
2026-07-28 12:36:06,516 [INFO] ThirdParty:1030 - CMSIS Pack Vendor :STMicroelectronics X-CUBE-ALS 1.0.2
2026-07-28 12:36:06,516 [INFO] ThirdParty:1030 - CMSIS Pack Vendor :STMicroelectronics X-CUBE-ST60 1.1.0
2026-07-28 12:36:06,516 [INFO] ThirdParty:1030 - CMSIS Pack Vendor :emotas I-CUBE-CANOPEN 1.3.0
2026-07-28 12:36:06,516 [INFO] ThirdParty:1030 - CMSIS Pack Vendor :wolfSSL I-CUBE-wolfSSL 5.9.2
2026-07-28 12:36:06,516 [INFO] ThirdParty:1030 - CMSIS Pack Vendor :ITTIA_DB I-CUBE-ITTIADB 8.9.0
2026-07-28 12:36:06,516 [INFO] ThirdParty:1030 - CMSIS Pack Vendor :Cesanta I-CUBE-Mongoose 7.21.7
2026-07-28 12:36:06,516 [INFO] ThirdParty:1030 - CMSIS Pack Vendor :STMicroelectronics X-CUBE-TOUCHGFX 4.26.1
2026-07-28 12:36:06,516 [INFO] ThirdParty:1030 - CMSIS Pack Vendor :STMicroelectronics X-CUBE-NFC6 3.2.0
2026-07-28 12:36:06,516 [INFO] ThirdParty:1030 - CMSIS Pack Vendor :STMicroelectronics FP-SNS-STBOX1 2.1.0
2026-07-28 12:36:06,516 [INFO] ThirdParty:1030 - CMSIS Pack Vendor :STMicroelectronics X-CUBE-AI 10.2.1
2026-07-28 12:36:06,516 [INFO] ThirdParty:1030 - CMSIS Pack Vendor :STMicroelectronics FP-SNS-SMARTAG2 1.2.0
2026-07-28 12:36:06,516 [INFO] ThirdParty:1030 - CMSIS Pack Vendor :STMicroelectronics FP-SNS-FLIGHT1 5.1.0
2026-07-28 12:36:06,516 [INFO] ThirdParty:1030 - CMSIS Pack Vendor :STMicroelectronics X-CUBE-AZRTOS-WL 2.0.0
2026-07-28 12:36:06,516 [INFO] ThirdParty:1030 - CMSIS Pack Vendor :SEGGER I-CUBE-embOS 1.3.1
2026-07-28 12:36:06,516 [INFO] ThirdParty:1030 - CMSIS Pack Vendor :STMicroelectronics X-CUBE-DPower 1.3.0
2026-07-28 12:36:06,516 [INFO] ThirdParty:1030 - CMSIS Pack Vendor :STMicroelectronics X-CUBE-AZRTOS-L4 2.0.0
2026-07-28 12:36:06,516 [INFO] ThirdParty:1030 - CMSIS Pack Vendor :STMicroelectronics X-CUBE-SFXS2LP1 4.0.0
2026-07-28 12:36:06,516 [INFO] ThirdParty:1030 - CMSIS Pack Vendor :STMicroelectronics X-CUBE-BLE2 3.3.0
2026-07-28 12:36:06,516 [INFO] ThirdParty:1030 - CMSIS Pack Vendor :Avnet-IOTCONNECT X-CUBE-iotc-st67-sdk 1.0.0
2026-07-28 12:36:06,516 [INFO] ThirdParty:1030 - CMSIS Pack Vendor :STMicroelectronics X-CUBE-TOF1 3.4.3
2026-07-28 12:36:06,516 [INFO] ThirdParty:1030 - CMSIS Pack Vendor :Infineon AIROC-Wi-Fi-Bluetooth-STM32 1.8.0
2026-07-28 12:36:06,516 [INFO] ThirdParty:1030 - CMSIS Pack Vendor :STMicroelectronics X-CUBE-NFC13 1.0.0
2026-07-28 12:36:06,516 [INFO] ThirdParty:1030 - CMSIS Pack Vendor :STMicroelectronics X-CUBE-WB05N 2.1.0
2026-07-28 12:36:06,516 [INFO] LoadServerUpdatesThread:375 - End of LoadServerUpdate Thread
2026-07-28 12:37:00,303 [INFO] McuFinderGlobals:63 - Set McuFinder mode to 2 (CubeIDE integrated)
2026-07-28 12:37:00,307 [INFO] MainUpdater:2872 - connection check result : 10
2026-07-28 12:37:00,309 [INFO] McuFinderGlobals:76 - Set McuFinderConnectedMode to true
2026-07-28 12:37:00,786 [INFO] ServerAccessManage:452 - Complete download http(s) 200
2026-07-28 12:37:00,786 [INFO] ServerAccessManage:509 - Download File mcusAds.json._tmp_
2026-07-28 12:37:00,924 [INFO] LoadUrlFilesThread:156 - End of LoadUrlFiles Thread
2026-07-28 12:37:01,409 [INFO] ServerAccessManage:452 - Complete download http(s) 200
2026-07-28 12:37:01,409 [INFO] ServerAccessManage:509 - Download File cube-finder-db.zip
2026-07-28 12:37:47,682 [INFO] FileExtend:248 - Unzip File : cube-finder-db.zip
2026-07-28 12:37:47,682 [INFO] FileExtend:263 - Standard Zip Deflate
2026-07-28 12:37:48,200 [INFO] LoadUrlFilesThread:156 - End of LoadUrlFiles Thread
2026-07-28 12:38:09,442 [ERROR] ServerAccessManage:1295 - Problem during Server Connection :  IO error Connection timed out: getsockopt
2026-07-28 12:38:09,443 [ERROR] ServerAccessManage:740 - Problem during Server Connection :  : crdb.zip.
2026-07-28 12:38:13,317 [INFO] LoadUrlFilesThread:156 - End of LoadUrlFiles Thread
2026-07-28 12:38:14,506 [INFO] DbMcusAds:53 - JSON generation date=Wed Jul 15 15:16:00 IST 2026 (1784108760991)
2026-07-28 12:38:14,513 [ERROR] TargetSelectorAdapter:267 - Unable to refresh data
2026-07-28 12:38:14,738 [INFO] ApiDb:581 - Connected to CubeFinder SQLite database (C:\Users\ADMIN\.stmcufinder\plugins\mcufinder\mcu\cube-finder-db.db)
2026-07-28 12:38:14,792 [INFO] ApiDb:668 - CubeFinder database Data Model version=2.1
2026-07-28 12:38:14,792 [INFO] ApiDb:669 - CubeFinder database Configuration version=3.0.42
2026-07-28 12:38:14,793 [INFO] ApiDb:670 - CubeFinder database generation date=2026-06-23 (1782213372)
2026-07-28 12:38:14,793 [INFO] ApiDb:671 - CubeFinder database FW Pack versions=[FP-ATR-ASTRA1_V2.0.0, FP-SNS-FLIGHT1_V5.1.0, FP-SNS-MOTENV1_V5.1.0, FP-SNS-MOTENVWB1_V1.5.0, FP-SNS-SMARTAG2_V1.2.0, FP-SNS-STBOX1_V2.1.0, STM32Cube_FW_C0_V1.4.0, STM32Cube_FW_F4_V1.28.3, STM32Cube_FW_F7_V1.17.4, STM32Cube_FW_G0_V1.6.3, STM32Cube_FW_G4_V1.6.2, STM32Cube_FW_H5_V1.7.0, STM32Cube_FW_H7RS_V1.3.0, STM32Cube_FW_H7_V1.13.0, STM32Cube_FW_L0_V1.12.2, STM32Cube_FW_L4_V1.18.2, STM32Cube_FW_L5_V1.6.0, STM32Cube_FW_N6_V1.4.0, STM32Cube_FW_U0_V1.3.0, STM32Cube_FW_U3_V1.4.0, STM32Cube_FW_U5_V1.9.0, STM32Cube_FW_WB0_V1.5.0, STM32Cube_FW_WBA_V1.10.0, STM32Cube_FW_WB_V1.24.0, STM32Cube_FW_WL3_V1.5.0, STM32Cube_FW_WL_V1.6.0, X-CUBE-ALGOBUILD_V1.5.0, X-CUBE-ALS_V1.0.2, X-CUBE-AZRTOS-F4_V1.1.0, X-CUBE-AZRTOS-F7_V1.1.0, X-CUBE-AZRTOS-G0_V1.1.0, X-CUBE-AZRTOS-G4_V2.0.0, X-CUBE-AZRTOS-H7RS_V1.1.0, X-CUBE-AZRTOS-H7_V3.5.0, X-CUBE-AZRTOS-L4_V2.0.0, X-CUBE-AZRTOS-L5_V2.0.0, X-CUBE-AZRTOS-WB_V2.0.0, X-CUBE-AZRTOS-WL_V2.0.0, X-CUBE-BLE1_V7.1.0, X-CUBE-BLE2_V3.3.0, X-CUBE-BLEMGR_V4.1.0, X-CUBE-EEPRMA1_V5.2.0, X-CUBE-FREERTOS_V1.5.0, X-CUBE-GNSS1_V7.1.1, X-CUBE-MEMS1_V12.1.0, X-CUBE-NFC4_V3.0.0, X-CUBE-NFC7_V2.0.0, X-CUBE-SFXS2LP1_V4.0.0, X-CUBE-ST67W61_V1.3.0, X-CUBE-SUBG2_V5.0.0, X-CUBE-TOF1_V3.4.3]
2026-07-28 12:38:16,208 [INFO] ApiDb:240 - Found 880 in-development CPN: [B-G473E-ZEST1S, B-WB1M-WPAN1, B-WBA5M-WPAN, B-WL5M-SUBG1, NUCLEO-C031C6, NUCLEO-C051C8, NUCLEO-C071RB, NUCLEO-C092RC, NUCLEO-H503RB, NUCLEO-H533RE, NUCLEO-H563ZI, NUCLEO-H7S3L8, NUCLEO-N657X0-Q, NUCLEO-U031R8, NUCLEO-U083RC, NUCLEO-U385RG-Q, NUCLEO-U545RE-Q, NUCLEO-U5A5ZJ-Q, NUCLEO-WB05KZ, NUCLEO-WB07CC, NUCLEO-WB09KE, NUCLEO-WBA52CG, NUCLEO-WBA55CG, NUCLEO-WL33CC1, NUCLEO-WL33CC2, STEVAL-PROTEUS1, STEVAL-SMARTAG2, STEVAL-STWINBX1, STM320518-EVAL, STM32C0116-DK, STM32C011D6Y3TR, STM32C011D6Y6TR, STM32C011F4P3, STM32C011F4P6, STM32C011F4U3, STM32C011F4U6TR, STM32C011F6P3, STM32C011F6P6, STM32C011F6U3, STM32C011F6U6TR, STM32C011J4M3, STM32C011J4M6, STM32C011J6M3, STM32C011J6M6, STM32C0316-DK, STM32C031C4T3, STM32C031C4T6, STM32C031C4U3, STM32C031C4U6, STM32C031C6T3, STM32C031C6T6, STM32C031C6U3, STM32C031C6U6, STM32C031F4P3, STM32C031F4P6, STM32C031F6P3, STM32C031F6P6, STM32C031G4U3, STM32C031G4U6, STM32C031G6U3, STM32C031G6U6, STM32C031K4T3, STM32C031K4T6, STM32C031K4U3, STM32C031K4U6, STM32C031K6T3, STM32C031K6T6, STM32C031K6U3, STM32C031K6U6, STM32C051C6T6, STM32C051C6U6, STM32C051C8T6, STM32C051C8U6, STM32C051D8Y6TR, STM32C051F6P6, STM32C051F8P6, STM32C051G6U6, STM32C051G8U6, STM32C051K6T6, STM32C051K6U6, STM32C051K8T6, STM32C071C8T6, STM32C071C8T6N, STM32C071C8U6, STM32C071C8U6N, STM32C071CBT6, STM32C071CBT6N, STM32C071CBU6, STM32C071CBU6N, STM32C071F8P6, STM32C071F8P6N, STM32C071FBP6, STM32C071FBP6N, STM32C071FBY6TR, STM32C071G8U6, STM32C071G8U6N, STM32C071GBU6, STM32C071GBU6N, STM32C071K8T6, STM32C071K8T6N, STM32C071K8U6, STM32C071K8U6N, STM32C071KBT6, STM32C071KBT6N, STM32C071KBU6, STM32C071KBU6N, STM32C071R8T6, STM32C071R8T6N, STM32C071RBI6N, STM32C071RBT6, STM32C071RBT6N, STM32C091CBT6, STM32C091CBU6, STM32C091CCT6, STM32C091CCU6, STM32C091ECY6TR, STM32C091FBP6, STM32C091FCP6, STM32C091GBU6, STM32C091GCU6, STM32C091KBT6, STM32C091KBU6, STM32C091KCT6, STM32C091KCU6, STM32C091RBT6, STM32C091RCI6, STM32C091RCT6, STM32C092CBT6, STM32C092CBU6, STM32C092CCT6, STM32C092CCU6, STM32C092ECY6TR, STM32C092FBP6, STM32C092FCP6, STM32C092GBU6, STM32C092GCU6, STM32C092KBT6, STM32C092KBU6, STM32C092KCT6, STM32C092KCU6, STM32C092RBT6, STM32C092RCI6, STM32C092RCT6, STM32G071K8TXN, STM32G071K8UXN, STM32G081GBU6N, STM32G081KBT6N, STM32G081KBUXN, STM32G0B1CCT6N, STM32G0B1KCT6, STM32G0B1NEY6TR, STM32G0B1RCT6N, STM32G0C1CCT6, STM32G0C1CCT6N, STM32G0C1CCU6N, STM32G0C1CET6N, STM32G0C1CEU6N, STM32G0C1KCT6, STM32G0C1NEY6TR, STM32G0C1RCI6N, STM32G0C1RCT6N, STM32G0C1REI6N, STM32G0C1RET6N, STM32G0C1VCI6, STM32G0C1VEI6, STM32G411C6T3, STM32G411C6T6, STM32G411C6U3, STM32G411C6U6, STM32G411C8T3, STM32G411C8T6, STM32G411C8U3, STM32G411C8U6, STM32G411CBT3, STM32G411CBT6, STM32G411CBU3, STM32G411CBU6, STM32G411K6T3, STM32G411K6T6, STM32G411K6U3, STM32G411K6U6, STM32G411K8T3, STM32G411K8T6, STM32G411K8U3, STM32G411K8U6, STM32G411KBT3, STM32G411KBT6, STM32G411KBU3, STM32G411KBU6, STM32G411M6T3, STM32G411M6T6, STM32G411M8T3, STM32G411M8T6, STM32G411MBT3, STM32G411MBT6, STM32G411R6T3, STM32G411R6T6, STM32G411R8T3, STM32G411R8T6, STM32G411RBT3, STM32G411RBT6, STM32G414CBT3, STM32G414CBT6, STM32G414CBU3, STM32G414CBU6, STM32G414CCT3, STM32G414CCT6, STM32G414CCU3, STM32G414CCU6, STM32G414MBT3, STM32G414MBT6, STM32G414MCT3, STM32G414MCT6, STM32G414RBT3, STM32G414RBT6, STM32G414RCT3, STM32G414RCT6, STM32G414VBT3, STM32G414VBT6, STM32G414VCT3, STM32G414VCT6, STM32G431CBT3Z, STM32G431RBT3Z, STM32G471CCT6, STM32G471CCU6, STM32G471CET3, STM32G471CET6, STM32G471CEU3, STM32G471CEU6, STM32G471MCT6, STM32G471MET3, STM32G471MET6, STM32G471MEY6TR, STM32G471QCT6, STM32G471QET3, STM32G471RCT6, STM32G471RET3, STM32G471RET6, STM32G471VCH6, STM32G471VCI6, STM32G471VCT6, STM32G471VEH3, STM32G471VEH6, STM32G471VEI3, STM32G471VEI6, STM32G471VET3, STM32G471VET6, STM32G473QET3Z, STM32G473RET3Z, STM32G474CCT6, STM32G491RET3Z, STM32H503CBT6, STM32H503CBU6, STM32H503EBY6TR, STM32H503KBU6, STM32H503RBT6, STM32H523CCT6, STM32H523CCU6, STM32H523CET6, STM32H523CEU6, STM32H523HEY6TR, STM32H523RCT6, STM32H523RET6, STM32H523VCI6, STM32H523VCT6, STM32H523VEI6, STM32H523VET6, STM32H523ZCJ6, STM32H523ZCT6, STM32H523ZEJ6, STM32H523ZET6, STM32H533CET6, STM32H533CEU6, STM32H533HEY6TR, STM32H533RET6, STM32H533VEI6, STM32H533VET6, STM32H533ZEJ6, STM32H533ZET6, STM32H562AGI6, STM32H562AII6, STM32H562IGK6, STM32H562IGT6, STM32H562IIK6, STM32H562IIT6, STM32H562RGT6, STM32H562RGV6, STM32H562RIT6, STM32H562RIV6, STM32H562VGT6, STM32H562VIT6, STM32H562ZGT6, STM32H562ZIT6, STM32H563AGI6, STM32H563AII3Q, STM32H563AII6, STM32H563IGK6, STM32H563IGT6, STM32H563IIK3Q, STM32H563IIK6, STM32H563IIT3Q, STM32H563IIT6, STM32H563MIY3QTR, STM32H563RGT6, STM32H563RGV6, STM32H563RIT6, STM32H563RIV6, STM32H563VGT6, STM32H563VIT3Q, STM32H563VIT6, STM32H563ZGT6, STM32H563ZIT3Q, STM32H563ZIT6, STM32H573AII3Q, STM32H573AII6, STM32H573I-DK, STM32H573IIK3Q, STM32H573IIK6, STM32H573IIT3Q, STM32H573IIT6, STM32H573MIY3QTR, STM32H573RIT6, STM32H573RIV6, STM32H573VIT3Q, STM32H573VIT6, STM32H573ZIT3Q, STM32H573ZIT6, STM32H7R3A8I6, STM32H7R3I8K6, STM32H7R3I8T6, STM32H7R3L8H6, STM32H7R3L8H6H, STM32H7R3R8V6, STM32H7R3V8H6, STM32H7R3V8T6, STM32H7R3V8Y6TR, STM32H7R3Z8J6, STM32H7R3Z8T6, STM32H7R7A8I6, STM32H7R7I8K6, STM32H7R7I8T6, STM32H7R7L8H6, STM32H7R7L8H6H, STM32H7R7Z8J6, STM32H7S3A8I6, STM32H7S3I8K6, STM32H7S3I8T6, STM32H7S3L8H6, STM32H7S3L8H6H, STM32H7S3R8V6, STM32H7S3V8H6, STM32H7S3V8T6, STM32H7S3V8Y6TR, STM32H7S3Z8J6, STM32H7S3Z8T6, STM32H7S78-DK, STM32H7S7A8I6, STM32H7S7I8K6, STM32H7S7I8T6, STM32H7S7L8H6, STM32H7S7L8H6H, STM32H7S7Z8J6, STM32L4R5QGI6STR, STM32MP131AAE3, STM32MP131AAF3, STM32MP131AAG3, STM32MP131CAE3, STM32MP131CAF3, STM32MP131CAG3, STM32MP131DAE7, STM32MP131DAF7, STM32MP131DAG7, STM32MP131FAE7, STM32MP131FAF7, STM32MP131FAG7, STM32MP133AAE3, STM32MP133AAF3, STM32MP133AAG3, STM32MP133CAE3, STM32MP133CAF3, STM32MP133CAG3, STM32MP133DAE7, STM32MP133DAF7, STM32MP133DAG7, STM32MP133FAE7, STM32MP133FAF7, STM32MP133FAG7, STM32MP135AAE3, STM32MP135AAF3, STM32MP135AAG3, STM32MP135CAE3, STM32MP135CAF3, STM32MP135CAG3, STM32MP135DAE7, STM32MP135DAF7, STM32MP135DAG7, STM32MP135F-DK, STM32MP135FAE7, STM32MP135FAF7, STM32MP135FAF7T, STM32MP135FAF7U, STM32MP135FAG7, STM32MP211AAL3, STM32MP211AAM3, STM32MP211AAN3, STM32MP211AAO3, STM32MP211CAL3, STM32MP211CAM3, STM32MP211CAN3, STM32MP211CAO3, STM32MP211DAL3, STM32MP211DAM3, STM32MP211DAN3, STM32MP211DAO3, STM32MP211FAL3, STM32MP211FAM3, STM32MP211FAN3, STM32MP211FAO3, STM32MP213AAL3, STM32MP213AAM3, STM32MP213AAN3, STM32MP213AAO3, STM32MP213CAL3, STM32MP213CAM3, STM32MP213CAN3, STM32MP213CAO3, STM32MP213DAL3, STM32MP213DAM3, STM32MP213DAN3, STM32MP213DAO3, STM32MP213FAL3, STM32MP213FAM3, STM32MP213FAN3, STM32MP213FAO3, STM32MP215AAL3, STM32MP215AAM3, STM32MP215AAN3, STM32MP215AAO3, STM32MP215CAL3, STM32MP215CAM3, STM32MP215CAN3, STM32MP215CAO3, STM32MP215DAL3, STM32MP215DAM3, STM32MP215DAN3, STM32MP215DAO3, STM32MP215F-DK, STM32MP215FAL3, STM32MP215FAM3, STM32MP215FAN3, STM32MP215FAO3, STM32MP231AAJ3, STM32MP231AAK3, STM32MP231AAL3, STM32MP231CAJ3, STM32MP231CAK3, STM32MP231CAL3, STM32MP231DAJ3, STM32MP231DAK3, STM32MP231DAL3, STM32MP231FAJ3, STM32MP231FAK3, STM32MP231FAL3, STM32MP233AAJ3, STM32MP233AAK3, STM32MP233AAL3, STM32MP233CAJ3, STM32MP233CAK3, STM32MP233CAL3, STM32MP233DAJ3, STM32MP233DAK3, STM32MP233DAL3, STM32MP233FAJ3, STM32MP233FAK3, STM32MP233FAL3, STM32MP235AAJ3, STM32MP235AAK3, STM32MP235AAL3, STM32MP235CAJ3, STM32MP235CAK3, STM32MP235CAL3, STM32MP235DAJ3, STM32MP235DAK3, STM32MP235DAL3, STM32MP235FAJ3, STM32MP235FAK3, STM32MP235FAL3, STM32MP251AAI3, STM32MP251AAK3, STM32MP251AAL3, STM32MP251CAI3, STM32MP251CAK3, STM32MP251CAL3, STM32MP251DAI3, STM32MP251DAK3, STM32MP251DAL3, STM32MP251FAI3, STM32MP251FAK3, STM32MP251FAL3, STM32MP253AAI3, STM32MP253AAK3, STM32MP253AAL3, STM32MP253CAI3, STM32MP253CAK3, STM32MP253CAL3, STM32MP253DAI3, STM32MP253DAK3, STM32MP253DAL3, STM32MP253FAI3, STM32MP253FAK3, STM32MP253FAL3, STM32MP255AAI3, STM32MP255AAK3, STM32MP255AAL3, STM32MP255CAI3, STM32MP255CAK3, STM32MP255CAL3, STM32MP255DAI3, STM32MP255DAK3, STM32MP255DAL3, STM32MP255FAI3, STM32MP255FAK3, STM32MP255FAL3, STM32MP257AAI3, STM32MP257AAK3, STM32MP257AAL3, STM32MP257CAI3, STM32MP257CAK3, STM32MP257CAL3, STM32MP257DAI3, STM32MP257DAK3, STM32MP257DAL3, STM32MP257F-DK, STM32MP257F-EV1, STM32MP257FAI3, STM32MP257FAK3, STM32MP257FAL3, STM32N645A0H3Q, STM32N645B0H3Q, STM32N645I0H3Q, STM32N645L0H3Q, STM32N645X0H3Q, STM32N645Z0H3Q, STM32N647A0H3Q, STM32N647B0H3Q, STM32N647I0H3Q, STM32N647L0H3Q, STM32N647X0H3Q, STM32N647Z0H3Q, STM32N655A0H3Q, STM32N655B0H3Q, STM32N655I0H3Q, STM32N655L0H3Q, STM32N655X0H3Q, STM32N655Z0H3Q, STM32N6570-DK, STM32N657A0H3Q, STM32N657B0H3Q, STM32N657I0H3Q, STM32N657L0H3Q, STM32N657X0H3Q, STM32N657Z0H3Q, STM32U031C6T6, STM32U031C6U6, STM32U031C8T6, STM32U031C8U6, STM32U031F4P6, STM32U031F6P6, STM32U031F8P6, STM32U031G6Y6TR, STM32U031G8Y6TR, STM32U031K4U6, STM32U031K6U6, STM32U031K8U6, STM32U031R6I6, STM32U031R6T6, STM32U031R8I6, STM32U031R8T6, STM32U073C8T6, STM32U073C8U6, STM32U073CBT6, STM32U073CBU6, STM32U073CCT6, STM32U073CCU6, STM32U073H8Y6TR, STM32U073HBY6TR, STM32U073HCY6TR, STM32U073K8U6, STM32U073KBU6, STM32U073KCU6, STM32U073M8I6, STM32U073M8T6, STM32U073MBI6, STM32U073MBT6, STM32U073MCI6, STM32U073MCT6, STM32U073R8I6, STM32U073R8T6, STM32U073RBI6, STM32U073RBT6, STM32U073RCI6, STM32U073RCT6, STM32U083C-DK, STM32U083CCT6, STM32U083CCU6, STM32U083HCY6TR, STM32U083KCU6, STM32U083MCI6, STM32U083MCT6, STM32U083RCI6, STM32U083RCT6, STM32U375CET6, STM32U375CET6Q, STM32U375CEU6, STM32U375CEU6Q, STM32U375CEY6QTR, STM32U375CGT6, STM32U375CGT6Q, STM32U375CGU6, STM32U375CGU6Q, STM32U375CGY6QTR, STM32U375KEU6, STM32U375KGU6, STM32U375REI6, STM32U375REI6Q, STM32U375RET6, STM32U375RET6Q, STM32U375REY6GTR, STM32U375REY6QTR, STM32U375RGI6, STM32U375RGI6Q, STM32U375RGT6, STM32U375RGT6Q, STM32U375RGY6GTR, STM32U375RGY6QTR, STM32U375VEI6, STM32U375VEI6Q, STM32U375VET6, STM32U375VET6Q, STM32U375VGI6, STM32U375VGI6Q, STM32U375VGT6, STM32U375VGT6Q, STM32U385CGT6, STM32U385CGT6Q, STM32U385CGU6, STM32U385CGU6Q, STM32U385CGY6QTR, STM32U385KGU6, STM32U385RGI6, STM32U385RGI6Q, STM32U385RGT6, STM32U385RGT6Q, STM32U385RGY6GTR, STM32U385RGY6QTR, STM32U385VGI6, STM32U385VGI6Q, STM32U385VGT6, STM32U385VGT6Q, STM32U535CBT6, STM32U535CBT6Q, STM32U535CBU6, STM32U535CBU6Q, STM32U535CCT6, STM32U535CCT6Q, STM32U535CCU6, STM32U535CCU6Q, STM32U535CET6, STM32U535CET6Q, STM32U535CEU6, STM32U535CEU6Q, STM32U535JEY6QTR, STM32U535NCY6QTR, STM32U535NEY6QTR, STM32U535RBI6, STM32U535RBI6Q, STM32U535RBT6, STM32U535RBT6Q, STM32U535RCI6, STM32U535RCI6Q, STM32U535RCT6, STM32U535RCT6Q, STM32U535REI6, STM32U535REI6Q, STM32U535RET6, STM32U535RET6Q, STM32U535VCI6, STM32U535VCI6Q, STM32U535VCT6, STM32U535VCT6Q, STM32U535VEI6, STM32U535VEI6Q, STM32U535VET6, STM32U535VET6Q, STM32U545CET6, STM32U545CET6Q, STM32U545CEU6, STM32U545CEU6Q, STM32U545JEY6QTR, STM32U545NEY6QTR, STM32U545REI6, STM32U545REI6Q, STM32U545RET6, STM32U545RET6Q, STM32U545VEI6, STM32U545VEI6Q, STM32U545VET6, STM32U545VET6Q, STM32U595AIH6, STM32U595AIH6Q, STM32U595AJH6, STM32U595AJH6Q, STM32U595QII6, STM32U595QII6Q, STM32U595QJI6, STM32U595QJI6Q, STM32U595RIT6, STM32U595RIT6Q, STM32U595RJT6, STM32U595RJT6Q, STM32U595VIT6, STM32U595VIT6Q, STM32U595VJT6, STM32U595VJT6Q, STM32U595ZIT6, STM32U595ZIT6Q, STM32U595ZIY6QTR, STM32U595ZJT6, STM32U595ZJT6Q, STM32U595ZJY6QTR, STM32U599BJY6QTR, STM32U599NIH6Q, STM32U599NJH6Q, STM32U599VIT6Q, STM32U599VJT6, STM32U599VJT6Q, STM32U599ZIT6Q, STM32U599ZIY6QTR, STM32U599ZJT6Q, STM32U599ZJY6QTR, STM32U5A5AJH6, STM32U5A5AJH6Q, STM32U5A5QII3Q , STM32U5A5QJI6, STM32U5A5QJI6Q, STM32U5A5RJT6, STM32U5A5RJT6Q, STM32U5A5VJT6, STM32U5A5VJT6Q, STM32U5A5ZJT6, STM32U5A5ZJT6Q, STM32U5A5ZJY6QTR, STM32U5A9BJY6QTR, STM32U5A9J-DK, STM32U5A9NJH6Q, STM32U5A9VJT6Q, STM32U5A9ZJT6Q, STM32U5A9ZJY6QTR, STM32U5F7VIT6, STM32U5F7VIT6Q, STM32U5F7VJT6, STM32U5F7VJT6Q, STM32U5F9BJY6QTR, STM32U5F9NJH6Q, STM32U5F9VIT6Q, STM32U5F9VJT6Q, STM32U5F9ZIJ6QTR, STM32U5F9ZIT6Q, STM32U5F9ZJJ6QTR, STM32U5F9ZJT6Q, STM32U5G7VJT6, STM32U5G7VJT6Q, STM32U5G9BJY6QTR, STM32U5G9J-DK1, STM32U5G9J-DK2, STM32U5G9NJH6Q, STM32U5G9VJT6Q, STM32U5G9ZJJ6QTR, STM32U5G9ZJT6Q, STM32WB05KZV6TR, STM32WB05KZV7TR, STM32WB05TZF6TR, STM32WB05TZF7TR, STM32WB06CCF6TR, STM32WB06CCF7TR, STM32WB06CCV6TR, STM32WB06CCV7TR, STM32WB06KCV6TR, STM32WB06KCV7TR, STM32WB07CCF6TR, STM32WB07CCF7TR, STM32WB07CCV6TR, STM32WB07CCV7TR, STM32WB07KCV6TR, STM32WB07KCV7TR, STM32WB09KEV6TR, STM32WB09KEV7TR, STM32WB09TEF6TR, STM32WB09TEF7TR, STM32WB1MMCH6, STM32WBA50KGU6, STM32WBA50KGU6TR, STM32WBA52CEU6, STM32WBA52CEU6TR, STM32WBA52CEU7, STM32WBA52CEU7TR, STM32WBA52CGU6, STM32WBA52CGU6TR, STM32WBA52CGU6U, STM32WBA52CGU7, STM32WBA52CGU7TR, STM32WBA52KEU6, STM32WBA52KEU6TR, STM32WBA52KGU6, STM32WBA52KGU6TR, STM32WBA54CEU6, STM32WBA54CEU6TR, STM32WBA54CEU7, STM32WBA54CEU7TR, STM32WBA54CGU6, STM32WBA54CGU6TR, STM32WBA54CGU7, STM32WBA54CGU7TR, STM32WBA54KEU6, STM32WBA54KEU6TR, STM32WBA54KEU7, STM32WBA54KEU7TR, STM32WBA54KGU6, STM32WBA54KGU6TR, STM32WBA54KGU7, STM32WBA54KGU7TR, STM32WBA55CEU6, STM32WBA55CEU6TR, STM32WBA55CEU7, STM32WBA55CEU7TR, STM32WBA55CGU6, STM32WBA55CGU6TR, STM32WBA55CGU6U, STM32WBA55CGU7, STM32WBA55CGU7TR, STM32WBA55G-DK1, STM32WBA55HEF6, STM32WBA55HEF7, STM32WBA55HGF6, STM32WBA55HGF7, STM32WBA55UEI6, STM32WBA55UEI6TR, STM32WBA55UEI7, STM32WBA55UEI7TR, STM32WBA55UGI6, STM32WBA55UGI6TR, STM32WBA55UGI7, STM32WBA55UGI7TR, STM32WBA5MMGH6TR, STM32WBA62MGF6, STM32WBA62MIF6, STM32WBA65MGF7, STM32WBA65MIF6, STM32WBA65MIF7, STM32WL30K8V6, STM32WL30KBV6, STM32WL31C8V6, STM32WL31CBV6, STM32WL31K8V6, STM32WL31KBV6, STM32WL33C8V6, STM32WL33C8V6X, STM32WL33CBV6, STM32WL33CBV6X, STM32WL33CCV6, STM32WL33CCV6A, STM32WL33CCV6X, STM32WL33K8V7, STM32WL33K8V7X, STM32WL33KBV7 , STM32WL33KBV7X, STM32WL33KCV7, STM32WL33KCV7X, STM32WL5MOCH6, STM32WL5MOCH6TR]
2026-07-28 12:38:16,214 [INFO] DbMcus:218 - Found 5250 MCUs, 5097 are supported
2026-07-28 12:38:16,214 [INFO] ApiDb:414 - User favorites file not found: C:\Users\ADMIN/.stm32cubeide/favorites.mcus.txt
2026-07-28 12:38:16,214 [INFO] DbMcus:224 - Set 0 / 0 favorites MCUs
2026-07-28 12:38:16,499 [INFO] ApiDb:668 - CubeFinder database Data Model version=2.1
2026-07-28 12:38:16,499 [INFO] ApiDb:669 - CubeFinder database Configuration version=3.0.42
2026-07-28 12:38:16,499 [INFO] ApiDb:670 - CubeFinder database generation date=2026-06-23 (1782213372)
2026-07-28 12:38:16,499 [INFO] ApiDb:671 - CubeFinder database FW Pack versions=[FP-ATR-ASTRA1_V2.0.0, FP-SNS-FLIGHT1_V5.1.0, FP-SNS-MOTENV1_V5.1.0, FP-SNS-MOTENVWB1_V1.5.0, FP-SNS-SMARTAG2_V1.2.0, FP-SNS-STBOX1_V2.1.0, STM32Cube_FW_C0_V1.4.0, STM32Cube_FW_F4_V1.28.3, STM32Cube_FW_F7_V1.17.4, STM32Cube_FW_G0_V1.6.3, STM32Cube_FW_G4_V1.6.2, STM32Cube_FW_H5_V1.7.0, STM32Cube_FW_H7RS_V1.3.0, STM32Cube_FW_H7_V1.13.0, STM32Cube_FW_L0_V1.12.2, STM32Cube_FW_L4_V1.18.2, STM32Cube_FW_L5_V1.6.0, STM32Cube_FW_N6_V1.4.0, STM32Cube_FW_U0_V1.3.0, STM32Cube_FW_U3_V1.4.0, STM32Cube_FW_U5_V1.9.0, STM32Cube_FW_WB0_V1.5.0, STM32Cube_FW_WBA_V1.10.0, STM32Cube_FW_WB_V1.24.0, STM32Cube_FW_WL3_V1.5.0, STM32Cube_FW_WL_V1.6.0, X-CUBE-ALGOBUILD_V1.5.0, X-CUBE-ALS_V1.0.2, X-CUBE-AZRTOS-F4_V1.1.0, X-CUBE-AZRTOS-F7_V1.1.0, X-CUBE-AZRTOS-G0_V1.1.0, X-CUBE-AZRTOS-G4_V2.0.0, X-CUBE-AZRTOS-H7RS_V1.1.0, X-CUBE-AZRTOS-H7_V3.5.0, X-CUBE-AZRTOS-L4_V2.0.0, X-CUBE-AZRTOS-L5_V2.0.0, X-CUBE-AZRTOS-WB_V2.0.0, X-CUBE-AZRTOS-WL_V2.0.0, X-CUBE-BLE1_V7.1.0, X-CUBE-BLE2_V3.3.0, X-CUBE-BLEMGR_V4.1.0, X-CUBE-EEPRMA1_V5.2.0, X-CUBE-FREERTOS_V1.5.0, X-CUBE-GNSS1_V7.1.1, X-CUBE-MEMS1_V12.1.0, X-CUBE-NFC4_V3.0.0, X-CUBE-NFC7_V2.0.0, X-CUBE-SFXS2LP1_V4.0.0, X-CUBE-ST67W61_V1.3.0, X-CUBE-SUBG2_V5.0.0, X-CUBE-TOF1_V3.4.3]
2026-07-28 12:38:16,530 [INFO] DbBoardsSqlite:226 - include board P-NUCLEO-WB55-NUCLEO as a kit item of type 'Nucleo-64'
2026-07-28 12:38:16,531 [INFO] DbBoardsSqlite:226 - include board P-NUCLEO-WB55-USBDONGLE as a kit item of type 'Nucleo USB Dongle'
2026-07-28 12:38:16,531 [INFO] DbBoardsSqlite:226 - include board STEVAL-IDP005V1 as a kit item of type 'Evaluation Board'
2026-07-28 12:38:16,531 [INFO] DbBoardsSqlite:226 - include board STEVAL-IDP005V2 as a kit item of type 'Evaluation Board'
2026-07-28 12:38:16,573 [INFO] ApiDb:240 - Found 880 in-development CPN: [B-G473E-ZEST1S, B-WB1M-WPAN1, B-WBA5M-WPAN, B-WL5M-SUBG1, NUCLEO-C031C6, NUCLEO-C051C8, NUCLEO-C071RB, NUCLEO-C092RC, NUCLEO-H503RB, NUCLEO-H533RE, NUCLEO-H563ZI, NUCLEO-H7S3L8, NUCLEO-N657X0-Q, NUCLEO-U031R8, NUCLEO-U083RC, NUCLEO-U385RG-Q, NUCLEO-U545RE-Q, NUCLEO-U5A5ZJ-Q, NUCLEO-WB05KZ, NUCLEO-WB07CC, NUCLEO-WB09KE, NUCLEO-WBA52CG, NUCLEO-WBA55CG, NUCLEO-WL33CC1, NUCLEO-WL33CC2, STEVAL-PROTEUS1, STEVAL-SMARTAG2, STEVAL-STWINBX1, STM320518-EVAL, STM32C0116-DK, STM32C011D6Y3TR, STM32C011D6Y6TR, STM32C011F4P3, STM32C011F4P6, STM32C011F4U3, STM32C011F4U6TR, STM32C011F6P3, STM32C011F6P6, STM32C011F6U3, STM32C011F6U6TR, STM32C011J4M3, STM32C011J4M6, STM32C011J6M3, STM32C011J6M6, STM32C0316-DK, STM32C031C4T3, STM32C031C4T6, STM32C031C4U3, STM32C031C4U6, STM32C031C6T3, STM32C031C6T6, STM32C031C6U3, STM32C031C6U6, STM32C031F4P3, STM32C031F4P6, STM32C031F6P3, STM32C031F6P6, STM32C031G4U3, STM32C031G4U6, STM32C031G6U3, STM32C031G6U6, STM32C031K4T3, STM32C031K4T6, STM32C031K4U3, STM32C031K4U6, STM32C031K6T3, STM32C031K6T6, STM32C031K6U3, STM32C031K6U6, STM32C051C6T6, STM32C051C6U6, STM32C051C8T6, STM32C051C8U6, STM32C051D8Y6TR, STM32C051F6P6, STM32C051F8P6, STM32C051G6U6, STM32C051G8U6, STM32C051K6T6, STM32C051K6U6, STM32C051K8T6, STM32C071C8T6, STM32C071C8T6N, STM32C071C8U6, STM32C071C8U6N, STM32C071CBT6, STM32C071CBT6N, STM32C071CBU6, STM32C071CBU6N, STM32C071F8P6, STM32C071F8P6N, STM32C071FBP6, STM32C071FBP6N, STM32C071FBY6TR, STM32C071G8U6, STM32C071G8U6N, STM32C071GBU6, STM32C071GBU6N, STM32C071K8T6, STM32C071K8T6N, STM32C071K8U6, STM32C071K8U6N, STM32C071KBT6, STM32C071KBT6N, STM32C071KBU6, STM32C071KBU6N, STM32C071R8T6, STM32C071R8T6N, STM32C071RBI6N, STM32C071RBT6, STM32C071RBT6N, STM32C091CBT6, STM32C091CBU6, STM32C091CCT6, STM32C091CCU6, STM32C091ECY6TR, STM32C091FBP6, STM32C091FCP6, STM32C091GBU6, STM32C091GCU6, STM32C091KBT6, STM32C091KBU6, STM32C091KCT6, STM32C091KCU6, STM32C091RBT6, STM32C091RCI6, STM32C091RCT6, STM32C092CBT6, STM32C092CBU6, STM32C092CCT6, STM32C092CCU6, STM32C092ECY6TR, STM32C092FBP6, STM32C092FCP6, STM32C092GBU6, STM32C092GCU6, STM32C092KBT6, STM32C092KBU6, STM32C092KCT6, STM32C092KCU6, STM32C092RBT6, STM32C092RCI6, STM32C092RCT6, STM32G071K8TXN, STM32G071K8UXN, STM32G081GBU6N, STM32G081KBT6N, STM32G081KBUXN, STM32G0B1CCT6N, STM32G0B1KCT6, STM32G0B1NEY6TR, STM32G0B1RCT6N, STM32G0C1CCT6, STM32G0C1CCT6N, STM32G0C1CCU6N, STM32G0C1CET6N, STM32G0C1CEU6N, STM32G0C1KCT6, STM32G0C1NEY6TR, STM32G0C1RCI6N, STM32G0C1RCT6N, STM32G0C1REI6N, STM32G0C1RET6N, STM32G0C1VCI6, STM32G0C1VEI6, STM32G411C6T3, STM32G411C6T6, STM32G411C6U3, STM32G411C6U6, STM32G411C8T3, STM32G411C8T6, STM32G411C8U3, STM32G411C8U6, STM32G411CBT3, STM32G411CBT6, STM32G411CBU3, STM32G411CBU6, STM32G411K6T3, STM32G411K6T6, STM32G411K6U3, STM32G411K6U6, STM32G411K8T3, STM32G411K8T6, STM32G411K8U3, STM32G411K8U6, STM32G411KBT3, STM32G411KBT6, STM32G411KBU3, STM32G411KBU6, STM32G411M6T3, STM32G411M6T6, STM32G411M8T3, STM32G411M8T6, STM32G411MBT3, STM32G411MBT6, STM32G411R6T3, STM32G411R6T6, STM32G411R8T3, STM32G411R8T6, STM32G411RBT3, STM32G411RBT6, STM32G414CBT3, STM32G414CBT6, STM32G414CBU3, STM32G414CBU6, STM32G414CCT3, STM32G414CCT6, STM32G414CCU3, STM32G414CCU6, STM32G414MBT3, STM32G414MBT6, STM32G414MCT3, STM32G414MCT6, STM32G414RBT3, STM32G414RBT6, STM32G414RCT3, STM32G414RCT6, STM32G414VBT3, STM32G414VBT6, STM32G414VCT3, STM32G414VCT6, STM32G431CBT3Z, STM32G431RBT3Z, STM32G471CCT6, STM32G471CCU6, STM32G471CET3, STM32G471CET6, STM32G471CEU3, STM32G471CEU6, STM32G471MCT6, STM32G471MET3, STM32G471MET6, STM32G471MEY6TR, STM32G471QCT6, STM32G471QET3, STM32G471RCT6, STM32G471RET3, STM32G471RET6, STM32G471VCH6, STM32G471VCI6, STM32G471VCT6, STM32G471VEH3, STM32G471VEH6, STM32G471VEI3, STM32G471VEI6, STM32G471VET3, STM32G471VET6, STM32G473QET3Z, STM32G473RET3Z, STM32G474CCT6, STM32G491RET3Z, STM32H503CBT6, STM32H503CBU6, STM32H503EBY6TR, STM32H503KBU6, STM32H503RBT6, STM32H523CCT6, STM32H523CCU6, STM32H523CET6, STM32H523CEU6, STM32H523HEY6TR, STM32H523RCT6, STM32H523RET6, STM32H523VCI6, STM32H523VCT6, STM32H523VEI6, STM32H523VET6, STM32H523ZCJ6, STM32H523ZCT6, STM32H523ZEJ6, STM32H523ZET6, STM32H533CET6, STM32H533CEU6, STM32H533HEY6TR, STM32H533RET6, STM32H533VEI6, STM32H533VET6, STM32H533ZEJ6, STM32H533ZET6, STM32H562AGI6, STM32H562AII6, STM32H562IGK6, STM32H562IGT6, STM32H562IIK6, STM32H562IIT6, STM32H562RGT6, STM32H562RGV6, STM32H562RIT6, STM32H562RIV6, STM32H562VGT6, STM32H562VIT6, STM32H562ZGT6, STM32H562ZIT6, STM32H563AGI6, STM32H563AII3Q, STM32H563AII6, STM32H563IGK6, STM32H563IGT6, STM32H563IIK3Q, STM32H563IIK6, STM32H563IIT3Q, STM32H563IIT6, STM32H563MIY3QTR, STM32H563RGT6, STM32H563RGV6, STM32H563RIT6, STM32H563RIV6, STM32H563VGT6, STM32H563VIT3Q, STM32H563VIT6, STM32H563ZGT6, STM32H563ZIT3Q, STM32H563ZIT6, STM32H573AII3Q, STM32H573AII6, STM32H573I-DK, STM32H573IIK3Q, STM32H573IIK6, STM32H573IIT3Q, STM32H573IIT6, STM32H573MIY3QTR, STM32H573RIT6, STM32H573RIV6, STM32H573VIT3Q, STM32H573VIT6, STM32H573ZIT3Q, STM32H573ZIT6, STM32H7R3A8I6, STM32H7R3I8K6, STM32H7R3I8T6, STM32H7R3L8H6, STM32H7R3L8H6H, STM32H7R3R8V6, STM32H7R3V8H6, STM32H7R3V8T6, STM32H7R3V8Y6TR, STM32H7R3Z8J6, STM32H7R3Z8T6, STM32H7R7A8I6, STM32H7R7I8K6, STM32H7R7I8T6, STM32H7R7L8H6, STM32H7R7L8H6H, STM32H7R7Z8J6, STM32H7S3A8I6, STM32H7S3I8K6, STM32H7S3I8T6, STM32H7S3L8H6, STM32H7S3L8H6H, STM32H7S3R8V6, STM32H7S3V8H6, STM32H7S3V8T6, STM32H7S3V8Y6TR, STM32H7S3Z8J6, STM32H7S3Z8T6, STM32H7S78-DK, STM32H7S7A8I6, STM32H7S7I8K6, STM32H7S7I8T6, STM32H7S7L8H6, STM32H7S7L8H6H, STM32H7S7Z8J6, STM32L4R5QGI6STR, STM32MP131AAE3, STM32MP131AAF3, STM32MP131AAG3, STM32MP131CAE3, STM32MP131CAF3, STM32MP131CAG3, STM32MP131DAE7, STM32MP131DAF7, STM32MP131DAG7, STM32MP131FAE7, STM32MP131FAF7, STM32MP131FAG7, STM32MP133AAE3, STM32MP133AAF3, STM32MP133AAG3, STM32MP133CAE3, STM32MP133CAF3, STM32MP133CAG3, STM32MP133DAE7, STM32MP133DAF7, STM32MP133DAG7, STM32MP133FAE7, STM32MP133FAF7, STM32MP133FAG7, STM32MP135AAE3, STM32MP135AAF3, STM32MP135AAG3, STM32MP135CAE3, STM32MP135CAF3, STM32MP135CAG3, STM32MP135DAE7, STM32MP135DAF7, STM32MP135DAG7, STM32MP135F-DK, STM32MP135FAE7, STM32MP135FAF7, STM32MP135FAF7T, STM32MP135FAF7U, STM32MP135FAG7, STM32MP211AAL3, STM32MP211AAM3, STM32MP211AAN3, STM32MP211AAO3, STM32MP211CAL3, STM32MP211CAM3, STM32MP211CAN3, STM32MP211CAO3, STM32MP211DAL3, STM32MP211DAM3, STM32MP211DAN3, STM32MP211DAO3, STM32MP211FAL3, STM32MP211FAM3, STM32MP211FAN3, STM32MP211FAO3, STM32MP213AAL3, STM32MP213AAM3, STM32MP213AAN3, STM32MP213AAO3, STM32MP213CAL3, STM32MP213CAM3, STM32MP213CAN3, STM32MP213CAO3, STM32MP213DAL3, STM32MP213DAM3, STM32MP213DAN3, STM32MP213DAO3, STM32MP213FAL3, STM32MP213FAM3, STM32MP213FAN3, STM32MP213FAO3, STM32MP215AAL3, STM32MP215AAM3, STM32MP215AAN3, STM32MP215AAO3, STM32MP215CAL3, STM32MP215CAM3, STM32MP215CAN3, STM32MP215CAO3, STM32MP215DAL3, STM32MP215DAM3, STM32MP215DAN3, STM32MP215DAO3, STM32MP215F-DK, STM32MP215FAL3, STM32MP215FAM3, STM32MP215FAN3, STM32MP215FAO3, STM32MP231AAJ3, STM32MP231AAK3, STM32MP231AAL3, STM32MP231CAJ3, STM32MP231CAK3, STM32MP231CAL3, STM32MP231DAJ3, STM32MP231DAK3, STM32MP231DAL3, STM32MP231FAJ3, STM32MP231FAK3, STM32MP231FAL3, STM32MP233AAJ3, STM32MP233AAK3, STM32MP233AAL3, STM32MP233CAJ3, STM32MP233CAK3, STM32MP233CAL3, STM32MP233DAJ3, STM32MP233DAK3, STM32MP233DAL3, STM32MP233FAJ3, STM32MP233FAK3, STM32MP233FAL3, STM32MP235AAJ3, STM32MP235AAK3, STM32MP235AAL3, STM32MP235CAJ3, STM32MP235CAK3, STM32MP235CAL3, STM32MP235DAJ3, STM32MP235DAK3, STM32MP235DAL3, STM32MP235FAJ3, STM32MP235FAK3, STM32MP235FAL3, STM32MP251AAI3, STM32MP251AAK3, STM32MP251AAL3, STM32MP251CAI3, STM32MP251CAK3, STM32MP251CAL3, STM32MP251DAI3, STM32MP251DAK3, STM32MP251DAL3, STM32MP251FAI3, STM32MP251FAK3, STM32MP251FAL3, STM32MP253AAI3, STM32MP253AAK3, STM32MP253AAL3, STM32MP253CAI3, STM32MP253CAK3, STM32MP253CAL3, STM32MP253DAI3, STM32MP253DAK3, STM32MP253DAL3, STM32MP253FAI3, STM32MP253FAK3, STM32MP253FAL3, STM32MP255AAI3, STM32MP255AAK3, STM32MP255AAL3, STM32MP255CAI3, STM32MP255CAK3, STM32MP255CAL3, STM32MP255DAI3, STM32MP255DAK3, STM32MP255DAL3, STM32MP255FAI3, STM32MP255FAK3, STM32MP255FAL3, STM32MP257AAI3, STM32MP257AAK3, STM32MP257AAL3, STM32MP257CAI3, STM32MP257CAK3, STM32MP257CAL3, STM32MP257DAI3, STM32MP257DAK3, STM32MP257DAL3, STM32MP257F-DK, STM32MP257F-EV1, STM32MP257FAI3, STM32MP257FAK3, STM32MP257FAL3, STM32N645A0H3Q, STM32N645B0H3Q, STM32N645I0H3Q, STM32N645L0H3Q, STM32N645X0H3Q, STM32N645Z0H3Q, STM32N647A0H3Q, STM32N647B0H3Q, STM32N647I0H3Q, STM32N647L0H3Q, STM32N647X0H3Q, STM32N647Z0H3Q, STM32N655A0H3Q, STM32N655B0H3Q, STM32N655I0H3Q, STM32N655L0H3Q, STM32N655X0H3Q, STM32N655Z0H3Q, STM32N6570-DK, STM32N657A0H3Q, STM32N657B0H3Q, STM32N657I0H3Q, STM32N657L0H3Q, STM32N657X0H3Q, STM32N657Z0H3Q, STM32U031C6T6, STM32U031C6U6, STM32U031C8T6, STM32U031C8U6, STM32U031F4P6, STM32U031F6P6, STM32U031F8P6, STM32U031G6Y6TR, STM32U031G8Y6TR, STM32U031K4U6, STM32U031K6U6, STM32U031K8U6, STM32U031R6I6, STM32U031R6T6, STM32U031R8I6, STM32U031R8T6, STM32U073C8T6, STM32U073C8U6, STM32U073CBT6, STM32U073CBU6, STM32U073CCT6, STM32U073CCU6, STM32U073H8Y6TR, STM32U073HBY6TR, STM32U073HCY6TR, STM32U073K8U6, STM32U073KBU6, STM32U073KCU6, STM32U073M8I6, STM32U073M8T6, STM32U073MBI6, STM32U073MBT6, STM32U073MCI6, STM32U073MCT6, STM32U073R8I6, STM32U073R8T6, STM32U073RBI6, STM32U073RBT6, STM32U073RCI6, STM32U073RCT6, STM32U083C-DK, STM32U083CCT6, STM32U083CCU6, STM32U083HCY6TR, STM32U083KCU6, STM32U083MCI6, STM32U083MCT6, STM32U083RCI6, STM32U083RCT6, STM32U375CET6, STM32U375CET6Q, STM32U375CEU6, STM32U375CEU6Q, STM32U375CEY6QTR, STM32U375CGT6, STM32U375CGT6Q, STM32U375CGU6, STM32U375CGU6Q, STM32U375CGY6QTR, STM32U375KEU6, STM32U375KGU6, STM32U375REI6, STM32U375REI6Q, STM32U375RET6, STM32U375RET6Q, STM32U375REY6GTR, STM32U375REY6QTR, STM32U375RGI6, STM32U375RGI6Q, STM32U375RGT6, STM32U375RGT6Q, STM32U375RGY6GTR, STM32U375RGY6QTR, STM32U375VEI6, STM32U375VEI6Q, STM32U375VET6, STM32U375VET6Q, STM32U375VGI6, STM32U375VGI6Q, STM32U375VGT6, STM32U375VGT6Q, STM32U385CGT6, STM32U385CGT6Q, STM32U385CGU6, STM32U385CGU6Q, STM32U385CGY6QTR, STM32U385KGU6, STM32U385RGI6, STM32U385RGI6Q, STM32U385RGT6, STM32U385RGT6Q, STM32U385RGY6GTR, STM32U385RGY6QTR, STM32U385VGI6, STM32U385VGI6Q, STM32U385VGT6, STM32U385VGT6Q, STM32U535CBT6, STM32U535CBT6Q, STM32U535CBU6, STM32U535CBU6Q, STM32U535CCT6, STM32U535CCT6Q, STM32U535CCU6, STM32U535CCU6Q, STM32U535CET6, STM32U535CET6Q, STM32U535CEU6, STM32U535CEU6Q, STM32U535JEY6QTR, STM32U535NCY6QTR, STM32U535NEY6QTR, STM32U535RBI6, STM32U535RBI6Q, STM32U535RBT6, STM32U535RBT6Q, STM32U535RCI6, STM32U535RCI6Q, STM32U535RCT6, STM32U535RCT6Q, STM32U535REI6, STM32U535REI6Q, STM32U535RET6, STM32U535RET6Q, STM32U535VCI6, STM32U535VCI6Q, STM32U535VCT6, STM32U535VCT6Q, STM32U535VEI6, STM32U535VEI6Q, STM32U535VET6, STM32U535VET6Q, STM32U545CET6, STM32U545CET6Q, STM32U545CEU6, STM32U545CEU6Q, STM32U545JEY6QTR, STM32U545NEY6QTR, STM32U545REI6, STM32U545REI6Q, STM32U545RET6, STM32U545RET6Q, STM32U545VEI6, STM32U545VEI6Q, STM32U545VET6, STM32U545VET6Q, STM32U595AIH6, STM32U595AIH6Q, STM32U595AJH6, STM32U595AJH6Q, STM32U595QII6, STM32U595QII6Q, STM32U595QJI6, STM32U595QJI6Q, STM32U595RIT6, STM32U595RIT6Q, STM32U595RJT6, STM32U595RJT6Q, STM32U595VIT6, STM32U595VIT6Q, STM32U595VJT6, STM32U595VJT6Q, STM32U595ZIT6, STM32U595ZIT6Q, STM32U595ZIY6QTR, STM32U595ZJT6, STM32U595ZJT6Q, STM32U595ZJY6QTR, STM32U599BJY6QTR, STM32U599NIH6Q, STM32U599NJH6Q, STM32U599VIT6Q, STM32U599VJT6, STM32U599VJT6Q, STM32U599ZIT6Q, STM32U599ZIY6QTR, STM32U599ZJT6Q, STM32U599ZJY6QTR, STM32U5A5AJH6, STM32U5A5AJH6Q, STM32U5A5QII3Q , STM32U5A5QJI6, STM32U5A5QJI6Q, STM32U5A5RJT6, STM32U5A5RJT6Q, STM32U5A5VJT6, STM32U5A5VJT6Q, STM32U5A5ZJT6, STM32U5A5ZJT6Q, STM32U5A5ZJY6QTR, STM32U5A9BJY6QTR, STM32U5A9J-DK, STM32U5A9NJH6Q, STM32U5A9VJT6Q, STM32U5A9ZJT6Q, STM32U5A9ZJY6QTR, STM32U5F7VIT6, STM32U5F7VIT6Q, STM32U5F7VJT6, STM32U5F7VJT6Q, STM32U5F9BJY6QTR, STM32U5F9NJH6Q, STM32U5F9VIT6Q, STM32U5F9VJT6Q, STM32U5F9ZIJ6QTR, STM32U5F9ZIT6Q, STM32U5F9ZJJ6QTR, STM32U5F9ZJT6Q, STM32U5G7VJT6, STM32U5G7VJT6Q, STM32U5G9BJY6QTR, STM32U5G9J-DK1, STM32U5G9J-DK2, STM32U5G9NJH6Q, STM32U5G9VJT6Q, STM32U5G9ZJJ6QTR, STM32U5G9ZJT6Q, STM32WB05KZV6TR, STM32WB05KZV7TR, STM32WB05TZF6TR, STM32WB05TZF7TR, STM32WB06CCF6TR, STM32WB06CCF7TR, STM32WB06CCV6TR, STM32WB06CCV7TR, STM32WB06KCV6TR, STM32WB06KCV7TR, STM32WB07CCF6TR, STM32WB07CCF7TR, STM32WB07CCV6TR, STM32WB07CCV7TR, STM32WB07KCV6TR, STM32WB07KCV7TR, STM32WB09KEV6TR, STM32WB09KEV7TR, STM32WB09TEF6TR, STM32WB09TEF7TR, STM32WB1MMCH6, STM32WBA50KGU6, STM32WBA50KGU6TR, STM32WBA52CEU6, STM32WBA52CEU6TR, STM32WBA52CEU7, STM32WBA52CEU7TR, STM32WBA52CGU6, STM32WBA52CGU6TR, STM32WBA52CGU6U, STM32WBA52CGU7, STM32WBA52CGU7TR, STM32WBA52KEU6, STM32WBA52KEU6TR, STM32WBA52KGU6, STM32WBA52KGU6TR, STM32WBA54CEU6, STM32WBA54CEU6TR, STM32WBA54CEU7, STM32WBA54CEU7TR, STM32WBA54CGU6, STM32WBA54CGU6TR, STM32WBA54CGU7, STM32WBA54CGU7TR, STM32WBA54KEU6, STM32WBA54KEU6TR, STM32WBA54KEU7, STM32WBA54KEU7TR, STM32WBA54KGU6, STM32WBA54KGU6TR, STM32WBA54KGU7, STM32WBA54KGU7TR, STM32WBA55CEU6, STM32WBA55CEU6TR, STM32WBA55CEU7, STM32WBA55CEU7TR, STM32WBA55CGU6, STM32WBA55CGU6TR, STM32WBA55CGU6U, STM32WBA55CGU7, STM32WBA55CGU7TR, STM32WBA55G-DK1, STM32WBA55HEF6, STM32WBA55HEF7, STM32WBA55HGF6, STM32WBA55HGF7, STM32WBA55UEI6, STM32WBA55UEI6TR, STM32WBA55UEI7, STM32WBA55UEI7TR, STM32WBA55UGI6, STM32WBA55UGI6TR, STM32WBA55UGI7, STM32WBA55UGI7TR, STM32WBA5MMGH6TR, STM32WBA62MGF6, STM32WBA62MIF6, STM32WBA65MGF7, STM32WBA65MIF6, STM32WBA65MIF7, STM32WL30K8V6, STM32WL30KBV6, STM32WL31C8V6, STM32WL31CBV6, STM32WL31K8V6, STM32WL31KBV6, STM32WL33C8V6, STM32WL33C8V6X, STM32WL33CBV6, STM32WL33CBV6X, STM32WL33CCV6, STM32WL33CCV6A, STM32WL33CCV6X, STM32WL33K8V7, STM32WL33K8V7X, STM32WL33KBV7 , STM32WL33KBV7X, STM32WL33KCV7, STM32WL33KCV7X, STM32WL5MOCH6, STM32WL5MOCH6TR]
2026-07-28 12:38:16,694 [INFO] BoardInfo:889 - No configuration file found for board NUCLEO-H5E5ZJ
2026-07-28 12:38:16,694 [INFO] DbBoards:161 - Board is not supported: NUCLEO-H5E5ZJ
2026-07-28 12:38:16,728 [INFO] BoardInfo:889 - No configuration file found for board NUCLEO-U3C5ZI-Q
2026-07-28 12:38:16,728 [INFO] DbBoards:161 - Board is not supported: NUCLEO-U3C5ZI-Q
2026-07-28 12:38:16,744 [INFO] BoardInfo:889 - No configuration file found for board NUCLEO-WBA25CE1
2026-07-28 12:38:16,744 [INFO] DbBoards:161 - Board is not supported: NUCLEO-WBA25CE1
2026-07-28 12:38:16,759 [INFO] BoardInfo:889 - No configuration file found for board NUCLEO-WL3RKB1
2026-07-28 12:38:16,759 [INFO] DbBoards:161 - Board is not supported: NUCLEO-WL3RKB1
2026-07-28 12:38:16,759 [INFO] BoardInfo:889 - No configuration file found for board NUCLEO-WL3RKB2
2026-07-28 12:38:16,759 [INFO] DbBoards:161 - Board is not supported: NUCLEO-WL3RKB2
2026-07-28 12:38:16,759 [INFO] BoardInfo:889 - No configuration file found for board P-NUCLEO-WB55
2026-07-28 12:38:16,759 [INFO] DbBoards:161 - Kit is not supported: P-NUCLEO-WB55
2026-07-28 12:38:16,775 [INFO] BoardInfo:889 - No configuration file found for board STEVAL-BFA001V1B
2026-07-28 12:38:16,775 [INFO] DbBoards:161 - Kit is not supported: STEVAL-BFA001V1B
2026-07-28 12:38:16,775 [INFO] BoardInfo:889 - No configuration file found for board STEVAL-BFA001V2B
2026-07-28 12:38:16,775 [INFO] DbBoards:161 - Kit is not supported: STEVAL-BFA001V2B
2026-07-28 12:38:16,877 [INFO] BoardInfo:889 - No configuration file found for board STM32H5F5J-DK
2026-07-28 12:38:16,878 [INFO] DbBoards:161 - Board is not supported: STM32H5F5J-DK
2026-07-28 12:38:16,944 [INFO] DbBoards:168 - Found 218 boards, 209 are supported
2026-07-28 12:38:16,944 [INFO] DbBoards:169 - Found 218 boards, 43 of them is supported for  Bsp
2026-07-28 12:38:16,944 [INFO] ApiDb:414 - User favorites file not found: C:\Users\ADMIN/.stm32cubeide/favorites.boards.txt
2026-07-28 12:38:16,944 [INFO] DbBoards:198 - Set 0 / 0 favorites Boards
2026-07-28 12:38:16,944 [INFO] McuFinderGlobals:76 - Set McuFinderConnectedMode to true
2026-07-28 12:38:16,948 [INFO] MultiScanPanel:200 - Auto-refresh data requested => check proxy status ongoing
2026-07-28 12:38:16,948 [INFO] FinderPluginLoader:96 - Searching for filters in installed packs
2026-07-28 12:38:18,238 [INFO] ServerAccessManage:452 - Complete download http(s) 200
2026-07-28 12:38:18,239 [INFO] ServerAccessManage:509 - Download File 
2026-07-28 12:38:18,356 [INFO] LoadUrlFilesThread:185 - End of LoadServerUrlFiles without Thread
2026-07-28 12:38:18,396 [INFO] DetailPanel:341 - Set advertising image to C:/Users/ADMIN/STM32Cube/Repository/\en.stm32h5cubemxbanner.png
2026-07-28 12:38:39,162 [INFO] MultiScanPanel:200 - Auto-refresh data requested => check proxy status ongoing
2026-07-28 12:38:39,238 [INFO] LoadUrlFilesThread:185 - End of LoadServerUrlFiles without Thread
2026-07-28 12:38:39,238 [INFO] DetailPanel:341 - Set advertising image to C:/Users/ADMIN/STM32Cube/Repository/\en.stm32h5cubemxbanner.png
2026-07-28 12:38:39,247 [INFO] DbBoards:642 - Loading board mini-images...
2026-07-28 12:38:40,780 [INFO] DbBoards:665 - Loaded 218 board mini-images
2026-07-28 12:40:23,746 [INFO] MainUpdater:2872 - connection check result : 10
2026-07-28 12:40:23,746 [INFO] MainUpdater:2872 - connection check result : 10
2026-07-28 12:40:23,756 [INFO] MicroXplorer:468 - Change Database Path : 
2026-07-28 12:40:23,756 [INFO] MicroXplorer:498 - Change Database Version : DB.6.0.150
2026-07-28 12:40:23,759 [WARN] ThirdParty:871 - waiting for thirdparty lock release [close project]
2026-07-28 12:40:23,760 [INFO] ThirdParty:873 - entering critical section [close project]
2026-07-28 12:40:23,760 [INFO] ThirdParty:883 - exiting critical section [close project]
2026-07-28 12:40:23,762 [INFO] PinOutPanel:1589 - setPackage(No Configuration,No Configuration)
2026-07-28 12:40:23,763 [INFO] UtilMem:75 - Begin LoadConfig() Used Memory: 960205104 Bytes (1073741824)
2026-07-28 12:40:23,768 [INFO] OpenFileManager:355 - Change cursor
2026-07-28 12:40:23,800 [WARN] IntegrityCheckThread:84 - waiting for thirdparty lock release [integrity check]
2026-07-28 12:40:23,800 [INFO] IntegrityCheckThread:86 - entering critical section [integrity check]
2026-07-28 12:40:23,935 [WARN] PackLoader:240 - Cannot read IP mode file for STMicroelectronics.X-CUBE-AZRTOS-H7.3.5.0
2026-07-28 12:40:23,939 [WARN] PackLoader:240 - Cannot read IP mode file for STMicroelectronics.FP-ATR-ASTRA1.2.0.3
2026-07-28 12:40:23,941 [ERROR] Engine:466 - C:\Users\ADMIN\.stm32cubemx\thirdparties\pdsc\STMicroelectronics.X-CUBE-SMBUS.2.1.1.pdsc: PDSC version is not supported
2026-07-28 12:40:23,950 [WARN] PackLoader:240 - Cannot read IP mode file for STMicroelectronics.X-CUBE-AZRTOS-F7.1.1.0
2026-07-28 12:40:23,954 [WARN] PackLoader:240 - Cannot read IP mode file for STMicroelectronics.X-CUBE-FREERTOS.1.6.0
2026-07-28 12:40:23,957 [WARN] PackLoader:240 - Cannot read IP mode file for STMicroelectronics.FP-SNS-MOTENV1.5.1.0
2026-07-28 12:40:23,966 [WARN] PackLoader:240 - Cannot read IP mode file for STMicroelectronics.X-CUBE-AZRTOS-H7RS.1.3.0
2026-07-28 12:40:23,970 [WARN] PackLoader:240 - Cannot read IP mode file for WES.I-CUBE-Cesium.1.4.0
2026-07-28 12:40:23,973 [WARN] PackLoader:240 - Cannot read IP mode file for STMicroelectronics.X-CUBE-DISPLAY.3.0.0
2026-07-28 12:40:23,977 [WARN] PackLoader:240 - Cannot read IP mode file for STMicroelectronics.X-CUBE-GNSS1.7.1.1
2026-07-28 12:40:23,982 [WARN] PackLoader:240 - Cannot read IP mode file for STMicroelectronics.FP-SNS-MOTENVWB1.1.5.0
2026-07-28 12:40:23,986 [WARN] PackLoader:240 - Cannot read IP mode file for STMicroelectronics.X-CUBE-NFC10.1.0.0
2026-07-28 12:40:23,990 [WARN] PackLoader:240 - Cannot read IP mode file for STMicroelectronics.X-CUBE-ST60.1.1.0
2026-07-28 12:40:23,993 [WARN] PackLoader:240 - Cannot read IP mode file for emotas.I-CUBE-CANOPEN.1.3.0
2026-07-28 12:40:23,996 [WARN] PackLoader:240 - Cannot read IP mode file for wolfSSL.I-CUBE-wolfSSL.5.9.2
2026-07-28 12:40:23,998 [ERROR] Engine:466 - C:\Users\ADMIN\.stm32cubemx\thirdparties\pdsc\STMicroelectronics.X-CUBE-WBA.1.1.0.pdsc: PDSC version is not supported
2026-07-28 12:40:24,001 [WARN] PackLoader:240 - Cannot read IP mode file for STMicroelectronics.FP-SNS-STBOX1.2.1.0
2026-07-28 12:40:24,004 [WARN] PackLoader:240 - Cannot read IP mode file for STMicroelectronics.FP-SNS-SMARTAG2.1.2.0
2026-07-28 12:40:24,007 [WARN] PackLoader:240 - Cannot read IP mode file for STMicroelectronics.FP-SNS-FLIGHT1.5.1.0
2026-07-28 12:40:24,011 [INFO] LogOutputStream:77 - [STDOUT_REDIRECT] 1 : Invalid condition id : UX_CORESTACK_Condition cause : null
2026-07-28 12:40:24,012 [INFO] LogOutputStream:77 - [STDOUT_REDIRECT] 1 : Invalid condition id : UX_CORESTACK_Condition cause : null
2026-07-28 12:40:24,013 [INFO] LogOutputStream:77 - [STDOUT_REDIRECT] 1 : Invalid condition id : UX_CORESTACK_Condition cause : null
2026-07-28 12:40:24,013 [INFO] LogOutputStream:77 - [STDOUT_REDIRECT] 1 : Invalid condition id : UX_CORESTACK_Condition cause : null
2026-07-28 12:40:24,014 [INFO] LogOutputStream:77 - [STDOUT_REDIRECT] 1 : Invalid condition id : UX_CORESTACK_Condition cause : null
2026-07-28 12:40:24,015 [WARN] PackLoader:240 - Cannot read IP mode file for STMicroelectronics.X-CUBE-AZRTOS-WL.2.0.0
2026-07-28 12:40:24,018 [WARN] PackLoader:240 - Cannot read IP mode file for STMicroelectronics.X-CUBE-BLE2.3.3.0
2026-07-28 12:40:24,034 [WARN] PackLoader:240 - Cannot read IP mode file for Infineon.AIROC-Wi-Fi-Bluetooth-STM32.1.8.0
2026-07-28 12:40:24,041 [WARN] PackLoader:240 - Cannot read IP mode file for STMicroelectronics.X-CUBE-NFC9.1.0.0
2026-07-28 12:40:24,044 [WARN] PackLoader:240 - Cannot read IP mode file for STMicroelectronics.X-CUBE-BLE1.7.1.0
2026-07-28 12:40:24,048 [WARN] PackLoader:240 - Cannot read IP mode file for wolfSSL.I-CUBE-wolfMQTT.1.19.2
2026-07-28 12:40:24,061 [WARN] PackLoader:240 - Cannot read IP mode file for STMicroelectronics.X-CUBE-EEPRMA1.5.2.0
2026-07-28 12:40:24,065 [WARN] PackLoader:240 - Cannot read IP mode file for STMicroelectronics.FP-SNS-STAIOTCFT.1.1.0
2026-07-28 12:40:24,072 [WARN] PackLoader:240 - Cannot read IP mode file for STMicroelectronics.X-CUBE-AZRTOS-G0.1.1.0
2026-07-28 12:40:24,075 [WARN] PackLoader:240 - Cannot read IP mode file for STMicroelectronics.X-CUBE-NFC4.3.0.0
2026-07-28 12:40:24,079 [WARN] PackLoader:240 - Cannot read IP mode file for EmbeddedOffice.I-CUBE-FS-RTOS.1.0.1
2026-07-28 12:40:24,082 [WARN] PackLoader:240 - Cannot read IP mode file for wolfSSL.I-CUBE-wolfTPM.3.8.0
2026-07-28 12:40:24,086 [WARN] PackLoader:240 - Cannot read IP mode file for STMicroelectronics.X-CUBE-TCPP.4.2.0
2026-07-28 12:40:24,090 [WARN] PackLoader:240 - Cannot read IP mode file for RealThread.X-CUBE-RT-Thread_Nano.4.1.1
2026-07-28 12:40:24,093 [WARN] PackLoader:240 - Cannot read IP mode file for STMicroelectronics.FP-ATR-SIGFOX1.3.2.0
2026-07-28 12:40:24,098 [WARN] PackLoader:240 - Cannot read IP mode file for ITTIA_DB.I-CUBE-ITTIADB.8.9.0
2026-07-28 12:40:24,100 [WARN] PackLoader:240 - Cannot read IP mode file for Cesanta.I-CUBE-Mongoose.7.21.7
2026-07-28 12:40:24,103 [WARN] PackLoader:240 - Cannot read IP mode file for STMicroelectronics.X-CUBE-NFC6.3.2.0
2026-07-28 12:40:24,107 [WARN] PackLoader:240 - Cannot read IP mode file for STMicroelectronics.X-CUBE-AI.10.2.1
2026-07-28 12:40:24,123 [WARN] PackLoader:240 - Cannot read IP mode file for SEGGER.I-CUBE-embOS.1.3.1
2026-07-28 12:40:24,303 [WARN] PackLoader:240 - Cannot read IP mode file for STMicroelectronics.X-CUBE-NFC13.1.0.0
2026-07-28 12:40:24,307 [WARN] PackLoader:240 - Cannot read IP mode file for STMicroelectronics.X-CUBE-PM33A1.1.0.0
2026-07-28 12:40:24,315 [WARN] PackLoader:240 - Cannot read IP mode file for STMicroelectronics.X-CUBE-AZRTOS-F4.1.1.0
2026-07-28 12:40:24,318 [WARN] PackLoader:240 - Cannot read IP mode file for STMicroelectronics.X-CUBE-ISPU.2.1.0
2026-07-28 12:40:24,323 [WARN] PackLoader:240 - Cannot read IP mode file for STMicroelectronics.X-CUBE-IPS.3.2.0
2026-07-28 12:40:24,329 [WARN] PackLoader:240 - Cannot read IP mode file for STMicroelectronics.eDS-WB_DPC_TT-BIDIR.2.1.1
2026-07-28 12:40:24,332 [WARN] PackLoader:240 - Cannot read IP mode file for STMicroelectronics.X-CUBE-NFC12.1.0.0
2026-07-28 12:40:24,341 [WARN] PackLoader:240 - Cannot read IP mode file for STMicroelectronics.X-CUBE-AZRTOS-L5.2.0.0
2026-07-28 12:40:24,350 [WARN] PackLoader:240 - Cannot read IP mode file for STMicroelectronics.X-CUBE-ALGOBUILD.1.5.0
2026-07-28 12:40:24,353 [WARN] PackLoader:240 - Cannot read IP mode file for STMicroelectronics.eDS-WB_DPC_VIENNA.1.2.0
2026-07-28 12:40:24,375 [WARN] PackLoader:240 - Cannot read IP mode file for STMicroelectronics.X-CUBE-MEMS1.13.0.0
2026-07-28 12:40:24,413 [WARN] PackLoader:240 - Cannot read IP mode file for STMicroelectronics.eDS-WB_DPC_3PH2L-BIDIR.1.1.1
2026-07-28 12:40:24,416 [ERROR] Engine:466 - C:\Users\ADMIN\.stm32cubemx\thirdparties\pdsc\STMicroelectronics.X-CUBE-ST67W61.1.3.0.pdsc: PDSC version is not supported
2026-07-28 12:40:24,417 [WARN] PackLoader:240 - Cannot read IP mode file for STMicroelectronics.X-CUBE-TOUCHGFX.4.26.1
2026-07-28 12:40:24,421 [WARN] PackLoader:240 - Cannot read IP mode file for STMicroelectronics.X-CUBE-DPower.1.3.0
2026-07-28 12:40:24,430 [WARN] ConditionMgr:438 - getConditionDescription Invalid condition id : LAN8742 Phy interface Condition cause : null
2026-07-28 12:40:24,430 [WARN] PackLoader:240 - Cannot read IP mode file for STMicroelectronics.X-CUBE-AZRTOS-L4.2.0.0
2026-07-28 12:40:24,431 [WARN] ConditionMgr:1044 - genDependencies : Invalid condition id : LAN8742 Phy interface Condition cause : null
2026-07-28 12:40:24,431 [WARN] ConditionMgr:1044 - genDependencies : Invalid condition id : LAN8742 Phy interface Condition cause : null
2026-07-28 12:40:24,431 [WARN] ConditionMgr:1044 - genDependencies : Invalid condition id : LAN8742 Phy interface Condition cause : null
2026-07-28 12:40:24,437 [WARN] PackLoader:240 - Cannot read IP mode file for STMicroelectronics.X-CUBE-SFXS2LP1.4.0.0
2026-07-28 12:40:24,440 [WARN] PackLoader:240 - Cannot read IP mode file for STMicroelectronics.X-CUBE-WB05N.2.1.0
2026-07-28 12:40:24,450 [WARN] ConditionMgr:438 - getConditionDescription Invalid condition id : UX DEVICE CLASS RTOS Condition cause : null
2026-07-28 12:40:24,450 [WARN] ConditionMgr:438 - getConditionDescription Invalid condition id : UX DEVICE CLASS RTOS Condition cause : null
2026-07-28 12:40:24,451 [WARN] PackLoader:240 - Cannot read IP mode file for STMicroelectronics.X-CUBE-AZRTOS-WB.2.0.0
2026-07-28 12:40:24,452 [WARN] ConditionMgr:1044 - genDependencies : Invalid condition id : UX DEVICE CLASS RTOS Condition cause : null
2026-07-28 12:40:24,452 [WARN] ConditionMgr:1044 - genDependencies : Invalid condition id : UX DEVICE CLASS RTOS Condition cause : null
2026-07-28 12:40:24,452 [WARN] ConditionMgr:1044 - genDependencies : Invalid condition id : UX DEVICE CLASS RTOS Condition cause : null
2026-07-28 12:40:24,452 [WARN] ConditionMgr:1044 - genDependencies : Invalid condition id : UX DEVICE CLASS RTOS Condition cause : null
2026-07-28 12:40:24,452 [WARN] ConditionMgr:1044 - genDependencies : Invalid condition id : UX DEVICE CLASS RTOS Condition cause : null
2026-07-28 12:40:24,455 [WARN] ConditionMgr:438 - getConditionDescription Invalid condition id : Cortex-A Device cause : null
2026-07-28 12:40:24,462 [WARN] ConditionMgr:1044 - genDependencies : Invalid condition id : Cortex-A Device cause : null
2026-07-28 12:40:24,462 [WARN] ConditionMgr:1044 - genDependencies : Invalid condition id : Cortex-A Device cause : null
2026-07-28 12:40:24,462 [WARN] ConditionMgr:1044 - genDependencies : Invalid condition id : Cortex-A Device cause : null
2026-07-28 12:40:24,466 [WARN] PackLoader:240 - Cannot read IP mode file for STMicroelectronics.X-CUBE-STSE01.2.0.0
2026-07-28 12:40:24,472 [WARN] PackLoader:240 - Cannot read IP mode file for STMicroelectronics.X-CUBE-SUBG2.5.0.0
2026-07-28 12:40:24,483 [WARN] PackLoader:240 - Cannot read IP mode file for STMicroelectronics.X-CUBE-AZRTOS-G4.2.0.0
2026-07-28 12:40:24,489 [WARN] PackLoader:240 - Cannot read IP mode file for wolfSSL.I-CUBE-wolfSSH.1.4.20
2026-07-28 12:40:24,493 [WARN] PackLoader:240 - Cannot read IP mode file for STMicroelectronics.X-CUBE-NFC7.2.0.0
2026-07-28 12:40:24,498 [ERROR] Engine:466 - C:\Users\ADMIN\.stm32cubemx\thirdparties\pdsc\STMicroelectronics.X-CUBE-BLEMGR.4.2.0.pdsc: PDSC version is not supported
2026-07-28 12:40:24,501 [WARN] PackLoader:240 - Cannot read IP mode file for STMicroelectronics.X-CUBE-ALS.1.0.2
2026-07-28 12:40:24,508 [WARN] PackLoader:240 - Cannot read IP mode file for STMicroelectronics.X-CUBE-TOF1.3.4.3
2026-07-28 12:40:24,514 [INFO] ThirdParty:978 - Integrity check success = true
2026-07-28 12:40:24,515 [INFO] IntegrityCheckThread:100 - exiting critical section [integrity check]
2026-07-28 12:40:24,515 [INFO] IntegrityCheckThread:103 - End integrity checks thread
2026-07-28 12:40:24,553 [INFO] ProjectFactory:514 - No CPN specified for board B-L4S5I-IOT01A => set CPN to STM32L4S5VIT6
2026-07-28 12:40:24,559 [INFO] Mcu:2029 - Initializing MCU STM32L4S5VITx STM32L4S5VITx STM32L4S5VIT6
2026-07-28 12:40:26,148 [INFO] Context:786 - Trying to add GPIOservice into a context  which must be forbidden
2026-07-28 12:40:26,580 [INFO] Rule:233 - rule 117617 - U5Cobra4M][GTZC] default value MPCBB3 and MPCBB5 - Not Secured memory - MPCBB1 is applicable
2026-07-28 12:40:26,580 [INFO] Rule:233 - rule 117617 - U5Cobra4M][GTZC] default value MPCBB3 and MPCBB5 - Not Secured memory - MPCBB1 is applicable
2026-07-28 12:40:26,580 [INFO] Rule:233 - rule 117617 - U5Cobra4M][GTZC] default value MPCBB3 and MPCBB5 - Not Secured memory - MPCBB2 is applicable
2026-07-28 12:40:26,580 [INFO] Rule:233 - rule 117617 - U5Cobra4M][GTZC] default value MPCBB3 and MPCBB5 - Not Secured memory - MPCBB2 is applicable
2026-07-28 12:40:26,580 [INFO] Rule:233 - rule 117617 - U5Cobra4M][GTZC] default value MPCBB3 and MPCBB5 - Not Secured memory - MPCBB3 is applicable
2026-07-28 12:40:26,580 [INFO] Rule:233 - rule 117617 - U5Cobra4M][GTZC] default value MPCBB3 and MPCBB5 - Not Secured memory - MPCBB3 is applicable
2026-07-28 12:40:26,580 [INFO] Rule:233 - rule 117617 - U5Cobra4M][GTZC] default value MPCBB3 and MPCBB5 - Not Secured memory - MPCBB4 is applicable
2026-07-28 12:40:26,580 [INFO] Rule:233 - rule 117617 - U5Cobra4M][GTZC] default value MPCBB3 and MPCBB5 - Not Secured memory - MPCBB4 is applicable
2026-07-28 12:40:26,580 [INFO] Rule:233 - rule 117617 - U5Cobra4M][GTZC] default value MPCBB3 and MPCBB5 - Secured memory - MPCBB1 is applicable
2026-07-28 12:40:26,580 [INFO] Rule:233 - rule 117617 - U5Cobra4M][GTZC] default value MPCBB3 and MPCBB5 - Secured memory - MPCBB2 is applicable
2026-07-28 12:40:26,580 [INFO] Rule:233 - rule 117617 - U5Cobra4M][GTZC] default value MPCBB3 and MPCBB5 - Secured memory - MPCBB3 is applicable
2026-07-28 12:40:26,580 [INFO] Rule:233 - rule 117617 - U5Cobra4M][GTZC] default value MPCBB3 and MPCBB5 - Secured memory - MPCBB4 is applicable
2026-07-28 12:40:26,580 [INFO] Rule:233 - rule 117617 - U5Cobra4M][GTZC] default value MPCBB3 and MPCBB5 - Privileged memory - MPCBB1 is applicable
2026-07-28 12:40:26,580 [INFO] Rule:233 - rule 117617 - U5Cobra4M][GTZC] default value MPCBB3 and MPCBB5 - Privileged memory - MPCBB2 is applicable
2026-07-28 12:40:26,580 [INFO] Rule:233 - rule 117617 - U5Cobra4M][GTZC] default value MPCBB3 and MPCBB5 - Privileged memory - MPCBB3 is applicable
2026-07-28 12:40:26,580 [INFO] Rule:233 - rule 117617 - U5Cobra4M][GTZC] default value MPCBB3 and MPCBB5 - Privileged memory - MPCBB4 is applicable
2026-07-28 12:40:26,580 [INFO] Rule:233 - rule 117617 - U5Cobra4M][GTZC] default value MPCBB3 and MPCBB5 - Not Privileged memory - MPCBB1 is applicable
2026-07-28 12:40:26,580 [INFO] Rule:233 - rule 117617 - U5Cobra4M][GTZC] default value MPCBB3 and MPCBB5 - Not Privileged memory - MPCBB2 is applicable
2026-07-28 12:40:26,580 [INFO] Rule:233 - rule 117617 - U5Cobra4M][GTZC] default value MPCBB3 and MPCBB5 - Not Privileged memory - MPCBB3 is applicable
2026-07-28 12:40:26,580 [INFO] Rule:233 - rule 117617 - U5Cobra4M][GTZC] default value MPCBB3 and MPCBB5 - Not Privileged memory - MPCBB4 is applicable
2026-07-28 12:40:26,580 [INFO] Rule:233 - rule 117617 - U5Cobra4M][GTZC] default value MPCBB3 and MPCBB5 - Privileged memory - MPCBB1 is applicable
2026-07-28 12:40:26,580 [INFO] Rule:233 - rule 117617 - U5Cobra4M][GTZC] default value MPCBB3 and MPCBB5 - Privileged memory - MPCBB2 is applicable
2026-07-28 12:40:26,580 [INFO] Rule:233 - rule 117617 - U5Cobra4M][GTZC] default value MPCBB3 and MPCBB5 - Privileged memory - MPCBB3 is applicable
2026-07-28 12:40:26,580 [INFO] Rule:233 - rule 117617 - U5Cobra4M][GTZC] default value MPCBB3 and MPCBB5 - Privileged memory - MPCBB4 is applicable
2026-07-28 12:40:26,580 [INFO] Rule:233 - rule 117617 - U5Cobra4M][GTZC] default value MPCBB3 and MPCBB5 - Privileged memory - MPCBB1 is applicable
2026-07-28 12:40:26,580 [INFO] Rule:233 - rule 117617 - U5Cobra4M][GTZC] default value MPCBB3 and MPCBB5 - Privileged memory - MPCBB2 is applicable
2026-07-28 12:40:26,580 [INFO] Rule:233 - rule 117617 - U5Cobra4M][GTZC] default value MPCBB3 and MPCBB5 - Privileged memory - MPCBB3 is applicable
2026-07-28 12:40:26,580 [INFO] Rule:233 - rule 117617 - U5Cobra4M][GTZC] default value MPCBB3 and MPCBB5 - Privileged memory - MPCBB4 is applicable
2026-07-28 12:40:26,580 [INFO] Rule:233 - rule 117617 - U5Cobra4M][GTZC] default value MPCBB3 and MPCBB5 - Not Privileged memory - MPCBB1 is applicable
2026-07-28 12:40:26,580 [INFO] Rule:233 - rule 117617 - U5Cobra4M][GTZC] default value MPCBB3 and MPCBB5 - Not Privileged memory - MPCBB2 is applicable
2026-07-28 12:40:26,580 [INFO] Rule:233 - rule 117617 - U5Cobra4M][GTZC] default value MPCBB3 and MPCBB5 - Not Privileged memory - MPCBB3 is applicable
2026-07-28 12:40:26,580 [INFO] Rule:233 - rule 117617 - U5Cobra4M][GTZC] default value MPCBB3 and MPCBB5 - Not Privileged memory - MPCBB4 is applicable
2026-07-28 12:40:26,580 [INFO] Rule:233 - rule 117617 - U5Cobra4M][GTZC] default value MPCBB3 and MPCBB5 - Privileged memory - MPCBB1 is applicable
2026-07-28 12:40:26,580 [INFO] Rule:233 - rule 117617 - U5Cobra4M][GTZC] default value MPCBB3 and MPCBB5 - Privileged memory - MPCBB2 is applicable
2026-07-28 12:40:26,580 [INFO] Rule:233 - rule 117617 - U5Cobra4M][GTZC] default value MPCBB3 and MPCBB5 - Privileged memory - MPCBB3 is applicable
2026-07-28 12:40:26,580 [INFO] Rule:233 - rule 117617 - U5Cobra4M][GTZC] default value MPCBB3 and MPCBB5 - Privileged memory - MPCBB4 is applicable
2026-07-28 12:40:26,580 [INFO] Rule:233 - rule WakeUp0 Mode is applicable
2026-07-28 12:40:26,580 [INFO] Rule:233 - rule WakeUp0 SIGNAL is applicable
2026-07-28 12:40:26,580 [INFO] Rule:233 - rule WakeUp1 Mode is applicable
2026-07-28 12:40:26,581 [INFO] Rule:233 - rule WakeUp1 SIGNAL is applicable
2026-07-28 12:40:26,581 [INFO] Rule:233 - rule WakeUp2 Mode is applicable
2026-07-28 12:40:26,581 [INFO] Rule:233 - rule WakeUp2 SIGNAL is applicable
2026-07-28 12:40:26,581 [INFO] Rule:233 - rule WakeUp4 Mode is applicable
2026-07-28 12:40:26,581 [INFO] Rule:233 - rule WakeUp4 SIGNAL is applicable
2026-07-28 12:40:26,581 [INFO] Rule:233 - rule WakeUp5 Mode is applicable
2026-07-28 12:40:26,581 [INFO] Rule:233 - rule WakeUp5 SIGNAL is applicable
2026-07-28 12:40:26,581 [INFO] Rule:233 - rule Change Default Value for LSE Drive Capability for WB family is applicable
2026-07-28 12:40:26,581 [INFO] Rule:233 - rule change FDCAN default value is applicable
2026-07-28 12:40:26,581 [INFO] Rule:233 - rule Adapt Old IOC before rework replace old CORTEX_M33/CORTEX_M55 attributes by the new one. is applicable
2026-07-28 12:40:26,582 [INFO] Rule:233 - rule Rename parametre of RCC RCC_APBDBG_DIV2 to RCC_TIMPRES_DIV2 is applicable
2026-07-28 12:40:26,582 [INFO] Rule:233 - rule Rename DIE493 pin PA10 [PA12] -> PA10 is applicable
2026-07-28 12:40:26,582 [INFO] Rule:233 - rule Rename DIE493 pin PA9 [PA11] -> PA9 is applicable
2026-07-28 12:40:26,582 [INFO] Rule:233 - rule Rename DIE492 PartNumber CPN STM32WBA5MJGHx -> STM32WBA5MMGHx is applicable
2026-07-28 12:40:26,582 [INFO] Rule:233 - rule Rename DIE492 PartNumber  Name STM32WBA5MJGHx -> STM32WBA5MMGHx is applicable
2026-07-28 12:40:26,582 [INFO] Rule:233 - rule Rename DIE492 PartNumber UserName STM32WBA5MJGHx -> STM32WBA5MMGHx is applicable
2026-07-28 12:40:26,582 [INFO] Rule:233 - rule Rename DIE492 PartNumber DeviceId STM32WBA5MJGHx -> STM32WBA5MMGHx is applicable
2026-07-28 12:40:26,582 [INFO] Rule:233 - rule Adapt Old IOC CSI. is applicable
2026-07-28 12:40:26,582 [INFO] Rule:233 - rule Adapt Old IOC DCMIPP. is applicable
2026-07-28 12:40:26,582 [INFO] Rule:233 - rule Adapt Old IOC DCMIPP Mode Parallel. is applicable
2026-07-28 12:40:26,582 [INFO] Rule:233 - rule Adapt Old IOC LTDC. is applicable
2026-07-28 12:40:26,582 [INFO] Rule:233 - rule Rename STM32MP2 RIF Peripheral LTDC RIF.RISUP.LTDC_L0L1.Privilege -> RIF.RISUP.LTDC_L1L2.Privilege is applicable
2026-07-28 12:40:26,582 [INFO] Rule:233 - rule Rename STM32MP2 RIF Peripheral LTDC RIF.RISUP.LTDC_L0L1.Privilege -> RIF.RISUP.LTDC_L1L2.Privilege is applicable
2026-07-28 12:40:26,582 [INFO] Rule:233 - rule Rename STM32MP2 RIF Peripheral LTDC RIF.RISUP.LTDC_L0L1.Lock -> RIF.RISUP.LTDC_L1L2.Lock is applicable
2026-07-28 12:40:26,582 [INFO] Rule:233 - rule Rename STM32MP2 RIF Peripheral LTDC RIF.RISUP.LTDC_L2.Lock -> RIF.RISUP.LTDC_L3.Lock is applicable
2026-07-28 12:40:26,582 [INFO] Rule:233 - rule Adapt the old IOC example for updating the SYS when it is misconfigured. is applicable
2026-07-28 12:40:26,582 [INFO] Rule:233 - rule Rename STM32C09 Mcu.Package LQFP64 -> LQFP48 is applicable
2026-07-28 12:40:26,582 [INFO] Rule:233 - rule Adapt the old IOC example for updating the SYS when it is misconfigured. is applicable
2026-07-28 12:40:26,582 [INFO] Rule:233 - rule Adapt the old IOC example for updating the SYS when it is misconfigured. is applicable
2026-07-28 12:40:26,587 [INFO] DbConfProperties:307 - Apply Compatibility (5/68 Rules)
2026-07-28 12:40:26,616 [INFO] ImportTextPane:234 - (OptionalMessage_ERROR) Pin84 (VP_RIF_VS_RIF1) cannot be retrieved for this MCU
2026-07-28 12:40:26,754 [INFO] RtosManager:558 - Registered RTOS mode: class=CMSIS, group=RTOS, mode=CMSIS_V1, owner=FREERTOS
2026-07-28 12:40:26,754 [INFO] RtosManager:558 - Registered RTOS mode: class=CMSIS, group=RTOS2, mode=CMSIS_V2, owner=FREERTOS
2026-07-28 12:40:26,754 [INFO] RtosManager:558 - Registered RTOS mode: class=RTOS, group=Core, mode=CMSIS_V1, owner=FREERTOS
2026-07-28 12:40:26,754 [INFO] RtosManager:558 - Registered RTOS mode: class=RTOS, group=Core, mode=CMSIS_V2, owner=FREERTOS
2026-07-28 12:40:26,754 [WARN] ModelIntegratedComponent:184 - Missing modes for component STMicroelectronics:FreeRTOS:0.0.1:STMicroelectronics:RTOS:FreeRTOS:Core:::10.2.0:
2026-07-28 12:40:26,817 [WARN] ModelIntegratedComponent:63 - No mode defined for component null
2026-07-28 12:40:26,817 [WARN] ModelIntegratedComponent:63 - No mode defined for component null
2026-07-28 12:40:26,817 [WARN] ModelIntegratedComponent:63 - No mode defined for component null
2026-07-28 12:40:26,817 [WARN] ModelIntegratedComponent:63 - No mode defined for component null
2026-07-28 12:40:26,817 [WARN] ModelIntegratedComponent:63 - No mode defined for component null
2026-07-28 12:40:26,817 [WARN] ModelIntegratedComponent:63 - No mode defined for component null
2026-07-28 12:40:26,817 [WARN] ModelIntegratedComponent:63 - No mode defined for component null
2026-07-28 12:40:26,817 [WARN] ModelIntegratedComponent:63 - No mode defined for component null
2026-07-28 12:40:26,817 [WARN] ModelIntegratedComponent:63 - No mode defined for component null
2026-07-28 12:40:26,817 [WARN] ModelIntegratedComponent:63 - No mode defined for component null
2026-07-28 12:40:26,817 [WARN] ModelIntegratedComponent:63 - No mode defined for component null
2026-07-28 12:40:26,817 [WARN] ModelIntegratedComponent:63 - No mode defined for component null
2026-07-28 12:40:26,817 [WARN] ModelIntegratedComponent:63 - No mode defined for component null
2026-07-28 12:40:26,817 [WARN] ModelIntegratedComponent:63 - No mode defined for component null
2026-07-28 12:40:26,817 [WARN] ModelIntegratedComponent:63 - No mode defined for component null
2026-07-28 12:40:26,817 [WARN] ModelIntegratedComponent:63 - No mode defined for component null
2026-07-28 12:40:26,817 [WARN] ModelIntegratedComponent:63 - No mode defined for component null
2026-07-28 12:40:26,817 [WARN] ModelIntegratedComponent:63 - No mode defined for component null
2026-07-28 12:40:26,817 [WARN] ModelIntegratedComponent:63 - No mode defined for component null
2026-07-28 12:40:26,817 [WARN] ModelIntegratedComponent:63 - No mode defined for component null
2026-07-28 12:40:26,817 [WARN] ModelIntegratedComponent:63 - No mode defined for component null
2026-07-28 12:40:26,817 [WARN] ModelIntegratedComponent:63 - No mode defined for component null
2026-07-28 12:40:26,817 [WARN] ModelIntegratedComponent:63 - No mode defined for component null
2026-07-28 12:40:26,817 [WARN] ModelIntegratedComponent:63 - No mode defined for component null
2026-07-28 12:40:26,817 [WARN] ModelIntegratedComponent:63 - No mode defined for component null
2026-07-28 12:40:26,817 [WARN] ModelIntegratedComponent:63 - No mode defined for component null
2026-07-28 12:40:26,817 [WARN] ModelIntegratedComponent:63 - No mode defined for component null
2026-07-28 12:40:26,817 [WARN] ModelIntegratedComponent:63 - No mode defined for component null
2026-07-28 12:40:26,817 [WARN] ModelIntegratedComponent:63 - No mode defined for component null
2026-07-28 12:40:26,817 [WARN] ModelIntegratedComponent:63 - No mode defined for component null
2026-07-28 12:40:26,817 [WARN] ModelIntegratedComponent:63 - No mode defined for component null
2026-07-28 12:40:26,817 [WARN] ModelIntegratedComponent:63 - No mode defined for component null
2026-07-28 12:40:26,817 [WARN] ModelIntegratedComponent:63 - No mode defined for component null
2026-07-28 12:40:26,817 [WARN] ModelIntegratedComponent:63 - No mode defined for component null
2026-07-28 12:40:26,817 [WARN] ModelIntegratedComponent:63 - No mode defined for component null
2026-07-28 12:40:26,817 [WARN] ModelPack:524 - Component already loaded: STMicroelectronics:HAL Drivers:0.0.0:STMicroelectronics:Device:STMicro_Driver:XSPI:HAL::0.0.1:HAL_XSPI
2026-07-28 12:40:26,833 [INFO] ThirdPartyModel:298 - Start build external matchings
2026-07-28 12:40:27,060 [INFO] ThirdPartyModel:316 - End build external matchings
2026-07-28 12:40:27,091 [WARN] IP:2250 - MaxTran not found: check if there is a RefParameter without a condition.
2026-07-28 12:40:27,091 [WARN] IP:2250 - Refresh not found: check if there is a RefParameter without a condition.
2026-07-28 12:40:27,091 [INFO] ImportTextPane:234 - (OptionalMessage_ERROR) IP (RCC) : Invalid parameter (FamilyName)
2026-07-28 12:40:27,448 [INFO] UtilMem:75 - End LoadConfig() Used Memory: 858659776 Bytes (1073741824)
2026-07-28 12:40:27,527 [WARN] ThirdParty:833 - waiting for thirdparty lock release [change project]
2026-07-28 12:40:27,527 [INFO] ThirdParty:835 - entering critical section [change project]
2026-07-28 12:40:27,527 [INFO] ThirdParty:1030 - CMSIS Pack Vendor :STMicroelectronics X-CUBE-AZRTOS-H7 3.5.0
2026-07-28 12:40:27,527 [INFO] ThirdParty:1030 - CMSIS Pack Vendor :STMicroelectronics X-CUBE-PM33A1 1.0.0
2026-07-28 12:40:27,527 [INFO] ThirdParty:1030 - CMSIS Pack Vendor :STMicroelectronics USBPD 4.1
2026-07-28 12:40:27,527 [INFO] ThirdParty:1030 - CMSIS Pack Vendor :STMicroelectronics X-CUBE-NFC9 1.0.0
2026-07-28 12:40:27,527 [INFO] ThirdParty:1030 - CMSIS Pack Vendor :STMicroelectronics USB_HOST 2.0.0
2026-07-28 12:40:27,527 [INFO] ThirdParty:1030 - CMSIS Pack Vendor :STMicroelectronics FP-ATR-ASTRA1 2.0.3
2026-07-28 12:40:27,527 [INFO] ThirdParty:1030 - CMSIS Pack Vendor :STMicroelectronics X-CUBE-AZRTOS-F4 1.1.0
2026-07-28 12:40:27,527 [INFO] ThirdParty:1030 - CMSIS Pack Vendor :STMicroelectronics LIBJPEG 8.0.0
2026-07-28 12:40:27,527 [INFO] ThirdParty:1030 - CMSIS Pack Vendor :STMicroelectronics X-CUBE-BLE1 7.1.0
2026-07-28 12:40:27,527 [INFO] ThirdParty:1030 - CMSIS Pack Vendor :wolfSSL I-CUBE-wolfMQTT 1.19.2
2026-07-28 12:40:27,527 [INFO] ThirdParty:1030 - CMSIS Pack Vendor :STMicroelectronics USB_DEVICE 3.0.0
2026-07-28 12:40:27,527 [INFO] ThirdParty:1030 - CMSIS Pack Vendor :STMicroelectronics X-CUBE-ISPU 2.1.0
2026-07-28 12:40:27,527 [INFO] ThirdParty:1030 - CMSIS Pack Vendor :STMicroelectronics X-CUBE-EEPRMA1 5.2.0
2026-07-28 12:40:27,527 [INFO] ThirdParty:1030 - CMSIS Pack Vendor :STMicroelectronics X-CUBE-IPS 3.2.0
2026-07-28 12:40:27,527 [INFO] ThirdParty:1030 - CMSIS Pack Vendor :STMicroelectronics eDS-WB_DPC_TT-BIDIR 2.1.1
2026-07-28 12:40:27,527 [INFO] ThirdParty:1030 - CMSIS Pack Vendor :STMicroelectronics X-CUBE-AZRTOS-WB 2.0.0
2026-07-28 12:40:27,527 [INFO] ThirdParty:1030 - CMSIS Pack Vendor :STMicroelectronics X-CUBE-NFC12 1.0.0
2026-07-28 12:40:27,527 [INFO] ThirdParty:1030 - CMSIS Pack Vendor :STMicroelectronics X-CUBE-AZRTOS-F7 1.1.0
2026-07-28 12:40:27,527 [INFO] ThirdParty:1030 - CMSIS Pack Vendor :STMicroelectronics X-CUBE-AZRTOS-L5 2.0.0
2026-07-28 12:40:27,527 [INFO] ThirdParty:1030 - CMSIS Pack Vendor :STMicroelectronics USB_DEVICE 2.0.0
2026-07-28 12:40:27,527 [INFO] ThirdParty:1030 - CMSIS Pack Vendor :STMicroelectronics X-CUBE-FREERTOS 1.6.0
2026-07-28 12:40:27,527 [INFO] ThirdParty:1030 - CMSIS Pack Vendor :STMicroelectronics FP-SNS-STAIOTCFT 1.1.0
2026-07-28 12:40:27,527 [INFO] ThirdParty:1030 - CMSIS Pack Vendor :quantropi X-CUBE-qispace-sdk-base 2.1.0
2026-07-28 12:40:27,527 [INFO] ThirdParty:1030 - CMSIS Pack Vendor :STMicroelectronics X-CUBE-STSE01 2.0.0
2026-07-28 12:40:27,527 [INFO] ThirdParty:1030 - CMSIS Pack Vendor :STMicroelectronics X-CUBE-ALGOBUILD 1.5.0
2026-07-28 12:40:27,527 [INFO] ThirdParty:1030 - CMSIS Pack Vendor :STMicroelectronics FP-SNS-MOTENV1 5.1.0
2026-07-28 12:40:27,527 [INFO] ThirdParty:1030 - CMSIS Pack Vendor :STMicroelectronics FreeRTOS 0.0.1
2026-07-28 12:40:27,527 [INFO] ThirdParty:1030 - CMSIS Pack Vendor :STMicroelectronics X-CUBE-AZRTOS-H7RS 1.3.0
2026-07-28 12:40:27,527 [INFO] ThirdParty:1030 - CMSIS Pack Vendor :STMicroelectronics X-CUBE-AZRTOS-G0 1.1.0
2026-07-28 12:40:27,527 [INFO] ThirdParty:1030 - CMSIS Pack Vendor :STMicroelectronics X-CUBE-NFC4 3.0.0
2026-07-28 12:40:27,527 [INFO] ThirdParty:1030 - CMSIS Pack Vendor :STMicroelectronics X-CUBE-SUBG2 5.0.0
2026-07-28 12:40:27,527 [INFO] ThirdParty:1030 - CMSIS Pack Vendor :STMicroelectronics STM32_WPAN 1.0.0
2026-07-28 12:40:27,527 [INFO] ThirdParty:1030 - CMSIS Pack Vendor :STMicroelectronics eDS-WB_DPC_VIENNA 1.2.0
2026-07-28 12:40:27,527 [INFO] ThirdParty:1030 - CMSIS Pack Vendor :EmbeddedOffice I-CUBE-FS-RTOS 1.0.1
2026-07-28 12:40:27,527 [INFO] ThirdParty:1030 - CMSIS Pack Vendor :STMicroelectronics lwIP 2.0.3
2026-07-28 12:40:27,527 [INFO] ThirdParty:1030 - CMSIS Pack Vendor :WES I-CUBE-Cesium 1.4.0
2026-07-28 12:40:27,527 [INFO] ThirdParty:1030 - CMSIS Pack Vendor :STMicroelectronics X-CUBE-MEMS1 13.0.0
2026-07-28 12:40:27,527 [INFO] ThirdParty:1030 - CMSIS Pack Vendor :STMicroelectronics eDS-WB_DPC_3PH2L-BIDIR 1.1.1
2026-07-28 12:40:27,527 [INFO] ThirdParty:1030 - CMSIS Pack Vendor :STMicroelectronics USB_HOST 1.0.0
2026-07-28 12:40:27,527 [INFO] ThirdParty:1030 - CMSIS Pack Vendor :STMicroelectronics X-CUBE-AZRTOS-G4 2.0.0
2026-07-28 12:40:27,527 [INFO] ThirdParty:1030 - CMSIS Pack Vendor :STMicroelectronics PDM2PCM 3.1.0
2026-07-28 12:40:27,527 [INFO] ThirdParty:1030 - CMSIS Pack Vendor :STMicroelectronics PDM2PCM 3.3.0
2026-07-28 12:40:27,527 [INFO] ThirdParty:1030 - CMSIS Pack Vendor :wolfSSL I-CUBE-wolfTPM 3.8.0
2026-07-28 12:40:27,527 [INFO] ThirdParty:1030 - CMSIS Pack Vendor :STMicroelectronics X-CUBE-DISPLAY 3.0.0
2026-07-28 12:40:27,527 [INFO] ThirdParty:1030 - CMSIS Pack Vendor :wolfSSL I-CUBE-wolfSSH 1.4.20
2026-07-28 12:40:27,527 [INFO] ThirdParty:1030 - CMSIS Pack Vendor :STMicroelectronics X-CUBE-NFC7 2.0.0
2026-07-28 12:40:27,527 [INFO] ThirdParty:1030 - CMSIS Pack Vendor :STMicroelectronics X-CUBE-GNSS1 7.1.1
2026-07-28 12:40:27,527 [INFO] ThirdParty:1030 - CMSIS Pack Vendor :STMicroelectronics FP-SNS-MOTENVWB1 1.5.0
2026-07-28 12:40:27,527 [INFO] ThirdParty:1030 - CMSIS Pack Vendor :STMicroelectronics X-CUBE-TCPP 4.2.0
2026-07-28 12:40:27,527 [INFO] ThirdParty:1030 - CMSIS Pack Vendor :RealThread X-CUBE-RT-Thread_Nano 4.1.1
2026-07-28 12:40:27,527 [INFO] ThirdParty:1030 - CMSIS Pack Vendor :STMicroelectronics FP-ATR-SIGFOX1 3.2.0
2026-07-28 12:40:27,527 [INFO] ThirdParty:1030 - CMSIS Pack Vendor :STMicroelectronics X-CUBE-NFC10 1.0.0
2026-07-28 12:40:27,527 [INFO] ThirdParty:1030 - CMSIS Pack Vendor :STMicroelectronics HAL Drivers 0.0.0
2026-07-28 12:40:27,527 [INFO] ThirdParty:1030 - CMSIS Pack Vendor :STMicroelectronics MBEDTLS 2.16.2
2026-07-28 12:40:27,527 [INFO] ThirdParty:1030 - CMSIS Pack Vendor :STMicroelectronics X-CUBE-ST60 1.1.0
2026-07-28 12:40:27,527 [INFO] ThirdParty:1030 - CMSIS Pack Vendor :STMicroelectronics X-CUBE-ALS 1.0.2
2026-07-28 12:40:27,527 [INFO] ThirdParty:1030 - CMSIS Pack Vendor :emotas I-CUBE-CANOPEN 1.3.0
2026-07-28 12:40:27,527 [INFO] ThirdParty:1030 - CMSIS Pack Vendor :wolfSSL I-CUBE-wolfSSL 5.9.2
2026-07-28 12:40:27,527 [INFO] ThirdParty:1030 - CMSIS Pack Vendor :STMicroelectronics MBEDTLS 2.14.1
2026-07-28 12:40:27,527 [INFO] ThirdParty:1030 - CMSIS Pack Vendor :ITTIA_DB I-CUBE-ITTIADB 8.9.0
2026-07-28 12:40:27,527 [INFO] ThirdParty:1030 - CMSIS Pack Vendor :Cesanta I-CUBE-Mongoose 7.21.7
2026-07-28 12:40:27,527 [INFO] ThirdParty:1030 - CMSIS Pack Vendor :STMicroelectronics X-CUBE-TOUCHGFX 4.26.1
2026-07-28 12:40:27,527 [INFO] ThirdParty:1030 - CMSIS Pack Vendor :STMicroelectronics X-CUBE-NFC6 3.2.0
2026-07-28 12:40:27,527 [INFO] ThirdParty:1030 - CMSIS Pack Vendor :STMicroelectronics FP-SNS-STBOX1 2.1.0
2026-07-28 12:40:27,527 [INFO] ThirdParty:1030 - CMSIS Pack Vendor :STMicroelectronics X-CUBE-AI 10.2.1
2026-07-28 12:40:27,527 [INFO] ThirdParty:1030 - CMSIS Pack Vendor :STMicroelectronics ThreadX 1.0.0
2026-07-28 12:40:27,527 [INFO] ThirdParty:1030 - CMSIS Pack Vendor :STMicroelectronics FP-SNS-SMARTAG2 1.2.0
2026-07-28 12:40:27,527 [INFO] ThirdParty:1030 - CMSIS Pack Vendor :STMicroelectronics FP-SNS-FLIGHT1 5.1.0
2026-07-28 12:40:27,527 [INFO] ThirdParty:1030 - CMSIS Pack Vendor :STMicroelectronics X-CUBE-AZRTOS-WL 2.0.0
2026-07-28 12:40:27,527 [INFO] ThirdParty:1030 - CMSIS Pack Vendor :SEGGER I-CUBE-embOS 1.3.1
2026-07-28 12:40:27,527 [INFO] ThirdParty:1030 - CMSIS Pack Vendor :STMicroelectronics X-CUBE-DPower 1.3.0
2026-07-28 12:40:27,527 [INFO] ThirdParty:1030 - CMSIS Pack Vendor :STMicroelectronics USB_DEVICE 1.0.0
2026-07-28 12:40:27,527 [INFO] ThirdParty:1030 - CMSIS Pack Vendor :STMicroelectronics X-CUBE-AZRTOS-L4 2.0.0
2026-07-28 12:40:27,527 [INFO] ThirdParty:1030 - CMSIS Pack Vendor :STMicroelectronics ThreadX 0.0.2
2026-07-28 12:40:27,527 [INFO] ThirdParty:1030 - CMSIS Pack Vendor :STMicroelectronics lwIP 2.1.2
2026-07-28 12:40:27,527 [INFO] ThirdParty:1030 - CMSIS Pack Vendor :STMicroelectronics X-CUBE-SFXS2LP1 4.0.0
2026-07-28 12:40:27,527 [INFO] ThirdParty:1030 - CMSIS Pack Vendor :STMicroelectronics X-CUBE-BLE2 3.3.0
2026-07-28 12:40:27,527 [INFO] ThirdParty:1030 - CMSIS Pack Vendor :Avnet-IOTCONNECT X-CUBE-iotc-st67-sdk 1.0.0
2026-07-28 12:40:27,527 [INFO] ThirdParty:1030 - CMSIS Pack Vendor :STMicroelectronics X-CUBE-TOF1 3.4.3
2026-07-28 12:40:27,527 [INFO] ThirdParty:1030 - CMSIS Pack Vendor :Infineon AIROC-Wi-Fi-Bluetooth-STM32 1.8.0
2026-07-28 12:40:27,527 [INFO] ThirdParty:1030 - CMSIS Pack Vendor :STMicroelectronics X-CUBE-NFC13 1.0.0
2026-07-28 12:40:27,527 [INFO] ThirdParty:1030 - CMSIS Pack Vendor :STMicroelectronics PDM2PCM 3.2.0
2026-07-28 12:40:27,527 [INFO] ThirdParty:1030 - CMSIS Pack Vendor :STMicroelectronics X-CUBE-WB05N 2.1.0
2026-07-28 12:40:27,527 [INFO] ThirdParty:841 - exiting critical section [change project]
2026-07-28 12:40:27,867 [INFO] PinOutPanel:1589 - setPackage(No Configuration,No Configuration)
2026-07-28 12:40:27,868 [INFO] PinOutPanel:1589 - setPackage(STM32L4S5VITx,LQFP100)
2026-07-28 12:40:28,314 [INFO] UtilMem:75 - Before build in PCC Used Memory: 802586848 Bytes (1073741824)
2026-07-28 12:40:29,269 [INFO] UtilMem:75 - After build in PCC Used Memory: 926318832 Bytes (1073741824)
2026-07-28 12:40:29,296 [INFO] IPUIPlugin:80 - create IPUIPlugin
2026-07-28 12:40:29,296 [INFO] IPUIPlugin:80 - create IPUIPlugin
2026-07-28 12:40:29,296 [INFO] IPUIPlugin:80 - create IPUIPlugin
2026-07-28 12:40:29,296 [INFO] IPUIPlugin:80 - create IPUIPlugin
2026-07-28 12:40:29,296 [INFO] IPUIPlugin:80 - create IPUIPlugin
2026-07-28 12:40:29,296 [INFO] IPUIPlugin:80 - create IPUIPlugin
2026-07-28 12:40:29,296 [INFO] IPUIPlugin:80 - create IPUIPlugin
2026-07-28 12:40:29,296 [INFO] IPUIPlugin:80 - create IPUIPlugin
2026-07-28 12:40:29,297 [INFO] IPUIPlugin:80 - create IPUIPlugin
2026-07-28 12:40:29,297 [INFO] IPUIPlugin:80 - create IPUIPlugin
2026-07-28 12:40:29,297 [INFO] IPUIPlugin:80 - create IPUIPlugin
2026-07-28 12:40:29,297 [INFO] IPUIPlugin:80 - create IPUIPlugin
2026-07-28 12:40:29,297 [INFO] IPUIPlugin:80 - create IPUIPlugin
2026-07-28 12:40:29,297 [INFO] IPUIPlugin:80 - create IPUIPlugin
2026-07-28 12:40:29,297 [INFO] IPUIPlugin:80 - create IPUIPlugin
2026-07-28 12:40:29,297 [INFO] IPUIPlugin:80 - create IPUIPlugin
2026-07-28 12:40:29,297 [INFO] IPUIPlugin:80 - create IPUIPlugin
2026-07-28 12:40:29,297 [INFO] IPUIPlugin:80 - create IPUIPlugin
2026-07-28 12:40:29,297 [INFO] IPUIPlugin:80 - create IPUIPlugin
2026-07-28 12:40:29,297 [INFO] IPUIPlugin:80 - create IPUIPlugin
2026-07-28 12:40:29,297 [INFO] IPUIPlugin:80 - create IPUIPlugin
2026-07-28 12:40:29,297 [INFO] IPUIPlugin:80 - create IPUIPlugin
2026-07-28 12:40:29,298 [INFO] IPUIPlugin:80 - create IPUIPlugin
2026-07-28 12:40:29,298 [INFO] IPUIPlugin:80 - create IPUIPlugin
2026-07-28 12:40:29,298 [INFO] IPUIPlugin:80 - create IPUIPlugin
2026-07-28 12:40:29,298 [INFO] IPUIPlugin:80 - create IPUIPlugin
2026-07-28 12:40:29,298 [INFO] IPUIPlugin:80 - create IPUIPlugin
2026-07-28 12:40:29,298 [INFO] IPUIPlugin:80 - create IPUIPlugin
2026-07-28 12:40:29,298 [INFO] IPUIPlugin:80 - create IPUIPlugin
2026-07-28 12:40:29,298 [INFO] IPUIPlugin:80 - create IPUIPlugin
2026-07-28 12:40:29,299 [INFO] IPUIPlugin:80 - create IPUIPlugin
2026-07-28 12:40:29,299 [INFO] IPUIPlugin:80 - create IPUIPlugin
2026-07-28 12:40:29,299 [INFO] IPUIPlugin:80 - create IPUIPlugin
2026-07-28 12:40:29,300 [INFO] IPUIPlugin:80 - create IPUIPlugin
2026-07-28 12:40:29,300 [INFO] IPUIPlugin:80 - create IPUIPlugin
2026-07-28 12:40:29,300 [INFO] IPUIPlugin:80 - create IPUIPlugin
2026-07-28 12:40:29,300 [INFO] IPUIPlugin:80 - create IPUIPlugin
2026-07-28 12:40:29,300 [INFO] IPUIPlugin:80 - create IPUIPlugin
2026-07-28 12:40:29,300 [INFO] IPUIPlugin:80 - create IPUIPlugin
2026-07-28 12:40:29,300 [INFO] IPUIPlugin:80 - create IPUIPlugin
2026-07-28 12:40:29,300 [INFO] IPUIPlugin:80 - create IPUIPlugin
2026-07-28 12:40:29,301 [INFO] IPUIPlugin:80 - create IPUIPlugin
2026-07-28 12:40:29,301 [INFO] IPUIPlugin:80 - create IPUIPlugin
2026-07-28 12:40:29,301 [INFO] IPUIPlugin:80 - create IPUIPlugin
2026-07-28 12:40:29,301 [INFO] IPUIPlugin:80 - create IPUIPlugin
2026-07-28 12:40:29,301 [INFO] IPUIPlugin:80 - create IPUIPlugin
2026-07-28 12:40:29,301 [INFO] IPUIPlugin:80 - create IPUIPlugin
2026-07-28 12:40:29,301 [INFO] IPUIPlugin:80 - create IPUIPlugin
2026-07-28 12:40:29,301 [INFO] IPUIPlugin:80 - create IPUIPlugin
2026-07-28 12:40:29,302 [INFO] IPUIPlugin:80 - create IPUIPlugin
2026-07-28 12:40:29,302 [INFO] IPUIPlugin:80 - create IPUIPlugin
2026-07-28 12:40:29,302 [INFO] IPUIPlugin:80 - create IPUIPlugin
2026-07-28 12:40:29,302 [INFO] IPUIPlugin:80 - create IPUIPlugin
2026-07-28 12:40:29,302 [INFO] IPUIPlugin:80 - create IPUIPlugin
2026-07-28 12:40:29,302 [INFO] IPUIPlugin:80 - create IPUIPlugin
2026-07-28 12:40:29,302 [INFO] IPUIPlugin:80 - create IPUIPlugin
2026-07-28 12:40:29,302 [INFO] IPUIPlugin:80 - create IPUIPlugin
2026-07-28 12:40:29,303 [INFO] IPUIPlugin:80 - create IPUIPlugin
2026-07-28 12:40:29,303 [INFO] IPUIPlugin:80 - create IPUIPlugin
2026-07-28 12:40:29,303 [INFO] IPUIPlugin:80 - create IPUIPlugin
2026-07-28 12:40:29,303 [INFO] IPUIPlugin:80 - create IPUIPlugin
2026-07-28 12:40:29,303 [INFO] IPUIPlugin:80 - create IPUIPlugin
2026-07-28 12:40:29,303 [INFO] IPUIPlugin:80 - create IPUIPlugin
2026-07-28 12:40:29,475 [INFO] CADModel:165 - CPN selected for project levelSTM32L4S5VIT6
2026-07-28 12:40:29,475 [INFO] CADModel:114 - Register for checkConnection events
2026-07-28 12:40:29,519 [INFO] OpenFileManager:386 - Restore cursor
2026-07-28 12:40:29,796 [WARN] IP:2250 - MaxTran not found: check if there is a RefParameter without a condition.
2026-07-28 12:40:29,796 [WARN] IP:2250 - Refresh not found: check if there is a RefParameter without a condition.
2026-07-28 12:40:29,796 [WARN] IP:2250 - MaxTran not found: check if there is a RefParameter without a condition.
2026-07-28 12:40:29,796 [WARN] IP:2250 - Refresh not found: check if there is a RefParameter without a condition.
2026-07-28 12:40:30,766 [INFO] UtilMem:75 - End SaveConfig() Used Memory: 917865512 Bytes (1073741824)
2026-07-28 12:41:10,556 [INFO] McuFinderGlobals:76 - Set McuFinderConnectedMode to true
2026-07-28 12:41:10,560 [INFO] ApiDb:448 - Save user favorites file C:\Users\ADMIN/.stm32cubeide/favorites.mcus.txt: 0 item(s)
2026-07-28 12:41:10,560 [INFO] ApiDb:452 - User favorites MCUs=[]
2026-07-28 12:41:10,564 [INFO] ApiDb:448 - Save user favorites file C:\Users\ADMIN/.stm32cubeide/favorites.boards.txt: 0 item(s)
2026-07-28 12:41:10,564 [INFO] ApiDb:452 - User favorites Boards=[]
2026-07-28 13:59:32,031 [INFO] McuFinderGlobals:63 - Set McuFinder mode to 2 (CubeIDE integrated)
2026-07-28 13:59:32,031 [INFO] UserAuth:171 - activating auth plugin
2026-07-28 13:59:32,036 [INFO] UserAuth:487 - Internet connection configuration mode: 1
2026-07-28 14:00:34,386 [INFO] WebApp:652 - userauth.ini deleted or not created
2026-07-28 14:01:32,330 [INFO] McuFinderGlobals:63 - Set McuFinder mode to 2 (CubeIDE integrated)
2026-07-28 14:01:32,330 [INFO] UserAuth:171 - activating auth plugin
2026-07-28 14:01:32,333 [INFO] UserAuth:487 - Internet connection configuration mode: 1
2026-07-28 14:02:42,757 [INFO] MainUpdater:2872 - connection check result : 10
2026-07-28 14:02:43,134 [INFO] CheckServerUpdateThread:120 - End of CheckServer Thread
2026-07-28 14:03:02,937 [INFO] ServerAccessManage:452 - Complete download http(s) 200
2026-07-28 14:03:02,937 [INFO] ServerAccessManage:509 - Download File updaters.zip
2026-07-28 14:03:03,407 [INFO] FileExtend:248 - Unzip File : updaters.zip
2026-07-28 14:03:03,407 [INFO] FileExtend:263 - Standard Zip Deflate
2026-07-28 14:03:03,579 [INFO] ServerAccessManage:452 - Complete download http(s) 200
2026-07-28 14:03:03,579 [INFO] ServerAccessManage:509 - Download File PacksControlFlags.xml
2026-07-28 14:03:03,705 [INFO] ServerAccessManage:452 - Complete download http(s) 200
2026-07-28 14:03:03,705 [INFO] ServerAccessManage:509 - Download File cubemx.pidx
2026-07-28 14:03:03,752 [ERROR] MainUpdater:4146 - Unexpected exception : Index 32 out of bounds for length 0
2026-07-28 14:03:03,752 [INFO] LoadServerUpdatesThread:375 - End of LoadServerUpdate Thread
2026-07-28 14:03:03,908 [INFO] CheckServerUpdateThread:120 - End of CheckServer Thread
2026-07-28 14:03:25,573 [INFO] McuFinderGlobals:63 - Set McuFinder mode to 2 (CubeIDE integrated)
2026-07-28 14:03:25,573 [INFO] UserAuth:171 - activating auth plugin
2026-07-28 14:03:25,575 [INFO] UserAuth:487 - Internet connection configuration mode: 1
2026-07-28 14:03:48,579 [INFO] McuFinderGlobals:63 - Set McuFinder mode to 2 (CubeIDE integrated)
2026-07-28 14:03:48,580 [INFO] UserAuth:171 - activating auth plugin
2026-07-28 14:03:48,581 [INFO] UserAuth:487 - Internet connection configuration mode: 1
2026-07-28 14:04:12,841 [INFO] UtilMem:75 - End SaveConfig() Used Memory: 835936856 Bytes (1073741824)
2026-07-28 14:04:15,192 [INFO] UtilMem:75 - End SaveConfig() Used Memory: 917141072 Bytes (1073741824)
2026-07-28 14:04:18,300 [INFO] ServerAccessManage:452 - Complete download http(s) 200
2026-07-28 14:04:18,368 [INFO] ServerAccessManage:509 - Download File stm32cube_fw_l4_v1180.zip
2026-07-28 14:19:19,308 [INFO] AnalyticsPlugin:368 - Accepted License(s): [FW.L4.1.18.0]
2026-07-28 14:19:19,309 [INFO] FileExtend:248 - Unzip File : stm32cube_fw_l4_v1180.zip
2026-07-28 14:19:19,309 [INFO] FileExtend:263 - Standard Zip Deflate
2026-07-28 14:19:36,093 [INFO] ServerAccessManage:452 - Complete download http(s) 200
2026-07-28 14:19:36,093 [INFO] ServerAccessManage:509 - Download File stm32cube_fw_l4_v1182.zip
2026-07-28 14:20:10,012 [INFO] FileExtend:248 - Unzip File : stm32cube_fw_l4_v1182.zip
2026-07-28 14:20:10,012 [INFO] FileExtend:263 - Standard Zip Deflate
2026-07-28 14:20:19,093 [INFO] LoadServerPackagesThread:196 - End of LoadServerPackages Thread
2026-07-28 14:20:19,321 [INFO] ThirdPartyModel:298 - Start build external matchings
2026-07-28 14:20:19,352 [INFO] UtilMem:75 - End SaveConfig() Used Memory: 814949408 Bytes (1073741824)
2026-07-28 14:20:19,707 [INFO] ThirdPartyModel:316 - End build external matchings
2026-07-28 14:20:19,723 [INFO] CheckServerUpdateThread:120 - End of CheckServer Thread
2026-07-28 14:20:19,989 [INFO] BlockDiagram:2775 - set Specific Code input for plugin: SYS
2026-07-28 14:20:19,989 [INFO] BlockDiagram:2775 - set Specific Code input for plugin: RCC
2026-07-28 14:20:19,989 [INFO] BlockDiagram:2775 - set Specific Code input for plugin: NVIC
2026-07-28 14:20:19,989 [INFO] CodeGenerator:892 - code generatio: config db path: C:\ST\STM32CubeIDE_1.19.0\STM32CubeIDE\plugins\com.st.stm32cube.common.mx_6.15.0.202507011659\\db\
2026-07-28 14:20:20,145 [INFO] CodeEngine:265 - oldGeneratedFile, D:\RKS_TinyML_Workspace\TinyML_Workshop_Nitte\STM32\First_STM32_Poject\MXTmpFiles\license.tmp_save
2026-07-28 14:20:20,707 [INFO] CodeEngine:289 - Generated code: D:\RKS_TinyML_Workspace\TinyML_Workshop_Nitte\STM32\First_STM32_Poject\MXTmpFiles\license.tmp
2026-07-28 14:20:20,973 [INFO] CodeEngine:265 - oldGeneratedFile, D:\RKS_TinyML_Workspace\TinyML_Workshop_Nitte\STM32\First_STM32_Poject\Core\Src\stm32l4xx_it.c_save
2026-07-28 14:20:21,098 [INFO] CodeEngine:289 - Generated code: D:\RKS_TinyML_Workspace\TinyML_Workshop_Nitte\STM32\First_STM32_Poject\Core\Src\stm32l4xx_it.c
2026-07-28 14:20:21,098 [INFO] CodeEngine:265 - oldGeneratedFile, D:\RKS_TinyML_Workspace\TinyML_Workshop_Nitte\STM32\First_STM32_Poject\Core\Inc\stm32l4xx_it.h_save
2026-07-28 14:20:21,177 [INFO] CodeEngine:289 - Generated code: D:\RKS_TinyML_Workspace\TinyML_Workshop_Nitte\STM32\First_STM32_Poject\Core\Inc\stm32l4xx_it.h
2026-07-28 14:20:21,177 [INFO] CodeEngine:265 - oldGeneratedFile, D:\RKS_TinyML_Workspace\TinyML_Workshop_Nitte\STM32\First_STM32_Poject\Core\Src\stm32l4xx_hal_msp.c_save
2026-07-28 14:20:21,286 [INFO] CodeEngine:289 - Generated code: D:\RKS_TinyML_Workspace\TinyML_Workshop_Nitte\STM32\First_STM32_Poject\Core\Src\stm32l4xx_hal_msp.c
2026-07-28 14:20:21,286 [INFO] CodeEngine:265 - oldGeneratedFile, D:\RKS_TinyML_Workspace\TinyML_Workshop_Nitte\STM32\First_STM32_Poject\MXTmpFiles\system.tmp_save
2026-07-28 14:20:21,348 [INFO] CodeEngine:289 - Generated code: D:\RKS_TinyML_Workspace\TinyML_Workshop_Nitte\STM32\First_STM32_Poject\MXTmpFiles\system.tmp
2026-07-28 14:20:21,364 [INFO] CodeEngine:321 - oldGeneratedFile, D:\RKS_TinyML_Workspace\TinyML_Workshop_Nitte\STM32\First_STM32_Poject\Core\Inc\stm32l4xx_hal_conf.h_save
2026-07-28 14:20:21,427 [INFO] CodeEngine:345 - Generated code: D:\RKS_TinyML_Workspace\TinyML_Workshop_Nitte\STM32\First_STM32_Poject\Core\Inc\stm32l4xx_hal_conf.h
2026-07-28 14:20:21,489 [INFO] ApiDbMcu:532 - Load IP Config File for RCC
2026-07-28 14:20:21,489 [INFO] CodeEngine:265 - oldGeneratedFile, D:\RKS_TinyML_Workspace\TinyML_Workshop_Nitte\STM32\First_STM32_Poject\Core\Inc\main.h_save
2026-07-28 14:20:21,567 [INFO] CodeEngine:289 - Generated code: D:\RKS_TinyML_Workspace\TinyML_Workshop_Nitte\STM32\First_STM32_Poject\Core\Inc\main.h
2026-07-28 14:20:21,567 [INFO] CodeEngine:265 - oldGeneratedFile, D:\RKS_TinyML_Workspace\TinyML_Workshop_Nitte\STM32\First_STM32_Poject\Core\Src\main.c_save
2026-07-28 14:20:21,694 [INFO] CodeEngine:289 - Generated code: D:\RKS_TinyML_Workspace\TinyML_Workshop_Nitte\STM32\First_STM32_Poject\Core\Src\main.c
2026-07-28 14:20:21,914 [INFO] ProjectBuilder:3606 - Time for Copy HAL[1] : 68mS.
2026-07-28 14:20:21,922 [INFO] ProjectBuilder:5216 - Project Generator version: 4.7.0-B52
2026-07-28 14:20:21,982 [INFO] ConfigFileManager:1595 - The Die is : DIE470
2026-07-28 14:20:22,014 [INFO] ApiDbMcu:532 - Load IP Config File for FATFS
2026-07-28 14:20:22,018 [INFO] ApiDbMcu:532 - Load IP Config File for FREERTOS
2026-07-28 14:20:22,025 [INFO] ApiDbMcu:532 - Load IP Config File for TOUCHSENSING
2026-07-28 14:20:22,030 [INFO] ApiDbMcu:532 - Load IP Config File for USB_DEVICE
2026-07-28 14:20:22,034 [INFO] ApiDbMcu:532 - Load IP Config File for USB_HOST
2026-07-28 14:20:22,343 [INFO] LogOutputStream:77 - [STDOUT_REDIRECT] 
2026-07-28 14:20:25,421 [INFO] ProjectBuilder:5496 - Time for Generating toolchain IDE Files: 3497mS.
2026-07-28 14:20:25,421 [INFO] ProjectBuilder:3463 - Time for Copy CMSIS : 0mS.
2026-07-28 14:20:25,422 [INFO] ProjectBuilder:3463 - Time for Copy CMSIS : 0mS.
2026-07-28 14:33:59,429 [INFO] UtilMem:75 - End SaveConfig() Used Memory: 1001784768 Bytes (1073741824)
2026-07-28 14:34:02,565 [INFO] UtilMem:75 - End SaveConfig() Used Memory: 737189792 Bytes (1073741824)
2026-07-28 14:34:06,428 [INFO] UtilMem:75 - End SaveConfig() Used Memory: 867956816 Bytes (1073741824)
2026-07-28 14:34:06,811 [INFO] BlockDiagram:2775 - set Specific Code input for plugin: SYS
2026-07-28 14:34:06,812 [INFO] BlockDiagram:2775 - set Specific Code input for plugin: RCC
2026-07-28 14:34:06,812 [INFO] BlockDiagram:2775 - set Specific Code input for plugin: NVIC
2026-07-28 14:34:06,812 [INFO] BlockDiagram:2775 - set Specific Code input for plugin: GPIO
2026-07-28 14:34:06,813 [INFO] CodeGenerator:892 - code generatio: config db path: C:\ST\STM32CubeIDE_1.19.0\STM32CubeIDE\plugins\com.st.stm32cube.common.mx_6.15.0.202507011659\\db\
2026-07-28 14:34:06,873 [INFO] CodeEngine:265 - oldGeneratedFile, D:\RKS_TinyML_Workspace\TinyML_Workshop_Nitte\STM32\First_STM32_Poject\MXTmpFiles\license.tmp_save
2026-07-28 14:34:07,040 [INFO] CodeEngine:289 - Generated code: D:\RKS_TinyML_Workspace\TinyML_Workshop_Nitte\STM32\First_STM32_Poject\MXTmpFiles\license.tmp
2026-07-28 14:34:07,088 [INFO] CodeEngine:265 - oldGeneratedFile, D:\RKS_TinyML_Workspace\TinyML_Workshop_Nitte\STM32\First_STM32_Poject\MXTmpFiles\gpio.tmp_save
2026-07-28 14:34:07,179 [INFO] CodeEngine:289 - Generated code: D:\RKS_TinyML_Workspace\TinyML_Workshop_Nitte\STM32\First_STM32_Poject\MXTmpFiles\gpio.tmp
2026-07-28 14:34:07,194 [INFO] CodeEngine:265 - oldGeneratedFile, D:\RKS_TinyML_Workspace\TinyML_Workshop_Nitte\STM32\First_STM32_Poject\Core\Src\stm32l4xx_it.c_save
2026-07-28 14:34:07,354 [INFO] CodeEngine:289 - Generated code: D:\RKS_TinyML_Workspace\TinyML_Workshop_Nitte\STM32\First_STM32_Poject\Core\Src\stm32l4xx_it.c
2026-07-28 14:34:07,357 [INFO] CodeEngine:265 - oldGeneratedFile, D:\RKS_TinyML_Workspace\TinyML_Workshop_Nitte\STM32\First_STM32_Poject\Core\Inc\stm32l4xx_it.h_save
2026-07-28 14:34:07,400 [INFO] CodeEngine:289 - Generated code: D:\RKS_TinyML_Workspace\TinyML_Workshop_Nitte\STM32\First_STM32_Poject\Core\Inc\stm32l4xx_it.h
2026-07-28 14:34:07,408 [INFO] CodeEngine:265 - oldGeneratedFile, D:\RKS_TinyML_Workspace\TinyML_Workshop_Nitte\STM32\First_STM32_Poject\Core\Src\stm32l4xx_hal_msp.c_save
2026-07-28 14:34:07,482 [INFO] CodeEngine:289 - Generated code: D:\RKS_TinyML_Workspace\TinyML_Workshop_Nitte\STM32\First_STM32_Poject\Core\Src\stm32l4xx_hal_msp.c
2026-07-28 14:34:07,484 [INFO] CodeEngine:265 - oldGeneratedFile, D:\RKS_TinyML_Workspace\TinyML_Workshop_Nitte\STM32\First_STM32_Poject\MXTmpFiles\system.tmp_save
2026-07-28 14:34:07,522 [INFO] CodeEngine:289 - Generated code: D:\RKS_TinyML_Workspace\TinyML_Workshop_Nitte\STM32\First_STM32_Poject\MXTmpFiles\system.tmp
2026-07-28 14:34:07,529 [INFO] CodeEngine:321 - oldGeneratedFile, D:\RKS_TinyML_Workspace\TinyML_Workshop_Nitte\STM32\First_STM32_Poject\Core\Inc\stm32l4xx_hal_conf.h_save
2026-07-28 14:34:07,572 [INFO] CodeEngine:345 - Generated code: D:\RKS_TinyML_Workspace\TinyML_Workshop_Nitte\STM32\First_STM32_Poject\Core\Inc\stm32l4xx_hal_conf.h
2026-07-28 14:34:07,589 [INFO] CodeEngine:265 - oldGeneratedFile, D:\RKS_TinyML_Workspace\TinyML_Workshop_Nitte\STM32\First_STM32_Poject\Core\Inc\main.h_save
2026-07-28 14:34:07,652 [INFO] CodeEngine:289 - Generated code: D:\RKS_TinyML_Workspace\TinyML_Workshop_Nitte\STM32\First_STM32_Poject\Core\Inc\main.h
2026-07-28 14:34:07,655 [INFO] CodeEngine:265 - oldGeneratedFile, D:\RKS_TinyML_Workspace\TinyML_Workshop_Nitte\STM32\First_STM32_Poject\Core\Src\main.c_save
2026-07-28 14:34:07,747 [INFO] CodeEngine:289 - Generated code: D:\RKS_TinyML_Workspace\TinyML_Workshop_Nitte\STM32\First_STM32_Poject\Core\Src\main.c
2026-07-28 14:34:08,038 [INFO] ProjectBuilder:3606 - Time for Copy HAL[1] : 116mS.
2026-07-28 14:34:08,043 [INFO] ProjectBuilder:5216 - Project Generator version: 4.7.0-B52
2026-07-28 14:34:08,101 [INFO] ConfigFileManager:1595 - The Die is : DIE470
2026-07-28 14:34:08,899 [INFO] ProjectBuilder:5496 - Time for Generating toolchain IDE Files: 856mS.
2026-07-28 14:34:08,900 [INFO] ProjectBuilder:3463 - Time for Copy CMSIS : 0mS.
2026-07-28 14:34:08,902 [INFO] ProjectBuilder:3463 - Time for Copy CMSIS : 0mS.
2026-07-28 14:54:57,673 [INFO] MainUpdater:2872 - connection check result : 10
2026-07-28 14:54:57,673 [INFO] McuFinderGlobals:76 - Set McuFinderConnectedMode to true
2026-07-28 14:54:57,960 [INFO] ServerAccessManage:452 - Complete download http(s) 200
2026-07-28 14:54:57,960 [INFO] ServerAccessManage:509 - Download File mcusAds.json._tmp_
2026-07-28 14:54:58,069 [INFO] LoadUrlFilesThread:156 - End of LoadUrlFiles Thread
2026-07-28 14:54:58,385 [INFO] ServerAccessManage:452 - Complete download http(s) 200
2026-07-28 14:54:58,385 [INFO] ServerAccessManage:509 - Download File cube-finder-db.zip
2026-07-28 14:55:44,839 [INFO] FileExtend:248 - Unzip File : cube-finder-db.zip
2026-07-28 14:55:44,839 [INFO] FileExtend:263 - Standard Zip Deflate
2026-07-28 14:55:45,402 [INFO] LoadUrlFilesThread:156 - End of LoadUrlFiles Thread
2026-07-28 14:56:06,528 [ERROR] ServerAccessManage:1295 - Problem during Server Connection :  IO error Connection timed out: getsockopt
2026-07-28 14:56:06,531 [ERROR] ServerAccessManage:740 - Problem during Server Connection :  : crdb.zip.
2026-07-28 14:56:27,939 [INFO] LoadUrlFilesThread:156 - End of LoadUrlFiles Thread
2026-07-28 14:56:29,016 [INFO] DbMcusAds:53 - JSON generation date=Wed Jul 15 15:16:00 IST 2026 (1784108760991)
2026-07-28 14:56:29,021 [INFO] ApiDb:448 - Save user favorites file C:\Users\ADMIN/.stm32cubeide/favorites.mcus.txt: 0 item(s)
2026-07-28 14:56:29,021 [INFO] ApiDb:452 - User favorites MCUs=[]
2026-07-28 14:56:29,024 [INFO] ApiDb:581 - Connected to CubeFinder SQLite database (C:\Users\ADMIN\.stmcufinder\plugins\mcufinder\mcu\cube-finder-db.db)
2026-07-28 14:56:29,071 [INFO] ApiDb:668 - CubeFinder database Data Model version=2.1
2026-07-28 14:56:29,071 [INFO] ApiDb:669 - CubeFinder database Configuration version=3.0.42
2026-07-28 14:56:29,071 [INFO] ApiDb:670 - CubeFinder database generation date=2026-06-23 (1782213372)
2026-07-28 14:56:29,071 [INFO] ApiDb:671 - CubeFinder database FW Pack versions=[FP-ATR-ASTRA1_V2.0.0, FP-SNS-FLIGHT1_V5.1.0, FP-SNS-MOTENV1_V5.1.0, FP-SNS-MOTENVWB1_V1.5.0, FP-SNS-SMARTAG2_V1.2.0, FP-SNS-STBOX1_V2.1.0, STM32Cube_FW_C0_V1.4.0, STM32Cube_FW_F4_V1.28.3, STM32Cube_FW_F7_V1.17.4, STM32Cube_FW_G0_V1.6.3, STM32Cube_FW_G4_V1.6.2, STM32Cube_FW_H5_V1.7.0, STM32Cube_FW_H7RS_V1.3.0, STM32Cube_FW_H7_V1.13.0, STM32Cube_FW_L0_V1.12.2, STM32Cube_FW_L4_V1.18.2, STM32Cube_FW_L5_V1.6.0, STM32Cube_FW_N6_V1.4.0, STM32Cube_FW_U0_V1.3.0, STM32Cube_FW_U3_V1.4.0, STM32Cube_FW_U5_V1.9.0, STM32Cube_FW_WB0_V1.5.0, STM32Cube_FW_WBA_V1.10.0, STM32Cube_FW_WB_V1.24.0, STM32Cube_FW_WL3_V1.5.0, STM32Cube_FW_WL_V1.6.0, X-CUBE-ALGOBUILD_V1.5.0, X-CUBE-ALS_V1.0.2, X-CUBE-AZRTOS-F4_V1.1.0, X-CUBE-AZRTOS-F7_V1.1.0, X-CUBE-AZRTOS-G0_V1.1.0, X-CUBE-AZRTOS-G4_V2.0.0, X-CUBE-AZRTOS-H7RS_V1.1.0, X-CUBE-AZRTOS-H7_V3.5.0, X-CUBE-AZRTOS-L4_V2.0.0, X-CUBE-AZRTOS-L5_V2.0.0, X-CUBE-AZRTOS-WB_V2.0.0, X-CUBE-AZRTOS-WL_V2.0.0, X-CUBE-BLE1_V7.1.0, X-CUBE-BLE2_V3.3.0, X-CUBE-BLEMGR_V4.1.0, X-CUBE-EEPRMA1_V5.2.0, X-CUBE-FREERTOS_V1.5.0, X-CUBE-GNSS1_V7.1.1, X-CUBE-MEMS1_V12.1.0, X-CUBE-NFC4_V3.0.0, X-CUBE-NFC7_V2.0.0, X-CUBE-SFXS2LP1_V4.0.0, X-CUBE-ST67W61_V1.3.0, X-CUBE-SUBG2_V5.0.0, X-CUBE-TOF1_V3.4.3]
2026-07-28 14:56:30,494 [INFO] ApiDb:240 - Found 880 in-development CPN: [B-G473E-ZEST1S, B-WB1M-WPAN1, B-WBA5M-WPAN, B-WL5M-SUBG1, NUCLEO-C031C6, NUCLEO-C051C8, NUCLEO-C071RB, NUCLEO-C092RC, NUCLEO-H503RB, NUCLEO-H533RE, NUCLEO-H563ZI, NUCLEO-H7S3L8, NUCLEO-N657X0-Q, NUCLEO-U031R8, NUCLEO-U083RC, NUCLEO-U385RG-Q, NUCLEO-U545RE-Q, NUCLEO-U5A5ZJ-Q, NUCLEO-WB05KZ, NUCLEO-WB07CC, NUCLEO-WB09KE, NUCLEO-WBA52CG, NUCLEO-WBA55CG, NUCLEO-WL33CC1, NUCLEO-WL33CC2, STEVAL-PROTEUS1, STEVAL-SMARTAG2, STEVAL-STWINBX1, STM320518-EVAL, STM32C0116-DK, STM32C011D6Y3TR, STM32C011D6Y6TR, STM32C011F4P3, STM32C011F4P6, STM32C011F4U3, STM32C011F4U6TR, STM32C011F6P3, STM32C011F6P6, STM32C011F6U3, STM32C011F6U6TR, STM32C011J4M3, STM32C011J4M6, STM32C011J6M3, STM32C011J6M6, STM32C0316-DK, STM32C031C4T3, STM32C031C4T6, STM32C031C4U3, STM32C031C4U6, STM32C031C6T3, STM32C031C6T6, STM32C031C6U3, STM32C031C6U6, STM32C031F4P3, STM32C031F4P6, STM32C031F6P3, STM32C031F6P6, STM32C031G4U3, STM32C031G4U6, STM32C031G6U3, STM32C031G6U6, STM32C031K4T3, STM32C031K4T6, STM32C031K4U3, STM32C031K4U6, STM32C031K6T3, STM32C031K6T6, STM32C031K6U3, STM32C031K6U6, STM32C051C6T6, STM32C051C6U6, STM32C051C8T6, STM32C051C8U6, STM32C051D8Y6TR, STM32C051F6P6, STM32C051F8P6, STM32C051G6U6, STM32C051G8U6, STM32C051K6T6, STM32C051K6U6, STM32C051K8T6, STM32C071C8T6, STM32C071C8T6N, STM32C071C8U6, STM32C071C8U6N, STM32C071CBT6, STM32C071CBT6N, STM32C071CBU6, STM32C071CBU6N, STM32C071F8P6, STM32C071F8P6N, STM32C071FBP6, STM32C071FBP6N, STM32C071FBY6TR, STM32C071G8U6, STM32C071G8U6N, STM32C071GBU6, STM32C071GBU6N, STM32C071K8T6, STM32C071K8T6N, STM32C071K8U6, STM32C071K8U6N, STM32C071KBT6, STM32C071KBT6N, STM32C071KBU6, STM32C071KBU6N, STM32C071R8T6, STM32C071R8T6N, STM32C071RBI6N, STM32C071RBT6, STM32C071RBT6N, STM32C091CBT6, STM32C091CBU6, STM32C091CCT6, STM32C091CCU6, STM32C091ECY6TR, STM32C091FBP6, STM32C091FCP6, STM32C091GBU6, STM32C091GCU6, STM32C091KBT6, STM32C091KBU6, STM32C091KCT6, STM32C091KCU6, STM32C091RBT6, STM32C091RCI6, STM32C091RCT6, STM32C092CBT6, STM32C092CBU6, STM32C092CCT6, STM32C092CCU6, STM32C092ECY6TR, STM32C092FBP6, STM32C092FCP6, STM32C092GBU6, STM32C092GCU6, STM32C092KBT6, STM32C092KBU6, STM32C092KCT6, STM32C092KCU6, STM32C092RBT6, STM32C092RCI6, STM32C092RCT6, STM32G071K8TXN, STM32G071K8UXN, STM32G081GBU6N, STM32G081KBT6N, STM32G081KBUXN, STM32G0B1CCT6N, STM32G0B1KCT6, STM32G0B1NEY6TR, STM32G0B1RCT6N, STM32G0C1CCT6, STM32G0C1CCT6N, STM32G0C1CCU6N, STM32G0C1CET6N, STM32G0C1CEU6N, STM32G0C1KCT6, STM32G0C1NEY6TR, STM32G0C1RCI6N, STM32G0C1RCT6N, STM32G0C1REI6N, STM32G0C1RET6N, STM32G0C1VCI6, STM32G0C1VEI6, STM32G411C6T3, STM32G411C6T6, STM32G411C6U3, STM32G411C6U6, STM32G411C8T3, STM32G411C8T6, STM32G411C8U3, STM32G411C8U6, STM32G411CBT3, STM32G411CBT6, STM32G411CBU3, STM32G411CBU6, STM32G411K6T3, STM32G411K6T6, STM32G411K6U3, STM32G411K6U6, STM32G411K8T3, STM32G411K8T6, STM32G411K8U3, STM32G411K8U6, STM32G411KBT3, STM32G411KBT6, STM32G411KBU3, STM32G411KBU6, STM32G411M6T3, STM32G411M6T6, STM32G411M8T3, STM32G411M8T6, STM32G411MBT3, STM32G411MBT6, STM32G411R6T3, STM32G411R6T6, STM32G411R8T3, STM32G411R8T6, STM32G411RBT3, STM32G411RBT6, STM32G414CBT3, STM32G414CBT6, STM32G414CBU3, STM32G414CBU6, STM32G414CCT3, STM32G414CCT6, STM32G414CCU3, STM32G414CCU6, STM32G414MBT3, STM32G414MBT6, STM32G414MCT3, STM32G414MCT6, STM32G414RBT3, STM32G414RBT6, STM32G414RCT3, STM32G414RCT6, STM32G414VBT3, STM32G414VBT6, STM32G414VCT3, STM32G414VCT6, STM32G431CBT3Z, STM32G431RBT3Z, STM32G471CCT6, STM32G471CCU6, STM32G471CET3, STM32G471CET6, STM32G471CEU3, STM32G471CEU6, STM32G471MCT6, STM32G471MET3, STM32G471MET6, STM32G471MEY6TR, STM32G471QCT6, STM32G471QET3, STM32G471RCT6, STM32G471RET3, STM32G471RET6, STM32G471VCH6, STM32G471VCI6, STM32G471VCT6, STM32G471VEH3, STM32G471VEH6, STM32G471VEI3, STM32G471VEI6, STM32G471VET3, STM32G471VET6, STM32G473QET3Z, STM32G473RET3Z, STM32G474CCT6, STM32G491RET3Z, STM32H503CBT6, STM32H503CBU6, STM32H503EBY6TR, STM32H503KBU6, STM32H503RBT6, STM32H523CCT6, STM32H523CCU6, STM32H523CET6, STM32H523CEU6, STM32H523HEY6TR, STM32H523RCT6, STM32H523RET6, STM32H523VCI6, STM32H523VCT6, STM32H523VEI6, STM32H523VET6, STM32H523ZCJ6, STM32H523ZCT6, STM32H523ZEJ6, STM32H523ZET6, STM32H533CET6, STM32H533CEU6, STM32H533HEY6TR, STM32H533RET6, STM32H533VEI6, STM32H533VET6, STM32H533ZEJ6, STM32H533ZET6, STM32H562AGI6, STM32H562AII6, STM32H562IGK6, STM32H562IGT6, STM32H562IIK6, STM32H562IIT6, STM32H562RGT6, STM32H562RGV6, STM32H562RIT6, STM32H562RIV6, STM32H562VGT6, STM32H562VIT6, STM32H562ZGT6, STM32H562ZIT6, STM32H563AGI6, STM32H563AII3Q, STM32H563AII6, STM32H563IGK6, STM32H563IGT6, STM32H563IIK3Q, STM32H563IIK6, STM32H563IIT3Q, STM32H563IIT6, STM32H563MIY3QTR, STM32H563RGT6, STM32H563RGV6, STM32H563RIT6, STM32H563RIV6, STM32H563VGT6, STM32H563VIT3Q, STM32H563VIT6, STM32H563ZGT6, STM32H563ZIT3Q, STM32H563ZIT6, STM32H573AII3Q, STM32H573AII6, STM32H573I-DK, STM32H573IIK3Q, STM32H573IIK6, STM32H573IIT3Q, STM32H573IIT6, STM32H573MIY3QTR, STM32H573RIT6, STM32H573RIV6, STM32H573VIT3Q, STM32H573VIT6, STM32H573ZIT3Q, STM32H573ZIT6, STM32H7R3A8I6, STM32H7R3I8K6, STM32H7R3I8T6, STM32H7R3L8H6, STM32H7R3L8H6H, STM32H7R3R8V6, STM32H7R3V8H6, STM32H7R3V8T6, STM32H7R3V8Y6TR, STM32H7R3Z8J6, STM32H7R3Z8T6, STM32H7R7A8I6, STM32H7R7I8K6, STM32H7R7I8T6, STM32H7R7L8H6, STM32H7R7L8H6H, STM32H7R7Z8J6, STM32H7S3A8I6, STM32H7S3I8K6, STM32H7S3I8T6, STM32H7S3L8H6, STM32H7S3L8H6H, STM32H7S3R8V6, STM32H7S3V8H6, STM32H7S3V8T6, STM32H7S3V8Y6TR, STM32H7S3Z8J6, STM32H7S3Z8T6, STM32H7S78-DK, STM32H7S7A8I6, STM32H7S7I8K6, STM32H7S7I8T6, STM32H7S7L8H6, STM32H7S7L8H6H, STM32H7S7Z8J6, STM32L4R5QGI6STR, STM32MP131AAE3, STM32MP131AAF3, STM32MP131AAG3, STM32MP131CAE3, STM32MP131CAF3, STM32MP131CAG3, STM32MP131DAE7, STM32MP131DAF7, STM32MP131DAG7, STM32MP131FAE7, STM32MP131FAF7, STM32MP131FAG7, STM32MP133AAE3, STM32MP133AAF3, STM32MP133AAG3, STM32MP133CAE3, STM32MP133CAF3, STM32MP133CAG3, STM32MP133DAE7, STM32MP133DAF7, STM32MP133DAG7, STM32MP133FAE7, STM32MP133FAF7, STM32MP133FAG7, STM32MP135AAE3, STM32MP135AAF3, STM32MP135AAG3, STM32MP135CAE3, STM32MP135CAF3, STM32MP135CAG3, STM32MP135DAE7, STM32MP135DAF7, STM32MP135DAG7, STM32MP135F-DK, STM32MP135FAE7, STM32MP135FAF7, STM32MP135FAF7T, STM32MP135FAF7U, STM32MP135FAG7, STM32MP211AAL3, STM32MP211AAM3, STM32MP211AAN3, STM32MP211AAO3, STM32MP211CAL3, STM32MP211CAM3, STM32MP211CAN3, STM32MP211CAO3, STM32MP211DAL3, STM32MP211DAM3, STM32MP211DAN3, STM32MP211DAO3, STM32MP211FAL3, STM32MP211FAM3, STM32MP211FAN3, STM32MP211FAO3, STM32MP213AAL3, STM32MP213AAM3, STM32MP213AAN3, STM32MP213AAO3, STM32MP213CAL3, STM32MP213CAM3, STM32MP213CAN3, STM32MP213CAO3, STM32MP213DAL3, STM32MP213DAM3, STM32MP213DAN3, STM32MP213DAO3, STM32MP213FAL3, STM32MP213FAM3, STM32MP213FAN3, STM32MP213FAO3, STM32MP215AAL3, STM32MP215AAM3, STM32MP215AAN3, STM32MP215AAO3, STM32MP215CAL3, STM32MP215CAM3, STM32MP215CAN3, STM32MP215CAO3, STM32MP215DAL3, STM32MP215DAM3, STM32MP215DAN3, STM32MP215DAO3, STM32MP215F-DK, STM32MP215FAL3, STM32MP215FAM3, STM32MP215FAN3, STM32MP215FAO3, STM32MP231AAJ3, STM32MP231AAK3, STM32MP231AAL3, STM32MP231CAJ3, STM32MP231CAK3, STM32MP231CAL3, STM32MP231DAJ3, STM32MP231DAK3, STM32MP231DAL3, STM32MP231FAJ3, STM32MP231FAK3, STM32MP231FAL3, STM32MP233AAJ3, STM32MP233AAK3, STM32MP233AAL3, STM32MP233CAJ3, STM32MP233CAK3, STM32MP233CAL3, STM32MP233DAJ3, STM32MP233DAK3, STM32MP233DAL3, STM32MP233FAJ3, STM32MP233FAK3, STM32MP233FAL3, STM32MP235AAJ3, STM32MP235AAK3, STM32MP235AAL3, STM32MP235CAJ3, STM32MP235CAK3, STM32MP235CAL3, STM32MP235DAJ3, STM32MP235DAK3, STM32MP235DAL3, STM32MP235FAJ3, STM32MP235FAK3, STM32MP235FAL3, STM32MP251AAI3, STM32MP251AAK3, STM32MP251AAL3, STM32MP251CAI3, STM32MP251CAK3, STM32MP251CAL3, STM32MP251DAI3, STM32MP251DAK3, STM32MP251DAL3, STM32MP251FAI3, STM32MP251FAK3, STM32MP251FAL3, STM32MP253AAI3, STM32MP253AAK3, STM32MP253AAL3, STM32MP253CAI3, STM32MP253CAK3, STM32MP253CAL3, STM32MP253DAI3, STM32MP253DAK3, STM32MP253DAL3, STM32MP253FAI3, STM32MP253FAK3, STM32MP253FAL3, STM32MP255AAI3, STM32MP255AAK3, STM32MP255AAL3, STM32MP255CAI3, STM32MP255CAK3, STM32MP255CAL3, STM32MP255DAI3, STM32MP255DAK3, STM32MP255DAL3, STM32MP255FAI3, STM32MP255FAK3, STM32MP255FAL3, STM32MP257AAI3, STM32MP257AAK3, STM32MP257AAL3, STM32MP257CAI3, STM32MP257CAK3, STM32MP257CAL3, STM32MP257DAI3, STM32MP257DAK3, STM32MP257DAL3, STM32MP257F-DK, STM32MP257F-EV1, STM32MP257FAI3, STM32MP257FAK3, STM32MP257FAL3, STM32N645A0H3Q, STM32N645B0H3Q, STM32N645I0H3Q, STM32N645L0H3Q, STM32N645X0H3Q, STM32N645Z0H3Q, STM32N647A0H3Q, STM32N647B0H3Q, STM32N647I0H3Q, STM32N647L0H3Q, STM32N647X0H3Q, STM32N647Z0H3Q, STM32N655A0H3Q, STM32N655B0H3Q, STM32N655I0H3Q, STM32N655L0H3Q, STM32N655X0H3Q, STM32N655Z0H3Q, STM32N6570-DK, STM32N657A0H3Q, STM32N657B0H3Q, STM32N657I0H3Q, STM32N657L0H3Q, STM32N657X0H3Q, STM32N657Z0H3Q, STM32U031C6T6, STM32U031C6U6, STM32U031C8T6, STM32U031C8U6, STM32U031F4P6, STM32U031F6P6, STM32U031F8P6, STM32U031G6Y6TR, STM32U031G8Y6TR, STM32U031K4U6, STM32U031K6U6, STM32U031K8U6, STM32U031R6I6, STM32U031R6T6, STM32U031R8I6, STM32U031R8T6, STM32U073C8T6, STM32U073C8U6, STM32U073CBT6, STM32U073CBU6, STM32U073CCT6, STM32U073CCU6, STM32U073H8Y6TR, STM32U073HBY6TR, STM32U073HCY6TR, STM32U073K8U6, STM32U073KBU6, STM32U073KCU6, STM32U073M8I6, STM32U073M8T6, STM32U073MBI6, STM32U073MBT6, STM32U073MCI6, STM32U073MCT6, STM32U073R8I6, STM32U073R8T6, STM32U073RBI6, STM32U073RBT6, STM32U073RCI6, STM32U073RCT6, STM32U083C-DK, STM32U083CCT6, STM32U083CCU6, STM32U083HCY6TR, STM32U083KCU6, STM32U083MCI6, STM32U083MCT6, STM32U083RCI6, STM32U083RCT6, STM32U375CET6, STM32U375CET6Q, STM32U375CEU6, STM32U375CEU6Q, STM32U375CEY6QTR, STM32U375CGT6, STM32U375CGT6Q, STM32U375CGU6, STM32U375CGU6Q, STM32U375CGY6QTR, STM32U375KEU6, STM32U375KGU6, STM32U375REI6, STM32U375REI6Q, STM32U375RET6, STM32U375RET6Q, STM32U375REY6GTR, STM32U375REY6QTR, STM32U375RGI6, STM32U375RGI6Q, STM32U375RGT6, STM32U375RGT6Q, STM32U375RGY6GTR, STM32U375RGY6QTR, STM32U375VEI6, STM32U375VEI6Q, STM32U375VET6, STM32U375VET6Q, STM32U375VGI6, STM32U375VGI6Q, STM32U375VGT6, STM32U375VGT6Q, STM32U385CGT6, STM32U385CGT6Q, STM32U385CGU6, STM32U385CGU6Q, STM32U385CGY6QTR, STM32U385KGU6, STM32U385RGI6, STM32U385RGI6Q, STM32U385RGT6, STM32U385RGT6Q, STM32U385RGY6GTR, STM32U385RGY6QTR, STM32U385VGI6, STM32U385VGI6Q, STM32U385VGT6, STM32U385VGT6Q, STM32U535CBT6, STM32U535CBT6Q, STM32U535CBU6, STM32U535CBU6Q, STM32U535CCT6, STM32U535CCT6Q, STM32U535CCU6, STM32U535CCU6Q, STM32U535CET6, STM32U535CET6Q, STM32U535CEU6, STM32U535CEU6Q, STM32U535JEY6QTR, STM32U535NCY6QTR, STM32U535NEY6QTR, STM32U535RBI6, STM32U535RBI6Q, STM32U535RBT6, STM32U535RBT6Q, STM32U535RCI6, STM32U535RCI6Q, STM32U535RCT6, STM32U535RCT6Q, STM32U535REI6, STM32U535REI6Q, STM32U535RET6, STM32U535RET6Q, STM32U535VCI6, STM32U535VCI6Q, STM32U535VCT6, STM32U535VCT6Q, STM32U535VEI6, STM32U535VEI6Q, STM32U535VET6, STM32U535VET6Q, STM32U545CET6, STM32U545CET6Q, STM32U545CEU6, STM32U545CEU6Q, STM32U545JEY6QTR, STM32U545NEY6QTR, STM32U545REI6, STM32U545REI6Q, STM32U545RET6, STM32U545RET6Q, STM32U545VEI6, STM32U545VEI6Q, STM32U545VET6, STM32U545VET6Q, STM32U595AIH6, STM32U595AIH6Q, STM32U595AJH6, STM32U595AJH6Q, STM32U595QII6, STM32U595QII6Q, STM32U595QJI6, STM32U595QJI6Q, STM32U595RIT6, STM32U595RIT6Q, STM32U595RJT6, STM32U595RJT6Q, STM32U595VIT6, STM32U595VIT6Q, STM32U595VJT6, STM32U595VJT6Q, STM32U595ZIT6, STM32U595ZIT6Q, STM32U595ZIY6QTR, STM32U595ZJT6, STM32U595ZJT6Q, STM32U595ZJY6QTR, STM32U599BJY6QTR, STM32U599NIH6Q, STM32U599NJH6Q, STM32U599VIT6Q, STM32U599VJT6, STM32U599VJT6Q, STM32U599ZIT6Q, STM32U599ZIY6QTR, STM32U599ZJT6Q, STM32U599ZJY6QTR, STM32U5A5AJH6, STM32U5A5AJH6Q, STM32U5A5QII3Q , STM32U5A5QJI6, STM32U5A5QJI6Q, STM32U5A5RJT6, STM32U5A5RJT6Q, STM32U5A5VJT6, STM32U5A5VJT6Q, STM32U5A5ZJT6, STM32U5A5ZJT6Q, STM32U5A5ZJY6QTR, STM32U5A9BJY6QTR, STM32U5A9J-DK, STM32U5A9NJH6Q, STM32U5A9VJT6Q, STM32U5A9ZJT6Q, STM32U5A9ZJY6QTR, STM32U5F7VIT6, STM32U5F7VIT6Q, STM32U5F7VJT6, STM32U5F7VJT6Q, STM32U5F9BJY6QTR, STM32U5F9NJH6Q, STM32U5F9VIT6Q, STM32U5F9VJT6Q, STM32U5F9ZIJ6QTR, STM32U5F9ZIT6Q, STM32U5F9ZJJ6QTR, STM32U5F9ZJT6Q, STM32U5G7VJT6, STM32U5G7VJT6Q, STM32U5G9BJY6QTR, STM32U5G9J-DK1, STM32U5G9J-DK2, STM32U5G9NJH6Q, STM32U5G9VJT6Q, STM32U5G9ZJJ6QTR, STM32U5G9ZJT6Q, STM32WB05KZV6TR, STM32WB05KZV7TR, STM32WB05TZF6TR, STM32WB05TZF7TR, STM32WB06CCF6TR, STM32WB06CCF7TR, STM32WB06CCV6TR, STM32WB06CCV7TR, STM32WB06KCV6TR, STM32WB06KCV7TR, STM32WB07CCF6TR, STM32WB07CCF7TR, STM32WB07CCV6TR, STM32WB07CCV7TR, STM32WB07KCV6TR, STM32WB07KCV7TR, STM32WB09KEV6TR, STM32WB09KEV7TR, STM32WB09TEF6TR, STM32WB09TEF7TR, STM32WB1MMCH6, STM32WBA50KGU6, STM32WBA50KGU6TR, STM32WBA52CEU6, STM32WBA52CEU6TR, STM32WBA52CEU7, STM32WBA52CEU7TR, STM32WBA52CGU6, STM32WBA52CGU6TR, STM32WBA52CGU6U, STM32WBA52CGU7, STM32WBA52CGU7TR, STM32WBA52KEU6, STM32WBA52KEU6TR, STM32WBA52KGU6, STM32WBA52KGU6TR, STM32WBA54CEU6, STM32WBA54CEU6TR, STM32WBA54CEU7, STM32WBA54CEU7TR, STM32WBA54CGU6, STM32WBA54CGU6TR, STM32WBA54CGU7, STM32WBA54CGU7TR, STM32WBA54KEU6, STM32WBA54KEU6TR, STM32WBA54KEU7, STM32WBA54KEU7TR, STM32WBA54KGU6, STM32WBA54KGU6TR, STM32WBA54KGU7, STM32WBA54KGU7TR, STM32WBA55CEU6, STM32WBA55CEU6TR, STM32WBA55CEU7, STM32WBA55CEU7TR, STM32WBA55CGU6, STM32WBA55CGU6TR, STM32WBA55CGU6U, STM32WBA55CGU7, STM32WBA55CGU7TR, STM32WBA55G-DK1, STM32WBA55HEF6, STM32WBA55HEF7, STM32WBA55HGF6, STM32WBA55HGF7, STM32WBA55UEI6, STM32WBA55UEI6TR, STM32WBA55UEI7, STM32WBA55UEI7TR, STM32WBA55UGI6, STM32WBA55UGI6TR, STM32WBA55UGI7, STM32WBA55UGI7TR, STM32WBA5MMGH6TR, STM32WBA62MGF6, STM32WBA62MIF6, STM32WBA65MGF7, STM32WBA65MIF6, STM32WBA65MIF7, STM32WL30K8V6, STM32WL30KBV6, STM32WL31C8V6, STM32WL31CBV6, STM32WL31K8V6, STM32WL31KBV6, STM32WL33C8V6, STM32WL33C8V6X, STM32WL33CBV6, STM32WL33CBV6X, STM32WL33CCV6, STM32WL33CCV6A, STM32WL33CCV6X, STM32WL33K8V7, STM32WL33K8V7X, STM32WL33KBV7 , STM32WL33KBV7X, STM32WL33KCV7, STM32WL33KCV7X, STM32WL5MOCH6, STM32WL5MOCH6TR]
2026-07-28 14:56:30,497 [INFO] DbMcus:218 - Found 5250 MCUs, 5097 are supported
2026-07-28 14:56:30,502 [INFO] ApiDb:423 - Load user favorites file C:\Users\ADMIN/.stm32cubeide/favorites.mcus.txt: 0 item(s)
2026-07-28 14:56:30,505 [INFO] ApiDb:427 - User favorites MCUs=[]
2026-07-28 14:56:30,505 [INFO] DbMcus:224 - Set 0 / 0 favorites MCUs
2026-07-28 14:56:30,799 [INFO] ApiDb:448 - Save user favorites file C:\Users\ADMIN/.stm32cubeide/favorites.boards.txt: 0 item(s)
2026-07-28 14:56:30,799 [INFO] ApiDb:452 - User favorites Boards=[]
2026-07-28 14:56:30,800 [INFO] ApiDb:581 - Connected to CubeFinder SQLite database (C:\Users\ADMIN\.stmcufinder\plugins\mcufinder\mcu\cube-finder-db.db)
2026-07-28 14:56:30,840 [INFO] ApiDb:668 - CubeFinder database Data Model version=2.1
2026-07-28 14:56:30,840 [INFO] ApiDb:669 - CubeFinder database Configuration version=3.0.42
2026-07-28 14:56:30,840 [INFO] ApiDb:670 - CubeFinder database generation date=2026-06-23 (1782213372)
2026-07-28 14:56:30,840 [INFO] ApiDb:671 - CubeFinder database FW Pack versions=[FP-ATR-ASTRA1_V2.0.0, FP-SNS-FLIGHT1_V5.1.0, FP-SNS-MOTENV1_V5.1.0, FP-SNS-MOTENVWB1_V1.5.0, FP-SNS-SMARTAG2_V1.2.0, FP-SNS-STBOX1_V2.1.0, STM32Cube_FW_C0_V1.4.0, STM32Cube_FW_F4_V1.28.3, STM32Cube_FW_F7_V1.17.4, STM32Cube_FW_G0_V1.6.3, STM32Cube_FW_G4_V1.6.2, STM32Cube_FW_H5_V1.7.0, STM32Cube_FW_H7RS_V1.3.0, STM32Cube_FW_H7_V1.13.0, STM32Cube_FW_L0_V1.12.2, STM32Cube_FW_L4_V1.18.2, STM32Cube_FW_L5_V1.6.0, STM32Cube_FW_N6_V1.4.0, STM32Cube_FW_U0_V1.3.0, STM32Cube_FW_U3_V1.4.0, STM32Cube_FW_U5_V1.9.0, STM32Cube_FW_WB0_V1.5.0, STM32Cube_FW_WBA_V1.10.0, STM32Cube_FW_WB_V1.24.0, STM32Cube_FW_WL3_V1.5.0, STM32Cube_FW_WL_V1.6.0, X-CUBE-ALGOBUILD_V1.5.0, X-CUBE-ALS_V1.0.2, X-CUBE-AZRTOS-F4_V1.1.0, X-CUBE-AZRTOS-F7_V1.1.0, X-CUBE-AZRTOS-G0_V1.1.0, X-CUBE-AZRTOS-G4_V2.0.0, X-CUBE-AZRTOS-H7RS_V1.1.0, X-CUBE-AZRTOS-H7_V3.5.0, X-CUBE-AZRTOS-L4_V2.0.0, X-CUBE-AZRTOS-L5_V2.0.0, X-CUBE-AZRTOS-WB_V2.0.0, X-CUBE-AZRTOS-WL_V2.0.0, X-CUBE-BLE1_V7.1.0, X-CUBE-BLE2_V3.3.0, X-CUBE-BLEMGR_V4.1.0, X-CUBE-EEPRMA1_V5.2.0, X-CUBE-FREERTOS_V1.5.0, X-CUBE-GNSS1_V7.1.1, X-CUBE-MEMS1_V12.1.0, X-CUBE-NFC4_V3.0.0, X-CUBE-NFC7_V2.0.0, X-CUBE-SFXS2LP1_V4.0.0, X-CUBE-ST67W61_V1.3.0, X-CUBE-SUBG2_V5.0.0, X-CUBE-TOF1_V3.4.3]
2026-07-28 14:56:30,872 [INFO] DbBoardsSqlite:226 - include board P-NUCLEO-WB55-NUCLEO as a kit item of type 'Nucleo-64'
2026-07-28 14:56:30,872 [INFO] DbBoardsSqlite:226 - include board P-NUCLEO-WB55-USBDONGLE as a kit item of type 'Nucleo USB Dongle'
2026-07-28 14:56:30,872 [INFO] DbBoardsSqlite:226 - include board STEVAL-IDP005V1 as a kit item of type 'Evaluation Board'
2026-07-28 14:56:30,872 [INFO] DbBoardsSqlite:226 - include board STEVAL-IDP005V2 as a kit item of type 'Evaluation Board'
2026-07-28 14:56:30,911 [INFO] ApiDb:240 - Found 880 in-development CPN: [B-G473E-ZEST1S, B-WB1M-WPAN1, B-WBA5M-WPAN, B-WL5M-SUBG1, NUCLEO-C031C6, NUCLEO-C051C8, NUCLEO-C071RB, NUCLEO-C092RC, NUCLEO-H503RB, NUCLEO-H533RE, NUCLEO-H563ZI, NUCLEO-H7S3L8, NUCLEO-N657X0-Q, NUCLEO-U031R8, NUCLEO-U083RC, NUCLEO-U385RG-Q, NUCLEO-U545RE-Q, NUCLEO-U5A5ZJ-Q, NUCLEO-WB05KZ, NUCLEO-WB07CC, NUCLEO-WB09KE, NUCLEO-WBA52CG, NUCLEO-WBA55CG, NUCLEO-WL33CC1, NUCLEO-WL33CC2, STEVAL-PROTEUS1, STEVAL-SMARTAG2, STEVAL-STWINBX1, STM320518-EVAL, STM32C0116-DK, STM32C011D6Y3TR, STM32C011D6Y6TR, STM32C011F4P3, STM32C011F4P6, STM32C011F4U3, STM32C011F4U6TR, STM32C011F6P3, STM32C011F6P6, STM32C011F6U3, STM32C011F6U6TR, STM32C011J4M3, STM32C011J4M6, STM32C011J6M3, STM32C011J6M6, STM32C0316-DK, STM32C031C4T3, STM32C031C4T6, STM32C031C4U3, STM32C031C4U6, STM32C031C6T3, STM32C031C6T6, STM32C031C6U3, STM32C031C6U6, STM32C031F4P3, STM32C031F4P6, STM32C031F6P3, STM32C031F6P6, STM32C031G4U3, STM32C031G4U6, STM32C031G6U3, STM32C031G6U6, STM32C031K4T3, STM32C031K4T6, STM32C031K4U3, STM32C031K4U6, STM32C031K6T3, STM32C031K6T6, STM32C031K6U3, STM32C031K6U6, STM32C051C6T6, STM32C051C6U6, STM32C051C8T6, STM32C051C8U6, STM32C051D8Y6TR, STM32C051F6P6, STM32C051F8P6, STM32C051G6U6, STM32C051G8U6, STM32C051K6T6, STM32C051K6U6, STM32C051K8T6, STM32C071C8T6, STM32C071C8T6N, STM32C071C8U6, STM32C071C8U6N, STM32C071CBT6, STM32C071CBT6N, STM32C071CBU6, STM32C071CBU6N, STM32C071F8P6, STM32C071F8P6N, STM32C071FBP6, STM32C071FBP6N, STM32C071FBY6TR, STM32C071G8U6, STM32C071G8U6N, STM32C071GBU6, STM32C071GBU6N, STM32C071K8T6, STM32C071K8T6N, STM32C071K8U6, STM32C071K8U6N, STM32C071KBT6, STM32C071KBT6N, STM32C071KBU6, STM32C071KBU6N, STM32C071R8T6, STM32C071R8T6N, STM32C071RBI6N, STM32C071RBT6, STM32C071RBT6N, STM32C091CBT6, STM32C091CBU6, STM32C091CCT6, STM32C091CCU6, STM32C091ECY6TR, STM32C091FBP6, STM32C091FCP6, STM32C091GBU6, STM32C091GCU6, STM32C091KBT6, STM32C091KBU6, STM32C091KCT6, STM32C091KCU6, STM32C091RBT6, STM32C091RCI6, STM32C091RCT6, STM32C092CBT6, STM32C092CBU6, STM32C092CCT6, STM32C092CCU6, STM32C092ECY6TR, STM32C092FBP6, STM32C092FCP6, STM32C092GBU6, STM32C092GCU6, STM32C092KBT6, STM32C092KBU6, STM32C092KCT6, STM32C092KCU6, STM32C092RBT6, STM32C092RCI6, STM32C092RCT6, STM32G071K8TXN, STM32G071K8UXN, STM32G081GBU6N, STM32G081KBT6N, STM32G081KBUXN, STM32G0B1CCT6N, STM32G0B1KCT6, STM32G0B1NEY6TR, STM32G0B1RCT6N, STM32G0C1CCT6, STM32G0C1CCT6N, STM32G0C1CCU6N, STM32G0C1CET6N, STM32G0C1CEU6N, STM32G0C1KCT6, STM32G0C1NEY6TR, STM32G0C1RCI6N, STM32G0C1RCT6N, STM32G0C1REI6N, STM32G0C1RET6N, STM32G0C1VCI6, STM32G0C1VEI6, STM32G411C6T3, STM32G411C6T6, STM32G411C6U3, STM32G411C6U6, STM32G411C8T3, STM32G411C8T6, STM32G411C8U3, STM32G411C8U6, STM32G411CBT3, STM32G411CBT6, STM32G411CBU3, STM32G411CBU6, STM32G411K6T3, STM32G411K6T6, STM32G411K6U3, STM32G411K6U6, STM32G411K8T3, STM32G411K8T6, STM32G411K8U3, STM32G411K8U6, STM32G411KBT3, STM32G411KBT6, STM32G411KBU3, STM32G411KBU6, STM32G411M6T3, STM32G411M6T6, STM32G411M8T3, STM32G411M8T6, STM32G411MBT3, STM32G411MBT6, STM32G411R6T3, STM32G411R6T6, STM32G411R8T3, STM32G411R8T6, STM32G411RBT3, STM32G411RBT6, STM32G414CBT3, STM32G414CBT6, STM32G414CBU3, STM32G414CBU6, STM32G414CCT3, STM32G414CCT6, STM32G414CCU3, STM32G414CCU6, STM32G414MBT3, STM32G414MBT6, STM32G414MCT3, STM32G414MCT6, STM32G414RBT3, STM32G414RBT6, STM32G414RCT3, STM32G414RCT6, STM32G414VBT3, STM32G414VBT6, STM32G414VCT3, STM32G414VCT6, STM32G431CBT3Z, STM32G431RBT3Z, STM32G471CCT6, STM32G471CCU6, STM32G471CET3, STM32G471CET6, STM32G471CEU3, STM32G471CEU6, STM32G471MCT6, STM32G471MET3, STM32G471MET6, STM32G471MEY6TR, STM32G471QCT6, STM32G471QET3, STM32G471RCT6, STM32G471RET3, STM32G471RET6, STM32G471VCH6, STM32G471VCI6, STM32G471VCT6, STM32G471VEH3, STM32G471VEH6, STM32G471VEI3, STM32G471VEI6, STM32G471VET3, STM32G471VET6, STM32G473QET3Z, STM32G473RET3Z, STM32G474CCT6, STM32G491RET3Z, STM32H503CBT6, STM32H503CBU6, STM32H503EBY6TR, STM32H503KBU6, STM32H503RBT6, STM32H523CCT6, STM32H523CCU6, STM32H523CET6, STM32H523CEU6, STM32H523HEY6TR, STM32H523RCT6, STM32H523RET6, STM32H523VCI6, STM32H523VCT6, STM32H523VEI6, STM32H523VET6, STM32H523ZCJ6, STM32H523ZCT6, STM32H523ZEJ6, STM32H523ZET6, STM32H533CET6, STM32H533CEU6, STM32H533HEY6TR, STM32H533RET6, STM32H533VEI6, STM32H533VET6, STM32H533ZEJ6, STM32H533ZET6, STM32H562AGI6, STM32H562AII6, STM32H562IGK6, STM32H562IGT6, STM32H562IIK6, STM32H562IIT6, STM32H562RGT6, STM32H562RGV6, STM32H562RIT6, STM32H562RIV6, STM32H562VGT6, STM32H562VIT6, STM32H562ZGT6, STM32H562ZIT6, STM32H563AGI6, STM32H563AII3Q, STM32H563AII6, STM32H563IGK6, STM32H563IGT6, STM32H563IIK3Q, STM32H563IIK6, STM32H563IIT3Q, STM32H563IIT6, STM32H563MIY3QTR, STM32H563RGT6, STM32H563RGV6, STM32H563RIT6, STM32H563RIV6, STM32H563VGT6, STM32H563VIT3Q, STM32H563VIT6, STM32H563ZGT6, STM32H563ZIT3Q, STM32H563ZIT6, STM32H573AII3Q, STM32H573AII6, STM32H573I-DK, STM32H573IIK3Q, STM32H573IIK6, STM32H573IIT3Q, STM32H573IIT6, STM32H573MIY3QTR, STM32H573RIT6, STM32H573RIV6, STM32H573VIT3Q, STM32H573VIT6, STM32H573ZIT3Q, STM32H573ZIT6, STM32H7R3A8I6, STM32H7R3I8K6, STM32H7R3I8T6, STM32H7R3L8H6, STM32H7R3L8H6H, STM32H7R3R8V6, STM32H7R3V8H6, STM32H7R3V8T6, STM32H7R3V8Y6TR, STM32H7R3Z8J6, STM32H7R3Z8T6, STM32H7R7A8I6, STM32H7R7I8K6, STM32H7R7I8T6, STM32H7R7L8H6, STM32H7R7L8H6H, STM32H7R7Z8J6, STM32H7S3A8I6, STM32H7S3I8K6, STM32H7S3I8T6, STM32H7S3L8H6, STM32H7S3L8H6H, STM32H7S3R8V6, STM32H7S3V8H6, STM32H7S3V8T6, STM32H7S3V8Y6TR, STM32H7S3Z8J6, STM32H7S3Z8T6, STM32H7S78-DK, STM32H7S7A8I6, STM32H7S7I8K6, STM32H7S7I8T6, STM32H7S7L8H6, STM32H7S7L8H6H, STM32H7S7Z8J6, STM32L4R5QGI6STR, STM32MP131AAE3, STM32MP131AAF3, STM32MP131AAG3, STM32MP131CAE3, STM32MP131CAF3, STM32MP131CAG3, STM32MP131DAE7, STM32MP131DAF7, STM32MP131DAG7, STM32MP131FAE7, STM32MP131FAF7, STM32MP131FAG7, STM32MP133AAE3, STM32MP133AAF3, STM32MP133AAG3, STM32MP133CAE3, STM32MP133CAF3, STM32MP133CAG3, STM32MP133DAE7, STM32MP133DAF7, STM32MP133DAG7, STM32MP133FAE7, STM32MP133FAF7, STM32MP133FAG7, STM32MP135AAE3, STM32MP135AAF3, STM32MP135AAG3, STM32MP135CAE3, STM32MP135CAF3, STM32MP135CAG3, STM32MP135DAE7, STM32MP135DAF7, STM32MP135DAG7, STM32MP135F-DK, STM32MP135FAE7, STM32MP135FAF7, STM32MP135FAF7T, STM32MP135FAF7U, STM32MP135FAG7, STM32MP211AAL3, STM32MP211AAM3, STM32MP211AAN3, STM32MP211AAO3, STM32MP211CAL3, STM32MP211CAM3, STM32MP211CAN3, STM32MP211CAO3, STM32MP211DAL3, STM32MP211DAM3, STM32MP211DAN3, STM32MP211DAO3, STM32MP211FAL3, STM32MP211FAM3, STM32MP211FAN3, STM32MP211FAO3, STM32MP213AAL3, STM32MP213AAM3, STM32MP213AAN3, STM32MP213AAO3, STM32MP213CAL3, STM32MP213CAM3, STM32MP213CAN3, STM32MP213CAO3, STM32MP213DAL3, STM32MP213DAM3, STM32MP213DAN3, STM32MP213DAO3, STM32MP213FAL3, STM32MP213FAM3, STM32MP213FAN3, STM32MP213FAO3, STM32MP215AAL3, STM32MP215AAM3, STM32MP215AAN3, STM32MP215AAO3, STM32MP215CAL3, STM32MP215CAM3, STM32MP215CAN3, STM32MP215CAO3, STM32MP215DAL3, STM32MP215DAM3, STM32MP215DAN3, STM32MP215DAO3, STM32MP215F-DK, STM32MP215FAL3, STM32MP215FAM3, STM32MP215FAN3, STM32MP215FAO3, STM32MP231AAJ3, STM32MP231AAK3, STM32MP231AAL3, STM32MP231CAJ3, STM32MP231CAK3, STM32MP231CAL3, STM32MP231DAJ3, STM32MP231DAK3, STM32MP231DAL3, STM32MP231FAJ3, STM32MP231FAK3, STM32MP231FAL3, STM32MP233AAJ3, STM32MP233AAK3, STM32MP233AAL3, STM32MP233CAJ3, STM32MP233CAK3, STM32MP233CAL3, STM32MP233DAJ3, STM32MP233DAK3, STM32MP233DAL3, STM32MP233FAJ3, STM32MP233FAK3, STM32MP233FAL3, STM32MP235AAJ3, STM32MP235AAK3, STM32MP235AAL3, STM32MP235CAJ3, STM32MP235CAK3, STM32MP235CAL3, STM32MP235DAJ3, STM32MP235DAK3, STM32MP235DAL3, STM32MP235FAJ3, STM32MP235FAK3, STM32MP235FAL3, STM32MP251AAI3, STM32MP251AAK3, STM32MP251AAL3, STM32MP251CAI3, STM32MP251CAK3, STM32MP251CAL3, STM32MP251DAI3, STM32MP251DAK3, STM32MP251DAL3, STM32MP251FAI3, STM32MP251FAK3, STM32MP251FAL3, STM32MP253AAI3, STM32MP253AAK3, STM32MP253AAL3, STM32MP253CAI3, STM32MP253CAK3, STM32MP253CAL3, STM32MP253DAI3, STM32MP253DAK3, STM32MP253DAL3, STM32MP253FAI3, STM32MP253FAK3, STM32MP253FAL3, STM32MP255AAI3, STM32MP255AAK3, STM32MP255AAL3, STM32MP255CAI3, STM32MP255CAK3, STM32MP255CAL3, STM32MP255DAI3, STM32MP255DAK3, STM32MP255DAL3, STM32MP255FAI3, STM32MP255FAK3, STM32MP255FAL3, STM32MP257AAI3, STM32MP257AAK3, STM32MP257AAL3, STM32MP257CAI3, STM32MP257CAK3, STM32MP257CAL3, STM32MP257DAI3, STM32MP257DAK3, STM32MP257DAL3, STM32MP257F-DK, STM32MP257F-EV1, STM32MP257FAI3, STM32MP257FAK3, STM32MP257FAL3, STM32N645A0H3Q, STM32N645B0H3Q, STM32N645I0H3Q, STM32N645L0H3Q, STM32N645X0H3Q, STM32N645Z0H3Q, STM32N647A0H3Q, STM32N647B0H3Q, STM32N647I0H3Q, STM32N647L0H3Q, STM32N647X0H3Q, STM32N647Z0H3Q, STM32N655A0H3Q, STM32N655B0H3Q, STM32N655I0H3Q, STM32N655L0H3Q, STM32N655X0H3Q, STM32N655Z0H3Q, STM32N6570-DK, STM32N657A0H3Q, STM32N657B0H3Q, STM32N657I0H3Q, STM32N657L0H3Q, STM32N657X0H3Q, STM32N657Z0H3Q, STM32U031C6T6, STM32U031C6U6, STM32U031C8T6, STM32U031C8U6, STM32U031F4P6, STM32U031F6P6, STM32U031F8P6, STM32U031G6Y6TR, STM32U031G8Y6TR, STM32U031K4U6, STM32U031K6U6, STM32U031K8U6, STM32U031R6I6, STM32U031R6T6, STM32U031R8I6, STM32U031R8T6, STM32U073C8T6, STM32U073C8U6, STM32U073CBT6, STM32U073CBU6, STM32U073CCT6, STM32U073CCU6, STM32U073H8Y6TR, STM32U073HBY6TR, STM32U073HCY6TR, STM32U073K8U6, STM32U073KBU6, STM32U073KCU6, STM32U073M8I6, STM32U073M8T6, STM32U073MBI6, STM32U073MBT6, STM32U073MCI6, STM32U073MCT6, STM32U073R8I6, STM32U073R8T6, STM32U073RBI6, STM32U073RBT6, STM32U073RCI6, STM32U073RCT6, STM32U083C-DK, STM32U083CCT6, STM32U083CCU6, STM32U083HCY6TR, STM32U083KCU6, STM32U083MCI6, STM32U083MCT6, STM32U083RCI6, STM32U083RCT6, STM32U375CET6, STM32U375CET6Q, STM32U375CEU6, STM32U375CEU6Q, STM32U375CEY6QTR, STM32U375CGT6, STM32U375CGT6Q, STM32U375CGU6, STM32U375CGU6Q, STM32U375CGY6QTR, STM32U375KEU6, STM32U375KGU6, STM32U375REI6, STM32U375REI6Q, STM32U375RET6, STM32U375RET6Q, STM32U375REY6GTR, STM32U375REY6QTR, STM32U375RGI6, STM32U375RGI6Q, STM32U375RGT6, STM32U375RGT6Q, STM32U375RGY6GTR, STM32U375RGY6QTR, STM32U375VEI6, STM32U375VEI6Q, STM32U375VET6, STM32U375VET6Q, STM32U375VGI6, STM32U375VGI6Q, STM32U375VGT6, STM32U375VGT6Q, STM32U385CGT6, STM32U385CGT6Q, STM32U385CGU6, STM32U385CGU6Q, STM32U385CGY6QTR, STM32U385KGU6, STM32U385RGI6, STM32U385RGI6Q, STM32U385RGT6, STM32U385RGT6Q, STM32U385RGY6GTR, STM32U385RGY6QTR, STM32U385VGI6, STM32U385VGI6Q, STM32U385VGT6, STM32U385VGT6Q, STM32U535CBT6, STM32U535CBT6Q, STM32U535CBU6, STM32U535CBU6Q, STM32U535CCT6, STM32U535CCT6Q, STM32U535CCU6, STM32U535CCU6Q, STM32U535CET6, STM32U535CET6Q, STM32U535CEU6, STM32U535CEU6Q, STM32U535JEY6QTR, STM32U535NCY6QTR, STM32U535NEY6QTR, STM32U535RBI6, STM32U535RBI6Q, STM32U535RBT6, STM32U535RBT6Q, STM32U535RCI6, STM32U535RCI6Q, STM32U535RCT6, STM32U535RCT6Q, STM32U535REI6, STM32U535REI6Q, STM32U535RET6, STM32U535RET6Q, STM32U535VCI6, STM32U535VCI6Q, STM32U535VCT6, STM32U535VCT6Q, STM32U535VEI6, STM32U535VEI6Q, STM32U535VET6, STM32U535VET6Q, STM32U545CET6, STM32U545CET6Q, STM32U545CEU6, STM32U545CEU6Q, STM32U545JEY6QTR, STM32U545NEY6QTR, STM32U545REI6, STM32U545REI6Q, STM32U545RET6, STM32U545RET6Q, STM32U545VEI6, STM32U545VEI6Q, STM32U545VET6, STM32U545VET6Q, STM32U595AIH6, STM32U595AIH6Q, STM32U595AJH6, STM32U595AJH6Q, STM32U595QII6, STM32U595QII6Q, STM32U595QJI6, STM32U595QJI6Q, STM32U595RIT6, STM32U595RIT6Q, STM32U595RJT6, STM32U595RJT6Q, STM32U595VIT6, STM32U595VIT6Q, STM32U595VJT6, STM32U595VJT6Q, STM32U595ZIT6, STM32U595ZIT6Q, STM32U595ZIY6QTR, STM32U595ZJT6, STM32U595ZJT6Q, STM32U595ZJY6QTR, STM32U599BJY6QTR, STM32U599NIH6Q, STM32U599NJH6Q, STM32U599VIT6Q, STM32U599VJT6, STM32U599VJT6Q, STM32U599ZIT6Q, STM32U599ZIY6QTR, STM32U599ZJT6Q, STM32U599ZJY6QTR, STM32U5A5AJH6, STM32U5A5AJH6Q, STM32U5A5QII3Q , STM32U5A5QJI6, STM32U5A5QJI6Q, STM32U5A5RJT6, STM32U5A5RJT6Q, STM32U5A5VJT6, STM32U5A5VJT6Q, STM32U5A5ZJT6, STM32U5A5ZJT6Q, STM32U5A5ZJY6QTR, STM32U5A9BJY6QTR, STM32U5A9J-DK, STM32U5A9NJH6Q, STM32U5A9VJT6Q, STM32U5A9ZJT6Q, STM32U5A9ZJY6QTR, STM32U5F7VIT6, STM32U5F7VIT6Q, STM32U5F7VJT6, STM32U5F7VJT6Q, STM32U5F9BJY6QTR, STM32U5F9NJH6Q, STM32U5F9VIT6Q, STM32U5F9VJT6Q, STM32U5F9ZIJ6QTR, STM32U5F9ZIT6Q, STM32U5F9ZJJ6QTR, STM32U5F9ZJT6Q, STM32U5G7VJT6, STM32U5G7VJT6Q, STM32U5G9BJY6QTR, STM32U5G9J-DK1, STM32U5G9J-DK2, STM32U5G9NJH6Q, STM32U5G9VJT6Q, STM32U5G9ZJJ6QTR, STM32U5G9ZJT6Q, STM32WB05KZV6TR, STM32WB05KZV7TR, STM32WB05TZF6TR, STM32WB05TZF7TR, STM32WB06CCF6TR, STM32WB06CCF7TR, STM32WB06CCV6TR, STM32WB06CCV7TR, STM32WB06KCV6TR, STM32WB06KCV7TR, STM32WB07CCF6TR, STM32WB07CCF7TR, STM32WB07CCV6TR, STM32WB07CCV7TR, STM32WB07KCV6TR, STM32WB07KCV7TR, STM32WB09KEV6TR, STM32WB09KEV7TR, STM32WB09TEF6TR, STM32WB09TEF7TR, STM32WB1MMCH6, STM32WBA50KGU6, STM32WBA50KGU6TR, STM32WBA52CEU6, STM32WBA52CEU6TR, STM32WBA52CEU7, STM32WBA52CEU7TR, STM32WBA52CGU6, STM32WBA52CGU6TR, STM32WBA52CGU6U, STM32WBA52CGU7, STM32WBA52CGU7TR, STM32WBA52KEU6, STM32WBA52KEU6TR, STM32WBA52KGU6, STM32WBA52KGU6TR, STM32WBA54CEU6, STM32WBA54CEU6TR, STM32WBA54CEU7, STM32WBA54CEU7TR, STM32WBA54CGU6, STM32WBA54CGU6TR, STM32WBA54CGU7, STM32WBA54CGU7TR, STM32WBA54KEU6, STM32WBA54KEU6TR, STM32WBA54KEU7, STM32WBA54KEU7TR, STM32WBA54KGU6, STM32WBA54KGU6TR, STM32WBA54KGU7, STM32WBA54KGU7TR, STM32WBA55CEU6, STM32WBA55CEU6TR, STM32WBA55CEU7, STM32WBA55CEU7TR, STM32WBA55CGU6, STM32WBA55CGU6TR, STM32WBA55CGU6U, STM32WBA55CGU7, STM32WBA55CGU7TR, STM32WBA55G-DK1, STM32WBA55HEF6, STM32WBA55HEF7, STM32WBA55HGF6, STM32WBA55HGF7, STM32WBA55UEI6, STM32WBA55UEI6TR, STM32WBA55UEI7, STM32WBA55UEI7TR, STM32WBA55UGI6, STM32WBA55UGI6TR, STM32WBA55UGI7, STM32WBA55UGI7TR, STM32WBA5MMGH6TR, STM32WBA62MGF6, STM32WBA62MIF6, STM32WBA65MGF7, STM32WBA65MIF6, STM32WBA65MIF7, STM32WL30K8V6, STM32WL30KBV6, STM32WL31C8V6, STM32WL31CBV6, STM32WL31K8V6, STM32WL31KBV6, STM32WL33C8V6, STM32WL33C8V6X, STM32WL33CBV6, STM32WL33CBV6X, STM32WL33CCV6, STM32WL33CCV6A, STM32WL33CCV6X, STM32WL33K8V7, STM32WL33K8V7X, STM32WL33KBV7 , STM32WL33KBV7X, STM32WL33KCV7, STM32WL33KCV7X, STM32WL5MOCH6, STM32WL5MOCH6TR]
2026-07-28 14:56:31,015 [INFO] BoardInfo:889 - No configuration file found for board NUCLEO-H5E5ZJ
2026-07-28 14:56:31,016 [INFO] DbBoards:161 - Board is not supported: NUCLEO-H5E5ZJ
2026-07-28 14:56:31,061 [INFO] BoardInfo:889 - No configuration file found for board NUCLEO-U3C5ZI-Q
2026-07-28 14:56:31,062 [INFO] DbBoards:161 - Board is not supported: NUCLEO-U3C5ZI-Q
2026-07-28 14:56:31,073 [INFO] BoardInfo:889 - No configuration file found for board NUCLEO-WBA25CE1
2026-07-28 14:56:31,074 [INFO] DbBoards:161 - Board is not supported: NUCLEO-WBA25CE1
2026-07-28 14:56:31,082 [INFO] BoardInfo:889 - No configuration file found for board NUCLEO-WL3RKB1
2026-07-28 14:56:31,084 [INFO] DbBoards:161 - Board is not supported: NUCLEO-WL3RKB1
2026-07-28 14:56:31,084 [INFO] BoardInfo:889 - No configuration file found for board NUCLEO-WL3RKB2
2026-07-28 14:56:31,085 [INFO] DbBoards:161 - Board is not supported: NUCLEO-WL3RKB2
2026-07-28 14:56:31,092 [INFO] BoardInfo:889 - No configuration file found for board P-NUCLEO-WB55
2026-07-28 14:56:31,093 [INFO] DbBoards:161 - Kit is not supported: P-NUCLEO-WB55
2026-07-28 14:56:31,098 [INFO] BoardInfo:889 - No configuration file found for board STEVAL-BFA001V1B
2026-07-28 14:56:31,099 [INFO] DbBoards:161 - Kit is not supported: STEVAL-BFA001V1B
2026-07-28 14:56:31,099 [INFO] BoardInfo:889 - No configuration file found for board STEVAL-BFA001V2B
2026-07-28 14:56:31,100 [INFO] DbBoards:161 - Kit is not supported: STEVAL-BFA001V2B
2026-07-28 14:56:31,182 [INFO] BoardInfo:889 - No configuration file found for board STM32H5F5J-DK
2026-07-28 14:56:31,183 [INFO] DbBoards:161 - Board is not supported: STM32H5F5J-DK
2026-07-28 14:56:31,254 [INFO] DbBoards:168 - Found 218 boards, 209 are supported
2026-07-28 14:56:31,254 [INFO] DbBoards:169 - Found 218 boards, 43 of them is supported for  Bsp
2026-07-28 14:56:31,256 [INFO] ApiDb:423 - Load user favorites file C:\Users\ADMIN/.stm32cubeide/favorites.boards.txt: 0 item(s)
2026-07-28 14:56:31,256 [INFO] ApiDb:427 - User favorites Boards=[]
2026-07-28 14:56:31,256 [INFO] DbBoards:198 - Set 0 / 0 favorites Boards
2026-07-28 14:56:31,256 [ERROR] TargetSelectorAdapter:267 - Unable to refresh data
2026-07-28 14:56:31,293 [INFO] McuFinderGlobals:76 - Set McuFinderConnectedMode to true
2026-07-28 14:56:31,294 [INFO] MultiScanPanel:200 - Auto-refresh data requested => check proxy status ongoing
2026-07-28 14:56:31,294 [INFO] FinderPluginLoader:96 - Searching for filters in installed packs
2026-07-28 14:56:32,880 [INFO] LoadUrlFilesThread:185 - End of LoadServerUrlFiles without Thread
2026-07-28 14:56:32,880 [INFO] DetailPanel:341 - Set advertising image to C:/Users/ADMIN/STM32Cube/Repository/\en.stm32h5cubemxbanner.png
2026-07-28 14:56:48,641 [INFO] MultiScanPanel:200 - Auto-refresh data requested => check proxy status ongoing
2026-07-28 14:56:48,690 [INFO] LoadUrlFilesThread:185 - End of LoadServerUrlFiles without Thread
2026-07-28 14:56:48,690 [INFO] DetailPanel:341 - Set advertising image to C:/Users/ADMIN/STM32Cube/Repository/\en.stm32h5cubemxbanner.png
2026-07-28 14:56:48,696 [INFO] DbBoards:642 - Loading board mini-images...
2026-07-28 14:56:50,165 [INFO] DbBoards:665 - Loaded 218 board mini-images
2026-07-28 14:58:38,551 [INFO] MainUpdater:2872 - connection check result : 10
2026-07-28 14:58:38,552 [INFO] MainUpdater:2872 - connection check result : 10
2026-07-28 14:58:38,620 [INFO] MicroXplorer:468 - Change Database Path : 
2026-07-28 14:58:38,621 [INFO] MicroXplorer:498 - Change Database Version : DB.6.0.150
2026-07-28 14:58:38,667 [ERROR] ProjectManagerView:395 - 
java.lang.NullPointerException: Cannot invoke "javax.swing.JTextField.getText()" because the return value of "java.util.List.get(int)" is null
	at com.st.microxplorer.plugins.projectmanager.gui.ProjectChoiceTab$9.caretUpdate(ProjectChoiceTab.java:2706) ~[filemanager.jar:?]
	at javax.swing.text.JTextComponent.fireCaretUpdate(JTextComponent.java:408) ~[?:?]
	at javax.swing.text.JTextComponent$MutableCaretEvent.fire(JTextComponent.java:4484) ~[?:?]
	at javax.swing.text.JTextComponent$MutableCaretEvent.stateChanged(JTextComponent.java:4506) ~[?:?]
	at javax.swing.text.DefaultCaret.fireStateChanged(DefaultCaret.java:857) ~[?:?]
	at javax.swing.text.DefaultCaret.changeCaretPosition(DefaultCaret.java:1343) ~[?:?]
	at javax.swing.text.DefaultCaret.handleSetDot(DefaultCaret.java:1242) ~[?:?]
	at javax.swing.text.DefaultCaret.setDot(DefaultCaret.java:1223) ~[?:?]
	at javax.swing.text.DefaultCaret$Handler.insertUpdate(DefaultCaret.java:1819) ~[?:?]
	at javax.swing.text.AbstractDocument.fireInsertUpdate(AbstractDocument.java:227) ~[?:?]
	at javax.swing.text.AbstractDocument.handleInsertString(AbstractDocument.java:781) ~[?:?]
	at javax.swing.text.AbstractDocument.insertString(AbstractDocument.java:740) ~[?:?]
	at javax.swing.text.PlainDocument.insertString(PlainDocument.java:131) ~[?:?]
	at javax.swing.text.AbstractDocument.replace(AbstractDocument.java:699) ~[?:?]
	at javax.swing.text.JTextComponent.setText(JTextComponent.java:1725) ~[?:?]
	at com.st.microxplorer.plugins.projectmanager.gui.ProjectChoiceTab.createHeapStackFields(ProjectChoiceTab.java:993) ~[filemanager.jar:?]
	at com.st.microxplorer.plugins.projectmanager.gui.ProjectChoiceTab.buildLinkSettingsPanel(ProjectChoiceTab.java:3813) ~[filemanager.jar:?]
	at com.st.microxplorer.plugins.projectmanager.gui.ProjectChoiceTab.defineWindowsFields(ProjectChoiceTab.java:1987) ~[filemanager.jar:?]
	at com.st.microxplorer.plugins.projectmanager.gui.ProjectChoiceTab.updateSettings(ProjectChoiceTab.java:558) ~[filemanager.jar:?]
	at com.st.microxplorer.plugins.projectmanager.gui.ProjectSettingsPanel.UpdateDialog(ProjectSettingsPanel.java:247) ~[filemanager.jar:?]
	at com.st.microxplorer.plugins.projectmanager.ProjectManagerView.propertyChange(ProjectManagerView.java:392) ~[filemanager.jar:?]
	at java.beans.PropertyChangeSupport.fire(PropertyChangeSupport.java:343) ~[?:?]
	at java.beans.PropertyChangeSupport.firePropertyChange(PropertyChangeSupport.java:335) ~[?:?]
	at java.beans.PropertyChangeSupport.firePropertyChange(PropertyChangeSupport.java:268) ~[?:?]
	at com.st.microxplorer.util.MXPropertyChangeSupport.firePropertyChange(MXPropertyChangeSupport.java:54) ~[STM32CubeMX.jar:?]
	at com.st.microxplorer.mxsystem.MxSystem.closeConfig(MxSystem.java:899) ~[STM32CubeMX.jar:?]
	at com.st.microxplorer.maingui.MainPanel.closeConfig(MainPanel.java:792) ~[STM32CubeMX.jar:?]
	at com.st.microxplorer.plugins.filemanager.engine.OpenFileManager.loadConfigurationFile(OpenFileManager.java:288) ~[filemanager.jar:?]
	at com.st.microxplorer.plugins.filemanager.engine.MainFileManager.userLoadConfig(MainFileManager.java:364) ~[filemanager.jar:?]
	at com.st.microxplorer.plugins.filemanager.FileManagerView.getSpecificTask(FileManagerView.java:268) ~[filemanager.jar:?]
	at com.st.stm32cube.common.mx.editor.CubeMxEditor.getMxTabbedPaneInstance(CubeMxEditor.java:1191) ~[com.st.stm32cube.common.mx_6.15.0.202507011659/:?]
	at com.st.stm32cube.common.mx.editor.CubeMxEditor$12$1.createSwingComponent(CubeMxEditor.java:1068) ~[com.st.stm32cube.common.mx_6.15.0.202507011659/:?]
	at com.st.stm32cube.common.mx.oss.core.awtswtbridge.EmbeddedSwingComposite.doComponentCreation(EmbeddedSwingComposite.java:492) ~[com.st.stm32cube.common.mx.oss_6.15.0.202507011659/:?]
	at com.st.stm32cube.common.mx.oss.core.awtswtbridge.EmbeddedSwingComposite$4.run(EmbeddedSwingComposite.java:291) ~[com.st.stm32cube.common.mx.oss_6.15.0.202507011659/:?]
	at com.st.stm32cube.common.mx.oss.core.awtswtbridge.AwtEnvironment$2.run(AwtEnvironment.java:166) ~[com.st.stm32cube.common.mx.oss_6.15.0.202507011659/:?]
	at java.awt.event.InvocationEvent.dispatch(InvocationEvent.java:318) ~[?:?]
	at java.awt.EventQueue.dispatchEventImpl(EventQueue.java:773) ~[?:?]
	at java.awt.EventQueue$4.run(EventQueue.java:720) ~[?:?]
	at java.awt.EventQueue$4.run(EventQueue.java:714) ~[?:?]
	at java.security.AccessController.doPrivileged(AccessController.java:400) ~[?:?]
	at java.security.ProtectionDomain$JavaSecurityAccessImpl.doIntersectionPrivilege(ProtectionDomain.java:87) ~[?:?]
	at java.awt.EventQueue.dispatchEvent(EventQueue.java:742) ~[?:?]
	at java.awt.EventDispatchThread.pumpOneEventForFilters(EventDispatchThread.java:203) ~[?:?]
	at java.awt.EventDispatchThread.pumpEventsForFilter(EventDispatchThread.java:124) ~[?:?]
	at java.awt.EventDispatchThread.pumpEventsForHierarchy(EventDispatchThread.java:113) ~[?:?]
	at java.awt.EventDispatchThread.pumpEvents(EventDispatchThread.java:109) ~[?:?]
	at java.awt.EventDispatchThread.pumpEvents(EventDispatchThread.java:101) ~[?:?]
	at java.awt.EventDispatchThread.run(EventDispatchThread.java:90) ~[?:?]
2026-07-28 14:58:38,695 [WARN] ThirdParty:871 - waiting for thirdparty lock release [close project]
2026-07-28 14:58:38,696 [INFO] ThirdParty:873 - entering critical section [close project]
2026-07-28 14:58:38,696 [INFO] ThirdParty:883 - exiting critical section [close project]
2026-07-28 14:58:38,700 [INFO] PinOutPanel:1589 - setPackage(No Configuration,No Configuration)
2026-07-28 14:58:38,731 [INFO] UtilMem:75 - Begin LoadConfig() Used Memory: 1034607952 Bytes (1073741824)
2026-07-28 14:58:38,732 [INFO] OpenFileManager:355 - Change cursor
2026-07-28 14:58:38,767 [INFO] RulesReader:64 - Compatibility file has been processed (317 Rules)
2026-07-28 14:58:38,772 [INFO] ProjectFactory:514 - No CPN specified for board B-L4S5I-IOT01A => set CPN to STM32L4S5VIT6
2026-07-28 14:58:38,773 [INFO] Mcu:2029 - Initializing MCU STM32L4S5VITx STM32L4S5VITx STM32L4S5VIT6
2026-07-28 14:58:40,858 [INFO] Context:786 - Trying to add GPIOservice into a context  which must be forbidden
2026-07-28 14:58:41,602 [INFO] Rule:233 - rule 117617 - U5Cobra4M][GTZC] default value MPCBB3 and MPCBB5 - Not Secured memory - MPCBB1 is applicable
2026-07-28 14:58:41,602 [INFO] Rule:233 - rule 117617 - U5Cobra4M][GTZC] default value MPCBB3 and MPCBB5 - Not Secured memory - MPCBB1 is applicable
2026-07-28 14:58:41,602 [INFO] Rule:233 - rule 117617 - U5Cobra4M][GTZC] default value MPCBB3 and MPCBB5 - Not Secured memory - MPCBB2 is applicable
2026-07-28 14:58:41,602 [INFO] Rule:233 - rule 117617 - U5Cobra4M][GTZC] default value MPCBB3 and MPCBB5 - Not Secured memory - MPCBB2 is applicable
2026-07-28 14:58:41,602 [INFO] Rule:233 - rule 117617 - U5Cobra4M][GTZC] default value MPCBB3 and MPCBB5 - Not Secured memory - MPCBB3 is applicable
2026-07-28 14:58:41,603 [INFO] Rule:233 - rule 117617 - U5Cobra4M][GTZC] default value MPCBB3 and MPCBB5 - Not Secured memory - MPCBB3 is applicable
2026-07-28 14:58:41,603 [INFO] Rule:233 - rule 117617 - U5Cobra4M][GTZC] default value MPCBB3 and MPCBB5 - Not Secured memory - MPCBB4 is applicable
2026-07-28 14:58:41,603 [INFO] Rule:233 - rule 117617 - U5Cobra4M][GTZC] default value MPCBB3 and MPCBB5 - Not Secured memory - MPCBB4 is applicable
2026-07-28 14:58:41,603 [INFO] Rule:233 - rule 117617 - U5Cobra4M][GTZC] default value MPCBB3 and MPCBB5 - Secured memory - MPCBB1 is applicable
2026-07-28 14:58:41,603 [INFO] Rule:233 - rule 117617 - U5Cobra4M][GTZC] default value MPCBB3 and MPCBB5 - Secured memory - MPCBB2 is applicable
2026-07-28 14:58:41,603 [INFO] Rule:233 - rule 117617 - U5Cobra4M][GTZC] default value MPCBB3 and MPCBB5 - Secured memory - MPCBB3 is applicable
2026-07-28 14:58:41,603 [INFO] Rule:233 - rule 117617 - U5Cobra4M][GTZC] default value MPCBB3 and MPCBB5 - Secured memory - MPCBB4 is applicable
2026-07-28 14:58:41,603 [INFO] Rule:233 - rule 117617 - U5Cobra4M][GTZC] default value MPCBB3 and MPCBB5 - Privileged memory - MPCBB1 is applicable
2026-07-28 14:58:41,603 [INFO] Rule:233 - rule 117617 - U5Cobra4M][GTZC] default value MPCBB3 and MPCBB5 - Privileged memory - MPCBB2 is applicable
2026-07-28 14:58:41,603 [INFO] Rule:233 - rule 117617 - U5Cobra4M][GTZC] default value MPCBB3 and MPCBB5 - Privileged memory - MPCBB3 is applicable
2026-07-28 14:58:41,603 [INFO] Rule:233 - rule 117617 - U5Cobra4M][GTZC] default value MPCBB3 and MPCBB5 - Privileged memory - MPCBB4 is applicable
2026-07-28 14:58:41,603 [INFO] Rule:233 - rule 117617 - U5Cobra4M][GTZC] default value MPCBB3 and MPCBB5 - Not Privileged memory - MPCBB1 is applicable
2026-07-28 14:58:41,603 [INFO] Rule:233 - rule 117617 - U5Cobra4M][GTZC] default value MPCBB3 and MPCBB5 - Not Privileged memory - MPCBB2 is applicable
2026-07-28 14:58:41,603 [INFO] Rule:233 - rule 117617 - U5Cobra4M][GTZC] default value MPCBB3 and MPCBB5 - Not Privileged memory - MPCBB3 is applicable
2026-07-28 14:58:41,603 [INFO] Rule:233 - rule 117617 - U5Cobra4M][GTZC] default value MPCBB3 and MPCBB5 - Not Privileged memory - MPCBB4 is applicable
2026-07-28 14:58:41,603 [INFO] Rule:233 - rule 117617 - U5Cobra4M][GTZC] default value MPCBB3 and MPCBB5 - Privileged memory - MPCBB1 is applicable
2026-07-28 14:58:41,603 [INFO] Rule:233 - rule 117617 - U5Cobra4M][GTZC] default value MPCBB3 and MPCBB5 - Privileged memory - MPCBB2 is applicable
2026-07-28 14:58:41,603 [INFO] Rule:233 - rule 117617 - U5Cobra4M][GTZC] default value MPCBB3 and MPCBB5 - Privileged memory - MPCBB3 is applicable
2026-07-28 14:58:41,603 [INFO] Rule:233 - rule 117617 - U5Cobra4M][GTZC] default value MPCBB3 and MPCBB5 - Privileged memory - MPCBB4 is applicable
2026-07-28 14:58:41,603 [INFO] Rule:233 - rule 117617 - U5Cobra4M][GTZC] default value MPCBB3 and MPCBB5 - Privileged memory - MPCBB1 is applicable
2026-07-28 14:58:41,603 [INFO] Rule:233 - rule 117617 - U5Cobra4M][GTZC] default value MPCBB3 and MPCBB5 - Privileged memory - MPCBB2 is applicable
2026-07-28 14:58:41,603 [INFO] Rule:233 - rule 117617 - U5Cobra4M][GTZC] default value MPCBB3 and MPCBB5 - Privileged memory - MPCBB3 is applicable
2026-07-28 14:58:41,603 [INFO] Rule:233 - rule 117617 - U5Cobra4M][GTZC] default value MPCBB3 and MPCBB5 - Privileged memory - MPCBB4 is applicable
2026-07-28 14:58:41,603 [INFO] Rule:233 - rule 117617 - U5Cobra4M][GTZC] default value MPCBB3 and MPCBB5 - Not Privileged memory - MPCBB1 is applicable
2026-07-28 14:58:41,603 [INFO] Rule:233 - rule 117617 - U5Cobra4M][GTZC] default value MPCBB3 and MPCBB5 - Not Privileged memory - MPCBB2 is applicable
2026-07-28 14:58:41,603 [INFO] Rule:233 - rule 117617 - U5Cobra4M][GTZC] default value MPCBB3 and MPCBB5 - Not Privileged memory - MPCBB3 is applicable
2026-07-28 14:58:41,603 [INFO] Rule:233 - rule 117617 - U5Cobra4M][GTZC] default value MPCBB3 and MPCBB5 - Not Privileged memory - MPCBB4 is applicable
2026-07-28 14:58:41,603 [INFO] Rule:233 - rule 117617 - U5Cobra4M][GTZC] default value MPCBB3 and MPCBB5 - Privileged memory - MPCBB1 is applicable
2026-07-28 14:58:41,603 [INFO] Rule:233 - rule 117617 - U5Cobra4M][GTZC] default value MPCBB3 and MPCBB5 - Privileged memory - MPCBB2 is applicable
2026-07-28 14:58:41,603 [INFO] Rule:233 - rule 117617 - U5Cobra4M][GTZC] default value MPCBB3 and MPCBB5 - Privileged memory - MPCBB3 is applicable
2026-07-28 14:58:41,603 [INFO] Rule:233 - rule 117617 - U5Cobra4M][GTZC] default value MPCBB3 and MPCBB5 - Privileged memory - MPCBB4 is applicable
2026-07-28 14:58:41,604 [INFO] Rule:233 - rule WakeUp0 Mode is applicable
2026-07-28 14:58:41,604 [INFO] Rule:233 - rule WakeUp0 SIGNAL is applicable
2026-07-28 14:58:41,604 [INFO] Rule:233 - rule WakeUp1 Mode is applicable
2026-07-28 14:58:41,604 [INFO] Rule:233 - rule WakeUp1 SIGNAL is applicable
2026-07-28 14:58:41,604 [INFO] Rule:233 - rule WakeUp2 Mode is applicable
2026-07-28 14:58:41,604 [INFO] Rule:233 - rule WakeUp2 SIGNAL is applicable
2026-07-28 14:58:41,604 [INFO] Rule:233 - rule WakeUp4 Mode is applicable
2026-07-28 14:58:41,604 [INFO] Rule:233 - rule WakeUp4 SIGNAL is applicable
2026-07-28 14:58:41,604 [INFO] Rule:233 - rule WakeUp5 Mode is applicable
2026-07-28 14:58:41,604 [INFO] Rule:233 - rule WakeUp5 SIGNAL is applicable
2026-07-28 14:58:41,604 [INFO] Rule:233 - rule Change Default Value for LSE Drive Capability for WB family is applicable
2026-07-28 14:58:41,605 [INFO] Rule:233 - rule change FDCAN default value is applicable
2026-07-28 14:58:41,606 [INFO] Rule:233 - rule Adapt Old IOC before rework replace old CORTEX_M33/CORTEX_M55 attributes by the new one. is applicable
2026-07-28 14:58:41,606 [INFO] Rule:233 - rule Rename parametre of RCC RCC_APBDBG_DIV2 to RCC_TIMPRES_DIV2 is applicable
2026-07-28 14:58:41,606 [INFO] Rule:233 - rule Rename DIE493 pin PA10 [PA12] -> PA10 is applicable
2026-07-28 14:58:41,606 [INFO] Rule:233 - rule Rename DIE493 pin PA9 [PA11] -> PA9 is applicable
2026-07-28 14:58:41,606 [INFO] Rule:233 - rule Rename DIE492 PartNumber CPN STM32WBA5MJGHx -> STM32WBA5MMGHx is applicable
2026-07-28 14:58:41,606 [INFO] Rule:233 - rule Rename DIE492 PartNumber  Name STM32WBA5MJGHx -> STM32WBA5MMGHx is applicable
2026-07-28 14:58:41,606 [INFO] Rule:233 - rule Rename DIE492 PartNumber UserName STM32WBA5MJGHx -> STM32WBA5MMGHx is applicable
2026-07-28 14:58:41,606 [INFO] Rule:233 - rule Rename DIE492 PartNumber DeviceId STM32WBA5MJGHx -> STM32WBA5MMGHx is applicable
2026-07-28 14:58:41,606 [INFO] Rule:233 - rule Adapt Old IOC CSI. is applicable
2026-07-28 14:58:41,606 [INFO] Rule:233 - rule Adapt Old IOC DCMIPP. is applicable
2026-07-28 14:58:41,606 [INFO] Rule:233 - rule Adapt Old IOC DCMIPP Mode Parallel. is applicable
2026-07-28 14:58:41,606 [INFO] Rule:233 - rule Adapt Old IOC LTDC. is applicable
2026-07-28 14:58:41,606 [INFO] Rule:233 - rule Rename STM32MP2 RIF Peripheral LTDC RIF.RISUP.LTDC_L0L1.Privilege -> RIF.RISUP.LTDC_L1L2.Privilege is applicable
2026-07-28 14:58:41,606 [INFO] Rule:233 - rule Rename STM32MP2 RIF Peripheral LTDC RIF.RISUP.LTDC_L0L1.Privilege -> RIF.RISUP.LTDC_L1L2.Privilege is applicable
2026-07-28 14:58:41,606 [INFO] Rule:233 - rule Rename STM32MP2 RIF Peripheral LTDC RIF.RISUP.LTDC_L0L1.Lock -> RIF.RISUP.LTDC_L1L2.Lock is applicable
2026-07-28 14:58:41,606 [INFO] Rule:233 - rule Rename STM32MP2 RIF Peripheral LTDC RIF.RISUP.LTDC_L2.Lock -> RIF.RISUP.LTDC_L3.Lock is applicable
2026-07-28 14:58:41,606 [INFO] Rule:233 - rule Adapt the old IOC example for updating the SYS when it is misconfigured. is applicable
2026-07-28 14:58:41,606 [INFO] Rule:233 - rule Rename STM32C09 Mcu.Package LQFP64 -> LQFP48 is applicable
2026-07-28 14:58:41,606 [INFO] Rule:233 - rule Adapt the old IOC example for updating the SYS when it is misconfigured. is applicable
2026-07-28 14:58:41,606 [INFO] Rule:233 - rule Adapt the old IOC example for updating the SYS when it is misconfigured. is applicable
2026-07-28 14:58:41,611 [INFO] DbConfProperties:307 - Apply Compatibility (5/68 Rules)
2026-07-28 14:58:41,627 [INFO] ImportTextPane:234 - (OptionalMessage_ERROR) Pin84 (VP_RIF_VS_RIF1) cannot be retrieved for this MCU
2026-07-28 14:58:41,689 [INFO] RtosManager:558 - Registered RTOS mode: class=CMSIS, group=RTOS, mode=CMSIS_V1, owner=FREERTOS
2026-07-28 14:58:41,689 [INFO] RtosManager:558 - Registered RTOS mode: class=CMSIS, group=RTOS2, mode=CMSIS_V2, owner=FREERTOS
2026-07-28 14:58:41,689 [INFO] RtosManager:558 - Registered RTOS mode: class=RTOS, group=Core, mode=CMSIS_V1, owner=FREERTOS
2026-07-28 14:58:41,689 [INFO] RtosManager:558 - Registered RTOS mode: class=RTOS, group=Core, mode=CMSIS_V2, owner=FREERTOS
2026-07-28 14:58:41,689 [WARN] ModelIntegratedComponent:184 - Missing modes for component STMicroelectronics:FreeRTOS:0.0.1:STMicroelectronics:RTOS:FreeRTOS:Core:::10.2.0:
2026-07-28 14:58:41,757 [WARN] ModelIntegratedComponent:63 - No mode defined for component null
2026-07-28 14:58:41,757 [WARN] ModelIntegratedComponent:63 - No mode defined for component null
2026-07-28 14:58:41,757 [WARN] ModelIntegratedComponent:63 - No mode defined for component null
2026-07-28 14:58:41,757 [WARN] ModelIntegratedComponent:63 - No mode defined for component null
2026-07-28 14:58:41,757 [WARN] ModelIntegratedComponent:63 - No mode defined for component null
2026-07-28 14:58:41,757 [WARN] ModelIntegratedComponent:63 - No mode defined for component null
2026-07-28 14:58:41,757 [WARN] ModelIntegratedComponent:63 - No mode defined for component null
2026-07-28 14:58:41,757 [WARN] ModelIntegratedComponent:63 - No mode defined for component null
2026-07-28 14:58:41,765 [WARN] ModelIntegratedComponent:63 - No mode defined for component null
2026-07-28 14:58:41,765 [WARN] ModelIntegratedComponent:63 - No mode defined for component null
2026-07-28 14:58:41,765 [WARN] ModelIntegratedComponent:63 - No mode defined for component null
2026-07-28 14:58:41,765 [WARN] ModelIntegratedComponent:63 - No mode defined for component null
2026-07-28 14:58:41,765 [WARN] ModelIntegratedComponent:63 - No mode defined for component null
2026-07-28 14:58:41,765 [WARN] ModelIntegratedComponent:63 - No mode defined for component null
2026-07-28 14:58:41,765 [WARN] ModelIntegratedComponent:63 - No mode defined for component null
2026-07-28 14:58:41,765 [WARN] ModelIntegratedComponent:63 - No mode defined for component null
2026-07-28 14:58:41,766 [WARN] ModelIntegratedComponent:63 - No mode defined for component null
2026-07-28 14:58:41,766 [WARN] ModelIntegratedComponent:63 - No mode defined for component null
2026-07-28 14:58:41,766 [WARN] ModelIntegratedComponent:63 - No mode defined for component null
2026-07-28 14:58:41,766 [WARN] ModelIntegratedComponent:63 - No mode defined for component null
2026-07-28 14:58:41,766 [WARN] ModelIntegratedComponent:63 - No mode defined for component null
2026-07-28 14:58:41,766 [WARN] ModelIntegratedComponent:63 - No mode defined for component null
2026-07-28 14:58:41,766 [WARN] ModelIntegratedComponent:63 - No mode defined for component null
2026-07-28 14:58:41,766 [WARN] ModelIntegratedComponent:63 - No mode defined for component null
2026-07-28 14:58:41,766 [WARN] ModelIntegratedComponent:63 - No mode defined for component null
2026-07-28 14:58:41,766 [WARN] ModelIntegratedComponent:63 - No mode defined for component null
2026-07-28 14:58:41,766 [WARN] ModelIntegratedComponent:63 - No mode defined for component null
2026-07-28 14:58:41,766 [WARN] ModelIntegratedComponent:63 - No mode defined for component null
2026-07-28 14:58:41,766 [WARN] ModelIntegratedComponent:63 - No mode defined for component null
2026-07-28 14:58:41,766 [WARN] ModelIntegratedComponent:63 - No mode defined for component null
2026-07-28 14:58:41,766 [WARN] ModelIntegratedComponent:63 - No mode defined for component null
2026-07-28 14:58:41,766 [WARN] ModelIntegratedComponent:63 - No mode defined for component null
2026-07-28 14:58:41,766 [WARN] ModelIntegratedComponent:63 - No mode defined for component null
2026-07-28 14:58:41,766 [WARN] ModelIntegratedComponent:63 - No mode defined for component null
2026-07-28 14:58:41,766 [WARN] ModelIntegratedComponent:63 - No mode defined for component null
2026-07-28 14:58:41,766 [WARN] ModelPack:524 - Component already loaded: STMicroelectronics:HAL Drivers:0.0.0:STMicroelectronics:Device:STMicro_Driver:XSPI:HAL::0.0.1:HAL_XSPI
2026-07-28 14:58:41,785 [INFO] ThirdPartyModel:298 - Start build external matchings
2026-07-28 14:58:42,018 [INFO] ThirdPartyModel:316 - End build external matchings
2026-07-28 14:58:42,037 [WARN] IP:2250 - MaxTran not found: check if there is a RefParameter without a condition.
2026-07-28 14:58:42,037 [WARN] IP:2250 - Refresh not found: check if there is a RefParameter without a condition.
2026-07-28 14:58:42,038 [INFO] ImportTextPane:234 - (OptionalMessage_ERROR) IP (RCC) : Invalid parameter (FamilyName)
2026-07-28 14:58:42,323 [INFO] UtilMem:75 - End LoadConfig() Used Memory: 813153392 Bytes (1073741824)
2026-07-28 14:58:42,404 [WARN] ThirdParty:833 - waiting for thirdparty lock release [change project]
2026-07-28 14:58:42,404 [INFO] ThirdParty:835 - entering critical section [change project]
2026-07-28 14:58:42,404 [INFO] ThirdParty:1030 - CMSIS Pack Vendor :STMicroelectronics X-CUBE-AZRTOS-H7 3.5.0
2026-07-28 14:58:42,404 [INFO] ThirdParty:1030 - CMSIS Pack Vendor :STMicroelectronics X-CUBE-PM33A1 1.0.0
2026-07-28 14:58:42,404 [INFO] ThirdParty:1030 - CMSIS Pack Vendor :STMicroelectronics USBPD 4.1
2026-07-28 14:58:42,404 [INFO] ThirdParty:1030 - CMSIS Pack Vendor :STMicroelectronics X-CUBE-NFC9 1.0.0
2026-07-28 14:58:42,404 [INFO] ThirdParty:1030 - CMSIS Pack Vendor :STMicroelectronics USB_HOST 2.0.0
2026-07-28 14:58:42,405 [INFO] ThirdParty:1030 - CMSIS Pack Vendor :STMicroelectronics FP-ATR-ASTRA1 2.0.3
2026-07-28 14:58:42,405 [INFO] ThirdParty:1030 - CMSIS Pack Vendor :STMicroelectronics X-CUBE-AZRTOS-F4 1.1.0
2026-07-28 14:58:42,405 [INFO] ThirdParty:1030 - CMSIS Pack Vendor :STMicroelectronics LIBJPEG 8.0.0
2026-07-28 14:58:42,405 [INFO] ThirdParty:1030 - CMSIS Pack Vendor :STMicroelectronics X-CUBE-BLE1 7.1.0
2026-07-28 14:58:42,405 [INFO] ThirdParty:1030 - CMSIS Pack Vendor :wolfSSL I-CUBE-wolfMQTT 1.19.2
2026-07-28 14:58:42,405 [INFO] ThirdParty:1030 - CMSIS Pack Vendor :STMicroelectronics USB_DEVICE 3.0.0
2026-07-28 14:58:42,405 [INFO] ThirdParty:1030 - CMSIS Pack Vendor :STMicroelectronics X-CUBE-ISPU 2.1.0
2026-07-28 14:58:42,405 [INFO] ThirdParty:1030 - CMSIS Pack Vendor :STMicroelectronics X-CUBE-EEPRMA1 5.2.0
2026-07-28 14:58:42,405 [INFO] ThirdParty:1030 - CMSIS Pack Vendor :STMicroelectronics X-CUBE-IPS 3.2.0
2026-07-28 14:58:42,405 [INFO] ThirdParty:1030 - CMSIS Pack Vendor :STMicroelectronics eDS-WB_DPC_TT-BIDIR 2.1.1
2026-07-28 14:58:42,405 [INFO] ThirdParty:1030 - CMSIS Pack Vendor :STMicroelectronics X-CUBE-AZRTOS-WB 2.0.0
2026-07-28 14:58:42,405 [INFO] ThirdParty:1030 - CMSIS Pack Vendor :STMicroelectronics X-CUBE-NFC12 1.0.0
2026-07-28 14:58:42,405 [INFO] ThirdParty:1030 - CMSIS Pack Vendor :STMicroelectronics X-CUBE-AZRTOS-F7 1.1.0
2026-07-28 14:58:42,405 [INFO] ThirdParty:1030 - CMSIS Pack Vendor :STMicroelectronics X-CUBE-AZRTOS-L5 2.0.0
2026-07-28 14:58:42,405 [INFO] ThirdParty:1030 - CMSIS Pack Vendor :STMicroelectronics USB_DEVICE 2.0.0
2026-07-28 14:58:42,405 [INFO] ThirdParty:1030 - CMSIS Pack Vendor :STMicroelectronics X-CUBE-FREERTOS 1.6.0
2026-07-28 14:58:42,405 [INFO] ThirdParty:1030 - CMSIS Pack Vendor :STMicroelectronics FP-SNS-STAIOTCFT 1.1.0
2026-07-28 14:58:42,405 [INFO] ThirdParty:1030 - CMSIS Pack Vendor :quantropi X-CUBE-qispace-sdk-base 2.1.0
2026-07-28 14:58:42,405 [INFO] ThirdParty:1030 - CMSIS Pack Vendor :STMicroelectronics X-CUBE-STSE01 2.0.0
2026-07-28 14:58:42,405 [INFO] ThirdParty:1030 - CMSIS Pack Vendor :STMicroelectronics X-CUBE-ALGOBUILD 1.5.0
2026-07-28 14:58:42,405 [INFO] ThirdParty:1030 - CMSIS Pack Vendor :STMicroelectronics FP-SNS-MOTENV1 5.1.0
2026-07-28 14:58:42,405 [INFO] ThirdParty:1030 - CMSIS Pack Vendor :STMicroelectronics FreeRTOS 0.0.1
2026-07-28 14:58:42,405 [INFO] ThirdParty:1030 - CMSIS Pack Vendor :STMicroelectronics X-CUBE-AZRTOS-H7RS 1.3.0
2026-07-28 14:58:42,405 [INFO] ThirdParty:1030 - CMSIS Pack Vendor :STMicroelectronics X-CUBE-AZRTOS-G0 1.1.0
2026-07-28 14:58:42,405 [INFO] ThirdParty:1030 - CMSIS Pack Vendor :STMicroelectronics X-CUBE-NFC4 3.0.0
2026-07-28 14:58:42,405 [INFO] ThirdParty:1030 - CMSIS Pack Vendor :STMicroelectronics X-CUBE-SUBG2 5.0.0
2026-07-28 14:58:42,405 [INFO] ThirdParty:1030 - CMSIS Pack Vendor :STMicroelectronics STM32_WPAN 1.0.0
2026-07-28 14:58:42,405 [INFO] ThirdParty:1030 - CMSIS Pack Vendor :STMicroelectronics eDS-WB_DPC_VIENNA 1.2.0
2026-07-28 14:58:42,405 [INFO] ThirdParty:1030 - CMSIS Pack Vendor :EmbeddedOffice I-CUBE-FS-RTOS 1.0.1
2026-07-28 14:58:42,405 [INFO] ThirdParty:1030 - CMSIS Pack Vendor :STMicroelectronics lwIP 2.0.3
2026-07-28 14:58:42,405 [INFO] ThirdParty:1030 - CMSIS Pack Vendor :WES I-CUBE-Cesium 1.4.0
2026-07-28 14:58:42,405 [INFO] ThirdParty:1030 - CMSIS Pack Vendor :STMicroelectronics X-CUBE-MEMS1 13.0.0
2026-07-28 14:58:42,405 [INFO] ThirdParty:1030 - CMSIS Pack Vendor :STMicroelectronics eDS-WB_DPC_3PH2L-BIDIR 1.1.1
2026-07-28 14:58:42,405 [INFO] ThirdParty:1030 - CMSIS Pack Vendor :STMicroelectronics USB_HOST 1.0.0
2026-07-28 14:58:42,405 [INFO] ThirdParty:1030 - CMSIS Pack Vendor :STMicroelectronics X-CUBE-AZRTOS-G4 2.0.0
2026-07-28 14:58:42,405 [INFO] ThirdParty:1030 - CMSIS Pack Vendor :STMicroelectronics PDM2PCM 3.1.0
2026-07-28 14:58:42,405 [INFO] ThirdParty:1030 - CMSIS Pack Vendor :STMicroelectronics PDM2PCM 3.3.0
2026-07-28 14:58:42,405 [INFO] ThirdParty:1030 - CMSIS Pack Vendor :wolfSSL I-CUBE-wolfTPM 3.8.0
2026-07-28 14:58:42,405 [INFO] ThirdParty:1030 - CMSIS Pack Vendor :STMicroelectronics X-CUBE-DISPLAY 3.0.0
2026-07-28 14:58:42,405 [INFO] ThirdParty:1030 - CMSIS Pack Vendor :wolfSSL I-CUBE-wolfSSH 1.4.20
2026-07-28 14:58:42,405 [INFO] ThirdParty:1030 - CMSIS Pack Vendor :STMicroelectronics X-CUBE-NFC7 2.0.0
2026-07-28 14:58:42,405 [INFO] ThirdParty:1030 - CMSIS Pack Vendor :STMicroelectronics X-CUBE-GNSS1 7.1.1
2026-07-28 14:58:42,405 [INFO] ThirdParty:1030 - CMSIS Pack Vendor :STMicroelectronics FP-SNS-MOTENVWB1 1.5.0
2026-07-28 14:58:42,405 [INFO] ThirdParty:1030 - CMSIS Pack Vendor :STMicroelectronics X-CUBE-TCPP 4.2.0
2026-07-28 14:58:42,405 [INFO] ThirdParty:1030 - CMSIS Pack Vendor :RealThread X-CUBE-RT-Thread_Nano 4.1.1
2026-07-28 14:58:42,405 [INFO] ThirdParty:1030 - CMSIS Pack Vendor :STMicroelectronics FP-ATR-SIGFOX1 3.2.0
2026-07-28 14:58:42,405 [INFO] ThirdParty:1030 - CMSIS Pack Vendor :STMicroelectronics X-CUBE-NFC10 1.0.0
2026-07-28 14:58:42,405 [INFO] ThirdParty:1030 - CMSIS Pack Vendor :STMicroelectronics HAL Drivers 0.0.0
2026-07-28 14:58:42,405 [INFO] ThirdParty:1030 - CMSIS Pack Vendor :STMicroelectronics MBEDTLS 2.16.2
2026-07-28 14:58:42,405 [INFO] ThirdParty:1030 - CMSIS Pack Vendor :STMicroelectronics X-CUBE-ST60 1.1.0
2026-07-28 14:58:42,405 [INFO] ThirdParty:1030 - CMSIS Pack Vendor :STMicroelectronics X-CUBE-ALS 1.0.2
2026-07-28 14:58:42,405 [INFO] ThirdParty:1030 - CMSIS Pack Vendor :emotas I-CUBE-CANOPEN 1.3.0
2026-07-28 14:58:42,405 [INFO] ThirdParty:1030 - CMSIS Pack Vendor :wolfSSL I-CUBE-wolfSSL 5.9.2
2026-07-28 14:58:42,405 [INFO] ThirdParty:1030 - CMSIS Pack Vendor :STMicroelectronics MBEDTLS 2.14.1
2026-07-28 14:58:42,405 [INFO] ThirdParty:1030 - CMSIS Pack Vendor :ITTIA_DB I-CUBE-ITTIADB 8.9.0
2026-07-28 14:58:42,405 [INFO] ThirdParty:1030 - CMSIS Pack Vendor :Cesanta I-CUBE-Mongoose 7.21.7
2026-07-28 14:58:42,405 [INFO] ThirdParty:1030 - CMSIS Pack Vendor :STMicroelectronics X-CUBE-TOUCHGFX 4.26.1
2026-07-28 14:58:42,405 [INFO] ThirdParty:1030 - CMSIS Pack Vendor :STMicroelectronics X-CUBE-NFC6 3.2.0
2026-07-28 14:58:42,405 [INFO] ThirdParty:1030 - CMSIS Pack Vendor :STMicroelectronics FP-SNS-STBOX1 2.1.0
2026-07-28 14:58:42,405 [INFO] ThirdParty:1030 - CMSIS Pack Vendor :STMicroelectronics X-CUBE-AI 10.2.1
2026-07-28 14:58:42,405 [INFO] ThirdParty:1030 - CMSIS Pack Vendor :STMicroelectronics ThreadX 1.0.0
2026-07-28 14:58:42,405 [INFO] ThirdParty:1030 - CMSIS Pack Vendor :STMicroelectronics FP-SNS-SMARTAG2 1.2.0
2026-07-28 14:58:42,405 [INFO] ThirdParty:1030 - CMSIS Pack Vendor :STMicroelectronics FP-SNS-FLIGHT1 5.1.0
2026-07-28 14:58:42,405 [INFO] ThirdParty:1030 - CMSIS Pack Vendor :STMicroelectronics X-CUBE-AZRTOS-WL 2.0.0
2026-07-28 14:58:42,405 [INFO] ThirdParty:1030 - CMSIS Pack Vendor :SEGGER I-CUBE-embOS 1.3.1
2026-07-28 14:58:42,405 [INFO] ThirdParty:1030 - CMSIS Pack Vendor :STMicroelectronics X-CUBE-DPower 1.3.0
2026-07-28 14:58:42,405 [INFO] ThirdParty:1030 - CMSIS Pack Vendor :STMicroelectronics USB_DEVICE 1.0.0
2026-07-28 14:58:42,405 [INFO] ThirdParty:1030 - CMSIS Pack Vendor :STMicroelectronics X-CUBE-AZRTOS-L4 2.0.0
2026-07-28 14:58:42,405 [INFO] ThirdParty:1030 - CMSIS Pack Vendor :STMicroelectronics ThreadX 0.0.2
2026-07-28 14:58:42,405 [INFO] ThirdParty:1030 - CMSIS Pack Vendor :STMicroelectronics lwIP 2.1.2
2026-07-28 14:58:42,405 [INFO] ThirdParty:1030 - CMSIS Pack Vendor :STMicroelectronics X-CUBE-SFXS2LP1 4.0.0
2026-07-28 14:58:42,405 [INFO] ThirdParty:1030 - CMSIS Pack Vendor :STMicroelectronics X-CUBE-BLE2 3.3.0
2026-07-28 14:58:42,405 [INFO] ThirdParty:1030 - CMSIS Pack Vendor :Avnet-IOTCONNECT X-CUBE-iotc-st67-sdk 1.0.0
2026-07-28 14:58:42,405 [INFO] ThirdParty:1030 - CMSIS Pack Vendor :STMicroelectronics X-CUBE-TOF1 3.4.3
2026-07-28 14:58:42,405 [INFO] ThirdParty:1030 - CMSIS Pack Vendor :Infineon AIROC-Wi-Fi-Bluetooth-STM32 1.8.0
2026-07-28 14:58:42,405 [INFO] ThirdParty:1030 - CMSIS Pack Vendor :STMicroelectronics X-CUBE-NFC13 1.0.0
2026-07-28 14:58:42,405 [INFO] ThirdParty:1030 - CMSIS Pack Vendor :STMicroelectronics PDM2PCM 3.2.0
2026-07-28 14:58:42,405 [INFO] ThirdParty:1030 - CMSIS Pack Vendor :STMicroelectronics X-CUBE-WB05N 2.1.0
2026-07-28 14:58:42,406 [INFO] ThirdParty:841 - exiting critical section [change project]
2026-07-28 14:58:42,743 [INFO] PinOutPanel:1589 - setPackage(No Configuration,No Configuration)
2026-07-28 14:58:42,744 [INFO] PinOutPanel:1589 - setPackage(STM32L4S5VITx,LQFP100)
2026-07-28 14:58:43,079 [INFO] UtilMem:75 - Before build in PCC Used Memory: 865318848 Bytes (1073741824)
2026-07-28 14:58:43,401 [INFO] UtilMem:75 - After build in PCC Used Memory: 975945664 Bytes (1073741824)
2026-07-28 14:58:43,419 [INFO] IPUIPlugin:80 - create IPUIPlugin
2026-07-28 14:58:43,419 [INFO] IPUIPlugin:80 - create IPUIPlugin
2026-07-28 14:58:43,419 [INFO] IPUIPlugin:80 - create IPUIPlugin
2026-07-28 14:58:43,419 [INFO] IPUIPlugin:80 - create IPUIPlugin
2026-07-28 14:58:43,419 [INFO] IPUIPlugin:80 - create IPUIPlugin
2026-07-28 14:58:43,419 [INFO] IPUIPlugin:80 - create IPUIPlugin
2026-07-28 14:58:43,420 [INFO] IPUIPlugin:80 - create IPUIPlugin
2026-07-28 14:58:43,420 [INFO] IPUIPlugin:80 - create IPUIPlugin
2026-07-28 14:58:43,420 [INFO] IPUIPlugin:80 - create IPUIPlugin
2026-07-28 14:58:43,420 [INFO] IPUIPlugin:80 - create IPUIPlugin
2026-07-28 14:58:43,420 [INFO] IPUIPlugin:80 - create IPUIPlugin
2026-07-28 14:58:43,420 [INFO] IPUIPlugin:80 - create IPUIPlugin
2026-07-28 14:58:43,420 [INFO] IPUIPlugin:80 - create IPUIPlugin
2026-07-28 14:58:43,420 [INFO] IPUIPlugin:80 - create IPUIPlugin
2026-07-28 14:58:43,420 [INFO] IPUIPlugin:80 - create IPUIPlugin
2026-07-28 14:58:43,420 [INFO] IPUIPlugin:80 - create IPUIPlugin
2026-07-28 14:58:43,420 [INFO] IPUIPlugin:80 - create IPUIPlugin
2026-07-28 14:58:43,420 [INFO] IPUIPlugin:80 - create IPUIPlugin
2026-07-28 14:58:43,420 [INFO] IPUIPlugin:80 - create IPUIPlugin
2026-07-28 14:58:43,420 [INFO] IPUIPlugin:80 - create IPUIPlugin
2026-07-28 14:58:43,420 [INFO] IPUIPlugin:80 - create IPUIPlugin
2026-07-28 14:58:43,421 [INFO] IPUIPlugin:80 - create IPUIPlugin
2026-07-28 14:58:43,421 [INFO] IPUIPlugin:80 - create IPUIPlugin
2026-07-28 14:58:43,421 [INFO] IPUIPlugin:80 - create IPUIPlugin
2026-07-28 14:58:43,421 [INFO] IPUIPlugin:80 - create IPUIPlugin
2026-07-28 14:58:43,421 [INFO] IPUIPlugin:80 - create IPUIPlugin
2026-07-28 14:58:43,421 [INFO] IPUIPlugin:80 - create IPUIPlugin
2026-07-28 14:58:43,421 [INFO] IPUIPlugin:80 - create IPUIPlugin
2026-07-28 14:58:43,421 [INFO] IPUIPlugin:80 - create IPUIPlugin
2026-07-28 14:58:43,421 [INFO] IPUIPlugin:80 - create IPUIPlugin
2026-07-28 14:58:43,422 [INFO] IPUIPlugin:80 - create IPUIPlugin
2026-07-28 14:58:43,422 [INFO] IPUIPlugin:80 - create IPUIPlugin
2026-07-28 14:58:43,422 [INFO] IPUIPlugin:80 - create IPUIPlugin
2026-07-28 14:58:43,422 [INFO] IPUIPlugin:80 - create IPUIPlugin
2026-07-28 14:58:43,422 [INFO] IPUIPlugin:80 - create IPUIPlugin
2026-07-28 14:58:43,422 [INFO] IPUIPlugin:80 - create IPUIPlugin
2026-07-28 14:58:43,422 [INFO] IPUIPlugin:80 - create IPUIPlugin
2026-07-28 14:58:43,422 [INFO] IPUIPlugin:80 - create IPUIPlugin
2026-07-28 14:58:43,422 [INFO] IPUIPlugin:80 - create IPUIPlugin
2026-07-28 14:58:43,422 [INFO] IPUIPlugin:80 - create IPUIPlugin
2026-07-28 14:58:43,434 [INFO] IPUIPlugin:80 - create IPUIPlugin
2026-07-28 14:58:43,435 [INFO] IPUIPlugin:80 - create IPUIPlugin
2026-07-28 14:58:43,436 [INFO] IPUIPlugin:80 - create IPUIPlugin
2026-07-28 14:58:43,436 [INFO] IPUIPlugin:80 - create IPUIPlugin
2026-07-28 14:58:43,436 [INFO] IPUIPlugin:80 - create IPUIPlugin
2026-07-28 14:58:43,436 [INFO] IPUIPlugin:80 - create IPUIPlugin
2026-07-28 14:58:43,436 [INFO] IPUIPlugin:80 - create IPUIPlugin
2026-07-28 14:58:43,437 [INFO] IPUIPlugin:80 - create IPUIPlugin
2026-07-28 14:58:43,437 [INFO] IPUIPlugin:80 - create IPUIPlugin
2026-07-28 14:58:43,437 [INFO] IPUIPlugin:80 - create IPUIPlugin
2026-07-28 14:58:43,438 [INFO] IPUIPlugin:80 - create IPUIPlugin
2026-07-28 14:58:43,438 [INFO] IPUIPlugin:80 - create IPUIPlugin
2026-07-28 14:58:43,438 [INFO] IPUIPlugin:80 - create IPUIPlugin
2026-07-28 14:58:43,439 [INFO] IPUIPlugin:80 - create IPUIPlugin
2026-07-28 14:58:43,439 [INFO] IPUIPlugin:80 - create IPUIPlugin
2026-07-28 14:58:43,440 [INFO] IPUIPlugin:80 - create IPUIPlugin
2026-07-28 14:58:43,440 [INFO] IPUIPlugin:80 - create IPUIPlugin
2026-07-28 14:58:43,440 [INFO] IPUIPlugin:80 - create IPUIPlugin
2026-07-28 14:58:43,440 [INFO] IPUIPlugin:80 - create IPUIPlugin
2026-07-28 14:58:43,441 [INFO] IPUIPlugin:80 - create IPUIPlugin
2026-07-28 14:58:43,441 [INFO] IPUIPlugin:80 - create IPUIPlugin
2026-07-28 14:58:43,441 [INFO] IPUIPlugin:80 - create IPUIPlugin
2026-07-28 14:58:43,442 [INFO] IPUIPlugin:80 - create IPUIPlugin
2026-07-28 14:58:43,525 [INFO] CADModel:165 - CPN selected for project levelSTM32L4S5VIT6
2026-07-28 14:58:43,526 [INFO] CADModel:114 - Register for checkConnection events
2026-07-28 14:58:43,595 [INFO] OpenFileManager:386 - Restore cursor
2026-07-28 14:58:43,898 [WARN] IP:2250 - MaxTran not found: check if there is a RefParameter without a condition.
2026-07-28 14:58:43,899 [WARN] IP:2250 - Refresh not found: check if there is a RefParameter without a condition.
2026-07-28 14:58:43,899 [WARN] IP:2250 - MaxTran not found: check if there is a RefParameter without a condition.
2026-07-28 14:58:43,899 [WARN] IP:2250 - Refresh not found: check if there is a RefParameter without a condition.
2026-07-28 14:58:44,614 [INFO] UtilMem:75 - End SaveConfig() Used Memory: 903966568 Bytes (1073741824)
2026-07-28 14:58:44,701 [INFO] UtilMem:75 - End SaveConfig() Used Memory: 922321384 Bytes (1073741824)
2026-07-28 14:58:45,062 [INFO] BlockDiagram:2775 - set Specific Code input for plugin: SPI
2026-07-28 14:58:45,062 [INFO] BlockDiagram:2775 - set Specific Code input for plugin: SPI
2026-07-28 14:58:45,062 [INFO] BlockDiagram:2775 - set Specific Code input for plugin: DFSDM
2026-07-28 14:58:45,062 [INFO] BlockDiagram:2775 - set Specific Code input for plugin: SYS
2026-07-28 14:58:45,062 [INFO] BlockDiagram:2775 - set Specific Code input for plugin: ADC
2026-07-28 14:58:45,062 [INFO] BlockDiagram:2775 - set Specific Code input for plugin: RCC
2026-07-28 14:58:45,062 [INFO] BlockDiagram:2775 - set Specific Code input for plugin: I2C
2026-07-28 14:58:45,062 [INFO] BlockDiagram:2775 - set Specific Code input for plugin: I2C
2026-07-28 14:58:45,062 [INFO] BlockDiagram:2775 - set Specific Code input for plugin: USB_OTG_FS
2026-07-28 14:58:45,062 [INFO] BlockDiagram:2775 - set Specific Code input for plugin: NVIC
2026-07-28 14:58:45,062 [INFO] BlockDiagram:2775 - set Specific Code input for plugin: USART
2026-07-28 14:58:45,062 [INFO] BlockDiagram:2775 - set Specific Code input for plugin: USART
2026-07-28 14:58:45,062 [INFO] BlockDiagram:2775 - set Specific Code input for plugin: USART
2026-07-28 14:58:45,062 [INFO] BlockDiagram:2775 - set Specific Code input for plugin: OCTOSPI
2026-07-28 14:58:45,062 [INFO] BlockDiagram:2775 - set Specific Code input for plugin: UART
2026-07-28 14:58:45,063 [INFO] BlockDiagram:2775 - set Specific Code input for plugin: GPIO
2026-07-28 14:58:45,063 [INFO] CodeGenerator:892 - code generatio: config db path: C:\ST\STM32CubeIDE_1.19.0\STM32CubeIDE\plugins\com.st.stm32cube.common.mx_6.15.0.202507011659\\db\
2026-07-28 14:58:45,104 [WARN] IP:2250 - MaxTran not found: check if there is a RefParameter without a condition.
2026-07-28 14:58:45,104 [WARN] IP:2250 - Refresh not found: check if there is a RefParameter without a condition.
2026-07-28 14:58:45,230 [INFO] CodeEngine:265 - oldGeneratedFile, D:\RKS_TinyML_Workspace\TinyML_Workshop_Nitte\STM32\Secind_STM32_Project\MXTmpFiles\license.tmp_save
2026-07-28 14:58:45,453 [INFO] CodeEngine:289 - Generated code: D:\RKS_TinyML_Workspace\TinyML_Workshop_Nitte\STM32\Secind_STM32_Project\MXTmpFiles\license.tmp
2026-07-28 14:58:45,621 [INFO] CodeEngine:265 - oldGeneratedFile, D:\RKS_TinyML_Workspace\TinyML_Workshop_Nitte\STM32\Secind_STM32_Project\MXTmpFiles\gpio.tmp_save
2026-07-28 14:58:45,711 [INFO] CodeEngine:289 - Generated code: D:\RKS_TinyML_Workspace\TinyML_Workshop_Nitte\STM32\Secind_STM32_Project\MXTmpFiles\gpio.tmp
2026-07-28 14:58:47,380 [WARN] IPConfigManager:103 - WARNING: Missing Config File for USB ip!!
2026-07-28 14:58:47,512 [WARN] IPConfigManager:3238 - Warning: the RefConfig PWREx_EnableUSBVoltageDetector is not available in your config.xml file
2026-07-28 14:58:47,533 [INFO] CodeEngine:265 - oldGeneratedFile, D:\RKS_TinyML_Workspace\TinyML_Workshop_Nitte\STM32\Secind_STM32_Project\Core\Src\stm32l4xx_it.c_save
2026-07-28 14:58:47,664 [INFO] CodeEngine:289 - Generated code: D:\RKS_TinyML_Workspace\TinyML_Workshop_Nitte\STM32\Secind_STM32_Project\Core\Src\stm32l4xx_it.c
2026-07-28 14:58:47,667 [INFO] CodeEngine:265 - oldGeneratedFile, D:\RKS_TinyML_Workspace\TinyML_Workshop_Nitte\STM32\Secind_STM32_Project\Core\Inc\stm32l4xx_it.h_save
2026-07-28 14:58:47,709 [INFO] CodeEngine:289 - Generated code: D:\RKS_TinyML_Workspace\TinyML_Workshop_Nitte\STM32\Secind_STM32_Project\Core\Inc\stm32l4xx_it.h
2026-07-28 14:58:47,726 [INFO] CodeEngine:265 - oldGeneratedFile, D:\RKS_TinyML_Workspace\TinyML_Workshop_Nitte\STM32\Secind_STM32_Project\Core\Src\stm32l4xx_hal_msp.c_save
2026-07-28 14:58:47,821 [INFO] CodeEngine:289 - Generated code: D:\RKS_TinyML_Workspace\TinyML_Workshop_Nitte\STM32\Secind_STM32_Project\Core\Src\stm32l4xx_hal_msp.c
2026-07-28 14:58:47,825 [INFO] CodeEngine:265 - oldGeneratedFile, D:\RKS_TinyML_Workspace\TinyML_Workshop_Nitte\STM32\Secind_STM32_Project\MXTmpFiles\system.tmp_save
2026-07-28 14:58:47,866 [INFO] CodeEngine:289 - Generated code: D:\RKS_TinyML_Workspace\TinyML_Workshop_Nitte\STM32\Secind_STM32_Project\MXTmpFiles\system.tmp
2026-07-28 14:58:47,873 [INFO] CodeEngine:321 - oldGeneratedFile, D:\RKS_TinyML_Workspace\TinyML_Workshop_Nitte\STM32\Secind_STM32_Project\Core\Inc\stm32l4xx_hal_conf.h_save
2026-07-28 14:58:47,914 [INFO] CodeEngine:345 - Generated code: D:\RKS_TinyML_Workspace\TinyML_Workshop_Nitte\STM32\Secind_STM32_Project\Core\Inc\stm32l4xx_hal_conf.h
2026-07-28 14:58:47,931 [INFO] ApiDbMcu:532 - Load IP Config File for ADC1
2026-07-28 14:58:47,942 [INFO] ApiDbMcu:532 - Load IP Config File for DFSDM1
2026-07-28 14:58:47,944 [INFO] ApiDbMcu:532 - Load IP Config File for I2C1
2026-07-28 14:58:47,946 [INFO] ApiDbMcu:532 - Load IP Config File for I2C2
2026-07-28 14:58:47,948 [INFO] ApiDbMcu:532 - Load IP Config File for OCTOSPI1
2026-07-28 14:58:47,949 [INFO] ApiDbMcu:532 - Load IP Config File for SPI1
2026-07-28 14:58:47,951 [INFO] ApiDbMcu:532 - Load IP Config File for SPI3
2026-07-28 14:58:47,957 [INFO] ApiDbMcu:532 - Load IP Config File for UART4
2026-07-28 14:58:47,964 [INFO] ApiDbMcu:532 - Load IP Config File for USART1
2026-07-28 14:58:47,970 [INFO] ApiDbMcu:532 - Load IP Config File for USART2
2026-07-28 14:58:47,977 [INFO] ApiDbMcu:532 - Load IP Config File for USART3
2026-07-28 14:58:47,978 [ERROR] ApiDbMcu:560 - Cannot parse USB_OTG_FS_Config file : file do not exist
2026-07-28 14:58:47,978 [ERROR] ApiDbMcu:560 - Cannot parse USB_OTG_FS_Config file : file do not exist
2026-07-28 14:58:47,980 [INFO] ApiDbMcu:532 - Load IP Config File for RCC
2026-07-28 14:58:47,983 [WARN] IPConfigManager:3811 - IP not found : USB_OTG
2026-07-28 14:58:47,984 [WARN] CodeGenerator:4259 - IP not found : null
2026-07-28 14:58:47,988 [INFO] CodeEngine:265 - oldGeneratedFile, D:\RKS_TinyML_Workspace\TinyML_Workshop_Nitte\STM32\Secind_STM32_Project\Core\Inc\main.h_save
2026-07-28 14:58:48,059 [INFO] CodeEngine:289 - Generated code: D:\RKS_TinyML_Workspace\TinyML_Workshop_Nitte\STM32\Secind_STM32_Project\Core\Inc\main.h
2026-07-28 14:58:48,063 [INFO] CodeEngine:265 - oldGeneratedFile, D:\RKS_TinyML_Workspace\TinyML_Workshop_Nitte\STM32\Secind_STM32_Project\Core\Src\main.c_save
2026-07-28 14:58:48,149 [INFO] CodeEngine:289 - Generated code: D:\RKS_TinyML_Workspace\TinyML_Workshop_Nitte\STM32\Secind_STM32_Project\Core\Src\main.c
2026-07-28 14:58:48,318 [INFO] ProjectBuilder:3606 - Time for Copy HAL[1] : 80mS.
2026-07-28 14:58:48,320 [INFO] ProjectBuilder:5216 - Project Generator version: 4.7.0-B52
2026-07-28 14:58:48,379 [INFO] ConfigFileManager:1595 - The Die is : DIE470
2026-07-28 14:58:48,383 [INFO] ApiDbMcu:532 - Load IP Config File for FATFS
2026-07-28 14:58:48,386 [INFO] ApiDbMcu:532 - Load IP Config File for FREERTOS
2026-07-28 14:58:48,395 [INFO] ApiDbMcu:532 - Load IP Config File for TOUCHSENSING
2026-07-28 14:58:48,399 [INFO] ApiDbMcu:532 - Load IP Config File for USB_DEVICE
2026-07-28 14:58:48,403 [INFO] ApiDbMcu:532 - Load IP Config File for USB_HOST
2026-07-28 14:58:49,578 [INFO] ProjectBuilder:5496 - Time for Generating toolchain IDE Files: 1258mS.
2026-07-28 14:58:49,579 [INFO] ProjectBuilder:3463 - Time for Copy CMSIS : 0mS.
2026-07-28 14:58:49,579 [INFO] ProjectBuilder:3463 - Time for Copy CMSIS : 0mS.
2026-07-28 14:58:50,000 [INFO] McuFinderGlobals:76 - Set McuFinderConnectedMode to true
2026-07-28 14:58:50,004 [INFO] ApiDb:448 - Save user favorites file C:\Users\ADMIN/.stm32cubeide/favorites.mcus.txt: 0 item(s)
2026-07-28 14:58:50,004 [INFO] ApiDb:452 - User favorites MCUs=[]
2026-07-28 14:58:50,005 [INFO] ApiDb:448 - Save user favorites file C:\Users\ADMIN/.stm32cubeide/favorites.boards.txt: 0 item(s)
2026-07-28 14:58:50,005 [INFO] ApiDb:452 - User favorites Boards=[]
2026-07-28 14:59:47,969 [INFO] UtilMem:75 - End SaveConfig() Used Memory: 976805408 Bytes (1073741824)
2026-07-28 14:59:49,625 [INFO] UtilMem:75 - End SaveConfig() Used Memory: 793981832 Bytes (1073741824)
2026-07-28 14:59:50,763 [INFO] UtilMem:75 - End SaveConfig() Used Memory: 898260960 Bytes (1073741824)
2026-07-28 14:59:51,104 [INFO] BlockDiagram:2775 - set Specific Code input for plugin: SYS
2026-07-28 14:59:51,104 [INFO] BlockDiagram:2775 - set Specific Code input for plugin: RCC
2026-07-28 14:59:51,105 [INFO] BlockDiagram:2775 - set Specific Code input for plugin: NVIC
2026-07-28 14:59:51,105 [INFO] BlockDiagram:2775 - set Specific Code input for plugin: GPIO
2026-07-28 14:59:51,105 [INFO] CodeGenerator:892 - code generatio: config db path: C:\ST\STM32CubeIDE_1.19.0\STM32CubeIDE\plugins\com.st.stm32cube.common.mx_6.15.0.202507011659\\db\
2026-07-28 14:59:51,209 [INFO] CodeEngine:265 - oldGeneratedFile, D:\RKS_TinyML_Workspace\TinyML_Workshop_Nitte\STM32\Secind_STM32_Project\MXTmpFiles\license.tmp_save
2026-07-28 14:59:51,367 [INFO] CodeEngine:289 - Generated code: D:\RKS_TinyML_Workspace\TinyML_Workshop_Nitte\STM32\Secind_STM32_Project\MXTmpFiles\license.tmp
2026-07-28 14:59:51,376 [INFO] CodeEngine:265 - oldGeneratedFile, D:\RKS_TinyML_Workspace\TinyML_Workshop_Nitte\STM32\Secind_STM32_Project\MXTmpFiles\gpio.tmp_save
2026-07-28 14:59:51,478 [INFO] CodeEngine:289 - Generated code: D:\RKS_TinyML_Workspace\TinyML_Workshop_Nitte\STM32\Secind_STM32_Project\MXTmpFiles\gpio.tmp
2026-07-28 14:59:51,491 [INFO] CodeEngine:265 - oldGeneratedFile, D:\RKS_TinyML_Workspace\TinyML_Workshop_Nitte\STM32\Secind_STM32_Project\Core\Src\stm32l4xx_it.c_save
2026-07-28 14:59:51,612 [INFO] CodeEngine:289 - Generated code: D:\RKS_TinyML_Workspace\TinyML_Workshop_Nitte\STM32\Secind_STM32_Project\Core\Src\stm32l4xx_it.c
2026-07-28 14:59:51,617 [INFO] CodeEngine:265 - oldGeneratedFile, D:\RKS_TinyML_Workspace\TinyML_Workshop_Nitte\STM32\Secind_STM32_Project\Core\Inc\stm32l4xx_it.h_save
2026-07-28 14:59:51,703 [INFO] CodeEngine:289 - Generated code: D:\RKS_TinyML_Workspace\TinyML_Workshop_Nitte\STM32\Secind_STM32_Project\Core\Inc\stm32l4xx_it.h
2026-07-28 14:59:51,711 [INFO] CodeEngine:265 - oldGeneratedFile, D:\RKS_TinyML_Workspace\TinyML_Workshop_Nitte\STM32\Secind_STM32_Project\Core\Src\stm32l4xx_hal_msp.c_save
2026-07-28 14:59:51,789 [INFO] CodeEngine:289 - Generated code: D:\RKS_TinyML_Workspace\TinyML_Workshop_Nitte\STM32\Secind_STM32_Project\Core\Src\stm32l4xx_hal_msp.c
2026-07-28 14:59:51,793 [INFO] CodeEngine:265 - oldGeneratedFile, D:\RKS_TinyML_Workspace\TinyML_Workshop_Nitte\STM32\Secind_STM32_Project\MXTmpFiles\system.tmp_save
2026-07-28 14:59:51,842 [INFO] CodeEngine:289 - Generated code: D:\RKS_TinyML_Workspace\TinyML_Workshop_Nitte\STM32\Secind_STM32_Project\MXTmpFiles\system.tmp
2026-07-28 14:59:51,848 [INFO] CodeEngine:321 - oldGeneratedFile, D:\RKS_TinyML_Workspace\TinyML_Workshop_Nitte\STM32\Secind_STM32_Project\Core\Inc\stm32l4xx_hal_conf.h_save
2026-07-28 14:59:51,896 [INFO] CodeEngine:345 - Generated code: D:\RKS_TinyML_Workspace\TinyML_Workshop_Nitte\STM32\Secind_STM32_Project\Core\Inc\stm32l4xx_hal_conf.h
2026-07-28 14:59:51,907 [INFO] CodeEngine:265 - oldGeneratedFile, D:\RKS_TinyML_Workspace\TinyML_Workshop_Nitte\STM32\Secind_STM32_Project\Core\Inc\main.h_save
2026-07-28 14:59:51,952 [INFO] CodeEngine:289 - Generated code: D:\RKS_TinyML_Workspace\TinyML_Workshop_Nitte\STM32\Secind_STM32_Project\Core\Inc\main.h
2026-07-28 14:59:51,956 [INFO] CodeEngine:265 - oldGeneratedFile, D:\RKS_TinyML_Workspace\TinyML_Workshop_Nitte\STM32\Secind_STM32_Project\Core\Src\main.c_save
2026-07-28 14:59:52,038 [INFO] CodeEngine:289 - Generated code: D:\RKS_TinyML_Workspace\TinyML_Workshop_Nitte\STM32\Secind_STM32_Project\Core\Src\main.c
2026-07-28 14:59:52,194 [INFO] ProjectBuilder:3606 - Time for Copy HAL[1] : 68mS.
2026-07-28 14:59:52,196 [INFO] ProjectBuilder:5216 - Project Generator version: 4.7.0-B52
2026-07-28 14:59:52,238 [INFO] ConfigFileManager:1595 - The Die is : DIE470
2026-07-28 14:59:52,842 [INFO] ProjectBuilder:5496 - Time for Generating toolchain IDE Files: 646mS.
2026-07-28 14:59:52,843 [INFO] ProjectBuilder:3463 - Time for Copy CMSIS : 0mS.
2026-07-28 14:59:52,844 [INFO] ProjectBuilder:3463 - Time for Copy CMSIS : 0mS.
2026-07-28 15:27:45,232 [INFO] MainUpdater:2872 - connection check result : 10
2026-07-28 15:27:45,233 [INFO] McuFinderGlobals:76 - Set McuFinderConnectedMode to true
2026-07-28 15:27:49,225 [INFO] ServerAccessManage:452 - Complete download http(s) 200
2026-07-28 15:27:49,225 [INFO] ServerAccessManage:509 - Download File mcusAds.json._tmp_
2026-07-28 15:27:49,334 [INFO] LoadUrlFilesThread:156 - End of LoadUrlFiles Thread
2026-07-28 15:27:49,530 [INFO] ServerAccessManage:452 - Complete download http(s) 200
2026-07-28 15:27:49,531 [INFO] ServerAccessManage:509 - Download File cube-finder-db.zip
2026-07-28 15:27:53,743 [INFO] FileExtend:248 - Unzip File : cube-finder-db.zip
2026-07-28 15:27:53,743 [INFO] FileExtend:263 - Standard Zip Deflate
2026-07-28 15:27:54,267 [INFO] LoadUrlFilesThread:156 - End of LoadUrlFiles Thread
2026-07-28 15:28:15,393 [ERROR] ServerAccessManage:1295 - Problem during Server Connection :  IO error Connection timed out: getsockopt
2026-07-28 15:28:15,395 [ERROR] ServerAccessManage:740 - Problem during Server Connection :  : crdb.zip.
2026-07-28 15:28:24,545 [INFO] LoadUrlFilesThread:156 - End of LoadUrlFiles Thread
2026-07-28 15:28:25,572 [INFO] DbMcusAds:53 - JSON generation date=Wed Jul 15 15:16:00 IST 2026 (1784108760991)
2026-07-28 15:28:25,575 [INFO] ApiDb:448 - Save user favorites file C:\Users\ADMIN/.stm32cubeide/favorites.mcus.txt: 0 item(s)
2026-07-28 15:28:25,575 [INFO] ApiDb:452 - User favorites MCUs=[]
2026-07-28 15:28:25,577 [INFO] ApiDb:581 - Connected to CubeFinder SQLite database (C:\Users\ADMIN\.stmcufinder\plugins\mcufinder\mcu\cube-finder-db.db)
2026-07-28 15:28:25,621 [INFO] ApiDb:668 - CubeFinder database Data Model version=2.1
2026-07-28 15:28:25,621 [INFO] ApiDb:669 - CubeFinder database Configuration version=3.0.42
2026-07-28 15:28:25,621 [INFO] ApiDb:670 - CubeFinder database generation date=2026-06-23 (1782213372)
2026-07-28 15:28:25,621 [INFO] ApiDb:671 - CubeFinder database FW Pack versions=[FP-ATR-ASTRA1_V2.0.0, FP-SNS-FLIGHT1_V5.1.0, FP-SNS-MOTENV1_V5.1.0, FP-SNS-MOTENVWB1_V1.5.0, FP-SNS-SMARTAG2_V1.2.0, FP-SNS-STBOX1_V2.1.0, STM32Cube_FW_C0_V1.4.0, STM32Cube_FW_F4_V1.28.3, STM32Cube_FW_F7_V1.17.4, STM32Cube_FW_G0_V1.6.3, STM32Cube_FW_G4_V1.6.2, STM32Cube_FW_H5_V1.7.0, STM32Cube_FW_H7RS_V1.3.0, STM32Cube_FW_H7_V1.13.0, STM32Cube_FW_L0_V1.12.2, STM32Cube_FW_L4_V1.18.2, STM32Cube_FW_L5_V1.6.0, STM32Cube_FW_N6_V1.4.0, STM32Cube_FW_U0_V1.3.0, STM32Cube_FW_U3_V1.4.0, STM32Cube_FW_U5_V1.9.0, STM32Cube_FW_WB0_V1.5.0, STM32Cube_FW_WBA_V1.10.0, STM32Cube_FW_WB_V1.24.0, STM32Cube_FW_WL3_V1.5.0, STM32Cube_FW_WL_V1.6.0, X-CUBE-ALGOBUILD_V1.5.0, X-CUBE-ALS_V1.0.2, X-CUBE-AZRTOS-F4_V1.1.0, X-CUBE-AZRTOS-F7_V1.1.0, X-CUBE-AZRTOS-G0_V1.1.0, X-CUBE-AZRTOS-G4_V2.0.0, X-CUBE-AZRTOS-H7RS_V1.1.0, X-CUBE-AZRTOS-H7_V3.5.0, X-CUBE-AZRTOS-L4_V2.0.0, X-CUBE-AZRTOS-L5_V2.0.0, X-CUBE-AZRTOS-WB_V2.0.0, X-CUBE-AZRTOS-WL_V2.0.0, X-CUBE-BLE1_V7.1.0, X-CUBE-BLE2_V3.3.0, X-CUBE-BLEMGR_V4.1.0, X-CUBE-EEPRMA1_V5.2.0, X-CUBE-FREERTOS_V1.5.0, X-CUBE-GNSS1_V7.1.1, X-CUBE-MEMS1_V12.1.0, X-CUBE-NFC4_V3.0.0, X-CUBE-NFC7_V2.0.0, X-CUBE-SFXS2LP1_V4.0.0, X-CUBE-ST67W61_V1.3.0, X-CUBE-SUBG2_V5.0.0, X-CUBE-TOF1_V3.4.3]
2026-07-28 15:28:27,109 [INFO] ApiDb:240 - Found 880 in-development CPN: [B-G473E-ZEST1S, B-WB1M-WPAN1, B-WBA5M-WPAN, B-WL5M-SUBG1, NUCLEO-C031C6, NUCLEO-C051C8, NUCLEO-C071RB, NUCLEO-C092RC, NUCLEO-H503RB, NUCLEO-H533RE, NUCLEO-H563ZI, NUCLEO-H7S3L8, NUCLEO-N657X0-Q, NUCLEO-U031R8, NUCLEO-U083RC, NUCLEO-U385RG-Q, NUCLEO-U545RE-Q, NUCLEO-U5A5ZJ-Q, NUCLEO-WB05KZ, NUCLEO-WB07CC, NUCLEO-WB09KE, NUCLEO-WBA52CG, NUCLEO-WBA55CG, NUCLEO-WL33CC1, NUCLEO-WL33CC2, STEVAL-PROTEUS1, STEVAL-SMARTAG2, STEVAL-STWINBX1, STM320518-EVAL, STM32C0116-DK, STM32C011D6Y3TR, STM32C011D6Y6TR, STM32C011F4P3, STM32C011F4P6, STM32C011F4U3, STM32C011F4U6TR, STM32C011F6P3, STM32C011F6P6, STM32C011F6U3, STM32C011F6U6TR, STM32C011J4M3, STM32C011J4M6, STM32C011J6M3, STM32C011J6M6, STM32C0316-DK, STM32C031C4T3, STM32C031C4T6, STM32C031C4U3, STM32C031C4U6, STM32C031C6T3, STM32C031C6T6, STM32C031C6U3, STM32C031C6U6, STM32C031F4P3, STM32C031F4P6, STM32C031F6P3, STM32C031F6P6, STM32C031G4U3, STM32C031G4U6, STM32C031G6U3, STM32C031G6U6, STM32C031K4T3, STM32C031K4T6, STM32C031K4U3, STM32C031K4U6, STM32C031K6T3, STM32C031K6T6, STM32C031K6U3, STM32C031K6U6, STM32C051C6T6, STM32C051C6U6, STM32C051C8T6, STM32C051C8U6, STM32C051D8Y6TR, STM32C051F6P6, STM32C051F8P6, STM32C051G6U6, STM32C051G8U6, STM32C051K6T6, STM32C051K6U6, STM32C051K8T6, STM32C071C8T6, STM32C071C8T6N, STM32C071C8U6, STM32C071C8U6N, STM32C071CBT6, STM32C071CBT6N, STM32C071CBU6, STM32C071CBU6N, STM32C071F8P6, STM32C071F8P6N, STM32C071FBP6, STM32C071FBP6N, STM32C071FBY6TR, STM32C071G8U6, STM32C071G8U6N, STM32C071GBU6, STM32C071GBU6N, STM32C071K8T6, STM32C071K8T6N, STM32C071K8U6, STM32C071K8U6N, STM32C071KBT6, STM32C071KBT6N, STM32C071KBU6, STM32C071KBU6N, STM32C071R8T6, STM32C071R8T6N, STM32C071RBI6N, STM32C071RBT6, STM32C071RBT6N, STM32C091CBT6, STM32C091CBU6, STM32C091CCT6, STM32C091CCU6, STM32C091ECY6TR, STM32C091FBP6, STM32C091FCP6, STM32C091GBU6, STM32C091GCU6, STM32C091KBT6, STM32C091KBU6, STM32C091KCT6, STM32C091KCU6, STM32C091RBT6, STM32C091RCI6, STM32C091RCT6, STM32C092CBT6, STM32C092CBU6, STM32C092CCT6, STM32C092CCU6, STM32C092ECY6TR, STM32C092FBP6, STM32C092FCP6, STM32C092GBU6, STM32C092GCU6, STM32C092KBT6, STM32C092KBU6, STM32C092KCT6, STM32C092KCU6, STM32C092RBT6, STM32C092RCI6, STM32C092RCT6, STM32G071K8TXN, STM32G071K8UXN, STM32G081GBU6N, STM32G081KBT6N, STM32G081KBUXN, STM32G0B1CCT6N, STM32G0B1KCT6, STM32G0B1NEY6TR, STM32G0B1RCT6N, STM32G0C1CCT6, STM32G0C1CCT6N, STM32G0C1CCU6N, STM32G0C1CET6N, STM32G0C1CEU6N, STM32G0C1KCT6, STM32G0C1NEY6TR, STM32G0C1RCI6N, STM32G0C1RCT6N, STM32G0C1REI6N, STM32G0C1RET6N, STM32G0C1VCI6, STM32G0C1VEI6, STM32G411C6T3, STM32G411C6T6, STM32G411C6U3, STM32G411C6U6, STM32G411C8T3, STM32G411C8T6, STM32G411C8U3, STM32G411C8U6, STM32G411CBT3, STM32G411CBT6, STM32G411CBU3, STM32G411CBU6, STM32G411K6T3, STM32G411K6T6, STM32G411K6U3, STM32G411K6U6, STM32G411K8T3, STM32G411K8T6, STM32G411K8U3, STM32G411K8U6, STM32G411KBT3, STM32G411KBT6, STM32G411KBU3, STM32G411KBU6, STM32G411M6T3, STM32G411M6T6, STM32G411M8T3, STM32G411M8T6, STM32G411MBT3, STM32G411MBT6, STM32G411R6T3, STM32G411R6T6, STM32G411R8T3, STM32G411R8T6, STM32G411RBT3, STM32G411RBT6, STM32G414CBT3, STM32G414CBT6, STM32G414CBU3, STM32G414CBU6, STM32G414CCT3, STM32G414CCT6, STM32G414CCU3, STM32G414CCU6, STM32G414MBT3, STM32G414MBT6, STM32G414MCT3, STM32G414MCT6, STM32G414RBT3, STM32G414RBT6, STM32G414RCT3, STM32G414RCT6, STM32G414VBT3, STM32G414VBT6, STM32G414VCT3, STM32G414VCT6, STM32G431CBT3Z, STM32G431RBT3Z, STM32G471CCT6, STM32G471CCU6, STM32G471CET3, STM32G471CET6, STM32G471CEU3, STM32G471CEU6, STM32G471MCT6, STM32G471MET3, STM32G471MET6, STM32G471MEY6TR, STM32G471QCT6, STM32G471QET3, STM32G471RCT6, STM32G471RET3, STM32G471RET6, STM32G471VCH6, STM32G471VCI6, STM32G471VCT6, STM32G471VEH3, STM32G471VEH6, STM32G471VEI3, STM32G471VEI6, STM32G471VET3, STM32G471VET6, STM32G473QET3Z, STM32G473RET3Z, STM32G474CCT6, STM32G491RET3Z, STM32H503CBT6, STM32H503CBU6, STM32H503EBY6TR, STM32H503KBU6, STM32H503RBT6, STM32H523CCT6, STM32H523CCU6, STM32H523CET6, STM32H523CEU6, STM32H523HEY6TR, STM32H523RCT6, STM32H523RET6, STM32H523VCI6, STM32H523VCT6, STM32H523VEI6, STM32H523VET6, STM32H523ZCJ6, STM32H523ZCT6, STM32H523ZEJ6, STM32H523ZET6, STM32H533CET6, STM32H533CEU6, STM32H533HEY6TR, STM32H533RET6, STM32H533VEI6, STM32H533VET6, STM32H533ZEJ6, STM32H533ZET6, STM32H562AGI6, STM32H562AII6, STM32H562IGK6, STM32H562IGT6, STM32H562IIK6, STM32H562IIT6, STM32H562RGT6, STM32H562RGV6, STM32H562RIT6, STM32H562RIV6, STM32H562VGT6, STM32H562VIT6, STM32H562ZGT6, STM32H562ZIT6, STM32H563AGI6, STM32H563AII3Q, STM32H563AII6, STM32H563IGK6, STM32H563IGT6, STM32H563IIK3Q, STM32H563IIK6, STM32H563IIT3Q, STM32H563IIT6, STM32H563MIY3QTR, STM32H563RGT6, STM32H563RGV6, STM32H563RIT6, STM32H563RIV6, STM32H563VGT6, STM32H563VIT3Q, STM32H563VIT6, STM32H563ZGT6, STM32H563ZIT3Q, STM32H563ZIT6, STM32H573AII3Q, STM32H573AII6, STM32H573I-DK, STM32H573IIK3Q, STM32H573IIK6, STM32H573IIT3Q, STM32H573IIT6, STM32H573MIY3QTR, STM32H573RIT6, STM32H573RIV6, STM32H573VIT3Q, STM32H573VIT6, STM32H573ZIT3Q, STM32H573ZIT6, STM32H7R3A8I6, STM32H7R3I8K6, STM32H7R3I8T6, STM32H7R3L8H6, STM32H7R3L8H6H, STM32H7R3R8V6, STM32H7R3V8H6, STM32H7R3V8T6, STM32H7R3V8Y6TR, STM32H7R3Z8J6, STM32H7R3Z8T6, STM32H7R7A8I6, STM32H7R7I8K6, STM32H7R7I8T6, STM32H7R7L8H6, STM32H7R7L8H6H, STM32H7R7Z8J6, STM32H7S3A8I6, STM32H7S3I8K6, STM32H7S3I8T6, STM32H7S3L8H6, STM32H7S3L8H6H, STM32H7S3R8V6, STM32H7S3V8H6, STM32H7S3V8T6, STM32H7S3V8Y6TR, STM32H7S3Z8J6, STM32H7S3Z8T6, STM32H7S78-DK, STM32H7S7A8I6, STM32H7S7I8K6, STM32H7S7I8T6, STM32H7S7L8H6, STM32H7S7L8H6H, STM32H7S7Z8J6, STM32L4R5QGI6STR, STM32MP131AAE3, STM32MP131AAF3, STM32MP131AAG3, STM32MP131CAE3, STM32MP131CAF3, STM32MP131CAG3, STM32MP131DAE7, STM32MP131DAF7, STM32MP131DAG7, STM32MP131FAE7, STM32MP131FAF7, STM32MP131FAG7, STM32MP133AAE3, STM32MP133AAF3, STM32MP133AAG3, STM32MP133CAE3, STM32MP133CAF3, STM32MP133CAG3, STM32MP133DAE7, STM32MP133DAF7, STM32MP133DAG7, STM32MP133FAE7, STM32MP133FAF7, STM32MP133FAG7, STM32MP135AAE3, STM32MP135AAF3, STM32MP135AAG3, STM32MP135CAE3, STM32MP135CAF3, STM32MP135CAG3, STM32MP135DAE7, STM32MP135DAF7, STM32MP135DAG7, STM32MP135F-DK, STM32MP135FAE7, STM32MP135FAF7, STM32MP135FAF7T, STM32MP135FAF7U, STM32MP135FAG7, STM32MP211AAL3, STM32MP211AAM3, STM32MP211AAN3, STM32MP211AAO3, STM32MP211CAL3, STM32MP211CAM3, STM32MP211CAN3, STM32MP211CAO3, STM32MP211DAL3, STM32MP211DAM3, STM32MP211DAN3, STM32MP211DAO3, STM32MP211FAL3, STM32MP211FAM3, STM32MP211FAN3, STM32MP211FAO3, STM32MP213AAL3, STM32MP213AAM3, STM32MP213AAN3, STM32MP213AAO3, STM32MP213CAL3, STM32MP213CAM3, STM32MP213CAN3, STM32MP213CAO3, STM32MP213DAL3, STM32MP213DAM3, STM32MP213DAN3, STM32MP213DAO3, STM32MP213FAL3, STM32MP213FAM3, STM32MP213FAN3, STM32MP213FAO3, STM32MP215AAL3, STM32MP215AAM3, STM32MP215AAN3, STM32MP215AAO3, STM32MP215CAL3, STM32MP215CAM3, STM32MP215CAN3, STM32MP215CAO3, STM32MP215DAL3, STM32MP215DAM3, STM32MP215DAN3, STM32MP215DAO3, STM32MP215F-DK, STM32MP215FAL3, STM32MP215FAM3, STM32MP215FAN3, STM32MP215FAO3, STM32MP231AAJ3, STM32MP231AAK3, STM32MP231AAL3, STM32MP231CAJ3, STM32MP231CAK3, STM32MP231CAL3, STM32MP231DAJ3, STM32MP231DAK3, STM32MP231DAL3, STM32MP231FAJ3, STM32MP231FAK3, STM32MP231FAL3, STM32MP233AAJ3, STM32MP233AAK3, STM32MP233AAL3, STM32MP233CAJ3, STM32MP233CAK3, STM32MP233CAL3, STM32MP233DAJ3, STM32MP233DAK3, STM32MP233DAL3, STM32MP233FAJ3, STM32MP233FAK3, STM32MP233FAL3, STM32MP235AAJ3, STM32MP235AAK3, STM32MP235AAL3, STM32MP235CAJ3, STM32MP235CAK3, STM32MP235CAL3, STM32MP235DAJ3, STM32MP235DAK3, STM32MP235DAL3, STM32MP235FAJ3, STM32MP235FAK3, STM32MP235FAL3, STM32MP251AAI3, STM32MP251AAK3, STM32MP251AAL3, STM32MP251CAI3, STM32MP251CAK3, STM32MP251CAL3, STM32MP251DAI3, STM32MP251DAK3, STM32MP251DAL3, STM32MP251FAI3, STM32MP251FAK3, STM32MP251FAL3, STM32MP253AAI3, STM32MP253AAK3, STM32MP253AAL3, STM32MP253CAI3, STM32MP253CAK3, STM32MP253CAL3, STM32MP253DAI3, STM32MP253DAK3, STM32MP253DAL3, STM32MP253FAI3, STM32MP253FAK3, STM32MP253FAL3, STM32MP255AAI3, STM32MP255AAK3, STM32MP255AAL3, STM32MP255CAI3, STM32MP255CAK3, STM32MP255CAL3, STM32MP255DAI3, STM32MP255DAK3, STM32MP255DAL3, STM32MP255FAI3, STM32MP255FAK3, STM32MP255FAL3, STM32MP257AAI3, STM32MP257AAK3, STM32MP257AAL3, STM32MP257CAI3, STM32MP257CAK3, STM32MP257CAL3, STM32MP257DAI3, STM32MP257DAK3, STM32MP257DAL3, STM32MP257F-DK, STM32MP257F-EV1, STM32MP257FAI3, STM32MP257FAK3, STM32MP257FAL3, STM32N645A0H3Q, STM32N645B0H3Q, STM32N645I0H3Q, STM32N645L0H3Q, STM32N645X0H3Q, STM32N645Z0H3Q, STM32N647A0H3Q, STM32N647B0H3Q, STM32N647I0H3Q, STM32N647L0H3Q, STM32N647X0H3Q, STM32N647Z0H3Q, STM32N655A0H3Q, STM32N655B0H3Q, STM32N655I0H3Q, STM32N655L0H3Q, STM32N655X0H3Q, STM32N655Z0H3Q, STM32N6570-DK, STM32N657A0H3Q, STM32N657B0H3Q, STM32N657I0H3Q, STM32N657L0H3Q, STM32N657X0H3Q, STM32N657Z0H3Q, STM32U031C6T6, STM32U031C6U6, STM32U031C8T6, STM32U031C8U6, STM32U031F4P6, STM32U031F6P6, STM32U031F8P6, STM32U031G6Y6TR, STM32U031G8Y6TR, STM32U031K4U6, STM32U031K6U6, STM32U031K8U6, STM32U031R6I6, STM32U031R6T6, STM32U031R8I6, STM32U031R8T6, STM32U073C8T6, STM32U073C8U6, STM32U073CBT6, STM32U073CBU6, STM32U073CCT6, STM32U073CCU6, STM32U073H8Y6TR, STM32U073HBY6TR, STM32U073HCY6TR, STM32U073K8U6, STM32U073KBU6, STM32U073KCU6, STM32U073M8I6, STM32U073M8T6, STM32U073MBI6, STM32U073MBT6, STM32U073MCI6, STM32U073MCT6, STM32U073R8I6, STM32U073R8T6, STM32U073RBI6, STM32U073RBT6, STM32U073RCI6, STM32U073RCT6, STM32U083C-DK, STM32U083CCT6, STM32U083CCU6, STM32U083HCY6TR, STM32U083KCU6, STM32U083MCI6, STM32U083MCT6, STM32U083RCI6, STM32U083RCT6, STM32U375CET6, STM32U375CET6Q, STM32U375CEU6, STM32U375CEU6Q, STM32U375CEY6QTR, STM32U375CGT6, STM32U375CGT6Q, STM32U375CGU6, STM32U375CGU6Q, STM32U375CGY6QTR, STM32U375KEU6, STM32U375KGU6, STM32U375REI6, STM32U375REI6Q, STM32U375RET6, STM32U375RET6Q, STM32U375REY6GTR, STM32U375REY6QTR, STM32U375RGI6, STM32U375RGI6Q, STM32U375RGT6, STM32U375RGT6Q, STM32U375RGY6GTR, STM32U375RGY6QTR, STM32U375VEI6, STM32U375VEI6Q, STM32U375VET6, STM32U375VET6Q, STM32U375VGI6, STM32U375VGI6Q, STM32U375VGT6, STM32U375VGT6Q, STM32U385CGT6, STM32U385CGT6Q, STM32U385CGU6, STM32U385CGU6Q, STM32U385CGY6QTR, STM32U385KGU6, STM32U385RGI6, STM32U385RGI6Q, STM32U385RGT6, STM32U385RGT6Q, STM32U385RGY6GTR, STM32U385RGY6QTR, STM32U385VGI6, STM32U385VGI6Q, STM32U385VGT6, STM32U385VGT6Q, STM32U535CBT6, STM32U535CBT6Q, STM32U535CBU6, STM32U535CBU6Q, STM32U535CCT6, STM32U535CCT6Q, STM32U535CCU6, STM32U535CCU6Q, STM32U535CET6, STM32U535CET6Q, STM32U535CEU6, STM32U535CEU6Q, STM32U535JEY6QTR, STM32U535NCY6QTR, STM32U535NEY6QTR, STM32U535RBI6, STM32U535RBI6Q, STM32U535RBT6, STM32U535RBT6Q, STM32U535RCI6, STM32U535RCI6Q, STM32U535RCT6, STM32U535RCT6Q, STM32U535REI6, STM32U535REI6Q, STM32U535RET6, STM32U535RET6Q, STM32U535VCI6, STM32U535VCI6Q, STM32U535VCT6, STM32U535VCT6Q, STM32U535VEI6, STM32U535VEI6Q, STM32U535VET6, STM32U535VET6Q, STM32U545CET6, STM32U545CET6Q, STM32U545CEU6, STM32U545CEU6Q, STM32U545JEY6QTR, STM32U545NEY6QTR, STM32U545REI6, STM32U545REI6Q, STM32U545RET6, STM32U545RET6Q, STM32U545VEI6, STM32U545VEI6Q, STM32U545VET6, STM32U545VET6Q, STM32U595AIH6, STM32U595AIH6Q, STM32U595AJH6, STM32U595AJH6Q, STM32U595QII6, STM32U595QII6Q, STM32U595QJI6, STM32U595QJI6Q, STM32U595RIT6, STM32U595RIT6Q, STM32U595RJT6, STM32U595RJT6Q, STM32U595VIT6, STM32U595VIT6Q, STM32U595VJT6, STM32U595VJT6Q, STM32U595ZIT6, STM32U595ZIT6Q, STM32U595ZIY6QTR, STM32U595ZJT6, STM32U595ZJT6Q, STM32U595ZJY6QTR, STM32U599BJY6QTR, STM32U599NIH6Q, STM32U599NJH6Q, STM32U599VIT6Q, STM32U599VJT6, STM32U599VJT6Q, STM32U599ZIT6Q, STM32U599ZIY6QTR, STM32U599ZJT6Q, STM32U599ZJY6QTR, STM32U5A5AJH6, STM32U5A5AJH6Q, STM32U5A5QII3Q , STM32U5A5QJI6, STM32U5A5QJI6Q, STM32U5A5RJT6, STM32U5A5RJT6Q, STM32U5A5VJT6, STM32U5A5VJT6Q, STM32U5A5ZJT6, STM32U5A5ZJT6Q, STM32U5A5ZJY6QTR, STM32U5A9BJY6QTR, STM32U5A9J-DK, STM32U5A9NJH6Q, STM32U5A9VJT6Q, STM32U5A9ZJT6Q, STM32U5A9ZJY6QTR, STM32U5F7VIT6, STM32U5F7VIT6Q, STM32U5F7VJT6, STM32U5F7VJT6Q, STM32U5F9BJY6QTR, STM32U5F9NJH6Q, STM32U5F9VIT6Q, STM32U5F9VJT6Q, STM32U5F9ZIJ6QTR, STM32U5F9ZIT6Q, STM32U5F9ZJJ6QTR, STM32U5F9ZJT6Q, STM32U5G7VJT6, STM32U5G7VJT6Q, STM32U5G9BJY6QTR, STM32U5G9J-DK1, STM32U5G9J-DK2, STM32U5G9NJH6Q, STM32U5G9VJT6Q, STM32U5G9ZJJ6QTR, STM32U5G9ZJT6Q, STM32WB05KZV6TR, STM32WB05KZV7TR, STM32WB05TZF6TR, STM32WB05TZF7TR, STM32WB06CCF6TR, STM32WB06CCF7TR, STM32WB06CCV6TR, STM32WB06CCV7TR, STM32WB06KCV6TR, STM32WB06KCV7TR, STM32WB07CCF6TR, STM32WB07CCF7TR, STM32WB07CCV6TR, STM32WB07CCV7TR, STM32WB07KCV6TR, STM32WB07KCV7TR, STM32WB09KEV6TR, STM32WB09KEV7TR, STM32WB09TEF6TR, STM32WB09TEF7TR, STM32WB1MMCH6, STM32WBA50KGU6, STM32WBA50KGU6TR, STM32WBA52CEU6, STM32WBA52CEU6TR, STM32WBA52CEU7, STM32WBA52CEU7TR, STM32WBA52CGU6, STM32WBA52CGU6TR, STM32WBA52CGU6U, STM32WBA52CGU7, STM32WBA52CGU7TR, STM32WBA52KEU6, STM32WBA52KEU6TR, STM32WBA52KGU6, STM32WBA52KGU6TR, STM32WBA54CEU6, STM32WBA54CEU6TR, STM32WBA54CEU7, STM32WBA54CEU7TR, STM32WBA54CGU6, STM32WBA54CGU6TR, STM32WBA54CGU7, STM32WBA54CGU7TR, STM32WBA54KEU6, STM32WBA54KEU6TR, STM32WBA54KEU7, STM32WBA54KEU7TR, STM32WBA54KGU6, STM32WBA54KGU6TR, STM32WBA54KGU7, STM32WBA54KGU7TR, STM32WBA55CEU6, STM32WBA55CEU6TR, STM32WBA55CEU7, STM32WBA55CEU7TR, STM32WBA55CGU6, STM32WBA55CGU6TR, STM32WBA55CGU6U, STM32WBA55CGU7, STM32WBA55CGU7TR, STM32WBA55G-DK1, STM32WBA55HEF6, STM32WBA55HEF7, STM32WBA55HGF6, STM32WBA55HGF7, STM32WBA55UEI6, STM32WBA55UEI6TR, STM32WBA55UEI7, STM32WBA55UEI7TR, STM32WBA55UGI6, STM32WBA55UGI6TR, STM32WBA55UGI7, STM32WBA55UGI7TR, STM32WBA5MMGH6TR, STM32WBA62MGF6, STM32WBA62MIF6, STM32WBA65MGF7, STM32WBA65MIF6, STM32WBA65MIF7, STM32WL30K8V6, STM32WL30KBV6, STM32WL31C8V6, STM32WL31CBV6, STM32WL31K8V6, STM32WL31KBV6, STM32WL33C8V6, STM32WL33C8V6X, STM32WL33CBV6, STM32WL33CBV6X, STM32WL33CCV6, STM32WL33CCV6A, STM32WL33CCV6X, STM32WL33K8V7, STM32WL33K8V7X, STM32WL33KBV7 , STM32WL33KBV7X, STM32WL33KCV7, STM32WL33KCV7X, STM32WL5MOCH6, STM32WL5MOCH6TR]
2026-07-28 15:28:27,112 [INFO] DbMcus:218 - Found 5250 MCUs, 5097 are supported
2026-07-28 15:28:27,113 [INFO] ApiDb:423 - Load user favorites file C:\Users\ADMIN/.stm32cubeide/favorites.mcus.txt: 0 item(s)
2026-07-28 15:28:27,114 [INFO] ApiDb:427 - User favorites MCUs=[]
2026-07-28 15:28:27,114 [INFO] DbMcus:224 - Set 0 / 0 favorites MCUs
2026-07-28 15:28:27,534 [INFO] ApiDb:448 - Save user favorites file C:\Users\ADMIN/.stm32cubeide/favorites.boards.txt: 0 item(s)
2026-07-28 15:28:27,534 [INFO] ApiDb:452 - User favorites Boards=[]
2026-07-28 15:28:27,536 [INFO] ApiDb:581 - Connected to CubeFinder SQLite database (C:\Users\ADMIN\.stmcufinder\plugins\mcufinder\mcu\cube-finder-db.db)
2026-07-28 15:28:27,583 [INFO] ApiDb:668 - CubeFinder database Data Model version=2.1
2026-07-28 15:28:27,583 [INFO] ApiDb:669 - CubeFinder database Configuration version=3.0.42
2026-07-28 15:28:27,583 [INFO] ApiDb:670 - CubeFinder database generation date=2026-06-23 (1782213372)
2026-07-28 15:28:27,583 [INFO] ApiDb:671 - CubeFinder database FW Pack versions=[FP-ATR-ASTRA1_V2.0.0, FP-SNS-FLIGHT1_V5.1.0, FP-SNS-MOTENV1_V5.1.0, FP-SNS-MOTENVWB1_V1.5.0, FP-SNS-SMARTAG2_V1.2.0, FP-SNS-STBOX1_V2.1.0, STM32Cube_FW_C0_V1.4.0, STM32Cube_FW_F4_V1.28.3, STM32Cube_FW_F7_V1.17.4, STM32Cube_FW_G0_V1.6.3, STM32Cube_FW_G4_V1.6.2, STM32Cube_FW_H5_V1.7.0, STM32Cube_FW_H7RS_V1.3.0, STM32Cube_FW_H7_V1.13.0, STM32Cube_FW_L0_V1.12.2, STM32Cube_FW_L4_V1.18.2, STM32Cube_FW_L5_V1.6.0, STM32Cube_FW_N6_V1.4.0, STM32Cube_FW_U0_V1.3.0, STM32Cube_FW_U3_V1.4.0, STM32Cube_FW_U5_V1.9.0, STM32Cube_FW_WB0_V1.5.0, STM32Cube_FW_WBA_V1.10.0, STM32Cube_FW_WB_V1.24.0, STM32Cube_FW_WL3_V1.5.0, STM32Cube_FW_WL_V1.6.0, X-CUBE-ALGOBUILD_V1.5.0, X-CUBE-ALS_V1.0.2, X-CUBE-AZRTOS-F4_V1.1.0, X-CUBE-AZRTOS-F7_V1.1.0, X-CUBE-AZRTOS-G0_V1.1.0, X-CUBE-AZRTOS-G4_V2.0.0, X-CUBE-AZRTOS-H7RS_V1.1.0, X-CUBE-AZRTOS-H7_V3.5.0, X-CUBE-AZRTOS-L4_V2.0.0, X-CUBE-AZRTOS-L5_V2.0.0, X-CUBE-AZRTOS-WB_V2.0.0, X-CUBE-AZRTOS-WL_V2.0.0, X-CUBE-BLE1_V7.1.0, X-CUBE-BLE2_V3.3.0, X-CUBE-BLEMGR_V4.1.0, X-CUBE-EEPRMA1_V5.2.0, X-CUBE-FREERTOS_V1.5.0, X-CUBE-GNSS1_V7.1.1, X-CUBE-MEMS1_V12.1.0, X-CUBE-NFC4_V3.0.0, X-CUBE-NFC7_V2.0.0, X-CUBE-SFXS2LP1_V4.0.0, X-CUBE-ST67W61_V1.3.0, X-CUBE-SUBG2_V5.0.0, X-CUBE-TOF1_V3.4.3]
2026-07-28 15:28:27,619 [INFO] DbBoardsSqlite:226 - include board P-NUCLEO-WB55-NUCLEO as a kit item of type 'Nucleo-64'
2026-07-28 15:28:27,619 [INFO] DbBoardsSqlite:226 - include board P-NUCLEO-WB55-USBDONGLE as a kit item of type 'Nucleo USB Dongle'
2026-07-28 15:28:27,619 [INFO] DbBoardsSqlite:226 - include board STEVAL-IDP005V1 as a kit item of type 'Evaluation Board'
2026-07-28 15:28:27,619 [INFO] DbBoardsSqlite:226 - include board STEVAL-IDP005V2 as a kit item of type 'Evaluation Board'
2026-07-28 15:28:27,678 [INFO] ApiDb:240 - Found 880 in-development CPN: [B-G473E-ZEST1S, B-WB1M-WPAN1, B-WBA5M-WPAN, B-WL5M-SUBG1, NUCLEO-C031C6, NUCLEO-C051C8, NUCLEO-C071RB, NUCLEO-C092RC, NUCLEO-H503RB, NUCLEO-H533RE, NUCLEO-H563ZI, NUCLEO-H7S3L8, NUCLEO-N657X0-Q, NUCLEO-U031R8, NUCLEO-U083RC, NUCLEO-U385RG-Q, NUCLEO-U545RE-Q, NUCLEO-U5A5ZJ-Q, NUCLEO-WB05KZ, NUCLEO-WB07CC, NUCLEO-WB09KE, NUCLEO-WBA52CG, NUCLEO-WBA55CG, NUCLEO-WL33CC1, NUCLEO-WL33CC2, STEVAL-PROTEUS1, STEVAL-SMARTAG2, STEVAL-STWINBX1, STM320518-EVAL, STM32C0116-DK, STM32C011D6Y3TR, STM32C011D6Y6TR, STM32C011F4P3, STM32C011F4P6, STM32C011F4U3, STM32C011F4U6TR, STM32C011F6P3, STM32C011F6P6, STM32C011F6U3, STM32C011F6U6TR, STM32C011J4M3, STM32C011J4M6, STM32C011J6M3, STM32C011J6M6, STM32C0316-DK, STM32C031C4T3, STM32C031C4T6, STM32C031C4U3, STM32C031C4U6, STM32C031C6T3, STM32C031C6T6, STM32C031C6U3, STM32C031C6U6, STM32C031F4P3, STM32C031F4P6, STM32C031F6P3, STM32C031F6P6, STM32C031G4U3, STM32C031G4U6, STM32C031G6U3, STM32C031G6U6, STM32C031K4T3, STM32C031K4T6, STM32C031K4U3, STM32C031K4U6, STM32C031K6T3, STM32C031K6T6, STM32C031K6U3, STM32C031K6U6, STM32C051C6T6, STM32C051C6U6, STM32C051C8T6, STM32C051C8U6, STM32C051D8Y6TR, STM32C051F6P6, STM32C051F8P6, STM32C051G6U6, STM32C051G8U6, STM32C051K6T6, STM32C051K6U6, STM32C051K8T6, STM32C071C8T6, STM32C071C8T6N, STM32C071C8U6, STM32C071C8U6N, STM32C071CBT6, STM32C071CBT6N, STM32C071CBU6, STM32C071CBU6N, STM32C071F8P6, STM32C071F8P6N, STM32C071FBP6, STM32C071FBP6N, STM32C071FBY6TR, STM32C071G8U6, STM32C071G8U6N, STM32C071GBU6, STM32C071GBU6N, STM32C071K8T6, STM32C071K8T6N, STM32C071K8U6, STM32C071K8U6N, STM32C071KBT6, STM32C071KBT6N, STM32C071KBU6, STM32C071KBU6N, STM32C071R8T6, STM32C071R8T6N, STM32C071RBI6N, STM32C071RBT6, STM32C071RBT6N, STM32C091CBT6, STM32C091CBU6, STM32C091CCT6, STM32C091CCU6, STM32C091ECY6TR, STM32C091FBP6, STM32C091FCP6, STM32C091GBU6, STM32C091GCU6, STM32C091KBT6, STM32C091KBU6, STM32C091KCT6, STM32C091KCU6, STM32C091RBT6, STM32C091RCI6, STM32C091RCT6, STM32C092CBT6, STM32C092CBU6, STM32C092CCT6, STM32C092CCU6, STM32C092ECY6TR, STM32C092FBP6, STM32C092FCP6, STM32C092GBU6, STM32C092GCU6, STM32C092KBT6, STM32C092KBU6, STM32C092KCT6, STM32C092KCU6, STM32C092RBT6, STM32C092RCI6, STM32C092RCT6, STM32G071K8TXN, STM32G071K8UXN, STM32G081GBU6N, STM32G081KBT6N, STM32G081KBUXN, STM32G0B1CCT6N, STM32G0B1KCT6, STM32G0B1NEY6TR, STM32G0B1RCT6N, STM32G0C1CCT6, STM32G0C1CCT6N, STM32G0C1CCU6N, STM32G0C1CET6N, STM32G0C1CEU6N, STM32G0C1KCT6, STM32G0C1NEY6TR, STM32G0C1RCI6N, STM32G0C1RCT6N, STM32G0C1REI6N, STM32G0C1RET6N, STM32G0C1VCI6, STM32G0C1VEI6, STM32G411C6T3, STM32G411C6T6, STM32G411C6U3, STM32G411C6U6, STM32G411C8T3, STM32G411C8T6, STM32G411C8U3, STM32G411C8U6, STM32G411CBT3, STM32G411CBT6, STM32G411CBU3, STM32G411CBU6, STM32G411K6T3, STM32G411K6T6, STM32G411K6U3, STM32G411K6U6, STM32G411K8T3, STM32G411K8T6, STM32G411K8U3, STM32G411K8U6, STM32G411KBT3, STM32G411KBT6, STM32G411KBU3, STM32G411KBU6, STM32G411M6T3, STM32G411M6T6, STM32G411M8T3, STM32G411M8T6, STM32G411MBT3, STM32G411MBT6, STM32G411R6T3, STM32G411R6T6, STM32G411R8T3, STM32G411R8T6, STM32G411RBT3, STM32G411RBT6, STM32G414CBT3, STM32G414CBT6, STM32G414CBU3, STM32G414CBU6, STM32G414CCT3, STM32G414CCT6, STM32G414CCU3, STM32G414CCU6, STM32G414MBT3, STM32G414MBT6, STM32G414MCT3, STM32G414MCT6, STM32G414RBT3, STM32G414RBT6, STM32G414RCT3, STM32G414RCT6, STM32G414VBT3, STM32G414VBT6, STM32G414VCT3, STM32G414VCT6, STM32G431CBT3Z, STM32G431RBT3Z, STM32G471CCT6, STM32G471CCU6, STM32G471CET3, STM32G471CET6, STM32G471CEU3, STM32G471CEU6, STM32G471MCT6, STM32G471MET3, STM32G471MET6, STM32G471MEY6TR, STM32G471QCT6, STM32G471QET3, STM32G471RCT6, STM32G471RET3, STM32G471RET6, STM32G471VCH6, STM32G471VCI6, STM32G471VCT6, STM32G471VEH3, STM32G471VEH6, STM32G471VEI3, STM32G471VEI6, STM32G471VET3, STM32G471VET6, STM32G473QET3Z, STM32G473RET3Z, STM32G474CCT6, STM32G491RET3Z, STM32H503CBT6, STM32H503CBU6, STM32H503EBY6TR, STM32H503KBU6, STM32H503RBT6, STM32H523CCT6, STM32H523CCU6, STM32H523CET6, STM32H523CEU6, STM32H523HEY6TR, STM32H523RCT6, STM32H523RET6, STM32H523VCI6, STM32H523VCT6, STM32H523VEI6, STM32H523VET6, STM32H523ZCJ6, STM32H523ZCT6, STM32H523ZEJ6, STM32H523ZET6, STM32H533CET6, STM32H533CEU6, STM32H533HEY6TR, STM32H533RET6, STM32H533VEI6, STM32H533VET6, STM32H533ZEJ6, STM32H533ZET6, STM32H562AGI6, STM32H562AII6, STM32H562IGK6, STM32H562IGT6, STM32H562IIK6, STM32H562IIT6, STM32H562RGT6, STM32H562RGV6, STM32H562RIT6, STM32H562RIV6, STM32H562VGT6, STM32H562VIT6, STM32H562ZGT6, STM32H562ZIT6, STM32H563AGI6, STM32H563AII3Q, STM32H563AII6, STM32H563IGK6, STM32H563IGT6, STM32H563IIK3Q, STM32H563IIK6, STM32H563IIT3Q, STM32H563IIT6, STM32H563MIY3QTR, STM32H563RGT6, STM32H563RGV6, STM32H563RIT6, STM32H563RIV6, STM32H563VGT6, STM32H563VIT3Q, STM32H563VIT6, STM32H563ZGT6, STM32H563ZIT3Q, STM32H563ZIT6, STM32H573AII3Q, STM32H573AII6, STM32H573I-DK, STM32H573IIK3Q, STM32H573IIK6, STM32H573IIT3Q, STM32H573IIT6, STM32H573MIY3QTR, STM32H573RIT6, STM32H573RIV6, STM32H573VIT3Q, STM32H573VIT6, STM32H573ZIT3Q, STM32H573ZIT6, STM32H7R3A8I6, STM32H7R3I8K6, STM32H7R3I8T6, STM32H7R3L8H6, STM32H7R3L8H6H, STM32H7R3R8V6, STM32H7R3V8H6, STM32H7R3V8T6, STM32H7R3V8Y6TR, STM32H7R3Z8J6, STM32H7R3Z8T6, STM32H7R7A8I6, STM32H7R7I8K6, STM32H7R7I8T6, STM32H7R7L8H6, STM32H7R7L8H6H, STM32H7R7Z8J6, STM32H7S3A8I6, STM32H7S3I8K6, STM32H7S3I8T6, STM32H7S3L8H6, STM32H7S3L8H6H, STM32H7S3R8V6, STM32H7S3V8H6, STM32H7S3V8T6, STM32H7S3V8Y6TR, STM32H7S3Z8J6, STM32H7S3Z8T6, STM32H7S78-DK, STM32H7S7A8I6, STM32H7S7I8K6, STM32H7S7I8T6, STM32H7S7L8H6, STM32H7S7L8H6H, STM32H7S7Z8J6, STM32L4R5QGI6STR, STM32MP131AAE3, STM32MP131AAF3, STM32MP131AAG3, STM32MP131CAE3, STM32MP131CAF3, STM32MP131CAG3, STM32MP131DAE7, STM32MP131DAF7, STM32MP131DAG7, STM32MP131FAE7, STM32MP131FAF7, STM32MP131FAG7, STM32MP133AAE3, STM32MP133AAF3, STM32MP133AAG3, STM32MP133CAE3, STM32MP133CAF3, STM32MP133CAG3, STM32MP133DAE7, STM32MP133DAF7, STM32MP133DAG7, STM32MP133FAE7, STM32MP133FAF7, STM32MP133FAG7, STM32MP135AAE3, STM32MP135AAF3, STM32MP135AAG3, STM32MP135CAE3, STM32MP135CAF3, STM32MP135CAG3, STM32MP135DAE7, STM32MP135DAF7, STM32MP135DAG7, STM32MP135F-DK, STM32MP135FAE7, STM32MP135FAF7, STM32MP135FAF7T, STM32MP135FAF7U, STM32MP135FAG7, STM32MP211AAL3, STM32MP211AAM3, STM32MP211AAN3, STM32MP211AAO3, STM32MP211CAL3, STM32MP211CAM3, STM32MP211CAN3, STM32MP211CAO3, STM32MP211DAL3, STM32MP211DAM3, STM32MP211DAN3, STM32MP211DAO3, STM32MP211FAL3, STM32MP211FAM3, STM32MP211FAN3, STM32MP211FAO3, STM32MP213AAL3, STM32MP213AAM3, STM32MP213AAN3, STM32MP213AAO3, STM32MP213CAL3, STM32MP213CAM3, STM32MP213CAN3, STM32MP213CAO3, STM32MP213DAL3, STM32MP213DAM3, STM32MP213DAN3, STM32MP213DAO3, STM32MP213FAL3, STM32MP213FAM3, STM32MP213FAN3, STM32MP213FAO3, STM32MP215AAL3, STM32MP215AAM3, STM32MP215AAN3, STM32MP215AAO3, STM32MP215CAL3, STM32MP215CAM3, STM32MP215CAN3, STM32MP215CAO3, STM32MP215DAL3, STM32MP215DAM3, STM32MP215DAN3, STM32MP215DAO3, STM32MP215F-DK, STM32MP215FAL3, STM32MP215FAM3, STM32MP215FAN3, STM32MP215FAO3, STM32MP231AAJ3, STM32MP231AAK3, STM32MP231AAL3, STM32MP231CAJ3, STM32MP231CAK3, STM32MP231CAL3, STM32MP231DAJ3, STM32MP231DAK3, STM32MP231DAL3, STM32MP231FAJ3, STM32MP231FAK3, STM32MP231FAL3, STM32MP233AAJ3, STM32MP233AAK3, STM32MP233AAL3, STM32MP233CAJ3, STM32MP233CAK3, STM32MP233CAL3, STM32MP233DAJ3, STM32MP233DAK3, STM32MP233DAL3, STM32MP233FAJ3, STM32MP233FAK3, STM32MP233FAL3, STM32MP235AAJ3, STM32MP235AAK3, STM32MP235AAL3, STM32MP235CAJ3, STM32MP235CAK3, STM32MP235CAL3, STM32MP235DAJ3, STM32MP235DAK3, STM32MP235DAL3, STM32MP235FAJ3, STM32MP235FAK3, STM32MP235FAL3, STM32MP251AAI3, STM32MP251AAK3, STM32MP251AAL3, STM32MP251CAI3, STM32MP251CAK3, STM32MP251CAL3, STM32MP251DAI3, STM32MP251DAK3, STM32MP251DAL3, STM32MP251FAI3, STM32MP251FAK3, STM32MP251FAL3, STM32MP253AAI3, STM32MP253AAK3, STM32MP253AAL3, STM32MP253CAI3, STM32MP253CAK3, STM32MP253CAL3, STM32MP253DAI3, STM32MP253DAK3, STM32MP253DAL3, STM32MP253FAI3, STM32MP253FAK3, STM32MP253FAL3, STM32MP255AAI3, STM32MP255AAK3, STM32MP255AAL3, STM32MP255CAI3, STM32MP255CAK3, STM32MP255CAL3, STM32MP255DAI3, STM32MP255DAK3, STM32MP255DAL3, STM32MP255FAI3, STM32MP255FAK3, STM32MP255FAL3, STM32MP257AAI3, STM32MP257AAK3, STM32MP257AAL3, STM32MP257CAI3, STM32MP257CAK3, STM32MP257CAL3, STM32MP257DAI3, STM32MP257DAK3, STM32MP257DAL3, STM32MP257F-DK, STM32MP257F-EV1, STM32MP257FAI3, STM32MP257FAK3, STM32MP257FAL3, STM32N645A0H3Q, STM32N645B0H3Q, STM32N645I0H3Q, STM32N645L0H3Q, STM32N645X0H3Q, STM32N645Z0H3Q, STM32N647A0H3Q, STM32N647B0H3Q, STM32N647I0H3Q, STM32N647L0H3Q, STM32N647X0H3Q, STM32N647Z0H3Q, STM32N655A0H3Q, STM32N655B0H3Q, STM32N655I0H3Q, STM32N655L0H3Q, STM32N655X0H3Q, STM32N655Z0H3Q, STM32N6570-DK, STM32N657A0H3Q, STM32N657B0H3Q, STM32N657I0H3Q, STM32N657L0H3Q, STM32N657X0H3Q, STM32N657Z0H3Q, STM32U031C6T6, STM32U031C6U6, STM32U031C8T6, STM32U031C8U6, STM32U031F4P6, STM32U031F6P6, STM32U031F8P6, STM32U031G6Y6TR, STM32U031G8Y6TR, STM32U031K4U6, STM32U031K6U6, STM32U031K8U6, STM32U031R6I6, STM32U031R6T6, STM32U031R8I6, STM32U031R8T6, STM32U073C8T6, STM32U073C8U6, STM32U073CBT6, STM32U073CBU6, STM32U073CCT6, STM32U073CCU6, STM32U073H8Y6TR, STM32U073HBY6TR, STM32U073HCY6TR, STM32U073K8U6, STM32U073KBU6, STM32U073KCU6, STM32U073M8I6, STM32U073M8T6, STM32U073MBI6, STM32U073MBT6, STM32U073MCI6, STM32U073MCT6, STM32U073R8I6, STM32U073R8T6, STM32U073RBI6, STM32U073RBT6, STM32U073RCI6, STM32U073RCT6, STM32U083C-DK, STM32U083CCT6, STM32U083CCU6, STM32U083HCY6TR, STM32U083KCU6, STM32U083MCI6, STM32U083MCT6, STM32U083RCI6, STM32U083RCT6, STM32U375CET6, STM32U375CET6Q, STM32U375CEU6, STM32U375CEU6Q, STM32U375CEY6QTR, STM32U375CGT6, STM32U375CGT6Q, STM32U375CGU6, STM32U375CGU6Q, STM32U375CGY6QTR, STM32U375KEU6, STM32U375KGU6, STM32U375REI6, STM32U375REI6Q, STM32U375RET6, STM32U375RET6Q, STM32U375REY6GTR, STM32U375REY6QTR, STM32U375RGI6, STM32U375RGI6Q, STM32U375RGT6, STM32U375RGT6Q, STM32U375RGY6GTR, STM32U375RGY6QTR, STM32U375VEI6, STM32U375VEI6Q, STM32U375VET6, STM32U375VET6Q, STM32U375VGI6, STM32U375VGI6Q, STM32U375VGT6, STM32U375VGT6Q, STM32U385CGT6, STM32U385CGT6Q, STM32U385CGU6, STM32U385CGU6Q, STM32U385CGY6QTR, STM32U385KGU6, STM32U385RGI6, STM32U385RGI6Q, STM32U385RGT6, STM32U385RGT6Q, STM32U385RGY6GTR, STM32U385RGY6QTR, STM32U385VGI6, STM32U385VGI6Q, STM32U385VGT6, STM32U385VGT6Q, STM32U535CBT6, STM32U535CBT6Q, STM32U535CBU6, STM32U535CBU6Q, STM32U535CCT6, STM32U535CCT6Q, STM32U535CCU6, STM32U535CCU6Q, STM32U535CET6, STM32U535CET6Q, STM32U535CEU6, STM32U535CEU6Q, STM32U535JEY6QTR, STM32U535NCY6QTR, STM32U535NEY6QTR, STM32U535RBI6, STM32U535RBI6Q, STM32U535RBT6, STM32U535RBT6Q, STM32U535RCI6, STM32U535RCI6Q, STM32U535RCT6, STM32U535RCT6Q, STM32U535REI6, STM32U535REI6Q, STM32U535RET6, STM32U535RET6Q, STM32U535VCI6, STM32U535VCI6Q, STM32U535VCT6, STM32U535VCT6Q, STM32U535VEI6, STM32U535VEI6Q, STM32U535VET6, STM32U535VET6Q, STM32U545CET6, STM32U545CET6Q, STM32U545CEU6, STM32U545CEU6Q, STM32U545JEY6QTR, STM32U545NEY6QTR, STM32U545REI6, STM32U545REI6Q, STM32U545RET6, STM32U545RET6Q, STM32U545VEI6, STM32U545VEI6Q, STM32U545VET6, STM32U545VET6Q, STM32U595AIH6, STM32U595AIH6Q, STM32U595AJH6, STM32U595AJH6Q, STM32U595QII6, STM32U595QII6Q, STM32U595QJI6, STM32U595QJI6Q, STM32U595RIT6, STM32U595RIT6Q, STM32U595RJT6, STM32U595RJT6Q, STM32U595VIT6, STM32U595VIT6Q, STM32U595VJT6, STM32U595VJT6Q, STM32U595ZIT6, STM32U595ZIT6Q, STM32U595ZIY6QTR, STM32U595ZJT6, STM32U595ZJT6Q, STM32U595ZJY6QTR, STM32U599BJY6QTR, STM32U599NIH6Q, STM32U599NJH6Q, STM32U599VIT6Q, STM32U599VJT6, STM32U599VJT6Q, STM32U599ZIT6Q, STM32U599ZIY6QTR, STM32U599ZJT6Q, STM32U599ZJY6QTR, STM32U5A5AJH6, STM32U5A5AJH6Q, STM32U5A5QII3Q , STM32U5A5QJI6, STM32U5A5QJI6Q, STM32U5A5RJT6, STM32U5A5RJT6Q, STM32U5A5VJT6, STM32U5A5VJT6Q, STM32U5A5ZJT6, STM32U5A5ZJT6Q, STM32U5A5ZJY6QTR, STM32U5A9BJY6QTR, STM32U5A9J-DK, STM32U5A9NJH6Q, STM32U5A9VJT6Q, STM32U5A9ZJT6Q, STM32U5A9ZJY6QTR, STM32U5F7VIT6, STM32U5F7VIT6Q, STM32U5F7VJT6, STM32U5F7VJT6Q, STM32U5F9BJY6QTR, STM32U5F9NJH6Q, STM32U5F9VIT6Q, STM32U5F9VJT6Q, STM32U5F9ZIJ6QTR, STM32U5F9ZIT6Q, STM32U5F9ZJJ6QTR, STM32U5F9ZJT6Q, STM32U5G7VJT6, STM32U5G7VJT6Q, STM32U5G9BJY6QTR, STM32U5G9J-DK1, STM32U5G9J-DK2, STM32U5G9NJH6Q, STM32U5G9VJT6Q, STM32U5G9ZJJ6QTR, STM32U5G9ZJT6Q, STM32WB05KZV6TR, STM32WB05KZV7TR, STM32WB05TZF6TR, STM32WB05TZF7TR, STM32WB06CCF6TR, STM32WB06CCF7TR, STM32WB06CCV6TR, STM32WB06CCV7TR, STM32WB06KCV6TR, STM32WB06KCV7TR, STM32WB07CCF6TR, STM32WB07CCF7TR, STM32WB07CCV6TR, STM32WB07CCV7TR, STM32WB07KCV6TR, STM32WB07KCV7TR, STM32WB09KEV6TR, STM32WB09KEV7TR, STM32WB09TEF6TR, STM32WB09TEF7TR, STM32WB1MMCH6, STM32WBA50KGU6, STM32WBA50KGU6TR, STM32WBA52CEU6, STM32WBA52CEU6TR, STM32WBA52CEU7, STM32WBA52CEU7TR, STM32WBA52CGU6, STM32WBA52CGU6TR, STM32WBA52CGU6U, STM32WBA52CGU7, STM32WBA52CGU7TR, STM32WBA52KEU6, STM32WBA52KEU6TR, STM32WBA52KGU6, STM32WBA52KGU6TR, STM32WBA54CEU6, STM32WBA54CEU6TR, STM32WBA54CEU7, STM32WBA54CEU7TR, STM32WBA54CGU6, STM32WBA54CGU6TR, STM32WBA54CGU7, STM32WBA54CGU7TR, STM32WBA54KEU6, STM32WBA54KEU6TR, STM32WBA54KEU7, STM32WBA54KEU7TR, STM32WBA54KGU6, STM32WBA54KGU6TR, STM32WBA54KGU7, STM32WBA54KGU7TR, STM32WBA55CEU6, STM32WBA55CEU6TR, STM32WBA55CEU7, STM32WBA55CEU7TR, STM32WBA55CGU6, STM32WBA55CGU6TR, STM32WBA55CGU6U, STM32WBA55CGU7, STM32WBA55CGU7TR, STM32WBA55G-DK1, STM32WBA55HEF6, STM32WBA55HEF7, STM32WBA55HGF6, STM32WBA55HGF7, STM32WBA55UEI6, STM32WBA55UEI6TR, STM32WBA55UEI7, STM32WBA55UEI7TR, STM32WBA55UGI6, STM32WBA55UGI6TR, STM32WBA55UGI7, STM32WBA55UGI7TR, STM32WBA5MMGH6TR, STM32WBA62MGF6, STM32WBA62MIF6, STM32WBA65MGF7, STM32WBA65MIF6, STM32WBA65MIF7, STM32WL30K8V6, STM32WL30KBV6, STM32WL31C8V6, STM32WL31CBV6, STM32WL31K8V6, STM32WL31KBV6, STM32WL33C8V6, STM32WL33C8V6X, STM32WL33CBV6, STM32WL33CBV6X, STM32WL33CCV6, STM32WL33CCV6A, STM32WL33CCV6X, STM32WL33K8V7, STM32WL33K8V7X, STM32WL33KBV7 , STM32WL33KBV7X, STM32WL33KCV7, STM32WL33KCV7X, STM32WL5MOCH6, STM32WL5MOCH6TR]
2026-07-28 15:28:27,772 [INFO] BoardInfo:889 - No configuration file found for board NUCLEO-H5E5ZJ
2026-07-28 15:28:27,773 [INFO] DbBoards:161 - Board is not supported: NUCLEO-H5E5ZJ
2026-07-28 15:28:27,817 [INFO] BoardInfo:889 - No configuration file found for board NUCLEO-U3C5ZI-Q
2026-07-28 15:28:27,818 [INFO] DbBoards:161 - Board is not supported: NUCLEO-U3C5ZI-Q
2026-07-28 15:28:27,830 [INFO] BoardInfo:889 - No configuration file found for board NUCLEO-WBA25CE1
2026-07-28 15:28:27,830 [INFO] DbBoards:161 - Board is not supported: NUCLEO-WBA25CE1
2026-07-28 15:28:27,838 [INFO] BoardInfo:889 - No configuration file found for board NUCLEO-WL3RKB1
2026-07-28 15:28:27,839 [INFO] DbBoards:161 - Board is not supported: NUCLEO-WL3RKB1
2026-07-28 15:28:27,840 [INFO] BoardInfo:889 - No configuration file found for board NUCLEO-WL3RKB2
2026-07-28 15:28:27,841 [INFO] DbBoards:161 - Board is not supported: NUCLEO-WL3RKB2
2026-07-28 15:28:27,847 [INFO] BoardInfo:889 - No configuration file found for board P-NUCLEO-WB55
2026-07-28 15:28:27,849 [INFO] DbBoards:161 - Kit is not supported: P-NUCLEO-WB55
2026-07-28 15:28:27,856 [INFO] BoardInfo:889 - No configuration file found for board STEVAL-BFA001V1B
2026-07-28 15:28:27,857 [INFO] DbBoards:161 - Kit is not supported: STEVAL-BFA001V1B
2026-07-28 15:28:27,858 [INFO] BoardInfo:889 - No configuration file found for board STEVAL-BFA001V2B
2026-07-28 15:28:27,859 [INFO] DbBoards:161 - Kit is not supported: STEVAL-BFA001V2B
2026-07-28 15:28:27,944 [INFO] BoardInfo:889 - No configuration file found for board STM32H5F5J-DK
2026-07-28 15:28:27,945 [INFO] DbBoards:161 - Board is not supported: STM32H5F5J-DK
2026-07-28 15:28:28,006 [INFO] DbBoards:168 - Found 218 boards, 209 are supported
2026-07-28 15:28:28,006 [INFO] DbBoards:169 - Found 218 boards, 43 of them is supported for  Bsp
2026-07-28 15:28:28,008 [INFO] ApiDb:423 - Load user favorites file C:\Users\ADMIN/.stm32cubeide/favorites.boards.txt: 0 item(s)
2026-07-28 15:28:28,008 [INFO] ApiDb:427 - User favorites Boards=[]
2026-07-28 15:28:28,008 [INFO] DbBoards:198 - Set 0 / 0 favorites Boards
2026-07-28 15:28:28,008 [ERROR] TargetSelectorAdapter:267 - Unable to refresh data
2026-07-28 15:28:28,052 [INFO] McuFinderGlobals:76 - Set McuFinderConnectedMode to true
2026-07-28 15:28:28,053 [INFO] MultiScanPanel:200 - Auto-refresh data requested => check proxy status ongoing
2026-07-28 15:28:28,054 [INFO] FinderPluginLoader:96 - Searching for filters in installed packs
2026-07-28 15:28:29,692 [INFO] LoadUrlFilesThread:185 - End of LoadServerUrlFiles without Thread
2026-07-28 15:28:29,693 [INFO] DetailPanel:341 - Set advertising image to C:/Users/ADMIN/STM32Cube/Repository/\en.stm32h5cubemxbanner.png
2026-07-28 15:28:32,265 [INFO] MultiScanPanel:200 - Auto-refresh data requested => check proxy status ongoing
2026-07-28 15:28:32,339 [INFO] LoadUrlFilesThread:185 - End of LoadServerUrlFiles without Thread
2026-07-28 15:28:32,339 [INFO] DetailPanel:341 - Set advertising image to C:/Users/ADMIN/STM32Cube/Repository/\en.stm32h5cubemxbanner.png
2026-07-28 15:28:32,346 [INFO] DbBoards:642 - Loading board mini-images...
2026-07-28 15:28:33,816 [INFO] DbBoards:665 - Loaded 218 board mini-images
2026-07-28 15:29:13,113 [INFO] MainUpdater:2872 - connection check result : 10
2026-07-28 15:29:13,113 [INFO] MainUpdater:2872 - connection check result : 10
2026-07-28 15:29:13,184 [INFO] MicroXplorer:468 - Change Database Path : 
2026-07-28 15:29:13,184 [INFO] MicroXplorer:498 - Change Database Version : DB.6.0.150
2026-07-28 15:29:13,233 [ERROR] ProjectManagerView:395 - 
java.lang.NullPointerException: Cannot invoke "javax.swing.JTextField.getText()" because the return value of "java.util.List.get(int)" is null
	at com.st.microxplorer.plugins.projectmanager.gui.ProjectChoiceTab$9.caretUpdate(ProjectChoiceTab.java:2706) ~[filemanager.jar:?]
	at javax.swing.text.JTextComponent.fireCaretUpdate(JTextComponent.java:408) ~[?:?]
	at javax.swing.text.JTextComponent$MutableCaretEvent.fire(JTextComponent.java:4484) ~[?:?]
	at javax.swing.text.JTextComponent$MutableCaretEvent.stateChanged(JTextComponent.java:4506) ~[?:?]
	at javax.swing.text.DefaultCaret.fireStateChanged(DefaultCaret.java:857) ~[?:?]
	at javax.swing.text.DefaultCaret.changeCaretPosition(DefaultCaret.java:1343) ~[?:?]
	at javax.swing.text.DefaultCaret.handleSetDot(DefaultCaret.java:1242) ~[?:?]
	at javax.swing.text.DefaultCaret.setDot(DefaultCaret.java:1223) ~[?:?]
	at javax.swing.text.DefaultCaret$Handler.insertUpdate(DefaultCaret.java:1819) ~[?:?]
	at javax.swing.text.AbstractDocument.fireInsertUpdate(AbstractDocument.java:227) ~[?:?]
	at javax.swing.text.AbstractDocument.handleInsertString(AbstractDocument.java:781) ~[?:?]
	at javax.swing.text.AbstractDocument.insertString(AbstractDocument.java:740) ~[?:?]
	at javax.swing.text.PlainDocument.insertString(PlainDocument.java:131) ~[?:?]
	at javax.swing.text.AbstractDocument.replace(AbstractDocument.java:699) ~[?:?]
	at javax.swing.text.JTextComponent.setText(JTextComponent.java:1725) ~[?:?]
	at com.st.microxplorer.plugins.projectmanager.gui.ProjectChoiceTab.createHeapStackFields(ProjectChoiceTab.java:993) ~[filemanager.jar:?]
	at com.st.microxplorer.plugins.projectmanager.gui.ProjectChoiceTab.buildLinkSettingsPanel(ProjectChoiceTab.java:3813) ~[filemanager.jar:?]
	at com.st.microxplorer.plugins.projectmanager.gui.ProjectChoiceTab.defineWindowsFields(ProjectChoiceTab.java:1987) ~[filemanager.jar:?]
	at com.st.microxplorer.plugins.projectmanager.gui.ProjectChoiceTab.updateSettings(ProjectChoiceTab.java:558) ~[filemanager.jar:?]
	at com.st.microxplorer.plugins.projectmanager.gui.ProjectSettingsPanel.UpdateDialog(ProjectSettingsPanel.java:247) ~[filemanager.jar:?]
	at com.st.microxplorer.plugins.projectmanager.ProjectManagerView.propertyChange(ProjectManagerView.java:392) ~[filemanager.jar:?]
	at java.beans.PropertyChangeSupport.fire(PropertyChangeSupport.java:343) ~[?:?]
	at java.beans.PropertyChangeSupport.firePropertyChange(PropertyChangeSupport.java:335) ~[?:?]
	at java.beans.PropertyChangeSupport.firePropertyChange(PropertyChangeSupport.java:268) ~[?:?]
	at com.st.microxplorer.util.MXPropertyChangeSupport.firePropertyChange(MXPropertyChangeSupport.java:54) ~[STM32CubeMX.jar:?]
	at com.st.microxplorer.mxsystem.MxSystem.closeConfig(MxSystem.java:899) ~[STM32CubeMX.jar:?]
	at com.st.microxplorer.maingui.MainPanel.closeConfig(MainPanel.java:792) ~[STM32CubeMX.jar:?]
	at com.st.microxplorer.plugins.filemanager.engine.OpenFileManager.loadConfigurationFile(OpenFileManager.java:288) ~[filemanager.jar:?]
	at com.st.microxplorer.plugins.filemanager.engine.MainFileManager.userLoadConfig(MainFileManager.java:364) ~[filemanager.jar:?]
	at com.st.microxplorer.plugins.filemanager.FileManagerView.getSpecificTask(FileManagerView.java:268) ~[filemanager.jar:?]
	at com.st.stm32cube.common.mx.editor.CubeMxEditor.getMxTabbedPaneInstance(CubeMxEditor.java:1191) ~[com.st.stm32cube.common.mx_6.15.0.202507011659/:?]
	at com.st.stm32cube.common.mx.editor.CubeMxEditor$12$1.createSwingComponent(CubeMxEditor.java:1068) ~[com.st.stm32cube.common.mx_6.15.0.202507011659/:?]
	at com.st.stm32cube.common.mx.oss.core.awtswtbridge.EmbeddedSwingComposite.doComponentCreation(EmbeddedSwingComposite.java:492) ~[com.st.stm32cube.common.mx.oss_6.15.0.202507011659/:?]
	at com.st.stm32cube.common.mx.oss.core.awtswtbridge.EmbeddedSwingComposite$4.run(EmbeddedSwingComposite.java:291) ~[com.st.stm32cube.common.mx.oss_6.15.0.202507011659/:?]
	at com.st.stm32cube.common.mx.oss.core.awtswtbridge.AwtEnvironment$2.run(AwtEnvironment.java:166) ~[com.st.stm32cube.common.mx.oss_6.15.0.202507011659/:?]
	at java.awt.event.InvocationEvent.dispatch(InvocationEvent.java:318) ~[?:?]
	at java.awt.EventQueue.dispatchEventImpl(EventQueue.java:773) ~[?:?]
	at java.awt.EventQueue$4.run(EventQueue.java:720) ~[?:?]
	at java.awt.EventQueue$4.run(EventQueue.java:714) ~[?:?]
	at java.security.AccessController.doPrivileged(AccessController.java:400) ~[?:?]
	at java.security.ProtectionDomain$JavaSecurityAccessImpl.doIntersectionPrivilege(ProtectionDomain.java:87) ~[?:?]
	at java.awt.EventQueue.dispatchEvent(EventQueue.java:742) ~[?:?]
	at java.awt.EventDispatchThread.pumpOneEventForFilters(EventDispatchThread.java:203) ~[?:?]
	at java.awt.EventDispatchThread.pumpEventsForFilter(EventDispatchThread.java:124) ~[?:?]
	at java.awt.EventDispatchThread.pumpEventsForHierarchy(EventDispatchThread.java:113) ~[?:?]
	at java.awt.EventDispatchThread.pumpEvents(EventDispatchThread.java:109) ~[?:?]
	at java.awt.EventDispatchThread.pumpEvents(EventDispatchThread.java:101) ~[?:?]
	at java.awt.EventDispatchThread.run(EventDispatchThread.java:90) ~[?:?]
2026-07-28 15:29:13,235 [WARN] ThirdParty:871 - waiting for thirdparty lock release [close project]
2026-07-28 15:29:13,235 [INFO] ThirdParty:873 - entering critical section [close project]
2026-07-28 15:29:13,235 [INFO] ThirdParty:883 - exiting critical section [close project]
2026-07-28 15:29:13,238 [INFO] PinOutPanel:1589 - setPackage(No Configuration,No Configuration)
2026-07-28 15:29:13,253 [INFO] UtilMem:75 - Begin LoadConfig() Used Memory: 874002632 Bytes (1073741824)
2026-07-28 15:29:13,254 [INFO] OpenFileManager:355 - Change cursor
2026-07-28 15:29:13,286 [INFO] RulesReader:64 - Compatibility file has been processed (317 Rules)
2026-07-28 15:29:13,294 [INFO] ProjectFactory:514 - No CPN specified for board B-L4S5I-IOT01A => set CPN to STM32L4S5VIT6
2026-07-28 15:29:13,294 [INFO] Mcu:2029 - Initializing MCU STM32L4S5VITx STM32L4S5VITx STM32L4S5VIT6
2026-07-28 15:29:15,340 [INFO] Context:786 - Trying to add GPIOservice into a context  which must be forbidden
2026-07-28 15:29:15,989 [INFO] Rule:233 - rule 117617 - U5Cobra4M][GTZC] default value MPCBB3 and MPCBB5 - Not Secured memory - MPCBB1 is applicable
2026-07-28 15:29:15,990 [INFO] Rule:233 - rule 117617 - U5Cobra4M][GTZC] default value MPCBB3 and MPCBB5 - Not Secured memory - MPCBB1 is applicable
2026-07-28 15:29:15,990 [INFO] Rule:233 - rule 117617 - U5Cobra4M][GTZC] default value MPCBB3 and MPCBB5 - Not Secured memory - MPCBB2 is applicable
2026-07-28 15:29:15,990 [INFO] Rule:233 - rule 117617 - U5Cobra4M][GTZC] default value MPCBB3 and MPCBB5 - Not Secured memory - MPCBB2 is applicable
2026-07-28 15:29:15,990 [INFO] Rule:233 - rule 117617 - U5Cobra4M][GTZC] default value MPCBB3 and MPCBB5 - Not Secured memory - MPCBB3 is applicable
2026-07-28 15:29:15,990 [INFO] Rule:233 - rule 117617 - U5Cobra4M][GTZC] default value MPCBB3 and MPCBB5 - Not Secured memory - MPCBB3 is applicable
2026-07-28 15:29:15,990 [INFO] Rule:233 - rule 117617 - U5Cobra4M][GTZC] default value MPCBB3 and MPCBB5 - Not Secured memory - MPCBB4 is applicable
2026-07-28 15:29:15,990 [INFO] Rule:233 - rule 117617 - U5Cobra4M][GTZC] default value MPCBB3 and MPCBB5 - Not Secured memory - MPCBB4 is applicable
2026-07-28 15:29:15,990 [INFO] Rule:233 - rule 117617 - U5Cobra4M][GTZC] default value MPCBB3 and MPCBB5 - Secured memory - MPCBB1 is applicable
2026-07-28 15:29:15,990 [INFO] Rule:233 - rule 117617 - U5Cobra4M][GTZC] default value MPCBB3 and MPCBB5 - Secured memory - MPCBB2 is applicable
2026-07-28 15:29:15,990 [INFO] Rule:233 - rule 117617 - U5Cobra4M][GTZC] default value MPCBB3 and MPCBB5 - Secured memory - MPCBB3 is applicable
2026-07-28 15:29:15,990 [INFO] Rule:233 - rule 117617 - U5Cobra4M][GTZC] default value MPCBB3 and MPCBB5 - Secured memory - MPCBB4 is applicable
2026-07-28 15:29:15,990 [INFO] Rule:233 - rule 117617 - U5Cobra4M][GTZC] default value MPCBB3 and MPCBB5 - Privileged memory - MPCBB1 is applicable
2026-07-28 15:29:15,990 [INFO] Rule:233 - rule 117617 - U5Cobra4M][GTZC] default value MPCBB3 and MPCBB5 - Privileged memory - MPCBB2 is applicable
2026-07-28 15:29:15,990 [INFO] Rule:233 - rule 117617 - U5Cobra4M][GTZC] default value MPCBB3 and MPCBB5 - Privileged memory - MPCBB3 is applicable
2026-07-28 15:29:15,990 [INFO] Rule:233 - rule 117617 - U5Cobra4M][GTZC] default value MPCBB3 and MPCBB5 - Privileged memory - MPCBB4 is applicable
2026-07-28 15:29:15,990 [INFO] Rule:233 - rule 117617 - U5Cobra4M][GTZC] default value MPCBB3 and MPCBB5 - Not Privileged memory - MPCBB1 is applicable
2026-07-28 15:29:15,990 [INFO] Rule:233 - rule 117617 - U5Cobra4M][GTZC] default value MPCBB3 and MPCBB5 - Not Privileged memory - MPCBB2 is applicable
2026-07-28 15:29:15,990 [INFO] Rule:233 - rule 117617 - U5Cobra4M][GTZC] default value MPCBB3 and MPCBB5 - Not Privileged memory - MPCBB3 is applicable
2026-07-28 15:29:15,990 [INFO] Rule:233 - rule 117617 - U5Cobra4M][GTZC] default value MPCBB3 and MPCBB5 - Not Privileged memory - MPCBB4 is applicable
2026-07-28 15:29:15,990 [INFO] Rule:233 - rule 117617 - U5Cobra4M][GTZC] default value MPCBB3 and MPCBB5 - Privileged memory - MPCBB1 is applicable
2026-07-28 15:29:15,990 [INFO] Rule:233 - rule 117617 - U5Cobra4M][GTZC] default value MPCBB3 and MPCBB5 - Privileged memory - MPCBB2 is applicable
2026-07-28 15:29:15,990 [INFO] Rule:233 - rule 117617 - U5Cobra4M][GTZC] default value MPCBB3 and MPCBB5 - Privileged memory - MPCBB3 is applicable
2026-07-28 15:29:15,990 [INFO] Rule:233 - rule 117617 - U5Cobra4M][GTZC] default value MPCBB3 and MPCBB5 - Privileged memory - MPCBB4 is applicable
2026-07-28 15:29:15,990 [INFO] Rule:233 - rule 117617 - U5Cobra4M][GTZC] default value MPCBB3 and MPCBB5 - Privileged memory - MPCBB1 is applicable
2026-07-28 15:29:15,990 [INFO] Rule:233 - rule 117617 - U5Cobra4M][GTZC] default value MPCBB3 and MPCBB5 - Privileged memory - MPCBB2 is applicable
2026-07-28 15:29:15,991 [INFO] Rule:233 - rule 117617 - U5Cobra4M][GTZC] default value MPCBB3 and MPCBB5 - Privileged memory - MPCBB3 is applicable
2026-07-28 15:29:15,991 [INFO] Rule:233 - rule 117617 - U5Cobra4M][GTZC] default value MPCBB3 and MPCBB5 - Privileged memory - MPCBB4 is applicable
2026-07-28 15:29:15,991 [INFO] Rule:233 - rule 117617 - U5Cobra4M][GTZC] default value MPCBB3 and MPCBB5 - Not Privileged memory - MPCBB1 is applicable
2026-07-28 15:29:15,991 [INFO] Rule:233 - rule 117617 - U5Cobra4M][GTZC] default value MPCBB3 and MPCBB5 - Not Privileged memory - MPCBB2 is applicable
2026-07-28 15:29:15,991 [INFO] Rule:233 - rule 117617 - U5Cobra4M][GTZC] default value MPCBB3 and MPCBB5 - Not Privileged memory - MPCBB3 is applicable
2026-07-28 15:29:15,991 [INFO] Rule:233 - rule 117617 - U5Cobra4M][GTZC] default value MPCBB3 and MPCBB5 - Not Privileged memory - MPCBB4 is applicable
2026-07-28 15:29:15,991 [INFO] Rule:233 - rule 117617 - U5Cobra4M][GTZC] default value MPCBB3 and MPCBB5 - Privileged memory - MPCBB1 is applicable
2026-07-28 15:29:15,991 [INFO] Rule:233 - rule 117617 - U5Cobra4M][GTZC] default value MPCBB3 and MPCBB5 - Privileged memory - MPCBB2 is applicable
2026-07-28 15:29:15,991 [INFO] Rule:233 - rule 117617 - U5Cobra4M][GTZC] default value MPCBB3 and MPCBB5 - Privileged memory - MPCBB3 is applicable
2026-07-28 15:29:15,991 [INFO] Rule:233 - rule 117617 - U5Cobra4M][GTZC] default value MPCBB3 and MPCBB5 - Privileged memory - MPCBB4 is applicable
2026-07-28 15:29:15,991 [INFO] Rule:233 - rule WakeUp0 Mode is applicable
2026-07-28 15:29:15,991 [INFO] Rule:233 - rule WakeUp0 SIGNAL is applicable
2026-07-28 15:29:15,992 [INFO] Rule:233 - rule WakeUp1 Mode is applicable
2026-07-28 15:29:15,992 [INFO] Rule:233 - rule WakeUp1 SIGNAL is applicable
2026-07-28 15:29:15,992 [INFO] Rule:233 - rule WakeUp2 Mode is applicable
2026-07-28 15:29:15,992 [INFO] Rule:233 - rule WakeUp2 SIGNAL is applicable
2026-07-28 15:29:15,992 [INFO] Rule:233 - rule WakeUp4 Mode is applicable
2026-07-28 15:29:15,992 [INFO] Rule:233 - rule WakeUp4 SIGNAL is applicable
2026-07-28 15:29:15,992 [INFO] Rule:233 - rule WakeUp5 Mode is applicable
2026-07-28 15:29:15,992 [INFO] Rule:233 - rule WakeUp5 SIGNAL is applicable
2026-07-28 15:29:15,992 [INFO] Rule:233 - rule Change Default Value for LSE Drive Capability for WB family is applicable
2026-07-28 15:29:15,994 [INFO] Rule:233 - rule change FDCAN default value is applicable
2026-07-28 15:29:15,994 [INFO] Rule:233 - rule Adapt Old IOC before rework replace old CORTEX_M33/CORTEX_M55 attributes by the new one. is applicable
2026-07-28 15:29:15,994 [INFO] Rule:233 - rule Rename parametre of RCC RCC_APBDBG_DIV2 to RCC_TIMPRES_DIV2 is applicable
2026-07-28 15:29:15,994 [INFO] Rule:233 - rule Rename DIE493 pin PA10 [PA12] -> PA10 is applicable
2026-07-28 15:29:15,994 [INFO] Rule:233 - rule Rename DIE493 pin PA9 [PA11] -> PA9 is applicable
2026-07-28 15:29:15,994 [INFO] Rule:233 - rule Rename DIE492 PartNumber CPN STM32WBA5MJGHx -> STM32WBA5MMGHx is applicable
2026-07-28 15:29:15,994 [INFO] Rule:233 - rule Rename DIE492 PartNumber  Name STM32WBA5MJGHx -> STM32WBA5MMGHx is applicable
2026-07-28 15:29:15,994 [INFO] Rule:233 - rule Rename DIE492 PartNumber UserName STM32WBA5MJGHx -> STM32WBA5MMGHx is applicable
2026-07-28 15:29:15,994 [INFO] Rule:233 - rule Rename DIE492 PartNumber DeviceId STM32WBA5MJGHx -> STM32WBA5MMGHx is applicable
2026-07-28 15:29:15,994 [INFO] Rule:233 - rule Adapt Old IOC CSI. is applicable
2026-07-28 15:29:15,994 [INFO] Rule:233 - rule Adapt Old IOC DCMIPP. is applicable
2026-07-28 15:29:15,994 [INFO] Rule:233 - rule Adapt Old IOC DCMIPP Mode Parallel. is applicable
2026-07-28 15:29:15,994 [INFO] Rule:233 - rule Adapt Old IOC LTDC. is applicable
2026-07-28 15:29:15,994 [INFO] Rule:233 - rule Rename STM32MP2 RIF Peripheral LTDC RIF.RISUP.LTDC_L0L1.Privilege -> RIF.RISUP.LTDC_L1L2.Privilege is applicable
2026-07-28 15:29:15,994 [INFO] Rule:233 - rule Rename STM32MP2 RIF Peripheral LTDC RIF.RISUP.LTDC_L0L1.Privilege -> RIF.RISUP.LTDC_L1L2.Privilege is applicable
2026-07-28 15:29:15,994 [INFO] Rule:233 - rule Rename STM32MP2 RIF Peripheral LTDC RIF.RISUP.LTDC_L0L1.Lock -> RIF.RISUP.LTDC_L1L2.Lock is applicable
2026-07-28 15:29:15,994 [INFO] Rule:233 - rule Rename STM32MP2 RIF Peripheral LTDC RIF.RISUP.LTDC_L2.Lock -> RIF.RISUP.LTDC_L3.Lock is applicable
2026-07-28 15:29:15,994 [INFO] Rule:233 - rule Adapt the old IOC example for updating the SYS when it is misconfigured. is applicable
2026-07-28 15:29:15,994 [INFO] Rule:233 - rule Rename STM32C09 Mcu.Package LQFP64 -> LQFP48 is applicable
2026-07-28 15:29:15,995 [INFO] Rule:233 - rule Adapt the old IOC example for updating the SYS when it is misconfigured. is applicable
2026-07-28 15:29:15,995 [INFO] Rule:233 - rule Adapt the old IOC example for updating the SYS when it is misconfigured. is applicable
2026-07-28 15:29:16,000 [INFO] DbConfProperties:307 - Apply Compatibility (5/68 Rules)
2026-07-28 15:29:16,024 [INFO] ImportTextPane:234 - (OptionalMessage_ERROR) Pin84 (VP_RIF_VS_RIF1) cannot be retrieved for this MCU
2026-07-28 15:29:16,078 [INFO] RtosManager:558 - Registered RTOS mode: class=CMSIS, group=RTOS, mode=CMSIS_V1, owner=FREERTOS
2026-07-28 15:29:16,078 [INFO] RtosManager:558 - Registered RTOS mode: class=CMSIS, group=RTOS2, mode=CMSIS_V2, owner=FREERTOS
2026-07-28 15:29:16,078 [INFO] RtosManager:558 - Registered RTOS mode: class=RTOS, group=Core, mode=CMSIS_V1, owner=FREERTOS
2026-07-28 15:29:16,078 [INFO] RtosManager:558 - Registered RTOS mode: class=RTOS, group=Core, mode=CMSIS_V2, owner=FREERTOS
2026-07-28 15:29:16,078 [WARN] ModelIntegratedComponent:184 - Missing modes for component STMicroelectronics:FreeRTOS:0.0.1:STMicroelectronics:RTOS:FreeRTOS:Core:::10.2.0:
2026-07-28 15:29:16,198 [WARN] ModelIntegratedComponent:63 - No mode defined for component null
2026-07-28 15:29:16,198 [WARN] ModelIntegratedComponent:63 - No mode defined for component null
2026-07-28 15:29:16,198 [WARN] ModelIntegratedComponent:63 - No mode defined for component null
2026-07-28 15:29:16,198 [WARN] ModelIntegratedComponent:63 - No mode defined for component null
2026-07-28 15:29:16,198 [WARN] ModelIntegratedComponent:63 - No mode defined for component null
2026-07-28 15:29:16,198 [WARN] ModelIntegratedComponent:63 - No mode defined for component null
2026-07-28 15:29:16,198 [WARN] ModelIntegratedComponent:63 - No mode defined for component null
2026-07-28 15:29:16,198 [WARN] ModelIntegratedComponent:63 - No mode defined for component null
2026-07-28 15:29:16,198 [WARN] ModelIntegratedComponent:63 - No mode defined for component null
2026-07-28 15:29:16,198 [WARN] ModelIntegratedComponent:63 - No mode defined for component null
2026-07-28 15:29:16,198 [WARN] ModelIntegratedComponent:63 - No mode defined for component null
2026-07-28 15:29:16,198 [WARN] ModelIntegratedComponent:63 - No mode defined for component null
2026-07-28 15:29:16,198 [WARN] ModelIntegratedComponent:63 - No mode defined for component null
2026-07-28 15:29:16,198 [WARN] ModelIntegratedComponent:63 - No mode defined for component null
2026-07-28 15:29:16,198 [WARN] ModelIntegratedComponent:63 - No mode defined for component null
2026-07-28 15:29:16,198 [WARN] ModelIntegratedComponent:63 - No mode defined for component null
2026-07-28 15:29:16,198 [WARN] ModelIntegratedComponent:63 - No mode defined for component null
2026-07-28 15:29:16,198 [WARN] ModelIntegratedComponent:63 - No mode defined for component null
2026-07-28 15:29:16,198 [WARN] ModelIntegratedComponent:63 - No mode defined for component null
2026-07-28 15:29:16,198 [WARN] ModelIntegratedComponent:63 - No mode defined for component null
2026-07-28 15:29:16,198 [WARN] ModelIntegratedComponent:63 - No mode defined for component null
2026-07-28 15:29:16,198 [WARN] ModelIntegratedComponent:63 - No mode defined for component null
2026-07-28 15:29:16,198 [WARN] ModelIntegratedComponent:63 - No mode defined for component null
2026-07-28 15:29:16,198 [WARN] ModelIntegratedComponent:63 - No mode defined for component null
2026-07-28 15:29:16,198 [WARN] ModelIntegratedComponent:63 - No mode defined for component null
2026-07-28 15:29:16,198 [WARN] ModelIntegratedComponent:63 - No mode defined for component null
2026-07-28 15:29:16,198 [WARN] ModelIntegratedComponent:63 - No mode defined for component null
2026-07-28 15:29:16,198 [WARN] ModelIntegratedComponent:63 - No mode defined for component null
2026-07-28 15:29:16,198 [WARN] ModelIntegratedComponent:63 - No mode defined for component null
2026-07-28 15:29:16,198 [WARN] ModelIntegratedComponent:63 - No mode defined for component null
2026-07-28 15:29:16,198 [WARN] ModelIntegratedComponent:63 - No mode defined for component null
2026-07-28 15:29:16,198 [WARN] ModelIntegratedComponent:63 - No mode defined for component null
2026-07-28 15:29:16,198 [WARN] ModelIntegratedComponent:63 - No mode defined for component null
2026-07-28 15:29:16,198 [WARN] ModelIntegratedComponent:63 - No mode defined for component null
2026-07-28 15:29:16,198 [WARN] ModelIntegratedComponent:63 - No mode defined for component null
2026-07-28 15:29:16,198 [WARN] ModelPack:524 - Component already loaded: STMicroelectronics:HAL Drivers:0.0.0:STMicroelectronics:Device:STMicro_Driver:XSPI:HAL::0.0.1:HAL_XSPI
2026-07-28 15:29:16,232 [INFO] ThirdPartyModel:298 - Start build external matchings
2026-07-28 15:29:16,462 [INFO] ThirdPartyModel:316 - End build external matchings
2026-07-28 15:29:16,481 [WARN] IP:2250 - MaxTran not found: check if there is a RefParameter without a condition.
2026-07-28 15:29:16,482 [WARN] IP:2250 - Refresh not found: check if there is a RefParameter without a condition.
2026-07-28 15:29:16,482 [INFO] ImportTextPane:234 - (OptionalMessage_ERROR) IP (RCC) : Invalid parameter (FamilyName)
2026-07-28 15:29:16,802 [INFO] UtilMem:75 - End LoadConfig() Used Memory: 867886712 Bytes (1073741824)
2026-07-28 15:29:16,888 [WARN] ThirdParty:833 - waiting for thirdparty lock release [change project]
2026-07-28 15:29:16,889 [INFO] ThirdParty:835 - entering critical section [change project]
2026-07-28 15:29:16,889 [INFO] ThirdParty:1030 - CMSIS Pack Vendor :STMicroelectronics X-CUBE-AZRTOS-H7 3.5.0
2026-07-28 15:29:16,889 [INFO] ThirdParty:1030 - CMSIS Pack Vendor :STMicroelectronics X-CUBE-PM33A1 1.0.0
2026-07-28 15:29:16,889 [INFO] ThirdParty:1030 - CMSIS Pack Vendor :STMicroelectronics USBPD 4.1
2026-07-28 15:29:16,889 [INFO] ThirdParty:1030 - CMSIS Pack Vendor :STMicroelectronics X-CUBE-NFC9 1.0.0
2026-07-28 15:29:16,889 [INFO] ThirdParty:1030 - CMSIS Pack Vendor :STMicroelectronics USB_HOST 2.0.0
2026-07-28 15:29:16,889 [INFO] ThirdParty:1030 - CMSIS Pack Vendor :STMicroelectronics FP-ATR-ASTRA1 2.0.3
2026-07-28 15:29:16,889 [INFO] ThirdParty:1030 - CMSIS Pack Vendor :STMicroelectronics X-CUBE-AZRTOS-F4 1.1.0
2026-07-28 15:29:16,889 [INFO] ThirdParty:1030 - CMSIS Pack Vendor :STMicroelectronics LIBJPEG 8.0.0
2026-07-28 15:29:16,889 [INFO] ThirdParty:1030 - CMSIS Pack Vendor :STMicroelectronics X-CUBE-BLE1 7.1.0
2026-07-28 15:29:16,889 [INFO] ThirdParty:1030 - CMSIS Pack Vendor :wolfSSL I-CUBE-wolfMQTT 1.19.2
2026-07-28 15:29:16,889 [INFO] ThirdParty:1030 - CMSIS Pack Vendor :STMicroelectronics USB_DEVICE 3.0.0
2026-07-28 15:29:16,889 [INFO] ThirdParty:1030 - CMSIS Pack Vendor :STMicroelectronics X-CUBE-ISPU 2.1.0
2026-07-28 15:29:16,889 [INFO] ThirdParty:1030 - CMSIS Pack Vendor :STMicroelectronics X-CUBE-EEPRMA1 5.2.0
2026-07-28 15:29:16,889 [INFO] ThirdParty:1030 - CMSIS Pack Vendor :STMicroelectronics X-CUBE-IPS 3.2.0
2026-07-28 15:29:16,889 [INFO] ThirdParty:1030 - CMSIS Pack Vendor :STMicroelectronics eDS-WB_DPC_TT-BIDIR 2.1.1
2026-07-28 15:29:16,889 [INFO] ThirdParty:1030 - CMSIS Pack Vendor :STMicroelectronics X-CUBE-AZRTOS-WB 2.0.0
2026-07-28 15:29:16,889 [INFO] ThirdParty:1030 - CMSIS Pack Vendor :STMicroelectronics X-CUBE-NFC12 1.0.0
2026-07-28 15:29:16,889 [INFO] ThirdParty:1030 - CMSIS Pack Vendor :STMicroelectronics X-CUBE-AZRTOS-F7 1.1.0
2026-07-28 15:29:16,889 [INFO] ThirdParty:1030 - CMSIS Pack Vendor :STMicroelectronics X-CUBE-AZRTOS-L5 2.0.0
2026-07-28 15:29:16,889 [INFO] ThirdParty:1030 - CMSIS Pack Vendor :STMicroelectronics USB_DEVICE 2.0.0
2026-07-28 15:29:16,889 [INFO] ThirdParty:1030 - CMSIS Pack Vendor :STMicroelectronics X-CUBE-FREERTOS 1.6.0
2026-07-28 15:29:16,889 [INFO] ThirdParty:1030 - CMSIS Pack Vendor :STMicroelectronics FP-SNS-STAIOTCFT 1.1.0
2026-07-28 15:29:16,889 [INFO] ThirdParty:1030 - CMSIS Pack Vendor :quantropi X-CUBE-qispace-sdk-base 2.1.0
2026-07-28 15:29:16,889 [INFO] ThirdParty:1030 - CMSIS Pack Vendor :STMicroelectronics X-CUBE-STSE01 2.0.0
2026-07-28 15:29:16,889 [INFO] ThirdParty:1030 - CMSIS Pack Vendor :STMicroelectronics X-CUBE-ALGOBUILD 1.5.0
2026-07-28 15:29:16,889 [INFO] ThirdParty:1030 - CMSIS Pack Vendor :STMicroelectronics FP-SNS-MOTENV1 5.1.0
2026-07-28 15:29:16,889 [INFO] ThirdParty:1030 - CMSIS Pack Vendor :STMicroelectronics FreeRTOS 0.0.1
2026-07-28 15:29:16,889 [INFO] ThirdParty:1030 - CMSIS Pack Vendor :STMicroelectronics X-CUBE-AZRTOS-H7RS 1.3.0
2026-07-28 15:29:16,889 [INFO] ThirdParty:1030 - CMSIS Pack Vendor :STMicroelectronics X-CUBE-AZRTOS-G0 1.1.0
2026-07-28 15:29:16,889 [INFO] ThirdParty:1030 - CMSIS Pack Vendor :STMicroelectronics X-CUBE-NFC4 3.0.0
2026-07-28 15:29:16,889 [INFO] ThirdParty:1030 - CMSIS Pack Vendor :STMicroelectronics X-CUBE-SUBG2 5.0.0
2026-07-28 15:29:16,889 [INFO] ThirdParty:1030 - CMSIS Pack Vendor :STMicroelectronics STM32_WPAN 1.0.0
2026-07-28 15:29:16,889 [INFO] ThirdParty:1030 - CMSIS Pack Vendor :STMicroelectronics eDS-WB_DPC_VIENNA 1.2.0
2026-07-28 15:29:16,889 [INFO] ThirdParty:1030 - CMSIS Pack Vendor :EmbeddedOffice I-CUBE-FS-RTOS 1.0.1
2026-07-28 15:29:16,889 [INFO] ThirdParty:1030 - CMSIS Pack Vendor :STMicroelectronics lwIP 2.0.3
2026-07-28 15:29:16,889 [INFO] ThirdParty:1030 - CMSIS Pack Vendor :WES I-CUBE-Cesium 1.4.0
2026-07-28 15:29:16,889 [INFO] ThirdParty:1030 - CMSIS Pack Vendor :STMicroelectronics X-CUBE-MEMS1 13.0.0
2026-07-28 15:29:16,889 [INFO] ThirdParty:1030 - CMSIS Pack Vendor :STMicroelectronics eDS-WB_DPC_3PH2L-BIDIR 1.1.1
2026-07-28 15:29:16,889 [INFO] ThirdParty:1030 - CMSIS Pack Vendor :STMicroelectronics USB_HOST 1.0.0
2026-07-28 15:29:16,889 [INFO] ThirdParty:1030 - CMSIS Pack Vendor :STMicroelectronics X-CUBE-AZRTOS-G4 2.0.0
2026-07-28 15:29:16,889 [INFO] ThirdParty:1030 - CMSIS Pack Vendor :STMicroelectronics PDM2PCM 3.1.0
2026-07-28 15:29:16,889 [INFO] ThirdParty:1030 - CMSIS Pack Vendor :STMicroelectronics PDM2PCM 3.3.0
2026-07-28 15:29:16,889 [INFO] ThirdParty:1030 - CMSIS Pack Vendor :wolfSSL I-CUBE-wolfTPM 3.8.0
2026-07-28 15:29:16,889 [INFO] ThirdParty:1030 - CMSIS Pack Vendor :STMicroelectronics X-CUBE-DISPLAY 3.0.0
2026-07-28 15:29:16,889 [INFO] ThirdParty:1030 - CMSIS Pack Vendor :wolfSSL I-CUBE-wolfSSH 1.4.20
2026-07-28 15:29:16,889 [INFO] ThirdParty:1030 - CMSIS Pack Vendor :STMicroelectronics X-CUBE-NFC7 2.0.0
2026-07-28 15:29:16,889 [INFO] ThirdParty:1030 - CMSIS Pack Vendor :STMicroelectronics X-CUBE-GNSS1 7.1.1
2026-07-28 15:29:16,889 [INFO] ThirdParty:1030 - CMSIS Pack Vendor :STMicroelectronics FP-SNS-MOTENVWB1 1.5.0
2026-07-28 15:29:16,889 [INFO] ThirdParty:1030 - CMSIS Pack Vendor :STMicroelectronics X-CUBE-TCPP 4.2.0
2026-07-28 15:29:16,889 [INFO] ThirdParty:1030 - CMSIS Pack Vendor :RealThread X-CUBE-RT-Thread_Nano 4.1.1
2026-07-28 15:29:16,889 [INFO] ThirdParty:1030 - CMSIS Pack Vendor :STMicroelectronics FP-ATR-SIGFOX1 3.2.0
2026-07-28 15:29:16,889 [INFO] ThirdParty:1030 - CMSIS Pack Vendor :STMicroelectronics X-CUBE-NFC10 1.0.0
2026-07-28 15:29:16,889 [INFO] ThirdParty:1030 - CMSIS Pack Vendor :STMicroelectronics HAL Drivers 0.0.0
2026-07-28 15:29:16,889 [INFO] ThirdParty:1030 - CMSIS Pack Vendor :STMicroelectronics MBEDTLS 2.16.2
2026-07-28 15:29:16,889 [INFO] ThirdParty:1030 - CMSIS Pack Vendor :STMicroelectronics X-CUBE-ST60 1.1.0
2026-07-28 15:29:16,889 [INFO] ThirdParty:1030 - CMSIS Pack Vendor :STMicroelectronics X-CUBE-ALS 1.0.2
2026-07-28 15:29:16,889 [INFO] ThirdParty:1030 - CMSIS Pack Vendor :emotas I-CUBE-CANOPEN 1.3.0
2026-07-28 15:29:16,889 [INFO] ThirdParty:1030 - CMSIS Pack Vendor :wolfSSL I-CUBE-wolfSSL 5.9.2
2026-07-28 15:29:16,889 [INFO] ThirdParty:1030 - CMSIS Pack Vendor :STMicroelectronics MBEDTLS 2.14.1
2026-07-28 15:29:16,889 [INFO] ThirdParty:1030 - CMSIS Pack Vendor :ITTIA_DB I-CUBE-ITTIADB 8.9.0
2026-07-28 15:29:16,889 [INFO] ThirdParty:1030 - CMSIS Pack Vendor :Cesanta I-CUBE-Mongoose 7.21.7
2026-07-28 15:29:16,889 [INFO] ThirdParty:1030 - CMSIS Pack Vendor :STMicroelectronics X-CUBE-TOUCHGFX 4.26.1
2026-07-28 15:29:16,889 [INFO] ThirdParty:1030 - CMSIS Pack Vendor :STMicroelectronics X-CUBE-NFC6 3.2.0
2026-07-28 15:29:16,889 [INFO] ThirdParty:1030 - CMSIS Pack Vendor :STMicroelectronics FP-SNS-STBOX1 2.1.0
2026-07-28 15:29:16,889 [INFO] ThirdParty:1030 - CMSIS Pack Vendor :STMicroelectronics X-CUBE-AI 10.2.1
2026-07-28 15:29:16,890 [INFO] ThirdParty:1030 - CMSIS Pack Vendor :STMicroelectronics ThreadX 1.0.0
2026-07-28 15:29:16,890 [INFO] ThirdParty:1030 - CMSIS Pack Vendor :STMicroelectronics FP-SNS-SMARTAG2 1.2.0
2026-07-28 15:29:16,890 [INFO] ThirdParty:1030 - CMSIS Pack Vendor :STMicroelectronics FP-SNS-FLIGHT1 5.1.0
2026-07-28 15:29:16,890 [INFO] ThirdParty:1030 - CMSIS Pack Vendor :STMicroelectronics X-CUBE-AZRTOS-WL 2.0.0
2026-07-28 15:29:16,890 [INFO] ThirdParty:1030 - CMSIS Pack Vendor :SEGGER I-CUBE-embOS 1.3.1
2026-07-28 15:29:16,890 [INFO] ThirdParty:1030 - CMSIS Pack Vendor :STMicroelectronics X-CUBE-DPower 1.3.0
2026-07-28 15:29:16,890 [INFO] ThirdParty:1030 - CMSIS Pack Vendor :STMicroelectronics USB_DEVICE 1.0.0
2026-07-28 15:29:16,890 [INFO] ThirdParty:1030 - CMSIS Pack Vendor :STMicroelectronics X-CUBE-AZRTOS-L4 2.0.0
2026-07-28 15:29:16,890 [INFO] ThirdParty:1030 - CMSIS Pack Vendor :STMicroelectronics ThreadX 0.0.2
2026-07-28 15:29:16,890 [INFO] ThirdParty:1030 - CMSIS Pack Vendor :STMicroelectronics lwIP 2.1.2
2026-07-28 15:29:16,890 [INFO] ThirdParty:1030 - CMSIS Pack Vendor :STMicroelectronics X-CUBE-SFXS2LP1 4.0.0
2026-07-28 15:29:16,890 [INFO] ThirdParty:1030 - CMSIS Pack Vendor :STMicroelectronics X-CUBE-BLE2 3.3.0
2026-07-28 15:29:16,890 [INFO] ThirdParty:1030 - CMSIS Pack Vendor :Avnet-IOTCONNECT X-CUBE-iotc-st67-sdk 1.0.0
2026-07-28 15:29:16,890 [INFO] ThirdParty:1030 - CMSIS Pack Vendor :STMicroelectronics X-CUBE-TOF1 3.4.3
2026-07-28 15:29:16,890 [INFO] ThirdParty:1030 - CMSIS Pack Vendor :Infineon AIROC-Wi-Fi-Bluetooth-STM32 1.8.0
2026-07-28 15:29:16,890 [INFO] ThirdParty:1030 - CMSIS Pack Vendor :STMicroelectronics X-CUBE-NFC13 1.0.0
2026-07-28 15:29:16,890 [INFO] ThirdParty:1030 - CMSIS Pack Vendor :STMicroelectronics PDM2PCM 3.2.0
2026-07-28 15:29:16,890 [INFO] ThirdParty:1030 - CMSIS Pack Vendor :STMicroelectronics X-CUBE-WB05N 2.1.0
2026-07-28 15:29:16,890 [INFO] ThirdParty:841 - exiting critical section [change project]
2026-07-28 15:29:17,232 [INFO] PinOutPanel:1589 - setPackage(No Configuration,No Configuration)
2026-07-28 15:29:17,233 [INFO] PinOutPanel:1589 - setPackage(STM32L4S5VITx,LQFP100)
2026-07-28 15:29:17,547 [INFO] UtilMem:75 - Before build in PCC Used Memory: 955326000 Bytes (1073741824)
2026-07-28 15:29:17,909 [INFO] UtilMem:75 - After build in PCC Used Memory: 910936264 Bytes (1073741824)
2026-07-28 15:29:17,928 [INFO] IPUIPlugin:80 - create IPUIPlugin
2026-07-28 15:29:17,928 [INFO] IPUIPlugin:80 - create IPUIPlugin
2026-07-28 15:29:17,928 [INFO] IPUIPlugin:80 - create IPUIPlugin
2026-07-28 15:29:17,928 [INFO] IPUIPlugin:80 - create IPUIPlugin
2026-07-28 15:29:17,928 [INFO] IPUIPlugin:80 - create IPUIPlugin
2026-07-28 15:29:17,928 [INFO] IPUIPlugin:80 - create IPUIPlugin
2026-07-28 15:29:17,928 [INFO] IPUIPlugin:80 - create IPUIPlugin
2026-07-28 15:29:17,928 [INFO] IPUIPlugin:80 - create IPUIPlugin
2026-07-28 15:29:17,928 [INFO] IPUIPlugin:80 - create IPUIPlugin
2026-07-28 15:29:17,928 [INFO] IPUIPlugin:80 - create IPUIPlugin
2026-07-28 15:29:17,928 [INFO] IPUIPlugin:80 - create IPUIPlugin
2026-07-28 15:29:17,928 [INFO] IPUIPlugin:80 - create IPUIPlugin
2026-07-28 15:29:17,928 [INFO] IPUIPlugin:80 - create IPUIPlugin
2026-07-28 15:29:17,928 [INFO] IPUIPlugin:80 - create IPUIPlugin
2026-07-28 15:29:17,928 [INFO] IPUIPlugin:80 - create IPUIPlugin
2026-07-28 15:29:17,928 [INFO] IPUIPlugin:80 - create IPUIPlugin
2026-07-28 15:29:17,929 [INFO] IPUIPlugin:80 - create IPUIPlugin
2026-07-28 15:29:17,929 [INFO] IPUIPlugin:80 - create IPUIPlugin
2026-07-28 15:29:17,929 [INFO] IPUIPlugin:80 - create IPUIPlugin
2026-07-28 15:29:17,929 [INFO] IPUIPlugin:80 - create IPUIPlugin
2026-07-28 15:29:17,929 [INFO] IPUIPlugin:80 - create IPUIPlugin
2026-07-28 15:29:17,929 [INFO] IPUIPlugin:80 - create IPUIPlugin
2026-07-28 15:29:17,929 [INFO] IPUIPlugin:80 - create IPUIPlugin
2026-07-28 15:29:17,929 [INFO] IPUIPlugin:80 - create IPUIPlugin
2026-07-28 15:29:17,929 [INFO] IPUIPlugin:80 - create IPUIPlugin
2026-07-28 15:29:17,929 [INFO] IPUIPlugin:80 - create IPUIPlugin
2026-07-28 15:29:17,929 [INFO] IPUIPlugin:80 - create IPUIPlugin
2026-07-28 15:29:17,929 [INFO] IPUIPlugin:80 - create IPUIPlugin
2026-07-28 15:29:17,930 [INFO] IPUIPlugin:80 - create IPUIPlugin
2026-07-28 15:29:17,930 [INFO] IPUIPlugin:80 - create IPUIPlugin
2026-07-28 15:29:17,930 [INFO] IPUIPlugin:80 - create IPUIPlugin
2026-07-28 15:29:17,930 [INFO] IPUIPlugin:80 - create IPUIPlugin
2026-07-28 15:29:17,930 [INFO] IPUIPlugin:80 - create IPUIPlugin
2026-07-28 15:29:17,930 [INFO] IPUIPlugin:80 - create IPUIPlugin
2026-07-28 15:29:17,930 [INFO] IPUIPlugin:80 - create IPUIPlugin
2026-07-28 15:29:17,930 [INFO] IPUIPlugin:80 - create IPUIPlugin
2026-07-28 15:29:17,931 [INFO] IPUIPlugin:80 - create IPUIPlugin
2026-07-28 15:29:17,931 [INFO] IPUIPlugin:80 - create IPUIPlugin
2026-07-28 15:29:17,931 [INFO] IPUIPlugin:80 - create IPUIPlugin
2026-07-28 15:29:17,931 [INFO] IPUIPlugin:80 - create IPUIPlugin
2026-07-28 15:29:17,931 [INFO] IPUIPlugin:80 - create IPUIPlugin
2026-07-28 15:29:17,931 [INFO] IPUIPlugin:80 - create IPUIPlugin
2026-07-28 15:29:17,931 [INFO] IPUIPlugin:80 - create IPUIPlugin
2026-07-28 15:29:17,931 [INFO] IPUIPlugin:80 - create IPUIPlugin
2026-07-28 15:29:17,931 [INFO] IPUIPlugin:80 - create IPUIPlugin
2026-07-28 15:29:17,931 [INFO] IPUIPlugin:80 - create IPUIPlugin
2026-07-28 15:29:17,932 [INFO] IPUIPlugin:80 - create IPUIPlugin
2026-07-28 15:29:17,932 [INFO] IPUIPlugin:80 - create IPUIPlugin
2026-07-28 15:29:17,932 [INFO] IPUIPlugin:80 - create IPUIPlugin
2026-07-28 15:29:17,932 [INFO] IPUIPlugin:80 - create IPUIPlugin
2026-07-28 15:29:17,932 [INFO] IPUIPlugin:80 - create IPUIPlugin
2026-07-28 15:29:17,932 [INFO] IPUIPlugin:80 - create IPUIPlugin
2026-07-28 15:29:17,932 [INFO] IPUIPlugin:80 - create IPUIPlugin
2026-07-28 15:29:17,933 [INFO] IPUIPlugin:80 - create IPUIPlugin
2026-07-28 15:29:17,933 [INFO] IPUIPlugin:80 - create IPUIPlugin
2026-07-28 15:29:17,933 [INFO] IPUIPlugin:80 - create IPUIPlugin
2026-07-28 15:29:17,933 [INFO] IPUIPlugin:80 - create IPUIPlugin
2026-07-28 15:29:17,933 [INFO] IPUIPlugin:80 - create IPUIPlugin
2026-07-28 15:29:17,933 [INFO] IPUIPlugin:80 - create IPUIPlugin
2026-07-28 15:29:17,933 [INFO] IPUIPlugin:80 - create IPUIPlugin
2026-07-28 15:29:17,934 [INFO] IPUIPlugin:80 - create IPUIPlugin
2026-07-28 15:29:17,934 [INFO] IPUIPlugin:80 - create IPUIPlugin
2026-07-28 15:29:17,934 [INFO] IPUIPlugin:80 - create IPUIPlugin
2026-07-28 15:29:17,992 [INFO] CADModel:165 - CPN selected for project levelSTM32L4S5VIT6
2026-07-28 15:29:17,993 [INFO] CADModel:114 - Register for checkConnection events
2026-07-28 15:29:18,052 [INFO] OpenFileManager:386 - Restore cursor
2026-07-28 15:29:18,355 [WARN] IP:2250 - MaxTran not found: check if there is a RefParameter without a condition.
2026-07-28 15:29:18,355 [WARN] IP:2250 - Refresh not found: check if there is a RefParameter without a condition.
2026-07-28 15:29:18,356 [WARN] IP:2250 - MaxTran not found: check if there is a RefParameter without a condition.
2026-07-28 15:29:18,356 [WARN] IP:2250 - Refresh not found: check if there is a RefParameter without a condition.
2026-07-28 15:29:19,123 [INFO] UtilMem:75 - End SaveConfig() Used Memory: 884169064 Bytes (1073741824)
2026-07-28 15:29:19,215 [INFO] UtilMem:75 - End SaveConfig() Used Memory: 901997504 Bytes (1073741824)
2026-07-28 15:29:19,596 [INFO] BlockDiagram:2775 - set Specific Code input for plugin: SPI
2026-07-28 15:29:19,597 [INFO] BlockDiagram:2775 - set Specific Code input for plugin: SPI
2026-07-28 15:29:19,597 [INFO] BlockDiagram:2775 - set Specific Code input for plugin: DFSDM
2026-07-28 15:29:19,597 [INFO] BlockDiagram:2775 - set Specific Code input for plugin: SYS
2026-07-28 15:29:19,597 [INFO] BlockDiagram:2775 - set Specific Code input for plugin: ADC
2026-07-28 15:29:19,597 [INFO] BlockDiagram:2775 - set Specific Code input for plugin: RCC
2026-07-28 15:29:19,597 [INFO] BlockDiagram:2775 - set Specific Code input for plugin: I2C
2026-07-28 15:29:19,597 [INFO] BlockDiagram:2775 - set Specific Code input for plugin: I2C
2026-07-28 15:29:19,597 [INFO] BlockDiagram:2775 - set Specific Code input for plugin: USB_OTG_FS
2026-07-28 15:29:19,597 [INFO] BlockDiagram:2775 - set Specific Code input for plugin: NVIC
2026-07-28 15:29:19,597 [INFO] BlockDiagram:2775 - set Specific Code input for plugin: USART
2026-07-28 15:29:19,597 [INFO] BlockDiagram:2775 - set Specific Code input for plugin: USART
2026-07-28 15:29:19,597 [INFO] BlockDiagram:2775 - set Specific Code input for plugin: USART
2026-07-28 15:29:19,597 [INFO] BlockDiagram:2775 - set Specific Code input for plugin: OCTOSPI
2026-07-28 15:29:19,597 [INFO] BlockDiagram:2775 - set Specific Code input for plugin: UART
2026-07-28 15:29:19,598 [INFO] BlockDiagram:2775 - set Specific Code input for plugin: GPIO
2026-07-28 15:29:19,598 [INFO] CodeGenerator:892 - code generatio: config db path: C:\ST\STM32CubeIDE_1.19.0\STM32CubeIDE\plugins\com.st.stm32cube.common.mx_6.15.0.202507011659\\db\
2026-07-28 15:29:19,630 [WARN] IP:2250 - MaxTran not found: check if there is a RefParameter without a condition.
2026-07-28 15:29:19,630 [WARN] IP:2250 - Refresh not found: check if there is a RefParameter without a condition.
2026-07-28 15:29:19,720 [INFO] CodeEngine:265 - oldGeneratedFile, D:\RKS_TinyML_Workspace\TinyML_Workshop_Nitte\STM32\STM32_UART\MXTmpFiles\license.tmp_save
2026-07-28 15:29:19,923 [INFO] CodeEngine:289 - Generated code: D:\RKS_TinyML_Workspace\TinyML_Workshop_Nitte\STM32\STM32_UART\MXTmpFiles\license.tmp
2026-07-28 15:29:20,085 [INFO] CodeEngine:265 - oldGeneratedFile, D:\RKS_TinyML_Workspace\TinyML_Workshop_Nitte\STM32\STM32_UART\MXTmpFiles\gpio.tmp_save
2026-07-28 15:29:20,189 [INFO] CodeEngine:289 - Generated code: D:\RKS_TinyML_Workspace\TinyML_Workshop_Nitte\STM32\STM32_UART\MXTmpFiles\gpio.tmp
2026-07-28 15:29:21,907 [WARN] IPConfigManager:103 - WARNING: Missing Config File for USB ip!!
2026-07-28 15:29:22,013 [WARN] IPConfigManager:3238 - Warning: the RefConfig PWREx_EnableUSBVoltageDetector is not available in your config.xml file
2026-07-28 15:29:22,032 [INFO] CodeEngine:265 - oldGeneratedFile, D:\RKS_TinyML_Workspace\TinyML_Workshop_Nitte\STM32\STM32_UART\Core\Src\stm32l4xx_it.c_save
2026-07-28 15:29:22,182 [INFO] CodeEngine:289 - Generated code: D:\RKS_TinyML_Workspace\TinyML_Workshop_Nitte\STM32\STM32_UART\Core\Src\stm32l4xx_it.c
2026-07-28 15:29:22,185 [INFO] CodeEngine:265 - oldGeneratedFile, D:\RKS_TinyML_Workspace\TinyML_Workshop_Nitte\STM32\STM32_UART\Core\Inc\stm32l4xx_it.h_save
2026-07-28 15:29:22,234 [INFO] CodeEngine:289 - Generated code: D:\RKS_TinyML_Workspace\TinyML_Workshop_Nitte\STM32\STM32_UART\Core\Inc\stm32l4xx_it.h
2026-07-28 15:29:22,248 [INFO] CodeEngine:265 - oldGeneratedFile, D:\RKS_TinyML_Workspace\TinyML_Workshop_Nitte\STM32\STM32_UART\Core\Src\stm32l4xx_hal_msp.c_save
2026-07-28 15:29:22,379 [INFO] CodeEngine:289 - Generated code: D:\RKS_TinyML_Workspace\TinyML_Workshop_Nitte\STM32\STM32_UART\Core\Src\stm32l4xx_hal_msp.c
2026-07-28 15:29:22,382 [INFO] CodeEngine:265 - oldGeneratedFile, D:\RKS_TinyML_Workspace\TinyML_Workshop_Nitte\STM32\STM32_UART\MXTmpFiles\system.tmp_save
2026-07-28 15:29:22,432 [INFO] CodeEngine:289 - Generated code: D:\RKS_TinyML_Workspace\TinyML_Workshop_Nitte\STM32\STM32_UART\MXTmpFiles\system.tmp
2026-07-28 15:29:22,440 [INFO] CodeEngine:321 - oldGeneratedFile, D:\RKS_TinyML_Workspace\TinyML_Workshop_Nitte\STM32\STM32_UART\Core\Inc\stm32l4xx_hal_conf.h_save
2026-07-28 15:29:22,489 [INFO] CodeEngine:345 - Generated code: D:\RKS_TinyML_Workspace\TinyML_Workshop_Nitte\STM32\STM32_UART\Core\Inc\stm32l4xx_hal_conf.h
2026-07-28 15:29:22,516 [INFO] ApiDbMcu:532 - Load IP Config File for ADC1
2026-07-28 15:29:22,525 [INFO] ApiDbMcu:532 - Load IP Config File for DFSDM1
2026-07-28 15:29:22,527 [INFO] ApiDbMcu:532 - Load IP Config File for I2C1
2026-07-28 15:29:22,529 [INFO] ApiDbMcu:532 - Load IP Config File for I2C2
2026-07-28 15:29:22,532 [INFO] ApiDbMcu:532 - Load IP Config File for OCTOSPI1
2026-07-28 15:29:22,534 [INFO] ApiDbMcu:532 - Load IP Config File for SPI1
2026-07-28 15:29:22,536 [INFO] ApiDbMcu:532 - Load IP Config File for SPI3
2026-07-28 15:29:22,542 [INFO] ApiDbMcu:532 - Load IP Config File for UART4
2026-07-28 15:29:22,548 [INFO] ApiDbMcu:532 - Load IP Config File for USART1
2026-07-28 15:29:22,554 [INFO] ApiDbMcu:532 - Load IP Config File for USART2
2026-07-28 15:29:22,561 [INFO] ApiDbMcu:532 - Load IP Config File for USART3
2026-07-28 15:29:22,562 [ERROR] ApiDbMcu:560 - Cannot parse USB_OTG_FS_Config file : file do not exist
2026-07-28 15:29:22,562 [ERROR] ApiDbMcu:560 - Cannot parse USB_OTG_FS_Config file : file do not exist
2026-07-28 15:29:22,565 [INFO] ApiDbMcu:532 - Load IP Config File for RCC
2026-07-28 15:29:22,567 [WARN] IPConfigManager:3811 - IP not found : USB_OTG
2026-07-28 15:29:22,568 [WARN] CodeGenerator:4259 - IP not found : null
2026-07-28 15:29:22,573 [INFO] CodeEngine:265 - oldGeneratedFile, D:\RKS_TinyML_Workspace\TinyML_Workshop_Nitte\STM32\STM32_UART\Core\Inc\main.h_save
2026-07-28 15:29:22,645 [INFO] CodeEngine:289 - Generated code: D:\RKS_TinyML_Workspace\TinyML_Workshop_Nitte\STM32\STM32_UART\Core\Inc\main.h
2026-07-28 15:29:22,648 [INFO] CodeEngine:265 - oldGeneratedFile, D:\RKS_TinyML_Workspace\TinyML_Workshop_Nitte\STM32\STM32_UART\Core\Src\main.c_save
2026-07-28 15:29:22,720 [INFO] CodeEngine:289 - Generated code: D:\RKS_TinyML_Workspace\TinyML_Workshop_Nitte\STM32\STM32_UART\Core\Src\main.c
2026-07-28 15:29:22,900 [INFO] ProjectBuilder:3606 - Time for Copy HAL[1] : 84mS.
2026-07-28 15:29:22,902 [INFO] ProjectBuilder:5216 - Project Generator version: 4.7.0-B52
2026-07-28 15:29:22,952 [INFO] ConfigFileManager:1595 - The Die is : DIE470
2026-07-28 15:29:22,955 [INFO] ApiDbMcu:532 - Load IP Config File for FATFS
2026-07-28 15:29:22,958 [INFO] ApiDbMcu:532 - Load IP Config File for FREERTOS
2026-07-28 15:29:22,966 [INFO] ApiDbMcu:532 - Load IP Config File for TOUCHSENSING
2026-07-28 15:29:22,969 [INFO] ApiDbMcu:532 - Load IP Config File for USB_DEVICE
2026-07-28 15:29:22,972 [INFO] ApiDbMcu:532 - Load IP Config File for USB_HOST
2026-07-28 15:29:24,127 [INFO] ProjectBuilder:5496 - Time for Generating toolchain IDE Files: 1225mS.
2026-07-28 15:29:24,127 [INFO] ProjectBuilder:3463 - Time for Copy CMSIS : 0mS.
2026-07-28 15:29:24,128 [INFO] ProjectBuilder:3463 - Time for Copy CMSIS : 0mS.
2026-07-28 15:29:24,628 [INFO] McuFinderGlobals:76 - Set McuFinderConnectedMode to true
2026-07-28 15:29:24,629 [INFO] ApiDb:448 - Save user favorites file C:\Users\ADMIN/.stm32cubeide/favorites.mcus.txt: 0 item(s)
2026-07-28 15:29:24,629 [INFO] ApiDb:452 - User favorites MCUs=[]
2026-07-28 15:29:24,631 [INFO] ApiDb:448 - Save user favorites file C:\Users\ADMIN/.stm32cubeide/favorites.boards.txt: 0 item(s)
2026-07-28 15:29:24,631 [INFO] ApiDb:452 - User favorites Boards=[]
2026-07-28 15:36:30,004 [INFO] UtilMem:75 - End SaveConfig() Used Memory: 961167000 Bytes (1073741824)
2026-07-28 15:36:32,058 [INFO] UtilMem:75 - End SaveConfig() Used Memory: 807209168 Bytes (1073741824)
2026-07-28 15:36:39,241 [INFO] UtilMem:75 - End SaveConfig() Used Memory: 915924408 Bytes (1073741824)
2026-07-28 15:36:39,657 [INFO] BlockDiagram:2775 - set Specific Code input for plugin: SYS
2026-07-28 15:36:39,658 [INFO] BlockDiagram:2775 - set Specific Code input for plugin: RCC
2026-07-28 15:36:39,658 [INFO] BlockDiagram:2775 - set Specific Code input for plugin: NVIC
2026-07-28 15:36:39,658 [INFO] BlockDiagram:2775 - set Specific Code input for plugin: USART
2026-07-28 15:36:39,659 [INFO] BlockDiagram:2775 - set Specific Code input for plugin: GPIO
2026-07-28 15:36:39,659 [INFO] CodeGenerator:892 - code generatio: config db path: C:\ST\STM32CubeIDE_1.19.0\STM32CubeIDE\plugins\com.st.stm32cube.common.mx_6.15.0.202507011659\\db\
2026-07-28 15:36:39,709 [INFO] CodeEngine:265 - oldGeneratedFile, D:\RKS_TinyML_Workspace\TinyML_Workshop_Nitte\STM32\STM32_UART\MXTmpFiles\license.tmp_save
2026-07-28 15:36:39,915 [INFO] CodeEngine:289 - Generated code: D:\RKS_TinyML_Workspace\TinyML_Workshop_Nitte\STM32\STM32_UART\MXTmpFiles\license.tmp
2026-07-28 15:36:39,925 [INFO] CodeEngine:265 - oldGeneratedFile, D:\RKS_TinyML_Workspace\TinyML_Workshop_Nitte\STM32\STM32_UART\MXTmpFiles\gpio.tmp_save
2026-07-28 15:36:40,046 [INFO] CodeEngine:289 - Generated code: D:\RKS_TinyML_Workspace\TinyML_Workshop_Nitte\STM32\STM32_UART\MXTmpFiles\gpio.tmp
2026-07-28 15:36:40,071 [INFO] CodeEngine:265 - oldGeneratedFile, D:\RKS_TinyML_Workspace\TinyML_Workshop_Nitte\STM32\STM32_UART\Core\Src\stm32l4xx_it.c_save
2026-07-28 15:36:40,264 [INFO] CodeEngine:289 - Generated code: D:\RKS_TinyML_Workspace\TinyML_Workshop_Nitte\STM32\STM32_UART\Core\Src\stm32l4xx_it.c
2026-07-28 15:36:40,267 [INFO] CodeEngine:265 - oldGeneratedFile, D:\RKS_TinyML_Workspace\TinyML_Workshop_Nitte\STM32\STM32_UART\Core\Inc\stm32l4xx_it.h_save
2026-07-28 15:36:40,329 [INFO] CodeEngine:289 - Generated code: D:\RKS_TinyML_Workspace\TinyML_Workshop_Nitte\STM32\STM32_UART\Core\Inc\stm32l4xx_it.h
2026-07-28 15:36:40,336 [INFO] CodeEngine:265 - oldGeneratedFile, D:\RKS_TinyML_Workspace\TinyML_Workshop_Nitte\STM32\STM32_UART\Core\Src\stm32l4xx_hal_msp.c_save
2026-07-28 15:36:40,484 [INFO] CodeEngine:289 - Generated code: D:\RKS_TinyML_Workspace\TinyML_Workshop_Nitte\STM32\STM32_UART\Core\Src\stm32l4xx_hal_msp.c
2026-07-28 15:36:40,487 [INFO] CodeEngine:265 - oldGeneratedFile, D:\RKS_TinyML_Workspace\TinyML_Workshop_Nitte\STM32\STM32_UART\MXTmpFiles\system.tmp_save
2026-07-28 15:36:40,544 [INFO] CodeEngine:289 - Generated code: D:\RKS_TinyML_Workspace\TinyML_Workshop_Nitte\STM32\STM32_UART\MXTmpFiles\system.tmp
2026-07-28 15:36:40,551 [INFO] CodeEngine:321 - oldGeneratedFile, D:\RKS_TinyML_Workspace\TinyML_Workshop_Nitte\STM32\STM32_UART\Core\Inc\stm32l4xx_hal_conf.h_save
2026-07-28 15:36:40,625 [INFO] CodeEngine:345 - Generated code: D:\RKS_TinyML_Workspace\TinyML_Workshop_Nitte\STM32\STM32_UART\Core\Inc\stm32l4xx_hal_conf.h
2026-07-28 15:36:40,644 [INFO] CodeEngine:265 - oldGeneratedFile, D:\RKS_TinyML_Workspace\TinyML_Workshop_Nitte\STM32\STM32_UART\Core\Inc\main.h_save
2026-07-28 15:36:40,726 [INFO] CodeEngine:289 - Generated code: D:\RKS_TinyML_Workspace\TinyML_Workshop_Nitte\STM32\STM32_UART\Core\Inc\main.h
2026-07-28 15:36:40,731 [INFO] CodeEngine:265 - oldGeneratedFile, D:\RKS_TinyML_Workspace\TinyML_Workshop_Nitte\STM32\STM32_UART\Core\Src\main.c_save
2026-07-28 15:36:40,812 [INFO] CodeEngine:289 - Generated code: D:\RKS_TinyML_Workspace\TinyML_Workshop_Nitte\STM32\STM32_UART\Core\Src\main.c
2026-07-28 15:36:41,020 [INFO] ProjectBuilder:3606 - Time for Copy HAL[1] : 89mS.
2026-07-28 15:36:41,022 [INFO] ProjectBuilder:5216 - Project Generator version: 4.7.0-B52
2026-07-28 15:36:41,092 [INFO] ConfigFileManager:1595 - The Die is : DIE470
2026-07-28 15:36:41,866 [INFO] ProjectBuilder:5496 - Time for Generating toolchain IDE Files: 844mS.
2026-07-28 15:36:41,870 [INFO] ProjectBuilder:3463 - Time for Copy CMSIS : 1mS.
2026-07-28 15:36:41,876 [INFO] ProjectBuilder:3463 - Time for Copy CMSIS : 0mS.
2026-07-28 16:02:00,821 [INFO] MainUpdater:2872 - connection check result : 10
2026-07-28 16:02:00,821 [INFO] McuFinderGlobals:76 - Set McuFinderConnectedMode to true
2026-07-28 16:02:01,126 [INFO] ServerAccessManage:452 - Complete download http(s) 200
2026-07-28 16:02:01,129 [INFO] ServerAccessManage:509 - Download File mcusAds.json._tmp_
2026-07-28 16:02:01,244 [INFO] LoadUrlFilesThread:156 - End of LoadUrlFiles Thread
2026-07-28 16:02:01,510 [INFO] ServerAccessManage:452 - Complete download http(s) 200
2026-07-28 16:02:01,511 [INFO] ServerAccessManage:509 - Download File cube-finder-db.zip
2026-07-28 16:02:03,105 [INFO] FileExtend:248 - Unzip File : cube-finder-db.zip
2026-07-28 16:02:03,106 [INFO] FileExtend:263 - Standard Zip Deflate
2026-07-28 16:02:03,696 [INFO] LoadUrlFilesThread:156 - End of LoadUrlFiles Thread
2026-07-28 16:02:24,947 [ERROR] ServerAccessManage:1295 - Problem during Server Connection :  IO error Connection timed out: getsockopt
2026-07-28 16:02:24,949 [ERROR] ServerAccessManage:740 - Problem during Server Connection :  : crdb.zip.
2026-07-28 16:02:27,488 [INFO] LoadUrlFilesThread:156 - End of LoadUrlFiles Thread
2026-07-28 16:02:28,447 [INFO] DbMcusAds:53 - JSON generation date=Wed Jul 15 15:16:00 IST 2026 (1784108760991)
2026-07-28 16:02:28,450 [INFO] ApiDb:448 - Save user favorites file C:\Users\ADMIN/.stm32cubeide/favorites.mcus.txt: 0 item(s)
2026-07-28 16:02:28,450 [INFO] ApiDb:452 - User favorites MCUs=[]
2026-07-28 16:02:28,452 [INFO] ApiDb:581 - Connected to CubeFinder SQLite database (C:\Users\ADMIN\.stmcufinder\plugins\mcufinder\mcu\cube-finder-db.db)
2026-07-28 16:02:28,496 [INFO] ApiDb:668 - CubeFinder database Data Model version=2.1
2026-07-28 16:02:28,497 [INFO] ApiDb:669 - CubeFinder database Configuration version=3.0.42
2026-07-28 16:02:28,497 [INFO] ApiDb:670 - CubeFinder database generation date=2026-06-23 (1782213372)
2026-07-28 16:02:28,497 [INFO] ApiDb:671 - CubeFinder database FW Pack versions=[FP-ATR-ASTRA1_V2.0.0, FP-SNS-FLIGHT1_V5.1.0, FP-SNS-MOTENV1_V5.1.0, FP-SNS-MOTENVWB1_V1.5.0, FP-SNS-SMARTAG2_V1.2.0, FP-SNS-STBOX1_V2.1.0, STM32Cube_FW_C0_V1.4.0, STM32Cube_FW_F4_V1.28.3, STM32Cube_FW_F7_V1.17.4, STM32Cube_FW_G0_V1.6.3, STM32Cube_FW_G4_V1.6.2, STM32Cube_FW_H5_V1.7.0, STM32Cube_FW_H7RS_V1.3.0, STM32Cube_FW_H7_V1.13.0, STM32Cube_FW_L0_V1.12.2, STM32Cube_FW_L4_V1.18.2, STM32Cube_FW_L5_V1.6.0, STM32Cube_FW_N6_V1.4.0, STM32Cube_FW_U0_V1.3.0, STM32Cube_FW_U3_V1.4.0, STM32Cube_FW_U5_V1.9.0, STM32Cube_FW_WB0_V1.5.0, STM32Cube_FW_WBA_V1.10.0, STM32Cube_FW_WB_V1.24.0, STM32Cube_FW_WL3_V1.5.0, STM32Cube_FW_WL_V1.6.0, X-CUBE-ALGOBUILD_V1.5.0, X-CUBE-ALS_V1.0.2, X-CUBE-AZRTOS-F4_V1.1.0, X-CUBE-AZRTOS-F7_V1.1.0, X-CUBE-AZRTOS-G0_V1.1.0, X-CUBE-AZRTOS-G4_V2.0.0, X-CUBE-AZRTOS-H7RS_V1.1.0, X-CUBE-AZRTOS-H7_V3.5.0, X-CUBE-AZRTOS-L4_V2.0.0, X-CUBE-AZRTOS-L5_V2.0.0, X-CUBE-AZRTOS-WB_V2.0.0, X-CUBE-AZRTOS-WL_V2.0.0, X-CUBE-BLE1_V7.1.0, X-CUBE-BLE2_V3.3.0, X-CUBE-BLEMGR_V4.1.0, X-CUBE-EEPRMA1_V5.2.0, X-CUBE-FREERTOS_V1.5.0, X-CUBE-GNSS1_V7.1.1, X-CUBE-MEMS1_V12.1.0, X-CUBE-NFC4_V3.0.0, X-CUBE-NFC7_V2.0.0, X-CUBE-SFXS2LP1_V4.0.0, X-CUBE-ST67W61_V1.3.0, X-CUBE-SUBG2_V5.0.0, X-CUBE-TOF1_V3.4.3]
2026-07-28 16:02:29,872 [INFO] ApiDb:240 - Found 880 in-development CPN: [B-G473E-ZEST1S, B-WB1M-WPAN1, B-WBA5M-WPAN, B-WL5M-SUBG1, NUCLEO-C031C6, NUCLEO-C051C8, NUCLEO-C071RB, NUCLEO-C092RC, NUCLEO-H503RB, NUCLEO-H533RE, NUCLEO-H563ZI, NUCLEO-H7S3L8, NUCLEO-N657X0-Q, NUCLEO-U031R8, NUCLEO-U083RC, NUCLEO-U385RG-Q, NUCLEO-U545RE-Q, NUCLEO-U5A5ZJ-Q, NUCLEO-WB05KZ, NUCLEO-WB07CC, NUCLEO-WB09KE, NUCLEO-WBA52CG, NUCLEO-WBA55CG, NUCLEO-WL33CC1, NUCLEO-WL33CC2, STEVAL-PROTEUS1, STEVAL-SMARTAG2, STEVAL-STWINBX1, STM320518-EVAL, STM32C0116-DK, STM32C011D6Y3TR, STM32C011D6Y6TR, STM32C011F4P3, STM32C011F4P6, STM32C011F4U3, STM32C011F4U6TR, STM32C011F6P3, STM32C011F6P6, STM32C011F6U3, STM32C011F6U6TR, STM32C011J4M3, STM32C011J4M6, STM32C011J6M3, STM32C011J6M6, STM32C0316-DK, STM32C031C4T3, STM32C031C4T6, STM32C031C4U3, STM32C031C4U6, STM32C031C6T3, STM32C031C6T6, STM32C031C6U3, STM32C031C6U6, STM32C031F4P3, STM32C031F4P6, STM32C031F6P3, STM32C031F6P6, STM32C031G4U3, STM32C031G4U6, STM32C031G6U3, STM32C031G6U6, STM32C031K4T3, STM32C031K4T6, STM32C031K4U3, STM32C031K4U6, STM32C031K6T3, STM32C031K6T6, STM32C031K6U3, STM32C031K6U6, STM32C051C6T6, STM32C051C6U6, STM32C051C8T6, STM32C051C8U6, STM32C051D8Y6TR, STM32C051F6P6, STM32C051F8P6, STM32C051G6U6, STM32C051G8U6, STM32C051K6T6, STM32C051K6U6, STM32C051K8T6, STM32C071C8T6, STM32C071C8T6N, STM32C071C8U6, STM32C071C8U6N, STM32C071CBT6, STM32C071CBT6N, STM32C071CBU6, STM32C071CBU6N, STM32C071F8P6, STM32C071F8P6N, STM32C071FBP6, STM32C071FBP6N, STM32C071FBY6TR, STM32C071G8U6, STM32C071G8U6N, STM32C071GBU6, STM32C071GBU6N, STM32C071K8T6, STM32C071K8T6N, STM32C071K8U6, STM32C071K8U6N, STM32C071KBT6, STM32C071KBT6N, STM32C071KBU6, STM32C071KBU6N, STM32C071R8T6, STM32C071R8T6N, STM32C071RBI6N, STM32C071RBT6, STM32C071RBT6N, STM32C091CBT6, STM32C091CBU6, STM32C091CCT6, STM32C091CCU6, STM32C091ECY6TR, STM32C091FBP6, STM32C091FCP6, STM32C091GBU6, STM32C091GCU6, STM32C091KBT6, STM32C091KBU6, STM32C091KCT6, STM32C091KCU6, STM32C091RBT6, STM32C091RCI6, STM32C091RCT6, STM32C092CBT6, STM32C092CBU6, STM32C092CCT6, STM32C092CCU6, STM32C092ECY6TR, STM32C092FBP6, STM32C092FCP6, STM32C092GBU6, STM32C092GCU6, STM32C092KBT6, STM32C092KBU6, STM32C092KCT6, STM32C092KCU6, STM32C092RBT6, STM32C092RCI6, STM32C092RCT6, STM32G071K8TXN, STM32G071K8UXN, STM32G081GBU6N, STM32G081KBT6N, STM32G081KBUXN, STM32G0B1CCT6N, STM32G0B1KCT6, STM32G0B1NEY6TR, STM32G0B1RCT6N, STM32G0C1CCT6, STM32G0C1CCT6N, STM32G0C1CCU6N, STM32G0C1CET6N, STM32G0C1CEU6N, STM32G0C1KCT6, STM32G0C1NEY6TR, STM32G0C1RCI6N, STM32G0C1RCT6N, STM32G0C1REI6N, STM32G0C1RET6N, STM32G0C1VCI6, STM32G0C1VEI6, STM32G411C6T3, STM32G411C6T6, STM32G411C6U3, STM32G411C6U6, STM32G411C8T3, STM32G411C8T6, STM32G411C8U3, STM32G411C8U6, STM32G411CBT3, STM32G411CBT6, STM32G411CBU3, STM32G411CBU6, STM32G411K6T3, STM32G411K6T6, STM32G411K6U3, STM32G411K6U6, STM32G411K8T3, STM32G411K8T6, STM32G411K8U3, STM32G411K8U6, STM32G411KBT3, STM32G411KBT6, STM32G411KBU3, STM32G411KBU6, STM32G411M6T3, STM32G411M6T6, STM32G411M8T3, STM32G411M8T6, STM32G411MBT3, STM32G411MBT6, STM32G411R6T3, STM32G411R6T6, STM32G411R8T3, STM32G411R8T6, STM32G411RBT3, STM32G411RBT6, STM32G414CBT3, STM32G414CBT6, STM32G414CBU3, STM32G414CBU6, STM32G414CCT3, STM32G414CCT6, STM32G414CCU3, STM32G414CCU6, STM32G414MBT3, STM32G414MBT6, STM32G414MCT3, STM32G414MCT6, STM32G414RBT3, STM32G414RBT6, STM32G414RCT3, STM32G414RCT6, STM32G414VBT3, STM32G414VBT6, STM32G414VCT3, STM32G414VCT6, STM32G431CBT3Z, STM32G431RBT3Z, STM32G471CCT6, STM32G471CCU6, STM32G471CET3, STM32G471CET6, STM32G471CEU3, STM32G471CEU6, STM32G471MCT6, STM32G471MET3, STM32G471MET6, STM32G471MEY6TR, STM32G471QCT6, STM32G471QET3, STM32G471RCT6, STM32G471RET3, STM32G471RET6, STM32G471VCH6, STM32G471VCI6, STM32G471VCT6, STM32G471VEH3, STM32G471VEH6, STM32G471VEI3, STM32G471VEI6, STM32G471VET3, STM32G471VET6, STM32G473QET3Z, STM32G473RET3Z, STM32G474CCT6, STM32G491RET3Z, STM32H503CBT6, STM32H503CBU6, STM32H503EBY6TR, STM32H503KBU6, STM32H503RBT6, STM32H523CCT6, STM32H523CCU6, STM32H523CET6, STM32H523CEU6, STM32H523HEY6TR, STM32H523RCT6, STM32H523RET6, STM32H523VCI6, STM32H523VCT6, STM32H523VEI6, STM32H523VET6, STM32H523ZCJ6, STM32H523ZCT6, STM32H523ZEJ6, STM32H523ZET6, STM32H533CET6, STM32H533CEU6, STM32H533HEY6TR, STM32H533RET6, STM32H533VEI6, STM32H533VET6, STM32H533ZEJ6, STM32H533ZET6, STM32H562AGI6, STM32H562AII6, STM32H562IGK6, STM32H562IGT6, STM32H562IIK6, STM32H562IIT6, STM32H562RGT6, STM32H562RGV6, STM32H562RIT6, STM32H562RIV6, STM32H562VGT6, STM32H562VIT6, STM32H562ZGT6, STM32H562ZIT6, STM32H563AGI6, STM32H563AII3Q, STM32H563AII6, STM32H563IGK6, STM32H563IGT6, STM32H563IIK3Q, STM32H563IIK6, STM32H563IIT3Q, STM32H563IIT6, STM32H563MIY3QTR, STM32H563RGT6, STM32H563RGV6, STM32H563RIT6, STM32H563RIV6, STM32H563VGT6, STM32H563VIT3Q, STM32H563VIT6, STM32H563ZGT6, STM32H563ZIT3Q, STM32H563ZIT6, STM32H573AII3Q, STM32H573AII6, STM32H573I-DK, STM32H573IIK3Q, STM32H573IIK6, STM32H573IIT3Q, STM32H573IIT6, STM32H573MIY3QTR, STM32H573RIT6, STM32H573RIV6, STM32H573VIT3Q, STM32H573VIT6, STM32H573ZIT3Q, STM32H573ZIT6, STM32H7R3A8I6, STM32H7R3I8K6, STM32H7R3I8T6, STM32H7R3L8H6, STM32H7R3L8H6H, STM32H7R3R8V6, STM32H7R3V8H6, STM32H7R3V8T6, STM32H7R3V8Y6TR, STM32H7R3Z8J6, STM32H7R3Z8T6, STM32H7R7A8I6, STM32H7R7I8K6, STM32H7R7I8T6, STM32H7R7L8H6, STM32H7R7L8H6H, STM32H7R7Z8J6, STM32H7S3A8I6, STM32H7S3I8K6, STM32H7S3I8T6, STM32H7S3L8H6, STM32H7S3L8H6H, STM32H7S3R8V6, STM32H7S3V8H6, STM32H7S3V8T6, STM32H7S3V8Y6TR, STM32H7S3Z8J6, STM32H7S3Z8T6, STM32H7S78-DK, STM32H7S7A8I6, STM32H7S7I8K6, STM32H7S7I8T6, STM32H7S7L8H6, STM32H7S7L8H6H, STM32H7S7Z8J6, STM32L4R5QGI6STR, STM32MP131AAE3, STM32MP131AAF3, STM32MP131AAG3, STM32MP131CAE3, STM32MP131CAF3, STM32MP131CAG3, STM32MP131DAE7, STM32MP131DAF7, STM32MP131DAG7, STM32MP131FAE7, STM32MP131FAF7, STM32MP131FAG7, STM32MP133AAE3, STM32MP133AAF3, STM32MP133AAG3, STM32MP133CAE3, STM32MP133CAF3, STM32MP133CAG3, STM32MP133DAE7, STM32MP133DAF7, STM32MP133DAG7, STM32MP133FAE7, STM32MP133FAF7, STM32MP133FAG7, STM32MP135AAE3, STM32MP135AAF3, STM32MP135AAG3, STM32MP135CAE3, STM32MP135CAF3, STM32MP135CAG3, STM32MP135DAE7, STM32MP135DAF7, STM32MP135DAG7, STM32MP135F-DK, STM32MP135FAE7, STM32MP135FAF7, STM32MP135FAF7T, STM32MP135FAF7U, STM32MP135FAG7, STM32MP211AAL3, STM32MP211AAM3, STM32MP211AAN3, STM32MP211AAO3, STM32MP211CAL3, STM32MP211CAM3, STM32MP211CAN3, STM32MP211CAO3, STM32MP211DAL3, STM32MP211DAM3, STM32MP211DAN3, STM32MP211DAO3, STM32MP211FAL3, STM32MP211FAM3, STM32MP211FAN3, STM32MP211FAO3, STM32MP213AAL3, STM32MP213AAM3, STM32MP213AAN3, STM32MP213AAO3, STM32MP213CAL3, STM32MP213CAM3, STM32MP213CAN3, STM32MP213CAO3, STM32MP213DAL3, STM32MP213DAM3, STM32MP213DAN3, STM32MP213DAO3, STM32MP213FAL3, STM32MP213FAM3, STM32MP213FAN3, STM32MP213FAO3, STM32MP215AAL3, STM32MP215AAM3, STM32MP215AAN3, STM32MP215AAO3, STM32MP215CAL3, STM32MP215CAM3, STM32MP215CAN3, STM32MP215CAO3, STM32MP215DAL3, STM32MP215DAM3, STM32MP215DAN3, STM32MP215DAO3, STM32MP215F-DK, STM32MP215FAL3, STM32MP215FAM3, STM32MP215FAN3, STM32MP215FAO3, STM32MP231AAJ3, STM32MP231AAK3, STM32MP231AAL3, STM32MP231CAJ3, STM32MP231CAK3, STM32MP231CAL3, STM32MP231DAJ3, STM32MP231DAK3, STM32MP231DAL3, STM32MP231FAJ3, STM32MP231FAK3, STM32MP231FAL3, STM32MP233AAJ3, STM32MP233AAK3, STM32MP233AAL3, STM32MP233CAJ3, STM32MP233CAK3, STM32MP233CAL3, STM32MP233DAJ3, STM32MP233DAK3, STM32MP233DAL3, STM32MP233FAJ3, STM32MP233FAK3, STM32MP233FAL3, STM32MP235AAJ3, STM32MP235AAK3, STM32MP235AAL3, STM32MP235CAJ3, STM32MP235CAK3, STM32MP235CAL3, STM32MP235DAJ3, STM32MP235DAK3, STM32MP235DAL3, STM32MP235FAJ3, STM32MP235FAK3, STM32MP235FAL3, STM32MP251AAI3, STM32MP251AAK3, STM32MP251AAL3, STM32MP251CAI3, STM32MP251CAK3, STM32MP251CAL3, STM32MP251DAI3, STM32MP251DAK3, STM32MP251DAL3, STM32MP251FAI3, STM32MP251FAK3, STM32MP251FAL3, STM32MP253AAI3, STM32MP253AAK3, STM32MP253AAL3, STM32MP253CAI3, STM32MP253CAK3, STM32MP253CAL3, STM32MP253DAI3, STM32MP253DAK3, STM32MP253DAL3, STM32MP253FAI3, STM32MP253FAK3, STM32MP253FAL3, STM32MP255AAI3, STM32MP255AAK3, STM32MP255AAL3, STM32MP255CAI3, STM32MP255CAK3, STM32MP255CAL3, STM32MP255DAI3, STM32MP255DAK3, STM32MP255DAL3, STM32MP255FAI3, STM32MP255FAK3, STM32MP255FAL3, STM32MP257AAI3, STM32MP257AAK3, STM32MP257AAL3, STM32MP257CAI3, STM32MP257CAK3, STM32MP257CAL3, STM32MP257DAI3, STM32MP257DAK3, STM32MP257DAL3, STM32MP257F-DK, STM32MP257F-EV1, STM32MP257FAI3, STM32MP257FAK3, STM32MP257FAL3, STM32N645A0H3Q, STM32N645B0H3Q, STM32N645I0H3Q, STM32N645L0H3Q, STM32N645X0H3Q, STM32N645Z0H3Q, STM32N647A0H3Q, STM32N647B0H3Q, STM32N647I0H3Q, STM32N647L0H3Q, STM32N647X0H3Q, STM32N647Z0H3Q, STM32N655A0H3Q, STM32N655B0H3Q, STM32N655I0H3Q, STM32N655L0H3Q, STM32N655X0H3Q, STM32N655Z0H3Q, STM32N6570-DK, STM32N657A0H3Q, STM32N657B0H3Q, STM32N657I0H3Q, STM32N657L0H3Q, STM32N657X0H3Q, STM32N657Z0H3Q, STM32U031C6T6, STM32U031C6U6, STM32U031C8T6, STM32U031C8U6, STM32U031F4P6, STM32U031F6P6, STM32U031F8P6, STM32U031G6Y6TR, STM32U031G8Y6TR, STM32U031K4U6, STM32U031K6U6, STM32U031K8U6, STM32U031R6I6, STM32U031R6T6, STM32U031R8I6, STM32U031R8T6, STM32U073C8T6, STM32U073C8U6, STM32U073CBT6, STM32U073CBU6, STM32U073CCT6, STM32U073CCU6, STM32U073H8Y6TR, STM32U073HBY6TR, STM32U073HCY6TR, STM32U073K8U6, STM32U073KBU6, STM32U073KCU6, STM32U073M8I6, STM32U073M8T6, STM32U073MBI6, STM32U073MBT6, STM32U073MCI6, STM32U073MCT6, STM32U073R8I6, STM32U073R8T6, STM32U073RBI6, STM32U073RBT6, STM32U073RCI6, STM32U073RCT6, STM32U083C-DK, STM32U083CCT6, STM32U083CCU6, STM32U083HCY6TR, STM32U083KCU6, STM32U083MCI6, STM32U083MCT6, STM32U083RCI6, STM32U083RCT6, STM32U375CET6, STM32U375CET6Q, STM32U375CEU6, STM32U375CEU6Q, STM32U375CEY6QTR, STM32U375CGT6, STM32U375CGT6Q, STM32U375CGU6, STM32U375CGU6Q, STM32U375CGY6QTR, STM32U375KEU6, STM32U375KGU6, STM32U375REI6, STM32U375REI6Q, STM32U375RET6, STM32U375RET6Q, STM32U375REY6GTR, STM32U375REY6QTR, STM32U375RGI6, STM32U375RGI6Q, STM32U375RGT6, STM32U375RGT6Q, STM32U375RGY6GTR, STM32U375RGY6QTR, STM32U375VEI6, STM32U375VEI6Q, STM32U375VET6, STM32U375VET6Q, STM32U375VGI6, STM32U375VGI6Q, STM32U375VGT6, STM32U375VGT6Q, STM32U385CGT6, STM32U385CGT6Q, STM32U385CGU6, STM32U385CGU6Q, STM32U385CGY6QTR, STM32U385KGU6, STM32U385RGI6, STM32U385RGI6Q, STM32U385RGT6, STM32U385RGT6Q, STM32U385RGY6GTR, STM32U385RGY6QTR, STM32U385VGI6, STM32U385VGI6Q, STM32U385VGT6, STM32U385VGT6Q, STM32U535CBT6, STM32U535CBT6Q, STM32U535CBU6, STM32U535CBU6Q, STM32U535CCT6, STM32U535CCT6Q, STM32U535CCU6, STM32U535CCU6Q, STM32U535CET6, STM32U535CET6Q, STM32U535CEU6, STM32U535CEU6Q, STM32U535JEY6QTR, STM32U535NCY6QTR, STM32U535NEY6QTR, STM32U535RBI6, STM32U535RBI6Q, STM32U535RBT6, STM32U535RBT6Q, STM32U535RCI6, STM32U535RCI6Q, STM32U535RCT6, STM32U535RCT6Q, STM32U535REI6, STM32U535REI6Q, STM32U535RET6, STM32U535RET6Q, STM32U535VCI6, STM32U535VCI6Q, STM32U535VCT6, STM32U535VCT6Q, STM32U535VEI6, STM32U535VEI6Q, STM32U535VET6, STM32U535VET6Q, STM32U545CET6, STM32U545CET6Q, STM32U545CEU6, STM32U545CEU6Q, STM32U545JEY6QTR, STM32U545NEY6QTR, STM32U545REI6, STM32U545REI6Q, STM32U545RET6, STM32U545RET6Q, STM32U545VEI6, STM32U545VEI6Q, STM32U545VET6, STM32U545VET6Q, STM32U595AIH6, STM32U595AIH6Q, STM32U595AJH6, STM32U595AJH6Q, STM32U595QII6, STM32U595QII6Q, STM32U595QJI6, STM32U595QJI6Q, STM32U595RIT6, STM32U595RIT6Q, STM32U595RJT6, STM32U595RJT6Q, STM32U595VIT6, STM32U595VIT6Q, STM32U595VJT6, STM32U595VJT6Q, STM32U595ZIT6, STM32U595ZIT6Q, STM32U595ZIY6QTR, STM32U595ZJT6, STM32U595ZJT6Q, STM32U595ZJY6QTR, STM32U599BJY6QTR, STM32U599NIH6Q, STM32U599NJH6Q, STM32U599VIT6Q, STM32U599VJT6, STM32U599VJT6Q, STM32U599ZIT6Q, STM32U599ZIY6QTR, STM32U599ZJT6Q, STM32U599ZJY6QTR, STM32U5A5AJH6, STM32U5A5AJH6Q, STM32U5A5QII3Q , STM32U5A5QJI6, STM32U5A5QJI6Q, STM32U5A5RJT6, STM32U5A5RJT6Q, STM32U5A5VJT6, STM32U5A5VJT6Q, STM32U5A5ZJT6, STM32U5A5ZJT6Q, STM32U5A5ZJY6QTR, STM32U5A9BJY6QTR, STM32U5A9J-DK, STM32U5A9NJH6Q, STM32U5A9VJT6Q, STM32U5A9ZJT6Q, STM32U5A9ZJY6QTR, STM32U5F7VIT6, STM32U5F7VIT6Q, STM32U5F7VJT6, STM32U5F7VJT6Q, STM32U5F9BJY6QTR, STM32U5F9NJH6Q, STM32U5F9VIT6Q, STM32U5F9VJT6Q, STM32U5F9ZIJ6QTR, STM32U5F9ZIT6Q, STM32U5F9ZJJ6QTR, STM32U5F9ZJT6Q, STM32U5G7VJT6, STM32U5G7VJT6Q, STM32U5G9BJY6QTR, STM32U5G9J-DK1, STM32U5G9J-DK2, STM32U5G9NJH6Q, STM32U5G9VJT6Q, STM32U5G9ZJJ6QTR, STM32U5G9ZJT6Q, STM32WB05KZV6TR, STM32WB05KZV7TR, STM32WB05TZF6TR, STM32WB05TZF7TR, STM32WB06CCF6TR, STM32WB06CCF7TR, STM32WB06CCV6TR, STM32WB06CCV7TR, STM32WB06KCV6TR, STM32WB06KCV7TR, STM32WB07CCF6TR, STM32WB07CCF7TR, STM32WB07CCV6TR, STM32WB07CCV7TR, STM32WB07KCV6TR, STM32WB07KCV7TR, STM32WB09KEV6TR, STM32WB09KEV7TR, STM32WB09TEF6TR, STM32WB09TEF7TR, STM32WB1MMCH6, STM32WBA50KGU6, STM32WBA50KGU6TR, STM32WBA52CEU6, STM32WBA52CEU6TR, STM32WBA52CEU7, STM32WBA52CEU7TR, STM32WBA52CGU6, STM32WBA52CGU6TR, STM32WBA52CGU6U, STM32WBA52CGU7, STM32WBA52CGU7TR, STM32WBA52KEU6, STM32WBA52KEU6TR, STM32WBA52KGU6, STM32WBA52KGU6TR, STM32WBA54CEU6, STM32WBA54CEU6TR, STM32WBA54CEU7, STM32WBA54CEU7TR, STM32WBA54CGU6, STM32WBA54CGU6TR, STM32WBA54CGU7, STM32WBA54CGU7TR, STM32WBA54KEU6, STM32WBA54KEU6TR, STM32WBA54KEU7, STM32WBA54KEU7TR, STM32WBA54KGU6, STM32WBA54KGU6TR, STM32WBA54KGU7, STM32WBA54KGU7TR, STM32WBA55CEU6, STM32WBA55CEU6TR, STM32WBA55CEU7, STM32WBA55CEU7TR, STM32WBA55CGU6, STM32WBA55CGU6TR, STM32WBA55CGU6U, STM32WBA55CGU7, STM32WBA55CGU7TR, STM32WBA55G-DK1, STM32WBA55HEF6, STM32WBA55HEF7, STM32WBA55HGF6, STM32WBA55HGF7, STM32WBA55UEI6, STM32WBA55UEI6TR, STM32WBA55UEI7, STM32WBA55UEI7TR, STM32WBA55UGI6, STM32WBA55UGI6TR, STM32WBA55UGI7, STM32WBA55UGI7TR, STM32WBA5MMGH6TR, STM32WBA62MGF6, STM32WBA62MIF6, STM32WBA65MGF7, STM32WBA65MIF6, STM32WBA65MIF7, STM32WL30K8V6, STM32WL30KBV6, STM32WL31C8V6, STM32WL31CBV6, STM32WL31K8V6, STM32WL31KBV6, STM32WL33C8V6, STM32WL33C8V6X, STM32WL33CBV6, STM32WL33CBV6X, STM32WL33CCV6, STM32WL33CCV6A, STM32WL33CCV6X, STM32WL33K8V7, STM32WL33K8V7X, STM32WL33KBV7 , STM32WL33KBV7X, STM32WL33KCV7, STM32WL33KCV7X, STM32WL5MOCH6, STM32WL5MOCH6TR]
2026-07-28 16:02:29,875 [INFO] DbMcus:218 - Found 5250 MCUs, 5097 are supported
2026-07-28 16:02:29,875 [INFO] ApiDb:423 - Load user favorites file C:\Users\ADMIN/.stm32cubeide/favorites.mcus.txt: 0 item(s)
2026-07-28 16:02:29,876 [INFO] ApiDb:427 - User favorites MCUs=[]
2026-07-28 16:02:29,876 [INFO] DbMcus:224 - Set 0 / 0 favorites MCUs
2026-07-28 16:02:30,282 [INFO] ApiDb:448 - Save user favorites file C:\Users\ADMIN/.stm32cubeide/favorites.boards.txt: 0 item(s)
2026-07-28 16:02:30,282 [INFO] ApiDb:452 - User favorites Boards=[]
2026-07-28 16:02:30,283 [INFO] ApiDb:581 - Connected to CubeFinder SQLite database (C:\Users\ADMIN\.stmcufinder\plugins\mcufinder\mcu\cube-finder-db.db)
2026-07-28 16:02:30,322 [INFO] ApiDb:668 - CubeFinder database Data Model version=2.1
2026-07-28 16:02:30,322 [INFO] ApiDb:669 - CubeFinder database Configuration version=3.0.42
2026-07-28 16:02:30,322 [INFO] ApiDb:670 - CubeFinder database generation date=2026-06-23 (1782213372)
2026-07-28 16:02:30,322 [INFO] ApiDb:671 - CubeFinder database FW Pack versions=[FP-ATR-ASTRA1_V2.0.0, FP-SNS-FLIGHT1_V5.1.0, FP-SNS-MOTENV1_V5.1.0, FP-SNS-MOTENVWB1_V1.5.0, FP-SNS-SMARTAG2_V1.2.0, FP-SNS-STBOX1_V2.1.0, STM32Cube_FW_C0_V1.4.0, STM32Cube_FW_F4_V1.28.3, STM32Cube_FW_F7_V1.17.4, STM32Cube_FW_G0_V1.6.3, STM32Cube_FW_G4_V1.6.2, STM32Cube_FW_H5_V1.7.0, STM32Cube_FW_H7RS_V1.3.0, STM32Cube_FW_H7_V1.13.0, STM32Cube_FW_L0_V1.12.2, STM32Cube_FW_L4_V1.18.2, STM32Cube_FW_L5_V1.6.0, STM32Cube_FW_N6_V1.4.0, STM32Cube_FW_U0_V1.3.0, STM32Cube_FW_U3_V1.4.0, STM32Cube_FW_U5_V1.9.0, STM32Cube_FW_WB0_V1.5.0, STM32Cube_FW_WBA_V1.10.0, STM32Cube_FW_WB_V1.24.0, STM32Cube_FW_WL3_V1.5.0, STM32Cube_FW_WL_V1.6.0, X-CUBE-ALGOBUILD_V1.5.0, X-CUBE-ALS_V1.0.2, X-CUBE-AZRTOS-F4_V1.1.0, X-CUBE-AZRTOS-F7_V1.1.0, X-CUBE-AZRTOS-G0_V1.1.0, X-CUBE-AZRTOS-G4_V2.0.0, X-CUBE-AZRTOS-H7RS_V1.1.0, X-CUBE-AZRTOS-H7_V3.5.0, X-CUBE-AZRTOS-L4_V2.0.0, X-CUBE-AZRTOS-L5_V2.0.0, X-CUBE-AZRTOS-WB_V2.0.0, X-CUBE-AZRTOS-WL_V2.0.0, X-CUBE-BLE1_V7.1.0, X-CUBE-BLE2_V3.3.0, X-CUBE-BLEMGR_V4.1.0, X-CUBE-EEPRMA1_V5.2.0, X-CUBE-FREERTOS_V1.5.0, X-CUBE-GNSS1_V7.1.1, X-CUBE-MEMS1_V12.1.0, X-CUBE-NFC4_V3.0.0, X-CUBE-NFC7_V2.0.0, X-CUBE-SFXS2LP1_V4.0.0, X-CUBE-ST67W61_V1.3.0, X-CUBE-SUBG2_V5.0.0, X-CUBE-TOF1_V3.4.3]
2026-07-28 16:02:30,351 [INFO] DbBoardsSqlite:226 - include board P-NUCLEO-WB55-NUCLEO as a kit item of type 'Nucleo-64'
2026-07-28 16:02:30,352 [INFO] DbBoardsSqlite:226 - include board P-NUCLEO-WB55-USBDONGLE as a kit item of type 'Nucleo USB Dongle'
2026-07-28 16:02:30,352 [INFO] DbBoardsSqlite:226 - include board STEVAL-IDP005V1 as a kit item of type 'Evaluation Board'
2026-07-28 16:02:30,352 [INFO] DbBoardsSqlite:226 - include board STEVAL-IDP005V2 as a kit item of type 'Evaluation Board'
2026-07-28 16:02:30,391 [INFO] ApiDb:240 - Found 880 in-development CPN: [B-G473E-ZEST1S, B-WB1M-WPAN1, B-WBA5M-WPAN, B-WL5M-SUBG1, NUCLEO-C031C6, NUCLEO-C051C8, NUCLEO-C071RB, NUCLEO-C092RC, NUCLEO-H503RB, NUCLEO-H533RE, NUCLEO-H563ZI, NUCLEO-H7S3L8, NUCLEO-N657X0-Q, NUCLEO-U031R8, NUCLEO-U083RC, NUCLEO-U385RG-Q, NUCLEO-U545RE-Q, NUCLEO-U5A5ZJ-Q, NUCLEO-WB05KZ, NUCLEO-WB07CC, NUCLEO-WB09KE, NUCLEO-WBA52CG, NUCLEO-WBA55CG, NUCLEO-WL33CC1, NUCLEO-WL33CC2, STEVAL-PROTEUS1, STEVAL-SMARTAG2, STEVAL-STWINBX1, STM320518-EVAL, STM32C0116-DK, STM32C011D6Y3TR, STM32C011D6Y6TR, STM32C011F4P3, STM32C011F4P6, STM32C011F4U3, STM32C011F4U6TR, STM32C011F6P3, STM32C011F6P6, STM32C011F6U3, STM32C011F6U6TR, STM32C011J4M3, STM32C011J4M6, STM32C011J6M3, STM32C011J6M6, STM32C0316-DK, STM32C031C4T3, STM32C031C4T6, STM32C031C4U3, STM32C031C4U6, STM32C031C6T3, STM32C031C6T6, STM32C031C6U3, STM32C031C6U6, STM32C031F4P3, STM32C031F4P6, STM32C031F6P3, STM32C031F6P6, STM32C031G4U3, STM32C031G4U6, STM32C031G6U3, STM32C031G6U6, STM32C031K4T3, STM32C031K4T6, STM32C031K4U3, STM32C031K4U6, STM32C031K6T3, STM32C031K6T6, STM32C031K6U3, STM32C031K6U6, STM32C051C6T6, STM32C051C6U6, STM32C051C8T6, STM32C051C8U6, STM32C051D8Y6TR, STM32C051F6P6, STM32C051F8P6, STM32C051G6U6, STM32C051G8U6, STM32C051K6T6, STM32C051K6U6, STM32C051K8T6, STM32C071C8T6, STM32C071C8T6N, STM32C071C8U6, STM32C071C8U6N, STM32C071CBT6, STM32C071CBT6N, STM32C071CBU6, STM32C071CBU6N, STM32C071F8P6, STM32C071F8P6N, STM32C071FBP6, STM32C071FBP6N, STM32C071FBY6TR, STM32C071G8U6, STM32C071G8U6N, STM32C071GBU6, STM32C071GBU6N, STM32C071K8T6, STM32C071K8T6N, STM32C071K8U6, STM32C071K8U6N, STM32C071KBT6, STM32C071KBT6N, STM32C071KBU6, STM32C071KBU6N, STM32C071R8T6, STM32C071R8T6N, STM32C071RBI6N, STM32C071RBT6, STM32C071RBT6N, STM32C091CBT6, STM32C091CBU6, STM32C091CCT6, STM32C091CCU6, STM32C091ECY6TR, STM32C091FBP6, STM32C091FCP6, STM32C091GBU6, STM32C091GCU6, STM32C091KBT6, STM32C091KBU6, STM32C091KCT6, STM32C091KCU6, STM32C091RBT6, STM32C091RCI6, STM32C091RCT6, STM32C092CBT6, STM32C092CBU6, STM32C092CCT6, STM32C092CCU6, STM32C092ECY6TR, STM32C092FBP6, STM32C092FCP6, STM32C092GBU6, STM32C092GCU6, STM32C092KBT6, STM32C092KBU6, STM32C092KCT6, STM32C092KCU6, STM32C092RBT6, STM32C092RCI6, STM32C092RCT6, STM32G071K8TXN, STM32G071K8UXN, STM32G081GBU6N, STM32G081KBT6N, STM32G081KBUXN, STM32G0B1CCT6N, STM32G0B1KCT6, STM32G0B1NEY6TR, STM32G0B1RCT6N, STM32G0C1CCT6, STM32G0C1CCT6N, STM32G0C1CCU6N, STM32G0C1CET6N, STM32G0C1CEU6N, STM32G0C1KCT6, STM32G0C1NEY6TR, STM32G0C1RCI6N, STM32G0C1RCT6N, STM32G0C1REI6N, STM32G0C1RET6N, STM32G0C1VCI6, STM32G0C1VEI6, STM32G411C6T3, STM32G411C6T6, STM32G411C6U3, STM32G411C6U6, STM32G411C8T3, STM32G411C8T6, STM32G411C8U3, STM32G411C8U6, STM32G411CBT3, STM32G411CBT6, STM32G411CBU3, STM32G411CBU6, STM32G411K6T3, STM32G411K6T6, STM32G411K6U3, STM32G411K6U6, STM32G411K8T3, STM32G411K8T6, STM32G411K8U3, STM32G411K8U6, STM32G411KBT3, STM32G411KBT6, STM32G411KBU3, STM32G411KBU6, STM32G411M6T3, STM32G411M6T6, STM32G411M8T3, STM32G411M8T6, STM32G411MBT3, STM32G411MBT6, STM32G411R6T3, STM32G411R6T6, STM32G411R8T3, STM32G411R8T6, STM32G411RBT3, STM32G411RBT6, STM32G414CBT3, STM32G414CBT6, STM32G414CBU3, STM32G414CBU6, STM32G414CCT3, STM32G414CCT6, STM32G414CCU3, STM32G414CCU6, STM32G414MBT3, STM32G414MBT6, STM32G414MCT3, STM32G414MCT6, STM32G414RBT3, STM32G414RBT6, STM32G414RCT3, STM32G414RCT6, STM32G414VBT3, STM32G414VBT6, STM32G414VCT3, STM32G414VCT6, STM32G431CBT3Z, STM32G431RBT3Z, STM32G471CCT6, STM32G471CCU6, STM32G471CET3, STM32G471CET6, STM32G471CEU3, STM32G471CEU6, STM32G471MCT6, STM32G471MET3, STM32G471MET6, STM32G471MEY6TR, STM32G471QCT6, STM32G471QET3, STM32G471RCT6, STM32G471RET3, STM32G471RET6, STM32G471VCH6, STM32G471VCI6, STM32G471VCT6, STM32G471VEH3, STM32G471VEH6, STM32G471VEI3, STM32G471VEI6, STM32G471VET3, STM32G471VET6, STM32G473QET3Z, STM32G473RET3Z, STM32G474CCT6, STM32G491RET3Z, STM32H503CBT6, STM32H503CBU6, STM32H503EBY6TR, STM32H503KBU6, STM32H503RBT6, STM32H523CCT6, STM32H523CCU6, STM32H523CET6, STM32H523CEU6, STM32H523HEY6TR, STM32H523RCT6, STM32H523RET6, STM32H523VCI6, STM32H523VCT6, STM32H523VEI6, STM32H523VET6, STM32H523ZCJ6, STM32H523ZCT6, STM32H523ZEJ6, STM32H523ZET6, STM32H533CET6, STM32H533CEU6, STM32H533HEY6TR, STM32H533RET6, STM32H533VEI6, STM32H533VET6, STM32H533ZEJ6, STM32H533ZET6, STM32H562AGI6, STM32H562AII6, STM32H562IGK6, STM32H562IGT6, STM32H562IIK6, STM32H562IIT6, STM32H562RGT6, STM32H562RGV6, STM32H562RIT6, STM32H562RIV6, STM32H562VGT6, STM32H562VIT6, STM32H562ZGT6, STM32H562ZIT6, STM32H563AGI6, STM32H563AII3Q, STM32H563AII6, STM32H563IGK6, STM32H563IGT6, STM32H563IIK3Q, STM32H563IIK6, STM32H563IIT3Q, STM32H563IIT6, STM32H563MIY3QTR, STM32H563RGT6, STM32H563RGV6, STM32H563RIT6, STM32H563RIV6, STM32H563VGT6, STM32H563VIT3Q, STM32H563VIT6, STM32H563ZGT6, STM32H563ZIT3Q, STM32H563ZIT6, STM32H573AII3Q, STM32H573AII6, STM32H573I-DK, STM32H573IIK3Q, STM32H573IIK6, STM32H573IIT3Q, STM32H573IIT6, STM32H573MIY3QTR, STM32H573RIT6, STM32H573RIV6, STM32H573VIT3Q, STM32H573VIT6, STM32H573ZIT3Q, STM32H573ZIT6, STM32H7R3A8I6, STM32H7R3I8K6, STM32H7R3I8T6, STM32H7R3L8H6, STM32H7R3L8H6H, STM32H7R3R8V6, STM32H7R3V8H6, STM32H7R3V8T6, STM32H7R3V8Y6TR, STM32H7R3Z8J6, STM32H7R3Z8T6, STM32H7R7A8I6, STM32H7R7I8K6, STM32H7R7I8T6, STM32H7R7L8H6, STM32H7R7L8H6H, STM32H7R7Z8J6, STM32H7S3A8I6, STM32H7S3I8K6, STM32H7S3I8T6, STM32H7S3L8H6, STM32H7S3L8H6H, STM32H7S3R8V6, STM32H7S3V8H6, STM32H7S3V8T6, STM32H7S3V8Y6TR, STM32H7S3Z8J6, STM32H7S3Z8T6, STM32H7S78-DK, STM32H7S7A8I6, STM32H7S7I8K6, STM32H7S7I8T6, STM32H7S7L8H6, STM32H7S7L8H6H, STM32H7S7Z8J6, STM32L4R5QGI6STR, STM32MP131AAE3, STM32MP131AAF3, STM32MP131AAG3, STM32MP131CAE3, STM32MP131CAF3, STM32MP131CAG3, STM32MP131DAE7, STM32MP131DAF7, STM32MP131DAG7, STM32MP131FAE7, STM32MP131FAF7, STM32MP131FAG7, STM32MP133AAE3, STM32MP133AAF3, STM32MP133AAG3, STM32MP133CAE3, STM32MP133CAF3, STM32MP133CAG3, STM32MP133DAE7, STM32MP133DAF7, STM32MP133DAG7, STM32MP133FAE7, STM32MP133FAF7, STM32MP133FAG7, STM32MP135AAE3, STM32MP135AAF3, STM32MP135AAG3, STM32MP135CAE3, STM32MP135CAF3, STM32MP135CAG3, STM32MP135DAE7, STM32MP135DAF7, STM32MP135DAG7, STM32MP135F-DK, STM32MP135FAE7, STM32MP135FAF7, STM32MP135FAF7T, STM32MP135FAF7U, STM32MP135FAG7, STM32MP211AAL3, STM32MP211AAM3, STM32MP211AAN3, STM32MP211AAO3, STM32MP211CAL3, STM32MP211CAM3, STM32MP211CAN3, STM32MP211CAO3, STM32MP211DAL3, STM32MP211DAM3, STM32MP211DAN3, STM32MP211DAO3, STM32MP211FAL3, STM32MP211FAM3, STM32MP211FAN3, STM32MP211FAO3, STM32MP213AAL3, STM32MP213AAM3, STM32MP213AAN3, STM32MP213AAO3, STM32MP213CAL3, STM32MP213CAM3, STM32MP213CAN3, STM32MP213CAO3, STM32MP213DAL3, STM32MP213DAM3, STM32MP213DAN3, STM32MP213DAO3, STM32MP213FAL3, STM32MP213FAM3, STM32MP213FAN3, STM32MP213FAO3, STM32MP215AAL3, STM32MP215AAM3, STM32MP215AAN3, STM32MP215AAO3, STM32MP215CAL3, STM32MP215CAM3, STM32MP215CAN3, STM32MP215CAO3, STM32MP215DAL3, STM32MP215DAM3, STM32MP215DAN3, STM32MP215DAO3, STM32MP215F-DK, STM32MP215FAL3, STM32MP215FAM3, STM32MP215FAN3, STM32MP215FAO3, STM32MP231AAJ3, STM32MP231AAK3, STM32MP231AAL3, STM32MP231CAJ3, STM32MP231CAK3, STM32MP231CAL3, STM32MP231DAJ3, STM32MP231DAK3, STM32MP231DAL3, STM32MP231FAJ3, STM32MP231FAK3, STM32MP231FAL3, STM32MP233AAJ3, STM32MP233AAK3, STM32MP233AAL3, STM32MP233CAJ3, STM32MP233CAK3, STM32MP233CAL3, STM32MP233DAJ3, STM32MP233DAK3, STM32MP233DAL3, STM32MP233FAJ3, STM32MP233FAK3, STM32MP233FAL3, STM32MP235AAJ3, STM32MP235AAK3, STM32MP235AAL3, STM32MP235CAJ3, STM32MP235CAK3, STM32MP235CAL3, STM32MP235DAJ3, STM32MP235DAK3, STM32MP235DAL3, STM32MP235FAJ3, STM32MP235FAK3, STM32MP235FAL3, STM32MP251AAI3, STM32MP251AAK3, STM32MP251AAL3, STM32MP251CAI3, STM32MP251CAK3, STM32MP251CAL3, STM32MP251DAI3, STM32MP251DAK3, STM32MP251DAL3, STM32MP251FAI3, STM32MP251FAK3, STM32MP251FAL3, STM32MP253AAI3, STM32MP253AAK3, STM32MP253AAL3, STM32MP253CAI3, STM32MP253CAK3, STM32MP253CAL3, STM32MP253DAI3, STM32MP253DAK3, STM32MP253DAL3, STM32MP253FAI3, STM32MP253FAK3, STM32MP253FAL3, STM32MP255AAI3, STM32MP255AAK3, STM32MP255AAL3, STM32MP255CAI3, STM32MP255CAK3, STM32MP255CAL3, STM32MP255DAI3, STM32MP255DAK3, STM32MP255DAL3, STM32MP255FAI3, STM32MP255FAK3, STM32MP255FAL3, STM32MP257AAI3, STM32MP257AAK3, STM32MP257AAL3, STM32MP257CAI3, STM32MP257CAK3, STM32MP257CAL3, STM32MP257DAI3, STM32MP257DAK3, STM32MP257DAL3, STM32MP257F-DK, STM32MP257F-EV1, STM32MP257FAI3, STM32MP257FAK3, STM32MP257FAL3, STM32N645A0H3Q, STM32N645B0H3Q, STM32N645I0H3Q, STM32N645L0H3Q, STM32N645X0H3Q, STM32N645Z0H3Q, STM32N647A0H3Q, STM32N647B0H3Q, STM32N647I0H3Q, STM32N647L0H3Q, STM32N647X0H3Q, STM32N647Z0H3Q, STM32N655A0H3Q, STM32N655B0H3Q, STM32N655I0H3Q, STM32N655L0H3Q, STM32N655X0H3Q, STM32N655Z0H3Q, STM32N6570-DK, STM32N657A0H3Q, STM32N657B0H3Q, STM32N657I0H3Q, STM32N657L0H3Q, STM32N657X0H3Q, STM32N657Z0H3Q, STM32U031C6T6, STM32U031C6U6, STM32U031C8T6, STM32U031C8U6, STM32U031F4P6, STM32U031F6P6, STM32U031F8P6, STM32U031G6Y6TR, STM32U031G8Y6TR, STM32U031K4U6, STM32U031K6U6, STM32U031K8U6, STM32U031R6I6, STM32U031R6T6, STM32U031R8I6, STM32U031R8T6, STM32U073C8T6, STM32U073C8U6, STM32U073CBT6, STM32U073CBU6, STM32U073CCT6, STM32U073CCU6, STM32U073H8Y6TR, STM32U073HBY6TR, STM32U073HCY6TR, STM32U073K8U6, STM32U073KBU6, STM32U073KCU6, STM32U073M8I6, STM32U073M8T6, STM32U073MBI6, STM32U073MBT6, STM32U073MCI6, STM32U073MCT6, STM32U073R8I6, STM32U073R8T6, STM32U073RBI6, STM32U073RBT6, STM32U073RCI6, STM32U073RCT6, STM32U083C-DK, STM32U083CCT6, STM32U083CCU6, STM32U083HCY6TR, STM32U083KCU6, STM32U083MCI6, STM32U083MCT6, STM32U083RCI6, STM32U083RCT6, STM32U375CET6, STM32U375CET6Q, STM32U375CEU6, STM32U375CEU6Q, STM32U375CEY6QTR, STM32U375CGT6, STM32U375CGT6Q, STM32U375CGU6, STM32U375CGU6Q, STM32U375CGY6QTR, STM32U375KEU6, STM32U375KGU6, STM32U375REI6, STM32U375REI6Q, STM32U375RET6, STM32U375RET6Q, STM32U375REY6GTR, STM32U375REY6QTR, STM32U375RGI6, STM32U375RGI6Q, STM32U375RGT6, STM32U375RGT6Q, STM32U375RGY6GTR, STM32U375RGY6QTR, STM32U375VEI6, STM32U375VEI6Q, STM32U375VET6, STM32U375VET6Q, STM32U375VGI6, STM32U375VGI6Q, STM32U375VGT6, STM32U375VGT6Q, STM32U385CGT6, STM32U385CGT6Q, STM32U385CGU6, STM32U385CGU6Q, STM32U385CGY6QTR, STM32U385KGU6, STM32U385RGI6, STM32U385RGI6Q, STM32U385RGT6, STM32U385RGT6Q, STM32U385RGY6GTR, STM32U385RGY6QTR, STM32U385VGI6, STM32U385VGI6Q, STM32U385VGT6, STM32U385VGT6Q, STM32U535CBT6, STM32U535CBT6Q, STM32U535CBU6, STM32U535CBU6Q, STM32U535CCT6, STM32U535CCT6Q, STM32U535CCU6, STM32U535CCU6Q, STM32U535CET6, STM32U535CET6Q, STM32U535CEU6, STM32U535CEU6Q, STM32U535JEY6QTR, STM32U535NCY6QTR, STM32U535NEY6QTR, STM32U535RBI6, STM32U535RBI6Q, STM32U535RBT6, STM32U535RBT6Q, STM32U535RCI6, STM32U535RCI6Q, STM32U535RCT6, STM32U535RCT6Q, STM32U535REI6, STM32U535REI6Q, STM32U535RET6, STM32U535RET6Q, STM32U535VCI6, STM32U535VCI6Q, STM32U535VCT6, STM32U535VCT6Q, STM32U535VEI6, STM32U535VEI6Q, STM32U535VET6, STM32U535VET6Q, STM32U545CET6, STM32U545CET6Q, STM32U545CEU6, STM32U545CEU6Q, STM32U545JEY6QTR, STM32U545NEY6QTR, STM32U545REI6, STM32U545REI6Q, STM32U545RET6, STM32U545RET6Q, STM32U545VEI6, STM32U545VEI6Q, STM32U545VET6, STM32U545VET6Q, STM32U595AIH6, STM32U595AIH6Q, STM32U595AJH6, STM32U595AJH6Q, STM32U595QII6, STM32U595QII6Q, STM32U595QJI6, STM32U595QJI6Q, STM32U595RIT6, STM32U595RIT6Q, STM32U595RJT6, STM32U595RJT6Q, STM32U595VIT6, STM32U595VIT6Q, STM32U595VJT6, STM32U595VJT6Q, STM32U595ZIT6, STM32U595ZIT6Q, STM32U595ZIY6QTR, STM32U595ZJT6, STM32U595ZJT6Q, STM32U595ZJY6QTR, STM32U599BJY6QTR, STM32U599NIH6Q, STM32U599NJH6Q, STM32U599VIT6Q, STM32U599VJT6, STM32U599VJT6Q, STM32U599ZIT6Q, STM32U599ZIY6QTR, STM32U599ZJT6Q, STM32U599ZJY6QTR, STM32U5A5AJH6, STM32U5A5AJH6Q, STM32U5A5QII3Q , STM32U5A5QJI6, STM32U5A5QJI6Q, STM32U5A5RJT6, STM32U5A5RJT6Q, STM32U5A5VJT6, STM32U5A5VJT6Q, STM32U5A5ZJT6, STM32U5A5ZJT6Q, STM32U5A5ZJY6QTR, STM32U5A9BJY6QTR, STM32U5A9J-DK, STM32U5A9NJH6Q, STM32U5A9VJT6Q, STM32U5A9ZJT6Q, STM32U5A9ZJY6QTR, STM32U5F7VIT6, STM32U5F7VIT6Q, STM32U5F7VJT6, STM32U5F7VJT6Q, STM32U5F9BJY6QTR, STM32U5F9NJH6Q, STM32U5F9VIT6Q, STM32U5F9VJT6Q, STM32U5F9ZIJ6QTR, STM32U5F9ZIT6Q, STM32U5F9ZJJ6QTR, STM32U5F9ZJT6Q, STM32U5G7VJT6, STM32U5G7VJT6Q, STM32U5G9BJY6QTR, STM32U5G9J-DK1, STM32U5G9J-DK2, STM32U5G9NJH6Q, STM32U5G9VJT6Q, STM32U5G9ZJJ6QTR, STM32U5G9ZJT6Q, STM32WB05KZV6TR, STM32WB05KZV7TR, STM32WB05TZF6TR, STM32WB05TZF7TR, STM32WB06CCF6TR, STM32WB06CCF7TR, STM32WB06CCV6TR, STM32WB06CCV7TR, STM32WB06KCV6TR, STM32WB06KCV7TR, STM32WB07CCF6TR, STM32WB07CCF7TR, STM32WB07CCV6TR, STM32WB07CCV7TR, STM32WB07KCV6TR, STM32WB07KCV7TR, STM32WB09KEV6TR, STM32WB09KEV7TR, STM32WB09TEF6TR, STM32WB09TEF7TR, STM32WB1MMCH6, STM32WBA50KGU6, STM32WBA50KGU6TR, STM32WBA52CEU6, STM32WBA52CEU6TR, STM32WBA52CEU7, STM32WBA52CEU7TR, STM32WBA52CGU6, STM32WBA52CGU6TR, STM32WBA52CGU6U, STM32WBA52CGU7, STM32WBA52CGU7TR, STM32WBA52KEU6, STM32WBA52KEU6TR, STM32WBA52KGU6, STM32WBA52KGU6TR, STM32WBA54CEU6, STM32WBA54CEU6TR, STM32WBA54CEU7, STM32WBA54CEU7TR, STM32WBA54CGU6, STM32WBA54CGU6TR, STM32WBA54CGU7, STM32WBA54CGU7TR, STM32WBA54KEU6, STM32WBA54KEU6TR, STM32WBA54KEU7, STM32WBA54KEU7TR, STM32WBA54KGU6, STM32WBA54KGU6TR, STM32WBA54KGU7, STM32WBA54KGU7TR, STM32WBA55CEU6, STM32WBA55CEU6TR, STM32WBA55CEU7, STM32WBA55CEU7TR, STM32WBA55CGU6, STM32WBA55CGU6TR, STM32WBA55CGU6U, STM32WBA55CGU7, STM32WBA55CGU7TR, STM32WBA55G-DK1, STM32WBA55HEF6, STM32WBA55HEF7, STM32WBA55HGF6, STM32WBA55HGF7, STM32WBA55UEI6, STM32WBA55UEI6TR, STM32WBA55UEI7, STM32WBA55UEI7TR, STM32WBA55UGI6, STM32WBA55UGI6TR, STM32WBA55UGI7, STM32WBA55UGI7TR, STM32WBA5MMGH6TR, STM32WBA62MGF6, STM32WBA62MIF6, STM32WBA65MGF7, STM32WBA65MIF6, STM32WBA65MIF7, STM32WL30K8V6, STM32WL30KBV6, STM32WL31C8V6, STM32WL31CBV6, STM32WL31K8V6, STM32WL31KBV6, STM32WL33C8V6, STM32WL33C8V6X, STM32WL33CBV6, STM32WL33CBV6X, STM32WL33CCV6, STM32WL33CCV6A, STM32WL33CCV6X, STM32WL33K8V7, STM32WL33K8V7X, STM32WL33KBV7 , STM32WL33KBV7X, STM32WL33KCV7, STM32WL33KCV7X, STM32WL5MOCH6, STM32WL5MOCH6TR]
2026-07-28 16:02:30,470 [INFO] BoardInfo:889 - No configuration file found for board NUCLEO-H5E5ZJ
2026-07-28 16:02:30,470 [INFO] DbBoards:161 - Board is not supported: NUCLEO-H5E5ZJ
2026-07-28 16:02:30,515 [INFO] BoardInfo:889 - No configuration file found for board NUCLEO-U3C5ZI-Q
2026-07-28 16:02:30,516 [INFO] DbBoards:161 - Board is not supported: NUCLEO-U3C5ZI-Q
2026-07-28 16:02:30,527 [INFO] BoardInfo:889 - No configuration file found for board NUCLEO-WBA25CE1
2026-07-28 16:02:30,528 [INFO] DbBoards:161 - Board is not supported: NUCLEO-WBA25CE1
2026-07-28 16:02:30,536 [INFO] BoardInfo:889 - No configuration file found for board NUCLEO-WL3RKB1
2026-07-28 16:02:30,537 [INFO] DbBoards:161 - Board is not supported: NUCLEO-WL3RKB1
2026-07-28 16:02:30,537 [INFO] BoardInfo:889 - No configuration file found for board NUCLEO-WL3RKB2
2026-07-28 16:02:30,538 [INFO] DbBoards:161 - Board is not supported: NUCLEO-WL3RKB2
2026-07-28 16:02:30,552 [INFO] BoardInfo:889 - No configuration file found for board P-NUCLEO-WB55
2026-07-28 16:02:30,553 [INFO] DbBoards:161 - Kit is not supported: P-NUCLEO-WB55
2026-07-28 16:02:30,559 [INFO] BoardInfo:889 - No configuration file found for board STEVAL-BFA001V1B
2026-07-28 16:02:30,560 [INFO] DbBoards:161 - Kit is not supported: STEVAL-BFA001V1B
2026-07-28 16:02:30,561 [INFO] BoardInfo:889 - No configuration file found for board STEVAL-BFA001V2B
2026-07-28 16:02:30,562 [INFO] DbBoards:161 - Kit is not supported: STEVAL-BFA001V2B
2026-07-28 16:02:30,650 [INFO] BoardInfo:889 - No configuration file found for board STM32H5F5J-DK
2026-07-28 16:02:30,651 [INFO] DbBoards:161 - Board is not supported: STM32H5F5J-DK
2026-07-28 16:02:30,717 [INFO] DbBoards:168 - Found 218 boards, 209 are supported
2026-07-28 16:02:30,717 [INFO] DbBoards:169 - Found 218 boards, 43 of them is supported for  Bsp
2026-07-28 16:02:30,720 [INFO] ApiDb:423 - Load user favorites file C:\Users\ADMIN/.stm32cubeide/favorites.boards.txt: 0 item(s)
2026-07-28 16:02:30,720 [INFO] ApiDb:427 - User favorites Boards=[]
2026-07-28 16:02:30,720 [INFO] DbBoards:198 - Set 0 / 0 favorites Boards
2026-07-28 16:02:30,720 [ERROR] TargetSelectorAdapter:267 - Unable to refresh data
2026-07-28 16:02:30,769 [INFO] McuFinderGlobals:76 - Set McuFinderConnectedMode to true
2026-07-28 16:02:30,771 [INFO] MultiScanPanel:200 - Auto-refresh data requested => check proxy status ongoing
2026-07-28 16:02:30,771 [INFO] FinderPluginLoader:96 - Searching for filters in installed packs
2026-07-28 16:02:32,521 [INFO] LoadUrlFilesThread:185 - End of LoadServerUrlFiles without Thread
2026-07-28 16:02:32,521 [INFO] DetailPanel:341 - Set advertising image to C:/Users/ADMIN/STM32Cube/Repository/\en.stm32h5cubemxbanner.png
2026-07-28 16:02:35,216 [INFO] MultiScanPanel:200 - Auto-refresh data requested => check proxy status ongoing
2026-07-28 16:02:35,367 [INFO] LoadUrlFilesThread:185 - End of LoadServerUrlFiles without Thread
2026-07-28 16:02:35,367 [INFO] DetailPanel:341 - Set advertising image to C:/Users/ADMIN/STM32Cube/Repository/\en.stm32h5cubemxbanner.png
2026-07-28 16:02:35,376 [INFO] DbBoards:642 - Loading board mini-images...
2026-07-28 16:02:37,311 [INFO] DbBoards:665 - Loaded 218 board mini-images
2026-07-28 16:03:18,486 [INFO] MainUpdater:2872 - connection check result : 10
2026-07-28 16:03:18,486 [INFO] MainUpdater:2872 - connection check result : 10
2026-07-28 16:03:18,578 [INFO] MicroXplorer:468 - Change Database Path : 
2026-07-28 16:03:18,579 [INFO] MicroXplorer:498 - Change Database Version : DB.6.0.150
2026-07-28 16:03:18,637 [ERROR] ProjectManagerView:395 - 
java.lang.NullPointerException: Cannot invoke "javax.swing.JTextField.getText()" because the return value of "java.util.List.get(int)" is null
	at com.st.microxplorer.plugins.projectmanager.gui.ProjectChoiceTab$9.caretUpdate(ProjectChoiceTab.java:2706) ~[filemanager.jar:?]
	at javax.swing.text.JTextComponent.fireCaretUpdate(JTextComponent.java:408) ~[?:?]
	at javax.swing.text.JTextComponent$MutableCaretEvent.fire(JTextComponent.java:4484) ~[?:?]
	at javax.swing.text.JTextComponent$MutableCaretEvent.stateChanged(JTextComponent.java:4506) ~[?:?]
	at javax.swing.text.DefaultCaret.fireStateChanged(DefaultCaret.java:857) ~[?:?]
	at javax.swing.text.DefaultCaret.changeCaretPosition(DefaultCaret.java:1343) ~[?:?]
	at javax.swing.text.DefaultCaret.handleSetDot(DefaultCaret.java:1242) ~[?:?]
	at javax.swing.text.DefaultCaret.setDot(DefaultCaret.java:1223) ~[?:?]
	at javax.swing.text.DefaultCaret$Handler.insertUpdate(DefaultCaret.java:1819) ~[?:?]
	at javax.swing.text.AbstractDocument.fireInsertUpdate(AbstractDocument.java:227) ~[?:?]
	at javax.swing.text.AbstractDocument.handleInsertString(AbstractDocument.java:781) ~[?:?]
	at javax.swing.text.AbstractDocument.insertString(AbstractDocument.java:740) ~[?:?]
	at javax.swing.text.PlainDocument.insertString(PlainDocument.java:131) ~[?:?]
	at javax.swing.text.AbstractDocument.replace(AbstractDocument.java:699) ~[?:?]
	at javax.swing.text.JTextComponent.setText(JTextComponent.java:1725) ~[?:?]
	at com.st.microxplorer.plugins.projectmanager.gui.ProjectChoiceTab.createHeapStackFields(ProjectChoiceTab.java:993) ~[filemanager.jar:?]
	at com.st.microxplorer.plugins.projectmanager.gui.ProjectChoiceTab.buildLinkSettingsPanel(ProjectChoiceTab.java:3813) ~[filemanager.jar:?]
	at com.st.microxplorer.plugins.projectmanager.gui.ProjectChoiceTab.defineWindowsFields(ProjectChoiceTab.java:1987) ~[filemanager.jar:?]
	at com.st.microxplorer.plugins.projectmanager.gui.ProjectChoiceTab.updateSettings(ProjectChoiceTab.java:558) ~[filemanager.jar:?]
	at com.st.microxplorer.plugins.projectmanager.gui.ProjectSettingsPanel.UpdateDialog(ProjectSettingsPanel.java:247) ~[filemanager.jar:?]
	at com.st.microxplorer.plugins.projectmanager.ProjectManagerView.propertyChange(ProjectManagerView.java:392) ~[filemanager.jar:?]
	at java.beans.PropertyChangeSupport.fire(PropertyChangeSupport.java:343) ~[?:?]
	at java.beans.PropertyChangeSupport.firePropertyChange(PropertyChangeSupport.java:335) ~[?:?]
	at java.beans.PropertyChangeSupport.firePropertyChange(PropertyChangeSupport.java:268) ~[?:?]
	at com.st.microxplorer.util.MXPropertyChangeSupport.firePropertyChange(MXPropertyChangeSupport.java:54) ~[STM32CubeMX.jar:?]
	at com.st.microxplorer.mxsystem.MxSystem.closeConfig(MxSystem.java:899) ~[STM32CubeMX.jar:?]
	at com.st.microxplorer.maingui.MainPanel.closeConfig(MainPanel.java:792) ~[STM32CubeMX.jar:?]
	at com.st.microxplorer.plugins.filemanager.engine.OpenFileManager.loadConfigurationFile(OpenFileManager.java:288) ~[filemanager.jar:?]
	at com.st.microxplorer.plugins.filemanager.engine.MainFileManager.userLoadConfig(MainFileManager.java:364) ~[filemanager.jar:?]
	at com.st.microxplorer.plugins.filemanager.FileManagerView.getSpecificTask(FileManagerView.java:268) ~[filemanager.jar:?]
	at com.st.stm32cube.common.mx.editor.CubeMxEditor.getMxTabbedPaneInstance(CubeMxEditor.java:1191) ~[com.st.stm32cube.common.mx_6.15.0.202507011659/:?]
	at com.st.stm32cube.common.mx.editor.CubeMxEditor$12$1.createSwingComponent(CubeMxEditor.java:1068) ~[com.st.stm32cube.common.mx_6.15.0.202507011659/:?]
	at com.st.stm32cube.common.mx.oss.core.awtswtbridge.EmbeddedSwingComposite.doComponentCreation(EmbeddedSwingComposite.java:492) ~[com.st.stm32cube.common.mx.oss_6.15.0.202507011659/:?]
	at com.st.stm32cube.common.mx.oss.core.awtswtbridge.EmbeddedSwingComposite$4.run(EmbeddedSwingComposite.java:291) ~[com.st.stm32cube.common.mx.oss_6.15.0.202507011659/:?]
	at com.st.stm32cube.common.mx.oss.core.awtswtbridge.AwtEnvironment$2.run(AwtEnvironment.java:166) ~[com.st.stm32cube.common.mx.oss_6.15.0.202507011659/:?]
	at java.awt.event.InvocationEvent.dispatch(InvocationEvent.java:318) ~[?:?]
	at java.awt.EventQueue.dispatchEventImpl(EventQueue.java:773) ~[?:?]
	at java.awt.EventQueue$4.run(EventQueue.java:720) ~[?:?]
	at java.awt.EventQueue$4.run(EventQueue.java:714) ~[?:?]
	at java.security.AccessController.doPrivileged(AccessController.java:400) ~[?:?]
	at java.security.ProtectionDomain$JavaSecurityAccessImpl.doIntersectionPrivilege(ProtectionDomain.java:87) ~[?:?]
	at java.awt.EventQueue.dispatchEvent(EventQueue.java:742) ~[?:?]
	at java.awt.EventDispatchThread.pumpOneEventForFilters(EventDispatchThread.java:203) ~[?:?]
	at java.awt.EventDispatchThread.pumpEventsForFilter(EventDispatchThread.java:124) ~[?:?]
	at java.awt.EventDispatchThread.pumpEventsForHierarchy(EventDispatchThread.java:113) ~[?:?]
	at java.awt.EventDispatchThread.pumpEvents(EventDispatchThread.java:109) ~[?:?]
	at java.awt.EventDispatchThread.pumpEvents(EventDispatchThread.java:101) ~[?:?]
	at java.awt.EventDispatchThread.run(EventDispatchThread.java:90) ~[?:?]
2026-07-28 16:03:18,641 [WARN] ThirdParty:871 - waiting for thirdparty lock release [close project]
2026-07-28 16:03:18,642 [INFO] ThirdParty:873 - entering critical section [close project]
2026-07-28 16:03:18,642 [INFO] ThirdParty:883 - exiting critical section [close project]
2026-07-28 16:03:18,650 [INFO] PinOutPanel:1589 - setPackage(No Configuration,No Configuration)
2026-07-28 16:03:18,668 [INFO] UtilMem:75 - Begin LoadConfig() Used Memory: 897285408 Bytes (1073741824)
2026-07-28 16:03:18,669 [INFO] OpenFileManager:355 - Change cursor
2026-07-28 16:03:18,700 [INFO] RulesReader:64 - Compatibility file has been processed (317 Rules)
2026-07-28 16:03:18,706 [INFO] ProjectFactory:514 - No CPN specified for board B-L4S5I-IOT01A => set CPN to STM32L4S5VIT6
2026-07-28 16:03:18,707 [INFO] Mcu:2029 - Initializing MCU STM32L4S5VITx STM32L4S5VITx STM32L4S5VIT6
2026-07-28 16:03:20,655 [INFO] Context:786 - Trying to add GPIOservice into a context  which must be forbidden
2026-07-28 16:03:21,316 [INFO] Rule:233 - rule 117617 - U5Cobra4M][GTZC] default value MPCBB3 and MPCBB5 - Not Secured memory - MPCBB1 is applicable
2026-07-28 16:03:21,316 [INFO] Rule:233 - rule 117617 - U5Cobra4M][GTZC] default value MPCBB3 and MPCBB5 - Not Secured memory - MPCBB1 is applicable
2026-07-28 16:03:21,316 [INFO] Rule:233 - rule 117617 - U5Cobra4M][GTZC] default value MPCBB3 and MPCBB5 - Not Secured memory - MPCBB2 is applicable
2026-07-28 16:03:21,317 [INFO] Rule:233 - rule 117617 - U5Cobra4M][GTZC] default value MPCBB3 and MPCBB5 - Not Secured memory - MPCBB2 is applicable
2026-07-28 16:03:21,317 [INFO] Rule:233 - rule 117617 - U5Cobra4M][GTZC] default value MPCBB3 and MPCBB5 - Not Secured memory - MPCBB3 is applicable
2026-07-28 16:03:21,317 [INFO] Rule:233 - rule 117617 - U5Cobra4M][GTZC] default value MPCBB3 and MPCBB5 - Not Secured memory - MPCBB3 is applicable
2026-07-28 16:03:21,317 [INFO] Rule:233 - rule 117617 - U5Cobra4M][GTZC] default value MPCBB3 and MPCBB5 - Not Secured memory - MPCBB4 is applicable
2026-07-28 16:03:21,317 [INFO] Rule:233 - rule 117617 - U5Cobra4M][GTZC] default value MPCBB3 and MPCBB5 - Not Secured memory - MPCBB4 is applicable
2026-07-28 16:03:21,317 [INFO] Rule:233 - rule 117617 - U5Cobra4M][GTZC] default value MPCBB3 and MPCBB5 - Secured memory - MPCBB1 is applicable
2026-07-28 16:03:21,317 [INFO] Rule:233 - rule 117617 - U5Cobra4M][GTZC] default value MPCBB3 and MPCBB5 - Secured memory - MPCBB2 is applicable
2026-07-28 16:03:21,317 [INFO] Rule:233 - rule 117617 - U5Cobra4M][GTZC] default value MPCBB3 and MPCBB5 - Secured memory - MPCBB3 is applicable
2026-07-28 16:03:21,317 [INFO] Rule:233 - rule 117617 - U5Cobra4M][GTZC] default value MPCBB3 and MPCBB5 - Secured memory - MPCBB4 is applicable
2026-07-28 16:03:21,317 [INFO] Rule:233 - rule 117617 - U5Cobra4M][GTZC] default value MPCBB3 and MPCBB5 - Privileged memory - MPCBB1 is applicable
2026-07-28 16:03:21,317 [INFO] Rule:233 - rule 117617 - U5Cobra4M][GTZC] default value MPCBB3 and MPCBB5 - Privileged memory - MPCBB2 is applicable
2026-07-28 16:03:21,317 [INFO] Rule:233 - rule 117617 - U5Cobra4M][GTZC] default value MPCBB3 and MPCBB5 - Privileged memory - MPCBB3 is applicable
2026-07-28 16:03:21,317 [INFO] Rule:233 - rule 117617 - U5Cobra4M][GTZC] default value MPCBB3 and MPCBB5 - Privileged memory - MPCBB4 is applicable
2026-07-28 16:03:21,317 [INFO] Rule:233 - rule 117617 - U5Cobra4M][GTZC] default value MPCBB3 and MPCBB5 - Not Privileged memory - MPCBB1 is applicable
2026-07-28 16:03:21,317 [INFO] Rule:233 - rule 117617 - U5Cobra4M][GTZC] default value MPCBB3 and MPCBB5 - Not Privileged memory - MPCBB2 is applicable
2026-07-28 16:03:21,317 [INFO] Rule:233 - rule 117617 - U5Cobra4M][GTZC] default value MPCBB3 and MPCBB5 - Not Privileged memory - MPCBB3 is applicable
2026-07-28 16:03:21,317 [INFO] Rule:233 - rule 117617 - U5Cobra4M][GTZC] default value MPCBB3 and MPCBB5 - Not Privileged memory - MPCBB4 is applicable
2026-07-28 16:03:21,318 [INFO] Rule:233 - rule 117617 - U5Cobra4M][GTZC] default value MPCBB3 and MPCBB5 - Privileged memory - MPCBB1 is applicable
2026-07-28 16:03:21,318 [INFO] Rule:233 - rule 117617 - U5Cobra4M][GTZC] default value MPCBB3 and MPCBB5 - Privileged memory - MPCBB2 is applicable
2026-07-28 16:03:21,318 [INFO] Rule:233 - rule 117617 - U5Cobra4M][GTZC] default value MPCBB3 and MPCBB5 - Privileged memory - MPCBB3 is applicable
2026-07-28 16:03:21,318 [INFO] Rule:233 - rule 117617 - U5Cobra4M][GTZC] default value MPCBB3 and MPCBB5 - Privileged memory - MPCBB4 is applicable
2026-07-28 16:03:21,318 [INFO] Rule:233 - rule 117617 - U5Cobra4M][GTZC] default value MPCBB3 and MPCBB5 - Privileged memory - MPCBB1 is applicable
2026-07-28 16:03:21,318 [INFO] Rule:233 - rule 117617 - U5Cobra4M][GTZC] default value MPCBB3 and MPCBB5 - Privileged memory - MPCBB2 is applicable
2026-07-28 16:03:21,318 [INFO] Rule:233 - rule 117617 - U5Cobra4M][GTZC] default value MPCBB3 and MPCBB5 - Privileged memory - MPCBB3 is applicable
2026-07-28 16:03:21,318 [INFO] Rule:233 - rule 117617 - U5Cobra4M][GTZC] default value MPCBB3 and MPCBB5 - Privileged memory - MPCBB4 is applicable
2026-07-28 16:03:21,318 [INFO] Rule:233 - rule 117617 - U5Cobra4M][GTZC] default value MPCBB3 and MPCBB5 - Not Privileged memory - MPCBB1 is applicable
2026-07-28 16:03:21,318 [INFO] Rule:233 - rule 117617 - U5Cobra4M][GTZC] default value MPCBB3 and MPCBB5 - Not Privileged memory - MPCBB2 is applicable
2026-07-28 16:03:21,318 [INFO] Rule:233 - rule 117617 - U5Cobra4M][GTZC] default value MPCBB3 and MPCBB5 - Not Privileged memory - MPCBB3 is applicable
2026-07-28 16:03:21,318 [INFO] Rule:233 - rule 117617 - U5Cobra4M][GTZC] default value MPCBB3 and MPCBB5 - Not Privileged memory - MPCBB4 is applicable
2026-07-28 16:03:21,318 [INFO] Rule:233 - rule 117617 - U5Cobra4M][GTZC] default value MPCBB3 and MPCBB5 - Privileged memory - MPCBB1 is applicable
2026-07-28 16:03:21,318 [INFO] Rule:233 - rule 117617 - U5Cobra4M][GTZC] default value MPCBB3 and MPCBB5 - Privileged memory - MPCBB2 is applicable
2026-07-28 16:03:21,318 [INFO] Rule:233 - rule 117617 - U5Cobra4M][GTZC] default value MPCBB3 and MPCBB5 - Privileged memory - MPCBB3 is applicable
2026-07-28 16:03:21,318 [INFO] Rule:233 - rule 117617 - U5Cobra4M][GTZC] default value MPCBB3 and MPCBB5 - Privileged memory - MPCBB4 is applicable
2026-07-28 16:03:21,319 [INFO] Rule:233 - rule WakeUp0 Mode is applicable
2026-07-28 16:03:21,319 [INFO] Rule:233 - rule WakeUp0 SIGNAL is applicable
2026-07-28 16:03:21,319 [INFO] Rule:233 - rule WakeUp1 Mode is applicable
2026-07-28 16:03:21,319 [INFO] Rule:233 - rule WakeUp1 SIGNAL is applicable
2026-07-28 16:03:21,319 [INFO] Rule:233 - rule WakeUp2 Mode is applicable
2026-07-28 16:03:21,319 [INFO] Rule:233 - rule WakeUp2 SIGNAL is applicable
2026-07-28 16:03:21,319 [INFO] Rule:233 - rule WakeUp4 Mode is applicable
2026-07-28 16:03:21,319 [INFO] Rule:233 - rule WakeUp4 SIGNAL is applicable
2026-07-28 16:03:21,319 [INFO] Rule:233 - rule WakeUp5 Mode is applicable
2026-07-28 16:03:21,319 [INFO] Rule:233 - rule WakeUp5 SIGNAL is applicable
2026-07-28 16:03:21,319 [INFO] Rule:233 - rule Change Default Value for LSE Drive Capability for WB family is applicable
2026-07-28 16:03:21,319 [INFO] Rule:233 - rule change FDCAN default value is applicable
2026-07-28 16:03:21,319 [INFO] Rule:233 - rule Adapt Old IOC before rework replace old CORTEX_M33/CORTEX_M55 attributes by the new one. is applicable
2026-07-28 16:03:21,319 [INFO] Rule:233 - rule Rename parametre of RCC RCC_APBDBG_DIV2 to RCC_TIMPRES_DIV2 is applicable
2026-07-28 16:03:21,319 [INFO] Rule:233 - rule Rename DIE493 pin PA10 [PA12] -> PA10 is applicable
2026-07-28 16:03:21,319 [INFO] Rule:233 - rule Rename DIE493 pin PA9 [PA11] -> PA9 is applicable
2026-07-28 16:03:21,320 [INFO] Rule:233 - rule Rename DIE492 PartNumber CPN STM32WBA5MJGHx -> STM32WBA5MMGHx is applicable
2026-07-28 16:03:21,320 [INFO] Rule:233 - rule Rename DIE492 PartNumber  Name STM32WBA5MJGHx -> STM32WBA5MMGHx is applicable
2026-07-28 16:03:21,320 [INFO] Rule:233 - rule Rename DIE492 PartNumber UserName STM32WBA5MJGHx -> STM32WBA5MMGHx is applicable
2026-07-28 16:03:21,320 [INFO] Rule:233 - rule Rename DIE492 PartNumber DeviceId STM32WBA5MJGHx -> STM32WBA5MMGHx is applicable
2026-07-28 16:03:21,320 [INFO] Rule:233 - rule Adapt Old IOC CSI. is applicable
2026-07-28 16:03:21,320 [INFO] Rule:233 - rule Adapt Old IOC DCMIPP. is applicable
2026-07-28 16:03:21,320 [INFO] Rule:233 - rule Adapt Old IOC DCMIPP Mode Parallel. is applicable
2026-07-28 16:03:21,320 [INFO] Rule:233 - rule Adapt Old IOC LTDC. is applicable
2026-07-28 16:03:21,320 [INFO] Rule:233 - rule Rename STM32MP2 RIF Peripheral LTDC RIF.RISUP.LTDC_L0L1.Privilege -> RIF.RISUP.LTDC_L1L2.Privilege is applicable
2026-07-28 16:03:21,320 [INFO] Rule:233 - rule Rename STM32MP2 RIF Peripheral LTDC RIF.RISUP.LTDC_L0L1.Privilege -> RIF.RISUP.LTDC_L1L2.Privilege is applicable
2026-07-28 16:03:21,320 [INFO] Rule:233 - rule Rename STM32MP2 RIF Peripheral LTDC RIF.RISUP.LTDC_L0L1.Lock -> RIF.RISUP.LTDC_L1L2.Lock is applicable
2026-07-28 16:03:21,320 [INFO] Rule:233 - rule Rename STM32MP2 RIF Peripheral LTDC RIF.RISUP.LTDC_L2.Lock -> RIF.RISUP.LTDC_L3.Lock is applicable
2026-07-28 16:03:21,320 [INFO] Rule:233 - rule Adapt the old IOC example for updating the SYS when it is misconfigured. is applicable
2026-07-28 16:03:21,320 [INFO] Rule:233 - rule Rename STM32C09 Mcu.Package LQFP64 -> LQFP48 is applicable
2026-07-28 16:03:21,321 [INFO] Rule:233 - rule Adapt the old IOC example for updating the SYS when it is misconfigured. is applicable
2026-07-28 16:03:21,321 [INFO] Rule:233 - rule Adapt the old IOC example for updating the SYS when it is misconfigured. is applicable
2026-07-28 16:03:21,326 [INFO] DbConfProperties:307 - Apply Compatibility (5/68 Rules)
2026-07-28 16:03:21,351 [INFO] ImportTextPane:234 - (OptionalMessage_ERROR) Pin84 (VP_RIF_VS_RIF1) cannot be retrieved for this MCU
2026-07-28 16:03:21,410 [INFO] RtosManager:558 - Registered RTOS mode: class=CMSIS, group=RTOS, mode=CMSIS_V1, owner=FREERTOS
2026-07-28 16:03:21,410 [INFO] RtosManager:558 - Registered RTOS mode: class=CMSIS, group=RTOS2, mode=CMSIS_V2, owner=FREERTOS
2026-07-28 16:03:21,410 [INFO] RtosManager:558 - Registered RTOS mode: class=RTOS, group=Core, mode=CMSIS_V1, owner=FREERTOS
2026-07-28 16:03:21,410 [INFO] RtosManager:558 - Registered RTOS mode: class=RTOS, group=Core, mode=CMSIS_V2, owner=FREERTOS
2026-07-28 16:03:21,410 [WARN] ModelIntegratedComponent:184 - Missing modes for component STMicroelectronics:FreeRTOS:0.0.1:STMicroelectronics:RTOS:FreeRTOS:Core:::10.2.0:
2026-07-28 16:03:21,529 [WARN] ModelIntegratedComponent:63 - No mode defined for component null
2026-07-28 16:03:21,529 [WARN] ModelIntegratedComponent:63 - No mode defined for component null
2026-07-28 16:03:21,529 [WARN] ModelIntegratedComponent:63 - No mode defined for component null
2026-07-28 16:03:21,530 [WARN] ModelIntegratedComponent:63 - No mode defined for component null
2026-07-28 16:03:21,530 [WARN] ModelIntegratedComponent:63 - No mode defined for component null
2026-07-28 16:03:21,530 [WARN] ModelIntegratedComponent:63 - No mode defined for component null
2026-07-28 16:03:21,530 [WARN] ModelIntegratedComponent:63 - No mode defined for component null
2026-07-28 16:03:21,530 [WARN] ModelIntegratedComponent:63 - No mode defined for component null
2026-07-28 16:03:21,530 [WARN] ModelIntegratedComponent:63 - No mode defined for component null
2026-07-28 16:03:21,530 [WARN] ModelIntegratedComponent:63 - No mode defined for component null
2026-07-28 16:03:21,530 [WARN] ModelIntegratedComponent:63 - No mode defined for component null
2026-07-28 16:03:21,530 [WARN] ModelIntegratedComponent:63 - No mode defined for component null
2026-07-28 16:03:21,530 [WARN] ModelIntegratedComponent:63 - No mode defined for component null
2026-07-28 16:03:21,530 [WARN] ModelIntegratedComponent:63 - No mode defined for component null
2026-07-28 16:03:21,530 [WARN] ModelIntegratedComponent:63 - No mode defined for component null
2026-07-28 16:03:21,530 [WARN] ModelIntegratedComponent:63 - No mode defined for component null
2026-07-28 16:03:21,530 [WARN] ModelIntegratedComponent:63 - No mode defined for component null
2026-07-28 16:03:21,531 [WARN] ModelIntegratedComponent:63 - No mode defined for component null
2026-07-28 16:03:21,531 [WARN] ModelIntegratedComponent:63 - No mode defined for component null
2026-07-28 16:03:21,531 [WARN] ModelIntegratedComponent:63 - No mode defined for component null
2026-07-28 16:03:21,531 [WARN] ModelIntegratedComponent:63 - No mode defined for component null
2026-07-28 16:03:21,531 [WARN] ModelIntegratedComponent:63 - No mode defined for component null
2026-07-28 16:03:21,531 [WARN] ModelIntegratedComponent:63 - No mode defined for component null
2026-07-28 16:03:21,531 [WARN] ModelIntegratedComponent:63 - No mode defined for component null
2026-07-28 16:03:21,531 [WARN] ModelIntegratedComponent:63 - No mode defined for component null
2026-07-28 16:03:21,531 [WARN] ModelIntegratedComponent:63 - No mode defined for component null
2026-07-28 16:03:21,531 [WARN] ModelIntegratedComponent:63 - No mode defined for component null
2026-07-28 16:03:21,531 [WARN] ModelIntegratedComponent:63 - No mode defined for component null
2026-07-28 16:03:21,531 [WARN] ModelIntegratedComponent:63 - No mode defined for component null
2026-07-28 16:03:21,531 [WARN] ModelIntegratedComponent:63 - No mode defined for component null
2026-07-28 16:03:21,531 [WARN] ModelIntegratedComponent:63 - No mode defined for component null
2026-07-28 16:03:21,531 [WARN] ModelIntegratedComponent:63 - No mode defined for component null
2026-07-28 16:03:21,531 [WARN] ModelIntegratedComponent:63 - No mode defined for component null
2026-07-28 16:03:21,531 [WARN] ModelIntegratedComponent:63 - No mode defined for component null
2026-07-28 16:03:21,531 [WARN] ModelIntegratedComponent:63 - No mode defined for component null
2026-07-28 16:03:21,531 [WARN] ModelPack:524 - Component already loaded: STMicroelectronics:HAL Drivers:0.0.0:STMicroelectronics:Device:STMicro_Driver:XSPI:HAL::0.0.1:HAL_XSPI
2026-07-28 16:03:21,569 [INFO] ThirdPartyModel:298 - Start build external matchings
2026-07-28 16:03:21,867 [INFO] ThirdPartyModel:316 - End build external matchings
2026-07-28 16:03:21,885 [WARN] IP:2250 - MaxTran not found: check if there is a RefParameter without a condition.
2026-07-28 16:03:21,885 [WARN] IP:2250 - Refresh not found: check if there is a RefParameter without a condition.
2026-07-28 16:03:21,885 [INFO] ImportTextPane:234 - (OptionalMessage_ERROR) IP (RCC) : Invalid parameter (FamilyName)
2026-07-28 16:03:22,115 [INFO] UtilMem:75 - End LoadConfig() Used Memory: 869549176 Bytes (1073741824)
2026-07-28 16:03:22,195 [WARN] ThirdParty:833 - waiting for thirdparty lock release [change project]
2026-07-28 16:03:22,195 [INFO] ThirdParty:835 - entering critical section [change project]
2026-07-28 16:03:22,195 [INFO] ThirdParty:1030 - CMSIS Pack Vendor :STMicroelectronics X-CUBE-AZRTOS-H7 3.5.0
2026-07-28 16:03:22,196 [INFO] ThirdParty:1030 - CMSIS Pack Vendor :STMicroelectronics X-CUBE-PM33A1 1.0.0
2026-07-28 16:03:22,196 [INFO] ThirdParty:1030 - CMSIS Pack Vendor :STMicroelectronics USBPD 4.1
2026-07-28 16:03:22,196 [INFO] ThirdParty:1030 - CMSIS Pack Vendor :STMicroelectronics X-CUBE-NFC9 1.0.0
2026-07-28 16:03:22,196 [INFO] ThirdParty:1030 - CMSIS Pack Vendor :STMicroelectronics USB_HOST 2.0.0
2026-07-28 16:03:22,196 [INFO] ThirdParty:1030 - CMSIS Pack Vendor :STMicroelectronics FP-ATR-ASTRA1 2.0.3
2026-07-28 16:03:22,196 [INFO] ThirdParty:1030 - CMSIS Pack Vendor :STMicroelectronics X-CUBE-AZRTOS-F4 1.1.0
2026-07-28 16:03:22,196 [INFO] ThirdParty:1030 - CMSIS Pack Vendor :STMicroelectronics LIBJPEG 8.0.0
2026-07-28 16:03:22,196 [INFO] ThirdParty:1030 - CMSIS Pack Vendor :STMicroelectronics X-CUBE-BLE1 7.1.0
2026-07-28 16:03:22,196 [INFO] ThirdParty:1030 - CMSIS Pack Vendor :wolfSSL I-CUBE-wolfMQTT 1.19.2
2026-07-28 16:03:22,196 [INFO] ThirdParty:1030 - CMSIS Pack Vendor :STMicroelectronics USB_DEVICE 3.0.0
2026-07-28 16:03:22,196 [INFO] ThirdParty:1030 - CMSIS Pack Vendor :STMicroelectronics X-CUBE-ISPU 2.1.0
2026-07-28 16:03:22,196 [INFO] ThirdParty:1030 - CMSIS Pack Vendor :STMicroelectronics X-CUBE-EEPRMA1 5.2.0
2026-07-28 16:03:22,196 [INFO] ThirdParty:1030 - CMSIS Pack Vendor :STMicroelectronics X-CUBE-IPS 3.2.0
2026-07-28 16:03:22,196 [INFO] ThirdParty:1030 - CMSIS Pack Vendor :STMicroelectronics eDS-WB_DPC_TT-BIDIR 2.1.1
2026-07-28 16:03:22,196 [INFO] ThirdParty:1030 - CMSIS Pack Vendor :STMicroelectronics X-CUBE-AZRTOS-WB 2.0.0
2026-07-28 16:03:22,196 [INFO] ThirdParty:1030 - CMSIS Pack Vendor :STMicroelectronics X-CUBE-NFC12 1.0.0
2026-07-28 16:03:22,196 [INFO] ThirdParty:1030 - CMSIS Pack Vendor :STMicroelectronics X-CUBE-AZRTOS-F7 1.1.0
2026-07-28 16:03:22,196 [INFO] ThirdParty:1030 - CMSIS Pack Vendor :STMicroelectronics X-CUBE-AZRTOS-L5 2.0.0
2026-07-28 16:03:22,196 [INFO] ThirdParty:1030 - CMSIS Pack Vendor :STMicroelectronics USB_DEVICE 2.0.0
2026-07-28 16:03:22,196 [INFO] ThirdParty:1030 - CMSIS Pack Vendor :STMicroelectronics X-CUBE-FREERTOS 1.6.0
2026-07-28 16:03:22,196 [INFO] ThirdParty:1030 - CMSIS Pack Vendor :STMicroelectronics FP-SNS-STAIOTCFT 1.1.0
2026-07-28 16:03:22,196 [INFO] ThirdParty:1030 - CMSIS Pack Vendor :quantropi X-CUBE-qispace-sdk-base 2.1.0
2026-07-28 16:03:22,196 [INFO] ThirdParty:1030 - CMSIS Pack Vendor :STMicroelectronics X-CUBE-STSE01 2.0.0
2026-07-28 16:03:22,196 [INFO] ThirdParty:1030 - CMSIS Pack Vendor :STMicroelectronics X-CUBE-ALGOBUILD 1.5.0
2026-07-28 16:03:22,196 [INFO] ThirdParty:1030 - CMSIS Pack Vendor :STMicroelectronics FP-SNS-MOTENV1 5.1.0
2026-07-28 16:03:22,196 [INFO] ThirdParty:1030 - CMSIS Pack Vendor :STMicroelectronics FreeRTOS 0.0.1
2026-07-28 16:03:22,196 [INFO] ThirdParty:1030 - CMSIS Pack Vendor :STMicroelectronics X-CUBE-AZRTOS-H7RS 1.3.0
2026-07-28 16:03:22,196 [INFO] ThirdParty:1030 - CMSIS Pack Vendor :STMicroelectronics X-CUBE-AZRTOS-G0 1.1.0
2026-07-28 16:03:22,196 [INFO] ThirdParty:1030 - CMSIS Pack Vendor :STMicroelectronics X-CUBE-NFC4 3.0.0
2026-07-28 16:03:22,196 [INFO] ThirdParty:1030 - CMSIS Pack Vendor :STMicroelectronics X-CUBE-SUBG2 5.0.0
2026-07-28 16:03:22,196 [INFO] ThirdParty:1030 - CMSIS Pack Vendor :STMicroelectronics STM32_WPAN 1.0.0
2026-07-28 16:03:22,196 [INFO] ThirdParty:1030 - CMSIS Pack Vendor :STMicroelectronics eDS-WB_DPC_VIENNA 1.2.0
2026-07-28 16:03:22,196 [INFO] ThirdParty:1030 - CMSIS Pack Vendor :EmbeddedOffice I-CUBE-FS-RTOS 1.0.1
2026-07-28 16:03:22,196 [INFO] ThirdParty:1030 - CMSIS Pack Vendor :STMicroelectronics lwIP 2.0.3
2026-07-28 16:03:22,196 [INFO] ThirdParty:1030 - CMSIS Pack Vendor :WES I-CUBE-Cesium 1.4.0
2026-07-28 16:03:22,196 [INFO] ThirdParty:1030 - CMSIS Pack Vendor :STMicroelectronics X-CUBE-MEMS1 13.0.0
2026-07-28 16:03:22,196 [INFO] ThirdParty:1030 - CMSIS Pack Vendor :STMicroelectronics eDS-WB_DPC_3PH2L-BIDIR 1.1.1
2026-07-28 16:03:22,196 [INFO] ThirdParty:1030 - CMSIS Pack Vendor :STMicroelectronics USB_HOST 1.0.0
2026-07-28 16:03:22,196 [INFO] ThirdParty:1030 - CMSIS Pack Vendor :STMicroelectronics X-CUBE-AZRTOS-G4 2.0.0
2026-07-28 16:03:22,196 [INFO] ThirdParty:1030 - CMSIS Pack Vendor :STMicroelectronics PDM2PCM 3.1.0
2026-07-28 16:03:22,196 [INFO] ThirdParty:1030 - CMSIS Pack Vendor :STMicroelectronics PDM2PCM 3.3.0
2026-07-28 16:03:22,196 [INFO] ThirdParty:1030 - CMSIS Pack Vendor :wolfSSL I-CUBE-wolfTPM 3.8.0
2026-07-28 16:03:22,196 [INFO] ThirdParty:1030 - CMSIS Pack Vendor :STMicroelectronics X-CUBE-DISPLAY 3.0.0
2026-07-28 16:03:22,196 [INFO] ThirdParty:1030 - CMSIS Pack Vendor :wolfSSL I-CUBE-wolfSSH 1.4.20
2026-07-28 16:03:22,196 [INFO] ThirdParty:1030 - CMSIS Pack Vendor :STMicroelectronics X-CUBE-NFC7 2.0.0
2026-07-28 16:03:22,196 [INFO] ThirdParty:1030 - CMSIS Pack Vendor :STMicroelectronics X-CUBE-GNSS1 7.1.1
2026-07-28 16:03:22,196 [INFO] ThirdParty:1030 - CMSIS Pack Vendor :STMicroelectronics FP-SNS-MOTENVWB1 1.5.0
2026-07-28 16:03:22,196 [INFO] ThirdParty:1030 - CMSIS Pack Vendor :STMicroelectronics X-CUBE-TCPP 4.2.0
2026-07-28 16:03:22,196 [INFO] ThirdParty:1030 - CMSIS Pack Vendor :RealThread X-CUBE-RT-Thread_Nano 4.1.1
2026-07-28 16:03:22,196 [INFO] ThirdParty:1030 - CMSIS Pack Vendor :STMicroelectronics FP-ATR-SIGFOX1 3.2.0
2026-07-28 16:03:22,196 [INFO] ThirdParty:1030 - CMSIS Pack Vendor :STMicroelectronics X-CUBE-NFC10 1.0.0
2026-07-28 16:03:22,196 [INFO] ThirdParty:1030 - CMSIS Pack Vendor :STMicroelectronics HAL Drivers 0.0.0
2026-07-28 16:03:22,196 [INFO] ThirdParty:1030 - CMSIS Pack Vendor :STMicroelectronics MBEDTLS 2.16.2
2026-07-28 16:03:22,196 [INFO] ThirdParty:1030 - CMSIS Pack Vendor :STMicroelectronics X-CUBE-ST60 1.1.0
2026-07-28 16:03:22,196 [INFO] ThirdParty:1030 - CMSIS Pack Vendor :STMicroelectronics X-CUBE-ALS 1.0.2
2026-07-28 16:03:22,196 [INFO] ThirdParty:1030 - CMSIS Pack Vendor :emotas I-CUBE-CANOPEN 1.3.0
2026-07-28 16:03:22,196 [INFO] ThirdParty:1030 - CMSIS Pack Vendor :wolfSSL I-CUBE-wolfSSL 5.9.2
2026-07-28 16:03:22,196 [INFO] ThirdParty:1030 - CMSIS Pack Vendor :STMicroelectronics MBEDTLS 2.14.1
2026-07-28 16:03:22,196 [INFO] ThirdParty:1030 - CMSIS Pack Vendor :ITTIA_DB I-CUBE-ITTIADB 8.9.0
2026-07-28 16:03:22,196 [INFO] ThirdParty:1030 - CMSIS Pack Vendor :Cesanta I-CUBE-Mongoose 7.21.7
2026-07-28 16:03:22,196 [INFO] ThirdParty:1030 - CMSIS Pack Vendor :STMicroelectronics X-CUBE-TOUCHGFX 4.26.1
2026-07-28 16:03:22,196 [INFO] ThirdParty:1030 - CMSIS Pack Vendor :STMicroelectronics X-CUBE-NFC6 3.2.0
2026-07-28 16:03:22,196 [INFO] ThirdParty:1030 - CMSIS Pack Vendor :STMicroelectronics FP-SNS-STBOX1 2.1.0
2026-07-28 16:03:22,196 [INFO] ThirdParty:1030 - CMSIS Pack Vendor :STMicroelectronics X-CUBE-AI 10.2.1
2026-07-28 16:03:22,196 [INFO] ThirdParty:1030 - CMSIS Pack Vendor :STMicroelectronics ThreadX 1.0.0
2026-07-28 16:03:22,196 [INFO] ThirdParty:1030 - CMSIS Pack Vendor :STMicroelectronics FP-SNS-SMARTAG2 1.2.0
2026-07-28 16:03:22,196 [INFO] ThirdParty:1030 - CMSIS Pack Vendor :STMicroelectronics FP-SNS-FLIGHT1 5.1.0
2026-07-28 16:03:22,196 [INFO] ThirdParty:1030 - CMSIS Pack Vendor :STMicroelectronics X-CUBE-AZRTOS-WL 2.0.0
2026-07-28 16:03:22,196 [INFO] ThirdParty:1030 - CMSIS Pack Vendor :SEGGER I-CUBE-embOS 1.3.1
2026-07-28 16:03:22,197 [INFO] ThirdParty:1030 - CMSIS Pack Vendor :STMicroelectronics X-CUBE-DPower 1.3.0
2026-07-28 16:03:22,197 [INFO] ThirdParty:1030 - CMSIS Pack Vendor :STMicroelectronics USB_DEVICE 1.0.0
2026-07-28 16:03:22,197 [INFO] ThirdParty:1030 - CMSIS Pack Vendor :STMicroelectronics X-CUBE-AZRTOS-L4 2.0.0
2026-07-28 16:03:22,197 [INFO] ThirdParty:1030 - CMSIS Pack Vendor :STMicroelectronics ThreadX 0.0.2
2026-07-28 16:03:22,197 [INFO] ThirdParty:1030 - CMSIS Pack Vendor :STMicroelectronics lwIP 2.1.2
2026-07-28 16:03:22,197 [INFO] ThirdParty:1030 - CMSIS Pack Vendor :STMicroelectronics X-CUBE-SFXS2LP1 4.0.0
2026-07-28 16:03:22,197 [INFO] ThirdParty:1030 - CMSIS Pack Vendor :STMicroelectronics X-CUBE-BLE2 3.3.0
2026-07-28 16:03:22,197 [INFO] ThirdParty:1030 - CMSIS Pack Vendor :Avnet-IOTCONNECT X-CUBE-iotc-st67-sdk 1.0.0
2026-07-28 16:03:22,197 [INFO] ThirdParty:1030 - CMSIS Pack Vendor :STMicroelectronics X-CUBE-TOF1 3.4.3
2026-07-28 16:03:22,197 [INFO] ThirdParty:1030 - CMSIS Pack Vendor :Infineon AIROC-Wi-Fi-Bluetooth-STM32 1.8.0
2026-07-28 16:03:22,197 [INFO] ThirdParty:1030 - CMSIS Pack Vendor :STMicroelectronics X-CUBE-NFC13 1.0.0
2026-07-28 16:03:22,197 [INFO] ThirdParty:1030 - CMSIS Pack Vendor :STMicroelectronics PDM2PCM 3.2.0
2026-07-28 16:03:22,197 [INFO] ThirdParty:1030 - CMSIS Pack Vendor :STMicroelectronics X-CUBE-WB05N 2.1.0
2026-07-28 16:03:22,197 [INFO] ThirdParty:841 - exiting critical section [change project]
2026-07-28 16:03:22,414 [INFO] PinOutPanel:1589 - setPackage(No Configuration,No Configuration)
2026-07-28 16:03:22,414 [INFO] PinOutPanel:1589 - setPackage(STM32L4S5VITx,LQFP100)
2026-07-28 16:03:22,765 [INFO] UtilMem:75 - Before build in PCC Used Memory: 965123848 Bytes (1073741824)
2026-07-28 16:03:23,149 [INFO] UtilMem:75 - After build in PCC Used Memory: 933819600 Bytes (1073741824)
2026-07-28 16:03:23,166 [INFO] IPUIPlugin:80 - create IPUIPlugin
2026-07-28 16:03:23,166 [INFO] IPUIPlugin:80 - create IPUIPlugin
2026-07-28 16:03:23,166 [INFO] IPUIPlugin:80 - create IPUIPlugin
2026-07-28 16:03:23,166 [INFO] IPUIPlugin:80 - create IPUIPlugin
2026-07-28 16:03:23,166 [INFO] IPUIPlugin:80 - create IPUIPlugin
2026-07-28 16:03:23,167 [INFO] IPUIPlugin:80 - create IPUIPlugin
2026-07-28 16:03:23,167 [INFO] IPUIPlugin:80 - create IPUIPlugin
2026-07-28 16:03:23,167 [INFO] IPUIPlugin:80 - create IPUIPlugin
2026-07-28 16:03:23,167 [INFO] IPUIPlugin:80 - create IPUIPlugin
2026-07-28 16:03:23,167 [INFO] IPUIPlugin:80 - create IPUIPlugin
2026-07-28 16:03:23,167 [INFO] IPUIPlugin:80 - create IPUIPlugin
2026-07-28 16:03:23,167 [INFO] IPUIPlugin:80 - create IPUIPlugin
2026-07-28 16:03:23,167 [INFO] IPUIPlugin:80 - create IPUIPlugin
2026-07-28 16:03:23,167 [INFO] IPUIPlugin:80 - create IPUIPlugin
2026-07-28 16:03:23,167 [INFO] IPUIPlugin:80 - create IPUIPlugin
2026-07-28 16:03:23,167 [INFO] IPUIPlugin:80 - create IPUIPlugin
2026-07-28 16:03:23,167 [INFO] IPUIPlugin:80 - create IPUIPlugin
2026-07-28 16:03:23,167 [INFO] IPUIPlugin:80 - create IPUIPlugin
2026-07-28 16:03:23,167 [INFO] IPUIPlugin:80 - create IPUIPlugin
2026-07-28 16:03:23,167 [INFO] IPUIPlugin:80 - create IPUIPlugin
2026-07-28 16:03:23,168 [INFO] IPUIPlugin:80 - create IPUIPlugin
2026-07-28 16:03:23,168 [INFO] IPUIPlugin:80 - create IPUIPlugin
2026-07-28 16:03:23,168 [INFO] IPUIPlugin:80 - create IPUIPlugin
2026-07-28 16:03:23,168 [INFO] IPUIPlugin:80 - create IPUIPlugin
2026-07-28 16:03:23,168 [INFO] IPUIPlugin:80 - create IPUIPlugin
2026-07-28 16:03:23,168 [INFO] IPUIPlugin:80 - create IPUIPlugin
2026-07-28 16:03:23,168 [INFO] IPUIPlugin:80 - create IPUIPlugin
2026-07-28 16:03:23,168 [INFO] IPUIPlugin:80 - create IPUIPlugin
2026-07-28 16:03:23,168 [INFO] IPUIPlugin:80 - create IPUIPlugin
2026-07-28 16:03:23,169 [INFO] IPUIPlugin:80 - create IPUIPlugin
2026-07-28 16:03:23,169 [INFO] IPUIPlugin:80 - create IPUIPlugin
2026-07-28 16:03:23,169 [INFO] IPUIPlugin:80 - create IPUIPlugin
2026-07-28 16:03:23,169 [INFO] IPUIPlugin:80 - create IPUIPlugin
2026-07-28 16:03:23,169 [INFO] IPUIPlugin:80 - create IPUIPlugin
2026-07-28 16:03:23,169 [INFO] IPUIPlugin:80 - create IPUIPlugin
2026-07-28 16:03:23,169 [INFO] IPUIPlugin:80 - create IPUIPlugin
2026-07-28 16:03:23,169 [INFO] IPUIPlugin:80 - create IPUIPlugin
2026-07-28 16:03:23,169 [INFO] IPUIPlugin:80 - create IPUIPlugin
2026-07-28 16:03:23,170 [INFO] IPUIPlugin:80 - create IPUIPlugin
2026-07-28 16:03:23,170 [INFO] IPUIPlugin:80 - create IPUIPlugin
2026-07-28 16:03:23,170 [INFO] IPUIPlugin:80 - create IPUIPlugin
2026-07-28 16:03:23,170 [INFO] IPUIPlugin:80 - create IPUIPlugin
2026-07-28 16:03:23,170 [INFO] IPUIPlugin:80 - create IPUIPlugin
2026-07-28 16:03:23,170 [INFO] IPUIPlugin:80 - create IPUIPlugin
2026-07-28 16:03:23,171 [INFO] IPUIPlugin:80 - create IPUIPlugin
2026-07-28 16:03:23,171 [INFO] IPUIPlugin:80 - create IPUIPlugin
2026-07-28 16:03:23,171 [INFO] IPUIPlugin:80 - create IPUIPlugin
2026-07-28 16:03:23,171 [INFO] IPUIPlugin:80 - create IPUIPlugin
2026-07-28 16:03:23,171 [INFO] IPUIPlugin:80 - create IPUIPlugin
2026-07-28 16:03:23,171 [INFO] IPUIPlugin:80 - create IPUIPlugin
2026-07-28 16:03:23,171 [INFO] IPUIPlugin:80 - create IPUIPlugin
2026-07-28 16:03:23,171 [INFO] IPUIPlugin:80 - create IPUIPlugin
2026-07-28 16:03:23,172 [INFO] IPUIPlugin:80 - create IPUIPlugin
2026-07-28 16:03:23,172 [INFO] IPUIPlugin:80 - create IPUIPlugin
2026-07-28 16:03:23,172 [INFO] IPUIPlugin:80 - create IPUIPlugin
2026-07-28 16:03:23,172 [INFO] IPUIPlugin:80 - create IPUIPlugin
2026-07-28 16:03:23,172 [INFO] IPUIPlugin:80 - create IPUIPlugin
2026-07-28 16:03:23,172 [INFO] IPUIPlugin:80 - create IPUIPlugin
2026-07-28 16:03:23,173 [INFO] IPUIPlugin:80 - create IPUIPlugin
2026-07-28 16:03:23,173 [INFO] IPUIPlugin:80 - create IPUIPlugin
2026-07-28 16:03:23,173 [INFO] IPUIPlugin:80 - create IPUIPlugin
2026-07-28 16:03:23,173 [INFO] IPUIPlugin:80 - create IPUIPlugin
2026-07-28 16:03:23,173 [INFO] IPUIPlugin:80 - create IPUIPlugin
2026-07-28 16:03:23,235 [INFO] CADModel:165 - CPN selected for project levelSTM32L4S5VIT6
2026-07-28 16:03:23,235 [INFO] CADModel:114 - Register for checkConnection events
2026-07-28 16:03:23,296 [INFO] OpenFileManager:386 - Restore cursor
2026-07-28 16:03:23,567 [WARN] IP:2250 - MaxTran not found: check if there is a RefParameter without a condition.
2026-07-28 16:03:23,568 [WARN] IP:2250 - Refresh not found: check if there is a RefParameter without a condition.
2026-07-28 16:03:23,568 [WARN] IP:2250 - MaxTran not found: check if there is a RefParameter without a condition.
2026-07-28 16:03:23,568 [WARN] IP:2250 - Refresh not found: check if there is a RefParameter without a condition.
2026-07-28 16:03:24,286 [INFO] UtilMem:75 - End SaveConfig() Used Memory: 920710984 Bytes (1073741824)
2026-07-28 16:03:24,378 [INFO] UtilMem:75 - End SaveConfig() Used Memory: 939063112 Bytes (1073741824)
2026-07-28 16:03:24,713 [INFO] BlockDiagram:2775 - set Specific Code input for plugin: SPI
2026-07-28 16:03:24,713 [INFO] BlockDiagram:2775 - set Specific Code input for plugin: SPI
2026-07-28 16:03:24,713 [INFO] BlockDiagram:2775 - set Specific Code input for plugin: DFSDM
2026-07-28 16:03:24,713 [INFO] BlockDiagram:2775 - set Specific Code input for plugin: SYS
2026-07-28 16:03:24,713 [INFO] BlockDiagram:2775 - set Specific Code input for plugin: ADC
2026-07-28 16:03:24,713 [INFO] BlockDiagram:2775 - set Specific Code input for plugin: RCC
2026-07-28 16:03:24,714 [INFO] BlockDiagram:2775 - set Specific Code input for plugin: I2C
2026-07-28 16:03:24,714 [INFO] BlockDiagram:2775 - set Specific Code input for plugin: I2C
2026-07-28 16:03:24,714 [INFO] BlockDiagram:2775 - set Specific Code input for plugin: USB_OTG_FS
2026-07-28 16:03:24,714 [INFO] BlockDiagram:2775 - set Specific Code input for plugin: NVIC
2026-07-28 16:03:24,714 [INFO] BlockDiagram:2775 - set Specific Code input for plugin: USART
2026-07-28 16:03:24,714 [INFO] BlockDiagram:2775 - set Specific Code input for plugin: USART
2026-07-28 16:03:24,714 [INFO] BlockDiagram:2775 - set Specific Code input for plugin: USART
2026-07-28 16:03:24,714 [INFO] BlockDiagram:2775 - set Specific Code input for plugin: OCTOSPI
2026-07-28 16:03:24,714 [INFO] BlockDiagram:2775 - set Specific Code input for plugin: UART
2026-07-28 16:03:24,714 [INFO] BlockDiagram:2775 - set Specific Code input for plugin: GPIO
2026-07-28 16:03:24,715 [INFO] CodeGenerator:892 - code generatio: config db path: C:\ST\STM32CubeIDE_1.19.0\STM32CubeIDE\plugins\com.st.stm32cube.common.mx_6.15.0.202507011659\\db\
2026-07-28 16:03:24,757 [WARN] IP:2250 - MaxTran not found: check if there is a RefParameter without a condition.
2026-07-28 16:03:24,757 [WARN] IP:2250 - Refresh not found: check if there is a RefParameter without a condition.
2026-07-28 16:03:24,831 [INFO] CodeEngine:265 - oldGeneratedFile, D:\RKS_TinyML_Workspace\TinyML_Workshop_Nitte\STM32\SensorInterfacing\MXTmpFiles\license.tmp_save
2026-07-28 16:03:25,013 [INFO] CodeEngine:289 - Generated code: D:\RKS_TinyML_Workspace\TinyML_Workshop_Nitte\STM32\SensorInterfacing\MXTmpFiles\license.tmp
2026-07-28 16:03:25,167 [INFO] CodeEngine:265 - oldGeneratedFile, D:\RKS_TinyML_Workspace\TinyML_Workshop_Nitte\STM32\SensorInterfacing\MXTmpFiles\gpio.tmp_save
2026-07-28 16:03:25,304 [INFO] CodeEngine:289 - Generated code: D:\RKS_TinyML_Workspace\TinyML_Workshop_Nitte\STM32\SensorInterfacing\MXTmpFiles\gpio.tmp
2026-07-28 16:03:26,989 [WARN] IPConfigManager:103 - WARNING: Missing Config File for USB ip!!
2026-07-28 16:03:27,143 [WARN] IPConfigManager:3238 - Warning: the RefConfig PWREx_EnableUSBVoltageDetector is not available in your config.xml file
2026-07-28 16:03:27,163 [INFO] CodeEngine:265 - oldGeneratedFile, D:\RKS_TinyML_Workspace\TinyML_Workshop_Nitte\STM32\SensorInterfacing\Core\Src\stm32l4xx_it.c_save
2026-07-28 16:03:27,293 [INFO] CodeEngine:289 - Generated code: D:\RKS_TinyML_Workspace\TinyML_Workshop_Nitte\STM32\SensorInterfacing\Core\Src\stm32l4xx_it.c
2026-07-28 16:03:27,295 [INFO] CodeEngine:265 - oldGeneratedFile, D:\RKS_TinyML_Workspace\TinyML_Workshop_Nitte\STM32\SensorInterfacing\Core\Inc\stm32l4xx_it.h_save
2026-07-28 16:03:27,337 [INFO] CodeEngine:289 - Generated code: D:\RKS_TinyML_Workspace\TinyML_Workshop_Nitte\STM32\SensorInterfacing\Core\Inc\stm32l4xx_it.h
2026-07-28 16:03:27,354 [INFO] CodeEngine:265 - oldGeneratedFile, D:\RKS_TinyML_Workspace\TinyML_Workshop_Nitte\STM32\SensorInterfacing\Core\Src\stm32l4xx_hal_msp.c_save
2026-07-28 16:03:27,456 [INFO] CodeEngine:289 - Generated code: D:\RKS_TinyML_Workspace\TinyML_Workshop_Nitte\STM32\SensorInterfacing\Core\Src\stm32l4xx_hal_msp.c
2026-07-28 16:03:27,458 [INFO] CodeEngine:265 - oldGeneratedFile, D:\RKS_TinyML_Workspace\TinyML_Workshop_Nitte\STM32\SensorInterfacing\MXTmpFiles\system.tmp_save
2026-07-28 16:03:27,493 [INFO] CodeEngine:289 - Generated code: D:\RKS_TinyML_Workspace\TinyML_Workshop_Nitte\STM32\SensorInterfacing\MXTmpFiles\system.tmp
2026-07-28 16:03:27,500 [INFO] CodeEngine:321 - oldGeneratedFile, D:\RKS_TinyML_Workspace\TinyML_Workshop_Nitte\STM32\SensorInterfacing\Core\Inc\stm32l4xx_hal_conf.h_save
2026-07-28 16:03:27,538 [INFO] CodeEngine:345 - Generated code: D:\RKS_TinyML_Workspace\TinyML_Workshop_Nitte\STM32\SensorInterfacing\Core\Inc\stm32l4xx_hal_conf.h
2026-07-28 16:03:27,560 [INFO] ApiDbMcu:532 - Load IP Config File for ADC1
2026-07-28 16:03:27,567 [INFO] ApiDbMcu:532 - Load IP Config File for DFSDM1
2026-07-28 16:03:27,569 [INFO] ApiDbMcu:532 - Load IP Config File for I2C1
2026-07-28 16:03:27,571 [INFO] ApiDbMcu:532 - Load IP Config File for I2C2
2026-07-28 16:03:27,573 [INFO] ApiDbMcu:532 - Load IP Config File for OCTOSPI1
2026-07-28 16:03:27,575 [INFO] ApiDbMcu:532 - Load IP Config File for SPI1
2026-07-28 16:03:27,576 [INFO] ApiDbMcu:532 - Load IP Config File for SPI3
2026-07-28 16:03:27,583 [INFO] ApiDbMcu:532 - Load IP Config File for UART4
2026-07-28 16:03:27,589 [INFO] ApiDbMcu:532 - Load IP Config File for USART1
2026-07-28 16:03:27,595 [INFO] ApiDbMcu:532 - Load IP Config File for USART2
2026-07-28 16:03:27,604 [INFO] ApiDbMcu:532 - Load IP Config File for USART3
2026-07-28 16:03:27,605 [ERROR] ApiDbMcu:560 - Cannot parse USB_OTG_FS_Config file : file do not exist
2026-07-28 16:03:27,605 [ERROR] ApiDbMcu:560 - Cannot parse USB_OTG_FS_Config file : file do not exist
2026-07-28 16:03:27,608 [INFO] ApiDbMcu:532 - Load IP Config File for RCC
2026-07-28 16:03:27,609 [WARN] IPConfigManager:3811 - IP not found : USB_OTG
2026-07-28 16:03:27,610 [WARN] CodeGenerator:4259 - IP not found : null
2026-07-28 16:03:27,613 [INFO] CodeEngine:265 - oldGeneratedFile, D:\RKS_TinyML_Workspace\TinyML_Workshop_Nitte\STM32\SensorInterfacing\Core\Inc\main.h_save
2026-07-28 16:03:27,677 [INFO] CodeEngine:289 - Generated code: D:\RKS_TinyML_Workspace\TinyML_Workshop_Nitte\STM32\SensorInterfacing\Core\Inc\main.h
2026-07-28 16:03:27,680 [INFO] CodeEngine:265 - oldGeneratedFile, D:\RKS_TinyML_Workspace\TinyML_Workshop_Nitte\STM32\SensorInterfacing\Core\Src\main.c_save
2026-07-28 16:03:27,758 [INFO] CodeEngine:289 - Generated code: D:\RKS_TinyML_Workspace\TinyML_Workshop_Nitte\STM32\SensorInterfacing\Core\Src\main.c
2026-07-28 16:03:27,929 [INFO] ProjectBuilder:3606 - Time for Copy HAL[1] : 87mS.
2026-07-28 16:03:27,931 [INFO] ProjectBuilder:5216 - Project Generator version: 4.7.0-B52
2026-07-28 16:03:27,980 [INFO] ConfigFileManager:1595 - The Die is : DIE470
2026-07-28 16:03:27,983 [INFO] ApiDbMcu:532 - Load IP Config File for FATFS
2026-07-28 16:03:27,985 [INFO] ApiDbMcu:532 - Load IP Config File for FREERTOS
2026-07-28 16:03:27,991 [INFO] ApiDbMcu:532 - Load IP Config File for TOUCHSENSING
2026-07-28 16:03:27,994 [INFO] ApiDbMcu:532 - Load IP Config File for USB_DEVICE
2026-07-28 16:03:27,998 [INFO] ApiDbMcu:532 - Load IP Config File for USB_HOST
2026-07-28 16:03:29,094 [INFO] ProjectBuilder:5496 - Time for Generating toolchain IDE Files: 1163mS.
2026-07-28 16:03:29,095 [INFO] ProjectBuilder:3463 - Time for Copy CMSIS : 0mS.
2026-07-28 16:03:29,095 [INFO] ProjectBuilder:3463 - Time for Copy CMSIS : 0mS.
2026-07-28 16:03:29,785 [INFO] McuFinderGlobals:76 - Set McuFinderConnectedMode to true
2026-07-28 16:03:29,786 [INFO] ApiDb:448 - Save user favorites file C:\Users\ADMIN/.stm32cubeide/favorites.mcus.txt: 0 item(s)
2026-07-28 16:03:29,787 [INFO] ApiDb:452 - User favorites MCUs=[]
2026-07-28 16:03:29,787 [INFO] ApiDb:448 - Save user favorites file C:\Users\ADMIN/.stm32cubeide/favorites.boards.txt: 0 item(s)
2026-07-28 16:03:29,787 [INFO] ApiDb:452 - User favorites Boards=[]
2026-07-28 16:06:26,027 [INFO] UtilMem:75 - End SaveConfig() Used Memory: 933407064 Bytes (1073741824)
2026-07-28 16:06:44,558 [ERROR] LogOutputStream:75 - [STDERR_REDIRECT] 
2026-07-28 16:06:44,560 [ERROR] LogOutputStream:75 - [STDERR_REDIRECT] 
